inbound_id,sku_id,qty,expected_arrival,actual_arrival,operator,loc_id
IN202606020001,SKU0001,36,2026-06-02 10:59:00,2026-06-02 14:19:25,毛燕,L0588
IN202606090001,SKU0001,36,2026-06-09 10:25:00,2026-06-09 10:39:58,姚佳,L0588
IN202606160001,SKU0001,36,2026-06-16 11:58:00,2026-06-16 11:53:41,刘旭,L0588
IN202606230001,SKU0001,36,2026-06-23 10:07:00,2026-06-23 12:47:41,廖晨,L0588
IN202606300001,SKU0001,36,2026-06-30 08:03:00,2026-06-30 08:02:15,李敏,L0588
IN202607070001,SKU0001,36,2026-07-07 08:25:00,2026-07-07 08:24:35,王丹,L0588
IN202607140001,SKU0001,36,2026-07-14 08:07:00,2026-07-14 08:03:45,毛燕,L0588
IN202607210001,SKU0001,36,2026-07-21 09:32:00,2026-07-21 09:33:28,郑婷婷,L0588
IN202607280001,SKU0001,36,2026-07-28 08:21:00,2026-07-28 09:37:26,李敏,L0588
IN202608040001,SKU0001,36,2026-08-04 11:57:00,2026-08-04 12:04:38,李帆,L0588
IN202608110001,SKU0001,36,2026-08-11 10:07:00,2026-08-11 10:24:05,王丹,L0588
IN202608180001,SKU0001,36,2026-08-18 11:22:00,2026-08-18 11:27:12,李帆,L0588
IN202608250001,SKU0001,36,2026-08-25 11:04:00,2026-08-25 11:04:47,王丹,L0588
IN202606040001,SKU0002,43,2026-06-04 11:58:00,2026-06-04 11:51:15,刘旭,L0781
IN202606110001,SKU0002,43,2026-06-11 10:37:00,2026-06-11 13:49:53,卓雪,L0781
IN202606180001,SKU0002,43,2026-06-18 10:24:00,2026-06-18 10:17:25,李帆,L0781
IN202606250001,SKU0002,43,2026-06-25 09:06:00,2026-06-25 08:57:29,杨建军,L0781
IN202607020001,SKU0002,43,2026-07-02 09:03:00,2026-07-02 09:07:52,徐萍,L0781
IN202607090001,SKU0002,43,2026-07-09 11:31:00,2026-07-09 11:52:16,姚佳,L0781
IN202607160001,SKU0002,43,2026-07-16 09:18:00,2026-07-16 09:22:37,徐萍,L0781
IN202607230001,SKU0002,43,2026-07-23 09:01:00,2026-07-23 08:56:18,李帆,L0781
IN202607300001,SKU0002,43,2026-07-30 10:15:00,2026-07-30 10:33:50,郑婷婷,L0781
IN202608060001,SKU0002,43,2026-08-06 09:01:00,2026-08-06 09:18:27,徐萍,L0781
IN202608130001,SKU0002,43,2026-08-13 11:21:00,2026-08-13 13:43:55,姚佳,L0781
IN202608200001,SKU0002,43,2026-08-20 08:40:00,2026-08-20 08:50:26,李敏,L0781
IN202608270001,SKU0002,43,2026-08-27 11:43:00,2026-08-27 14:13:35,李敏,L0781
IN202606030001,SKU0003,11,2026-06-03 08:14:00,2026-06-03 08:32:33,王丹,L0288
IN202606070001,SKU0003,11,2026-06-07 10:02:00,2026-06-07 10:15:12,王丹,L0288
IN202606110002,SKU0003,11,2026-06-11 08:28:00,2026-06-11 08:49:18,李敏,L0288
IN202606150001,SKU0003,11,2026-06-15 09:17:00,2026-06-15 09:32:07,宋超,L0288
IN202606190001,SKU0003,11,2026-06-19 09:46:00,2026-06-19 10:42:21,卓雪,L0288
IN202606230002,SKU0003,11,2026-06-23 09:49:00,2026-06-23 09:55:52,姚佳,L0288
IN202606270001,SKU0003,11,2026-06-27 11:41:00,2026-06-27 12:39:22,杨建军,L0288
IN202607010001,SKU0003,11,2026-07-01 11:47:00,2026-07-01 11:49:25,姚佳,L0288
IN202607050001,SKU0003,11,2026-07-05 09:48:00,2026-07-05 09:44:39,廖晨,L0288
IN202607090002,SKU0003,11,2026-07-09 09:00:00,2026-07-09 08:52:21,毛燕,L0288
IN202607130001,SKU0003,11,2026-07-13 08:09:00,2026-07-13 08:10:51,杨建军,L0288
IN202607170001,SKU0003,11,2026-07-17 08:22:00,2026-07-17 08:38:11,杨建军,L0288
IN202607210002,SKU0003,11,2026-07-21 11:30:00,2026-07-21 13:10:37,姚佳,L0288
IN202607250001,SKU0003,11,2026-07-25 10:08:00,2026-07-25 10:00:07,郑婷婷,L0288
IN202607290001,SKU0003,11,2026-07-29 09:28:00,2026-07-29 09:31:30,宋超,L0288
IN202608020001,SKU0003,11,2026-08-02 09:02:00,2026-08-02 09:05:35,宋超,L0288
IN202608060002,SKU0003,11,2026-08-06 09:22:00,2026-08-06 09:39:00,王丹,L0288
IN202608100001,SKU0003,11,2026-08-10 10:21:00,2026-08-10 10:29:16,郑婷婷,L0288
IN202608140001,SKU0003,11,2026-08-14 11:38:00,2026-08-14 11:30:03,卓雪,L0288
IN202608180002,SKU0003,11,2026-08-18 10:47:00,2026-08-18 10:53:02,徐萍,L0288
IN202608220001,SKU0003,11,2026-08-22 08:22:00,2026-08-22 08:16:25,卓雪,L0288
IN202608260001,SKU0003,11,2026-08-26 10:01:00,2026-08-26 10:21:25,李帆,L0288
IN202606040002,SKU0004,19,2026-06-04 10:26:00,2026-06-04 10:45:29,廖晨,L0693
IN202606090002,SKU0004,19,2026-06-09 08:08:00,2026-06-09 08:05:34,毛燕,L0693
IN202606140001,SKU0004,19,2026-06-14 11:26:00,2026-06-14 11:30:42,王丹,L0693
IN202606190002,SKU0004,19,2026-06-19 09:21:00,2026-06-19 09:18:09,宋超,L0693
IN202606240001,SKU0004,19,2026-06-24 08:22:00,2026-06-24 08:38:44,王丹,L0693
IN202606290001,SKU0004,19,2026-06-29 09:10:00,2026-06-29 09:24:47,宋超,L0693
IN202607040001,SKU0004,19,2026-07-04 10:26:00,2026-07-04 10:26:28,卓雪,L0693
IN202607090003,SKU0004,19,2026-07-09 10:54:00,2026-07-09 11:29:59,王丹,L0693
IN202607140002,SKU0004,19,2026-07-14 10:55:00,2026-07-14 11:11:28,宋超,L0693
IN202607190001,SKU0004,19,2026-07-19 09:56:00,2026-07-19 09:57:21,徐萍,L0693
IN202607240001,SKU0004,19,2026-07-24 10:05:00,2026-07-24 10:15:56,杨建军,L0693
IN202607290002,SKU0004,19,2026-07-29 11:58:00,2026-07-29 13:51:51,毛燕,L0693
IN202608030001,SKU0004,19,2026-08-03 08:43:00,2026-08-03 08:43:03,李敏,L0693
IN202608080001,SKU0004,19,2026-08-08 11:03:00,2026-08-08 11:25:10,宋超,L0693
IN202608130002,SKU0004,19,2026-08-13 08:07:00,2026-08-13 10:04:40,卓雪,L0693
IN202608180003,SKU0004,19,2026-08-18 09:03:00,2026-08-18 09:00:18,王丹,L0693
IN202608230001,SKU0004,19,2026-08-23 08:47:00,2026-08-23 08:54:25,李帆,L0693
IN202608280001,SKU0004,19,2026-08-28 09:30:00,2026-08-28 09:24:51,廖晨,L0693
IN202606030002,SKU0005,29,2026-06-03 10:45:00,2026-06-03 10:47:56,廖晨,L0358
IN202606090003,SKU0005,29,2026-06-09 08:16:00,2026-06-09 09:05:10,廖晨,L0358
IN202606150002,SKU0005,29,2026-06-15 10:54:00,2026-06-15 11:09:19,王丹,L0358
IN202606210001,SKU0005,29,2026-06-21 11:27:00,2026-06-21 11:20:06,王丹,L0358
IN202606270002,SKU0005,29,2026-06-27 08:05:00,2026-06-27 11:34:59,卓雪,L0358
IN202607030001,SKU0005,29,2026-07-03 10:11:00,2026-07-03 10:28:50,宋超,L0358
IN202607090004,SKU0005,29,2026-07-09 09:57:00,2026-07-09 10:21:37,郑婷婷,L0358
IN202607150001,SKU0005,29,2026-07-15 11:19:00,2026-07-15 13:31:55,刘旭,L0358
IN202607210003,SKU0005,29,2026-07-21 11:32:00,2026-07-21 11:45:58,李帆,L0358
IN202607270001,SKU0005,29,2026-07-27 09:40:00,2026-07-27 09:48:15,李敏,L0358
IN202608020002,SKU0005,29,2026-08-02 09:50:00,2026-08-02 09:50:41,李帆,L0358
IN202608080002,SKU0005,29,2026-08-08 09:27:00,2026-08-08 13:00:46,李敏,L0358
IN202608140002,SKU0005,29,2026-08-14 10:24:00,2026-08-14 13:21:14,姚佳,L0358
IN202608200002,SKU0005,29,2026-08-20 08:57:00,2026-08-20 09:33:45,毛燕,L0358
IN202608260002,SKU0005,29,2026-08-26 08:11:00,2026-08-26 08:35:33,李敏,L0358
IN202606020002,SKU0006,11,2026-06-02 08:17:00,2026-06-02 08:33:27,卓雪,L0608
IN202606050001,SKU0006,11,2026-06-05 09:26:00,2026-06-05 12:03:00,宋超,L0608
IN202606080001,SKU0006,11,2026-06-08 09:01:00,2026-06-08 08:55:20,姚佳,L0608
IN202606110003,SKU0006,11,2026-06-11 10:13:00,2026-06-11 10:30:43,卓雪,L0608
IN202606140002,SKU0006,11,2026-06-14 11:34:00,2026-06-14 11:32:39,李帆,L0608
IN202606170001,SKU0006,11,2026-06-17 10:13:00,2026-06-17 10:14:32,廖晨,L0608
IN202606200001,SKU0006,11,2026-06-20 10:43:00,2026-06-20 10:47:35,姚佳,L0608
IN202606230003,SKU0006,11,2026-06-23 10:08:00,2026-06-23 10:01:45,郑婷婷,L0608
IN202606260001,SKU0006,11,2026-06-26 10:06:00,2026-06-26 13:51:56,宋超,L0608
IN202606290002,SKU0006,11,2026-06-29 08:29:00,2026-06-29 08:45:47,毛燕,L0608
IN202607020002,SKU0006,11,2026-07-02 11:36:00,2026-07-02 11:28:24,刘旭,L0608
IN202607050002,SKU0006,11,2026-07-05 10:46:00,2026-07-05 11:02:30,王丹,L0608
IN202607080001,SKU0006,11,2026-07-08 10:52:00,2026-07-08 10:53:17,李帆,L0608
IN202607110001,SKU0006,11,2026-07-11 10:47:00,2026-07-11 10:57:33,宋超,L0608
IN202607140003,SKU0006,11,2026-07-14 09:44:00,2026-07-14 10:08:55,杨建军,L0608
IN202607170002,SKU0006,11,2026-07-17 08:38:00,2026-07-17 08:46:52,郑婷婷,L0608
IN202607200001,SKU0006,11,2026-07-20 10:17:00,2026-07-20 12:14:52,徐萍,L0608
IN202607230002,SKU0006,11,2026-07-23 10:19:00,2026-07-23 10:32:00,杨建军,L0608
IN202607260001,SKU0006,11,2026-07-26 10:33:00,2026-07-26 10:44:51,卓雪,L0608
IN202607290003,SKU0006,11,2026-07-29 10:09:00,2026-07-29 10:02:32,刘旭,L0608
IN202608010001,SKU0006,11,2026-08-01 10:06:00,2026-08-01 10:19:46,李敏,L0608
IN202608040002,SKU0006,11,2026-08-04 08:21:00,2026-08-04 08:18:45,王丹,L0608
IN202608070001,SKU0006,11,2026-08-07 11:18:00,2026-08-07 11:28:41,卓雪,L0608
IN202608100002,SKU0006,11,2026-08-10 09:21:00,2026-08-10 09:41:14,王丹,L0608
IN202608130003,SKU0006,11,2026-08-13 10:04:00,2026-08-13 09:55:45,卓雪,L0608
IN202608160001,SKU0006,11,2026-08-16 08:34:00,2026-08-16 08:37:04,姚佳,L0608
IN202608190001,SKU0006,11,2026-08-19 10:01:00,2026-08-19 09:54:42,姚佳,L0608
IN202608220002,SKU0006,11,2026-08-22 09:21:00,2026-08-22 09:24:25,毛燕,L0608
IN202608250002,SKU0006,11,2026-08-25 11:12:00,2026-08-25 13:51:46,李帆,L0608
IN202608280002,SKU0006,11,2026-08-28 11:50:00,2026-08-28 11:41:46,姚佳,L0608
IN202606070002,SKU0007,32,2026-06-07 10:05:00,2026-06-07 10:02:24,毛燕,L0395
IN202606140003,SKU0007,32,2026-06-14 11:16:00,2026-06-14 11:07:11,杨建军,L0395
IN202606210002,SKU0007,32,2026-06-21 11:48:00,2026-06-21 11:47:42,卓雪,L0395
IN202606280001,SKU0007,32,2026-06-28 08:12:00,2026-06-28 08:34:47,王丹,L0395
IN202607050003,SKU0007,32,2026-07-05 10:34:00,2026-07-05 10:38:41,廖晨,L0395
IN202607120001,SKU0007,32,2026-07-12 08:28:00,2026-07-12 09:50:42,李敏,L0395
IN202607190002,SKU0007,32,2026-07-19 08:34:00,2026-07-19 08:43:12,毛燕,L0395
IN202607260002,SKU0007,32,2026-07-26 08:51:00,2026-07-26 11:21:28,李帆,L0395
IN202608020003,SKU0007,32,2026-08-02 10:30:00,2026-08-02 10:25:17,郑婷婷,L0395
IN202608090001,SKU0007,32,2026-08-09 11:39:00,2026-08-09 11:58:01,李敏,L0395
IN202608160002,SKU0007,32,2026-08-16 10:28:00,2026-08-16 10:42:10,杨建军,L0395
IN202608230002,SKU0007,32,2026-08-23 08:03:00,2026-08-23 08:13:29,宋超,L0395
IN202606010001,SKU0008,18,2026-06-01 08:02:00,2026-06-01 08:09:45,郑婷婷,L0763
IN202606070003,SKU0008,18,2026-06-07 09:44:00,2026-06-07 09:42:44,刘旭,L0763
IN202606130001,SKU0008,18,2026-06-13 09:30:00,2026-06-13 09:26:03,廖晨,L0763
IN202606190003,SKU0008,18,2026-06-19 09:16:00,2026-06-19 09:25:00,宋超,L0763
IN202606250002,SKU0008,18,2026-06-25 10:34:00,2026-06-25 10:33:58,徐萍,L0763
IN202607010002,SKU0008,18,2026-07-01 10:46:00,2026-07-01 12:14:47,李敏,L0763
IN202607070002,SKU0008,18,2026-07-07 08:07:00,2026-07-07 08:20:44,徐萍,L0763
IN202607130002,SKU0008,18,2026-07-13 10:59:00,2026-07-13 11:10:08,李敏,L0763
IN202607190003,SKU0008,18,2026-07-19 08:09:00,2026-07-19 10:58:16,郑婷婷,L0763
IN202607250002,SKU0008,18,2026-07-25 11:58:00,2026-07-25 14:27:18,杨建军,L0763
IN202607310001,SKU0008,18,2026-07-31 11:18:00,2026-07-31 11:29:41,李帆,L0763
IN202608060003,SKU0008,18,2026-08-06 10:47:00,2026-08-06 10:41:16,刘旭,L0763
IN202608120001,SKU0008,18,2026-08-12 08:06:00,2026-08-12 07:58:41,姚佳,L0763
IN202608180004,SKU0008,18,2026-08-18 08:46:00,2026-08-18 10:52:16,毛燕,L0763
IN202608240001,SKU0008,18,2026-08-24 08:39:00,2026-08-24 08:43:04,郑婷婷,L0763
IN202606060001,SKU0009,19,2026-06-06 11:34:00,2026-06-06 11:28:21,李帆,L0230
IN202606130002,SKU0009,19,2026-06-13 11:39:00,2026-06-13 13:37:24,李敏,L0230
IN202606200002,SKU0009,19,2026-06-20 11:46:00,2026-06-20 11:50:23,毛燕,L0230
IN202606270003,SKU0009,19,2026-06-27 09:49:00,2026-06-27 09:40:06,卓雪,L0230
IN202607040002,SKU0009,19,2026-07-04 08:34:00,2026-07-04 08:32:08,李帆,L0230
IN202607110002,SKU0009,19,2026-07-11 09:24:00,2026-07-11 09:42:40,杨建军,L0230
IN202607180001,SKU0009,19,2026-07-18 09:58:00,2026-07-18 09:57:29,刘旭,L0230
IN202607250003,SKU0009,19,2026-07-25 08:47:00,2026-07-25 09:05:48,徐萍,L0230
IN202608010002,SKU0009,19,2026-08-01 11:36:00,2026-08-01 11:59:35,郑婷婷,L0230
IN202608080003,SKU0009,19,2026-08-08 11:43:00,2026-08-08 11:47:47,宋超,L0230
IN202608150001,SKU0009,19,2026-08-15 10:14:00,2026-08-15 10:14:05,卓雪,L0230
IN202608220003,SKU0009,19,2026-08-22 08:19:00,2026-08-22 08:40:04,宋超,L0230
IN202608290001,SKU0009,19,2026-08-29 10:31:00,2026-08-29 10:36:00,宋超,L0230
IN202606040003,SKU0010,60,2026-06-04 11:17:00,2026-06-04 11:32:04,宋超,L0598
IN202606090004,SKU0010,60,2026-06-09 11:02:00,2026-06-09 11:22:12,李敏,L0598
IN202606140004,SKU0010,60,2026-06-14 11:31:00,2026-06-14 11:48:57,李敏,L0598
IN202606190004,SKU0010,60,2026-06-19 10:39:00,2026-06-19 11:03:45,宋超,L0598
IN202606240002,SKU0010,60,2026-06-24 11:15:00,2026-06-24 11:20:51,徐萍,L0598
IN202606290003,SKU0010,60,2026-06-29 11:42:00,2026-06-29 11:51:47,廖晨,L0598
IN202607040003,SKU0010,60,2026-07-04 08:54:00,2026-07-04 08:57:52,刘旭,L0598
IN202607090005,SKU0010,60,2026-07-09 09:34:00,2026-07-09 09:41:12,廖晨,L0598
IN202607140004,SKU0010,60,2026-07-14 11:34:00,2026-07-14 14:06:50,李帆,L0598
IN202607190004,SKU0010,60,2026-07-19 09:52:00,2026-07-19 09:57:39,李敏,L0598
IN202607240002,SKU0010,60,2026-07-24 09:53:00,2026-07-24 10:00:32,郑婷婷,L0598
IN202607290004,SKU0010,60,2026-07-29 09:53:00,2026-07-29 10:09:05,王丹,L0598
IN202608030002,SKU0010,60,2026-08-03 11:12:00,2026-08-03 11:07:22,郑婷婷,L0598
IN202608080004,SKU0010,60,2026-08-08 10:19:00,2026-08-08 10:34:52,郑婷婷,L0598
IN202608130004,SKU0010,60,2026-08-13 10:41:00,2026-08-13 10:48:53,宋超,L0598
IN202608180005,SKU0010,60,2026-08-18 11:47:00,2026-08-18 12:07:39,宋超,L0598
IN202608230003,SKU0010,60,2026-08-23 11:29:00,2026-08-23 14:52:01,姚佳,L0598
IN202608280003,SKU0010,60,2026-08-28 08:07:00,2026-08-28 08:27:28,毛燕,L0598
IN202606050002,SKU0011,58,2026-06-05 09:33:00,2026-06-05 09:47:50,廖晨,L0596
IN202606110004,SKU0011,58,2026-06-11 09:52:00,2026-06-11 09:50:02,郑婷婷,L0596
IN202606170002,SKU0011,58,2026-06-17 10:34:00,2026-06-17 10:32:39,宋超,L0596
IN202606230004,SKU0011,58,2026-06-23 08:59:00,2026-06-23 12:30:24,姚佳,L0596
IN202606290004,SKU0011,58,2026-06-29 10:00:00,2026-06-29 09:50:25,宋超,L0596
IN202607050004,SKU0011,58,2026-07-05 10:13:00,2026-07-05 10:31:15,李敏,L0596
IN202607110003,SKU0011,58,2026-07-11 09:38:00,2026-07-11 12:44:52,郑婷婷,L0596
IN202607170003,SKU0011,58,2026-07-17 11:08:00,2026-07-17 13:03:39,廖晨,L0596
IN202607230003,SKU0011,58,2026-07-23 08:00:00,2026-07-23 08:09:25,毛燕,L0596
IN202607290005,SKU0011,58,2026-07-29 09:20:00,2026-07-29 09:26:06,李帆,L0596
IN202608040003,SKU0011,58,2026-08-04 10:07:00,2026-08-04 10:17:08,宋超,L0596
IN202608100003,SKU0011,58,2026-08-10 08:22:00,2026-08-10 08:18:07,宋超,L0596
IN202608160003,SKU0011,58,2026-08-16 09:26:00,2026-08-16 09:23:13,李帆,L0596
IN202608220004,SKU0011,58,2026-08-22 08:44:00,2026-08-22 08:35:09,姚佳,L0596
IN202608280004,SKU0011,58,2026-08-28 10:53:00,2026-08-28 10:45:49,宋超,L0596
IN202606050003,SKU0012,12,2026-06-05 11:11:00,2026-06-05 11:25:26,廖晨,L0322
IN202606100001,SKU0012,12,2026-06-10 10:06:00,2026-06-10 10:28:10,卓雪,L0322
IN202606150003,SKU0012,12,2026-06-15 08:24:00,2026-06-15 08:16:32,杨建军,L0322
IN202606200003,SKU0012,12,2026-06-20 09:46:00,2026-06-20 10:05:26,姚佳,L0322
IN202606250003,SKU0012,12,2026-06-25 11:57:00,2026-06-25 15:15:54,宋超,L0322
IN202606300002,SKU0012,12,2026-06-30 08:11:00,2026-06-30 08:13:24,毛燕,L0322
IN202607050005,SKU0012,12,2026-07-05 10:35:00,2026-07-05 10:34:05,廖晨,L0322
IN202607100001,SKU0012,12,2026-07-10 08:28:00,2026-07-10 11:13:44,刘旭,L0322
IN202607150002,SKU0012,12,2026-07-15 09:24:00,2026-07-15 09:38:12,宋超,L0322
IN202607200002,SKU0012,12,2026-07-20 10:09:00,2026-07-20 10:12:29,卓雪,L0322
IN202607250004,SKU0012,12,2026-07-25 11:20:00,2026-07-25 14:26:39,宋超,L0322
IN202607300002,SKU0012,12,2026-07-30 11:23:00,2026-07-30 11:34:56,姚佳,L0322
IN202608040004,SKU0012,12,2026-08-04 09:24:00,2026-08-04 09:40:57,郑婷婷,L0322
IN202608090002,SKU0012,12,2026-08-09 09:58:00,2026-08-09 12:35:09,姚佳,L0322
IN202608140003,SKU0012,12,2026-08-14 08:28:00,2026-08-14 08:29:30,廖晨,L0322
IN202608190002,SKU0012,12,2026-08-19 08:44:00,2026-08-19 09:28:13,卓雪,L0322
IN202608240002,SKU0012,12,2026-08-24 11:29:00,2026-08-24 11:20:23,徐萍,L0322
IN202608290002,SKU0012,12,2026-08-29 10:14:00,2026-08-29 10:24:53,王丹,L0322
IN202606020003,SKU0013,12,2026-06-02 11:41:00,2026-06-02 11:54:46,杨建军,L0567
IN202606060002,SKU0013,12,2026-06-06 11:49:00,2026-06-06 12:04:52,王丹,L0567
IN202606100002,SKU0013,12,2026-06-10 09:51:00,2026-06-10 10:09:26,廖晨,L0567
IN202606140005,SKU0013,12,2026-06-14 08:53:00,2026-06-14 08:59:11,卓雪,L0567
IN202606180002,SKU0013,12,2026-06-18 11:18:00,2026-06-18 11:30:30,姚佳,L0567
IN202606220001,SKU0013,12,2026-06-22 09:04:00,2026-06-22 08:55:35,杨建军,L0567
IN202606260002,SKU0013,12,2026-06-26 11:08:00,2026-06-26 11:13:20,李帆,L0567
IN202606300003,SKU0013,12,2026-06-30 08:50:00,2026-06-30 08:48:08,宋超,L0567
IN202607040004,SKU0013,12,2026-07-04 08:15:00,2026-07-04 08:18:10,杨建军,L0567
IN202607080002,SKU0013,12,2026-07-08 09:43:00,2026-07-08 09:44:13,郑婷婷,L0567
IN202607120002,SKU0013,12,2026-07-12 11:01:00,2026-07-12 11:14:07,姚佳,L0567
IN202607160002,SKU0013,12,2026-07-16 10:59:00,2026-07-16 11:03:30,徐萍,L0567
IN202607200003,SKU0013,12,2026-07-20 10:06:00,2026-07-20 09:59:38,郑婷婷,L0567
IN202607240003,SKU0013,12,2026-07-24 08:29:00,2026-07-24 08:38:29,郑婷婷,L0567
IN202607280002,SKU0013,12,2026-07-28 11:43:00,2026-07-28 14:25:23,毛燕,L0567
IN202608010003,SKU0013,12,2026-08-01 08:04:00,2026-08-01 07:58:08,徐萍,L0567
IN202608050001,SKU0013,12,2026-08-05 08:52:00,2026-08-05 08:56:02,李敏,L0567
IN202608090003,SKU0013,12,2026-08-09 08:00:00,2026-08-09 08:54:10,廖晨,L0567
IN202608130005,SKU0013,12,2026-08-13 10:11:00,2026-08-13 10:20:11,李敏,L0567
IN202608170001,SKU0013,12,2026-08-17 08:05:00,2026-08-17 07:58:47,宋超,L0567
IN202608210001,SKU0013,12,2026-08-21 08:30:00,2026-08-21 12:26:09,廖晨,L0567
IN202608250003,SKU0013,12,2026-08-25 10:26:00,2026-08-25 10:19:05,杨建军,L0567
IN202608290003,SKU0013,12,2026-08-29 11:53:00,2026-08-29 12:04:48,廖晨,L0567
IN202606010002,SKU0014,14,2026-06-01 11:43:00,2026-06-01 15:42:23,郑婷婷,L0531
IN202606060003,SKU0014,14,2026-06-06 09:30:00,2026-06-06 09:53:52,杨建军,L0531
IN202606110005,SKU0014,14,2026-06-11 11:41:00,2026-06-11 11:55:39,王丹,L0531
IN202606160002,SKU0014,14,2026-06-16 08:35:00,2026-06-16 08:48:34,刘旭,L0531
IN202606210003,SKU0014,14,2026-06-21 08:37:00,2026-06-21 08:56:54,徐萍,L0531
IN202606260003,SKU0014,14,2026-06-26 08:08:00,2026-06-26 08:32:58,廖晨,L0531
IN202607010003,SKU0014,14,2026-07-01 08:38:00,2026-07-01 08:30:05,王丹,L0531
IN202607060001,SKU0014,14,2026-07-06 10:21:00,2026-07-06 10:31:35,徐萍,L0531
IN202607110004,SKU0014,14,2026-07-11 10:47:00,2026-07-11 10:44:16,郑婷婷,L0531
IN202607160003,SKU0014,14,2026-07-16 10:15:00,2026-07-16 10:28:20,李帆,L0531
IN202607210004,SKU0014,14,2026-07-21 09:17:00,2026-07-21 10:42:08,徐萍,L0531
IN202607260003,SKU0014,14,2026-07-26 08:02:00,2026-07-26 07:59:47,刘旭,L0531
IN202607310002,SKU0014,14,2026-07-31 08:40:00,2026-07-31 08:44:38,李帆,L0531
IN202608050002,SKU0014,14,2026-08-05 09:17:00,2026-08-05 09:40:31,杨建军,L0531
IN202608100004,SKU0014,14,2026-08-10 08:36:00,2026-08-10 08:31:10,毛燕,L0531
IN202608150002,SKU0014,14,2026-08-15 11:39:00,2026-08-15 11:40:46,卓雪,L0531
IN202608200003,SKU0014,14,2026-08-20 08:02:00,2026-08-20 08:23:59,刘旭,L0531
IN202608250004,SKU0014,14,2026-08-25 11:11:00,2026-08-25 11:04:31,卓雪,L0531
IN202606010003,SKU0015,14,2026-06-01 10:10:00,2026-06-01 10:09:55,李敏,L0454
IN202606060004,SKU0015,14,2026-06-06 10:17:00,2026-06-06 10:23:25,宋超,L0454
IN202606110006,SKU0015,14,2026-06-11 08:30:00,2026-06-11 08:37:42,杨建军,L0454
IN202606160003,SKU0015,14,2026-06-16 11:16:00,2026-06-16 11:30:51,宋超,L0454
IN202606210004,SKU0015,14,2026-06-21 11:30:00,2026-06-21 11:29:44,卓雪,L0454
IN202606260004,SKU0015,14,2026-06-26 08:23:00,2026-06-26 08:15:19,卓雪,L0454
IN202607010004,SKU0015,14,2026-07-01 08:14:00,2026-07-01 08:09:36,宋超,L0454
IN202607060002,SKU0015,14,2026-07-06 10:26:00,2026-07-06 10:44:45,刘旭,L0454
IN202607110005,SKU0015,14,2026-07-11 10:11:00,2026-07-11 10:17:33,李敏,L0454
IN202607160004,SKU0015,14,2026-07-16 10:37:00,2026-07-16 11:01:16,李帆,L0454
IN202607210005,SKU0015,14,2026-07-21 11:19:00,2026-07-21 11:17:34,刘旭,L0454
IN202607260004,SKU0015,14,2026-07-26 10:58:00,2026-07-26 14:11:45,杨建军,L0454
IN202607310003,SKU0015,14,2026-07-31 08:26:00,2026-07-31 11:34:55,杨建军,L0454
IN202608050003,SKU0015,14,2026-08-05 09:10:00,2026-08-05 09:26:40,徐萍,L0454
IN202608100005,SKU0015,14,2026-08-10 09:06:00,2026-08-10 09:29:11,卓雪,L0454
IN202608150003,SKU0015,14,2026-08-15 08:21:00,2026-08-15 08:19:12,郑婷婷,L0454
IN202608200004,SKU0015,14,2026-08-20 10:58:00,2026-08-20 11:07:58,郑婷婷,L0454
IN202608250005,SKU0015,14,2026-08-25 09:15:00,2026-08-25 10:44:43,毛燕,L0454
IN202606010004,SKU0016,19,2026-06-01 09:30:00,2026-06-01 09:22:15,杨建军,L0762
IN202606080002,SKU0016,19,2026-06-08 09:00:00,2026-06-08 09:24:29,刘旭,L0762
IN202606150004,SKU0016,19,2026-06-15 10:28:00,2026-06-15 11:40:47,卓雪,L0762
IN202606220002,SKU0016,19,2026-06-22 10:32:00,2026-06-22 10:54:20,卓雪,L0762
IN202606290005,SKU0016,19,2026-06-29 09:47:00,2026-06-29 10:11:08,李帆,L0762
IN202607060003,SKU0016,19,2026-07-06 09:50:00,2026-07-06 10:12:09,李帆,L0762
IN202607130003,SKU0016,19,2026-07-13 11:32:00,2026-07-13 14:19:55,宋超,L0762
IN202607200004,SKU0016,19,2026-07-20 11:07:00,2026-07-20 11:14:20,徐萍,L0762
IN202607270002,SKU0016,19,2026-07-27 08:36:00,2026-07-27 08:35:26,杨建军,L0762
IN202608030003,SKU0016,19,2026-08-03 10:23:00,2026-08-03 10:21:33,刘旭,L0762
IN202608100006,SKU0016,19,2026-08-10 09:29:00,2026-08-10 09:33:20,毛燕,L0762
IN202608170002,SKU0016,19,2026-08-17 08:43:00,2026-08-17 08:48:41,李敏,L0762
IN202608240003,SKU0016,19,2026-08-24 11:51:00,2026-08-24 12:06:19,王丹,L0762
IN202606030003,SKU0017,10,2026-06-03 11:37:00,2026-06-03 11:48:23,刘旭,L0368
IN202606060005,SKU0017,10,2026-06-06 09:04:00,2026-06-06 08:57:59,杨建军,L0368
IN202606090005,SKU0017,10,2026-06-09 10:38:00,2026-06-09 10:54:38,廖晨,L0368
IN202606120001,SKU0017,10,2026-06-12 08:49:00,2026-06-12 08:58:08,李敏,L0368
IN202606150005,SKU0017,10,2026-06-15 11:40:00,2026-06-15 12:02:03,宋超,L0368
IN202606180003,SKU0017,10,2026-06-18 11:51:00,2026-06-18 11:42:39,毛燕,L0368
IN202606210005,SKU0017,10,2026-06-21 08:20:00,2026-06-21 08:19:01,刘旭,L0368
IN202606240003,SKU0017,10,2026-06-24 11:48:00,2026-06-24 12:11:34,宋超,L0368
IN202606270004,SKU0017,10,2026-06-27 11:02:00,2026-06-27 11:15:39,廖晨,L0368
IN202606300004,SKU0017,10,2026-06-30 10:35:00,2026-06-30 10:57:49,李敏,L0368
IN202607030002,SKU0017,10,2026-07-03 09:12:00,2026-07-03 09:26:53,杨建军,L0368
IN202607060004,SKU0017,10,2026-07-06 09:48:00,2026-07-06 09:43:34,杨建军,L0368
IN202607090006,SKU0017,10,2026-07-09 10:41:00,2026-07-09 10:40:32,杨建军,L0368
IN202607120003,SKU0017,10,2026-07-12 09:19:00,2026-07-12 09:24:53,刘旭,L0368
IN202607150003,SKU0017,10,2026-07-15 08:45:00,2026-07-15 08:53:57,李敏,L0368
IN202607180002,SKU0017,10,2026-07-18 10:45:00,2026-07-18 10:49:56,刘旭,L0368
IN202607210006,SKU0017,10,2026-07-21 11:36:00,2026-07-21 12:19:48,李敏,L0368
IN202607240004,SKU0017,10,2026-07-24 11:02:00,2026-07-24 10:53:59,卓雪,L0368
IN202607270003,SKU0017,10,2026-07-27 11:06:00,2026-07-27 11:06:37,杨建军,L0368
IN202607300003,SKU0017,10,2026-07-30 11:59:00,2026-07-30 15:23:32,宋超,L0368
IN202608020004,SKU0017,10,2026-08-02 10:33:00,2026-08-02 10:47:54,刘旭,L0368
IN202608050004,SKU0017,10,2026-08-05 08:44:00,2026-08-05 11:21:41,毛燕,L0368
IN202608080005,SKU0017,10,2026-08-08 09:24:00,2026-08-08 10:37:09,徐萍,L0368
IN202608110002,SKU0017,10,2026-08-11 08:16:00,2026-08-11 11:58:47,李敏,L0368
IN202608140004,SKU0017,10,2026-08-14 09:14:00,2026-08-14 09:37:45,姚佳,L0368
IN202608170003,SKU0017,10,2026-08-17 10:51:00,2026-08-17 11:05:10,刘旭,L0368
IN202608200005,SKU0017,10,2026-08-20 08:23:00,2026-08-20 08:15:40,李帆,L0368
IN202608230004,SKU0017,10,2026-08-23 11:56:00,2026-08-23 12:10:52,杨建军,L0368
IN202608260003,SKU0017,10,2026-08-26 11:56:00,2026-08-26 11:47:24,刘旭,L0368
IN202608290004,SKU0017,10,2026-08-29 09:27:00,2026-08-29 11:45:58,毛燕,L0368
IN202606060006,SKU0018,16,2026-06-06 09:01:00,2026-06-06 08:57:04,王丹,L0493
IN202606120002,SKU0018,16,2026-06-12 08:19:00,2026-06-12 08:39:14,王丹,L0493
IN202606180004,SKU0018,16,2026-06-18 08:34:00,2026-06-18 08:30:49,杨建军,L0493
IN202606240004,SKU0018,16,2026-06-24 10:12:00,2026-06-24 10:24:40,王丹,L0493
IN202606300005,SKU0018,16,2026-06-30 09:33:00,2026-06-30 09:26:17,廖晨,L0493
IN202607060005,SKU0018,16,2026-07-06 11:43:00,2026-07-06 12:05:17,刘旭,L0493
IN202607120004,SKU0018,16,2026-07-12 11:40:00,2026-07-12 12:02:29,毛燕,L0493
IN202607180003,SKU0018,16,2026-07-18 08:00:00,2026-07-18 08:57:26,徐萍,L0493
IN202607240005,SKU0018,16,2026-07-24 08:22:00,2026-07-24 08:36:32,姚佳,L0493
IN202607300004,SKU0018,16,2026-07-30 10:21:00,2026-07-30 13:29:19,李帆,L0493
IN202608050005,SKU0018,16,2026-08-05 09:25:00,2026-08-05 10:57:31,王丹,L0493
IN202608110003,SKU0018,16,2026-08-11 09:05:00,2026-08-11 09:21:35,李敏,L0493
IN202608170004,SKU0018,16,2026-08-17 10:46:00,2026-08-17 14:06:36,姚佳,L0493
IN202608230005,SKU0018,16,2026-08-23 08:46:00,2026-08-23 08:52:55,卓雪,L0493
IN202608290005,SKU0018,16,2026-08-29 09:45:00,2026-08-29 12:06:15,郑婷婷,L0493
IN202606020004,SKU0019,11,2026-06-02 08:31:00,2026-06-02 08:30:58,刘旭,L0761
IN202606050004,SKU0019,11,2026-06-05 09:25:00,2026-06-05 09:46:26,姚佳,L0761
IN202606080003,SKU0019,11,2026-06-08 11:40:00,2026-06-08 11:34:01,廖晨,L0761
IN202606110007,SKU0019,11,2026-06-11 10:13:00,2026-06-11 10:31:04,杨建军,L0761
IN202606140006,SKU0019,11,2026-06-14 09:53:00,2026-06-14 10:02:21,毛燕,L0761
IN202606170003,SKU0019,11,2026-06-17 09:05:00,2026-06-17 08:56:18,李敏,L0761
IN202606200004,SKU0019,11,2026-06-20 08:24:00,2026-06-20 08:33:47,李帆,L0761
IN202606230005,SKU0019,11,2026-06-23 08:10:00,2026-06-23 11:07:42,李敏,L0761
IN202606260005,SKU0019,11,2026-06-26 09:54:00,2026-06-26 09:51:58,王丹,L0761
IN202606290006,SKU0019,11,2026-06-29 08:45:00,2026-06-29 09:08:18,李敏,L0761
IN202607020003,SKU0019,11,2026-07-02 11:50:00,2026-07-02 12:02:27,刘旭,L0761
IN202607050006,SKU0019,11,2026-07-05 10:50:00,2026-07-05 11:08:41,宋超,L0761
IN202607080003,SKU0019,11,2026-07-08 10:08:00,2026-07-08 10:01:41,徐萍,L0761
IN202607110006,SKU0019,11,2026-07-11 10:39:00,2026-07-11 12:10:30,刘旭,L0761
IN202607140005,SKU0019,11,2026-07-14 08:45:00,2026-07-14 08:56:59,刘旭,L0761
IN202607170004,SKU0019,11,2026-07-17 09:41:00,2026-07-17 11:44:50,徐萍,L0761
IN202607200005,SKU0019,11,2026-07-20 10:52:00,2026-07-20 10:59:12,郑婷婷,L0761
IN202607230004,SKU0019,11,2026-07-23 09:56:00,2026-07-23 10:12:28,姚佳,L0761
IN202607260005,SKU0019,11,2026-07-26 09:55:00,2026-07-26 13:43:12,徐萍,L0761
IN202607290006,SKU0019,11,2026-07-29 09:16:00,2026-07-29 09:40:58,刘旭,L0761
IN202608010004,SKU0019,11,2026-08-01 08:11:00,2026-08-01 08:51:13,卓雪,L0761
IN202608040005,SKU0019,11,2026-08-04 10:23:00,2026-08-04 14:09:20,李帆,L0761
IN202608070002,SKU0019,11,2026-08-07 10:11:00,2026-08-07 10:11:12,姚佳,L0761
IN202608100007,SKU0019,11,2026-08-10 08:15:00,2026-08-10 08:08:33,刘旭,L0761
IN202608130006,SKU0019,11,2026-08-13 09:14:00,2026-08-13 11:17:58,刘旭,L0761
IN202608160004,SKU0019,11,2026-08-16 10:49:00,2026-08-16 11:00:09,宋超,L0761
IN202608190003,SKU0019,11,2026-08-19 09:37:00,2026-08-19 09:44:43,毛燕,L0761
IN202608220005,SKU0019,11,2026-08-22 08:53:00,2026-08-22 08:52:37,卓雪,L0761
IN202608250006,SKU0019,11,2026-08-25 08:58:00,2026-08-25 09:00:17,王丹,L0761
IN202608280005,SKU0019,11,2026-08-28 10:05:00,2026-08-28 10:05:13,毛燕,L0761
IN202606010005,SKU0020,13,2026-06-01 11:17:00,2026-06-01 12:13:13,郑婷婷,L0222
IN202606060007,SKU0020,13,2026-06-06 10:00:00,2026-06-06 10:17:50,刘旭,L0222
IN202606110008,SKU0020,13,2026-06-11 11:05:00,2026-06-11 10:56:09,杨建军,L0222
IN202606160004,SKU0020,13,2026-06-16 08:27:00,2026-06-16 10:09:26,宋超,L0222
IN202606210006,SKU0020,13,2026-06-21 09:25:00,2026-06-21 09:31:49,徐萍,L0222
IN202606260006,SKU0020,13,2026-06-26 10:42:00,2026-06-26 10:43:07,宋超,L0222
IN202607010005,SKU0020,13,2026-07-01 10:20:00,2026-07-01 10:21:00,郑婷婷,L0222
IN202607060006,SKU0020,13,2026-07-06 09:19:00,2026-07-06 09:31:39,郑婷婷,L0222
IN202607110007,SKU0020,13,2026-07-11 09:45:00,2026-07-11 09:36:16,刘旭,L0222
IN202607160005,SKU0020,13,2026-07-16 11:25:00,2026-07-16 13:43:59,卓雪,L0222
IN202607210007,SKU0020,13,2026-07-21 08:02:00,2026-07-21 08:07:55,徐萍,L0222
IN202607260006,SKU0020,13,2026-07-26 11:49:00,2026-07-26 12:09:19,徐萍,L0222
IN202607310004,SKU0020,13,2026-07-31 10:13:00,2026-07-31 10:26:59,姚佳,L0222
IN202608050006,SKU0020,13,2026-08-05 10:11:00,2026-08-05 10:16:22,刘旭,L0222
IN202608100008,SKU0020,13,2026-08-10 08:33:00,2026-08-10 08:57:05,李敏,L0222
IN202608150004,SKU0020,13,2026-08-15 08:06:00,2026-08-15 08:28:26,毛燕,L0222
IN202608200006,SKU0020,13,2026-08-20 08:26:00,2026-08-20 08:38:40,王丹,L0222
IN202608250007,SKU0020,13,2026-08-25 08:16:00,2026-08-25 08:24:19,徐萍,L0222
IN202606010006,SKU0021,15,2026-06-01 11:15:00,2026-06-01 11:13:48,毛燕,L0482
IN202606080004,SKU0021,15,2026-06-08 10:01:00,2026-06-08 12:51:03,姚佳,L0482
IN202606150006,SKU0021,15,2026-06-15 10:02:00,2026-06-15 11:38:24,刘旭,L0482
IN202606220003,SKU0021,15,2026-06-22 08:55:00,2026-06-22 09:12:32,卓雪,L0482
IN202606290007,SKU0021,15,2026-06-29 11:24:00,2026-06-29 11:25:58,王丹,L0482
IN202607060007,SKU0021,15,2026-07-06 10:38:00,2026-07-06 10:33:23,郑婷婷,L0482
IN202607130004,SKU0021,15,2026-07-13 08:20:00,2026-07-13 08:42:21,廖晨,L0482
IN202607200006,SKU0021,15,2026-07-20 11:17:00,2026-07-20 11:26:30,毛燕,L0482
IN202607270004,SKU0021,15,2026-07-27 08:59:00,2026-07-27 11:29:11,姚佳,L0482
IN202608030004,SKU0021,15,2026-08-03 09:18:00,2026-08-03 09:08:14,杨建军,L0482
IN202608100009,SKU0021,15,2026-08-10 09:03:00,2026-08-10 08:54:24,杨建军,L0482
IN202608170005,SKU0021,15,2026-08-17 09:27:00,2026-08-17 09:28:47,王丹,L0482
IN202608240004,SKU0021,15,2026-08-24 11:01:00,2026-08-24 11:19:45,卓雪,L0482
IN202606030004,SKU0022,10,2026-06-03 10:14:00,2026-06-03 10:56:11,刘旭,L0026
IN202606060008,SKU0022,10,2026-06-06 11:07:00,2026-06-06 11:28:34,姚佳,L0026
IN202606090006,SKU0022,10,2026-06-09 08:04:00,2026-06-09 08:09:47,徐萍,L0026
IN202606120003,SKU0022,10,2026-06-12 08:01:00,2026-06-12 08:17:17,李帆,L0026
IN202606150007,SKU0022,10,2026-06-15 11:10:00,2026-06-15 11:10:32,徐萍,L0026
IN202606180005,SKU0022,10,2026-06-18 11:52:00,2026-06-18 11:57:38,李敏,L0026
IN202606210007,SKU0022,10,2026-06-21 10:12:00,2026-06-21 10:21:20,卓雪,L0026
IN202606240005,SKU0022,10,2026-06-24 11:18:00,2026-06-24 11:40:37,徐萍,L0026
IN202606270005,SKU0022,10,2026-06-27 10:15:00,2026-06-27 10:29:41,王丹,L0026
IN202606300006,SKU0022,10,2026-06-30 10:15:00,2026-06-30 10:31:14,毛燕,L0026
IN202607030003,SKU0022,10,2026-07-03 10:42:00,2026-07-03 10:39:18,杨建军,L0026
IN202607060008,SKU0022,10,2026-07-06 10:21:00,2026-07-06 13:51:28,徐萍,L0026
IN202607090007,SKU0022,10,2026-07-09 10:26:00,2026-07-09 13:48:21,宋超,L0026
IN202607120005,SKU0022,10,2026-07-12 11:01:00,2026-07-12 11:20:53,卓雪,L0026
IN202607150004,SKU0022,10,2026-07-15 09:39:00,2026-07-15 09:29:01,杨建军,L0026
IN202607180004,SKU0022,10,2026-07-18 10:52:00,2026-07-18 10:59:22,杨建军,L0026
IN202607210008,SKU0022,10,2026-07-21 11:14:00,2026-07-21 11:13:43,廖晨,L0026
IN202607240006,SKU0022,10,2026-07-24 10:49:00,2026-07-24 11:12:59,姚佳,L0026
IN202607270005,SKU0022,10,2026-07-27 11:40:00,2026-07-27 11:51:19,毛燕,L0026
IN202607300005,SKU0022,10,2026-07-30 10:10:00,2026-07-30 10:18:13,宋超,L0026
IN202608020005,SKU0022,10,2026-08-02 11:28:00,2026-08-02 13:21:05,李帆,L0026
IN202608050007,SKU0022,10,2026-08-05 09:43:00,2026-08-05 10:49:28,廖晨,L0026
IN202608080006,SKU0022,10,2026-08-08 11:21:00,2026-08-08 11:12:42,姚佳,L0026
IN202608110004,SKU0022,10,2026-08-11 09:53:00,2026-08-11 12:52:33,王丹,L0026
IN202608140005,SKU0022,10,2026-08-14 11:10:00,2026-08-14 11:20:43,李帆,L0026
IN202608170006,SKU0022,10,2026-08-17 09:12:00,2026-08-17 09:21:02,刘旭,L0026
IN202608200007,SKU0022,10,2026-08-20 11:32:00,2026-08-20 11:33:33,杨建军,L0026
IN202608230006,SKU0022,10,2026-08-23 09:55:00,2026-08-23 09:49:00,徐萍,L0026
IN202608260004,SKU0022,10,2026-08-26 11:24:00,2026-08-26 11:33:21,李敏,L0026
IN202608290006,SKU0022,10,2026-08-29 10:04:00,2026-08-29 10:21:58,郑婷婷,L0026
IN202606040004,SKU0023,15,2026-06-04 11:42:00,2026-06-04 11:50:00,廖晨,L0404
IN202606110009,SKU0023,15,2026-06-11 10:00:00,2026-06-11 09:56:27,卓雪,L0404
IN202606180006,SKU0023,15,2026-06-18 11:53:00,2026-06-18 12:13:07,王丹,L0404
IN202606250004,SKU0023,15,2026-06-25 11:20:00,2026-06-25 11:36:40,徐萍,L0404
IN202607020004,SKU0023,15,2026-07-02 08:33:00,2026-07-02 08:38:36,李敏,L0404
IN202607090008,SKU0023,15,2026-07-09 09:32:00,2026-07-09 09:30:59,李敏,L0404
IN202607160006,SKU0023,15,2026-07-16 10:58:00,2026-07-16 14:09:58,杨建军,L0404
IN202607230005,SKU0023,15,2026-07-23 09:36:00,2026-07-23 09:58:01,李帆,L0404
IN202607300006,SKU0023,15,2026-07-30 11:12:00,2026-07-30 11:18:56,卓雪,L0404
IN202608060004,SKU0023,15,2026-08-06 09:10:00,2026-08-06 09:11:28,李帆,L0404
IN202608130007,SKU0023,15,2026-08-13 11:13:00,2026-08-13 11:57:06,徐萍,L0404
IN202608200008,SKU0023,15,2026-08-20 11:28:00,2026-08-20 11:51:17,姚佳,L0404
IN202608270002,SKU0023,15,2026-08-27 09:45:00,2026-08-27 09:39:33,王丹,L0404
IN202606050005,SKU0024,14,2026-06-05 11:44:00,2026-06-05 12:48:21,宋超,L0072
IN202606100003,SKU0024,14,2026-06-10 08:59:00,2026-06-10 08:56:54,郑婷婷,L0072
IN202606150008,SKU0024,14,2026-06-15 09:18:00,2026-06-15 09:39:09,杨建军,L0072
IN202606200005,SKU0024,14,2026-06-20 10:24:00,2026-06-20 10:26:47,郑婷婷,L0072
IN202606250005,SKU0024,14,2026-06-25 09:16:00,2026-06-25 09:27:45,刘旭,L0072
IN202606300007,SKU0024,14,2026-06-30 09:06:00,2026-06-30 09:25:14,郑婷婷,L0072
IN202607050007,SKU0024,14,2026-07-05 10:14:00,2026-07-05 10:27:32,卓雪,L0072
IN202607100002,SKU0024,14,2026-07-10 10:34:00,2026-07-10 10:27:43,李帆,L0072
IN202607150005,SKU0024,14,2026-07-15 10:23:00,2026-07-15 10:33:36,姚佳,L0072
IN202607200007,SKU0024,14,2026-07-20 08:14:00,2026-07-20 08:11:34,李敏,L0072
IN202607250005,SKU0024,14,2026-07-25 10:08:00,2026-07-25 09:59:03,李帆,L0072
IN202607300007,SKU0024,14,2026-07-30 11:15:00,2026-07-30 12:00:37,卓雪,L0072
IN202608040006,SKU0024,14,2026-08-04 09:24:00,2026-08-04 09:22:38,李帆,L0072
IN202608090004,SKU0024,14,2026-08-09 11:26:00,2026-08-09 11:23:21,毛燕,L0072
IN202608140006,SKU0024,14,2026-08-14 08:48:00,2026-08-14 08:40:54,李敏,L0072
IN202608190004,SKU0024,14,2026-08-19 08:38:00,2026-08-19 08:58:46,廖晨,L0072
IN202608240005,SKU0024,14,2026-08-24 08:51:00,2026-08-24 09:12:09,王丹,L0072
IN202608290007,SKU0024,14,2026-08-29 10:43:00,2026-08-29 10:47:41,郑婷婷,L0072
IN202606020005,SKU0025,123,2026-06-02 09:31:00,2026-06-02 09:33:35,刘旭,L0718
IN202606060009,SKU0025,123,2026-06-06 10:26:00,2026-06-06 10:28:06,姚佳,L0718
IN202606100004,SKU0025,123,2026-06-10 11:30:00,2026-06-10 11:40:00,李帆,L0718
IN202606140007,SKU0025,123,2026-06-14 09:06:00,2026-06-14 12:12:15,王丹,L0718
IN202606180007,SKU0025,123,2026-06-18 09:42:00,2026-06-18 09:38:27,宋超,L0718
IN202606220004,SKU0025,123,2026-06-22 08:22:00,2026-06-22 08:45:19,杨建军,L0718
IN202606260007,SKU0025,123,2026-06-26 09:31:00,2026-06-26 12:09:03,杨建军,L0718
IN202606300008,SKU0025,123,2026-06-30 08:22:00,2026-06-30 08:38:19,姚佳,L0718
IN202607040005,SKU0025,123,2026-07-04 09:11:00,2026-07-04 09:51:04,徐萍,L0718
IN202607080004,SKU0025,123,2026-07-08 09:43:00,2026-07-08 09:41:32,徐萍,L0718
IN202607120006,SKU0025,123,2026-07-12 10:44:00,2026-07-12 11:50:23,廖晨,L0718
IN202607160007,SKU0025,123,2026-07-16 09:19:00,2026-07-16 09:24:21,毛燕,L0718
IN202607200008,SKU0025,123,2026-07-20 11:28:00,2026-07-20 11:52:43,卓雪,L0718
IN202607240007,SKU0025,123,2026-07-24 11:01:00,2026-07-24 11:20:07,郑婷婷,L0718
IN202607280003,SKU0025,123,2026-07-28 11:12:00,2026-07-28 11:18:37,卓雪,L0718
IN202608010005,SKU0025,123,2026-08-01 10:33:00,2026-08-01 10:52:47,刘旭,L0718
IN202608050008,SKU0025,123,2026-08-05 11:16:00,2026-08-05 11:39:39,徐萍,L0718
IN202608090005,SKU0025,123,2026-08-09 08:59:00,2026-08-09 09:15:29,廖晨,L0718
IN202608130008,SKU0025,123,2026-08-13 11:37:00,2026-08-13 11:47:16,姚佳,L0718
IN202608170007,SKU0025,123,2026-08-17 08:40:00,2026-08-17 08:38:55,徐萍,L0718
IN202608210002,SKU0025,123,2026-08-21 11:10:00,2026-08-21 11:07:23,卓雪,L0718
IN202608250008,SKU0025,123,2026-08-25 08:45:00,2026-08-25 08:52:52,王丹,L0718
IN202608290008,SKU0025,123,2026-08-29 10:52:00,2026-08-29 11:12:40,刘旭,L0718
IN202606020006,SKU0026,13,2026-06-02 08:48:00,2026-06-02 11:07:51,李帆,L0284
IN202606080005,SKU0026,13,2026-06-08 11:00:00,2026-06-08 11:02:02,徐萍,L0284
IN202606140008,SKU0026,13,2026-06-14 09:02:00,2026-06-14 09:24:28,宋超,L0284
IN202606200006,SKU0026,13,2026-06-20 11:57:00,2026-06-20 11:50:05,刘旭,L0284
IN202606260008,SKU0026,13,2026-06-26 08:59:00,2026-06-26 12:15:57,毛燕,L0284
IN202607020005,SKU0026,13,2026-07-02 09:20:00,2026-07-02 09:32:04,廖晨,L0284
IN202607080005,SKU0026,13,2026-07-08 11:45:00,2026-07-08 11:58:49,杨建军,L0284
IN202607140006,SKU0026,13,2026-07-14 11:10:00,2026-07-14 11:24:39,李帆,L0284
IN202607200009,SKU0026,13,2026-07-20 08:18:00,2026-07-20 08:41:39,杨建军,L0284
IN202607260007,SKU0026,13,2026-07-26 11:20:00,2026-07-26 11:17:54,刘旭,L0284
IN202608010006,SKU0026,13,2026-08-01 10:05:00,2026-08-01 10:28:36,廖晨,L0284
IN202608070003,SKU0026,13,2026-08-07 09:23:00,2026-08-07 09:20:45,刘旭,L0284
IN202608130009,SKU0026,13,2026-08-13 09:17:00,2026-08-13 10:23:28,刘旭,L0284
IN202608190005,SKU0026,13,2026-08-19 10:36:00,2026-08-19 10:53:14,廖晨,L0284
IN202608250009,SKU0026,13,2026-08-25 09:39:00,2026-08-25 09:29:32,李敏,L0284
IN202606010007,SKU0027,39,2026-06-01 08:42:00,2026-06-01 09:49:16,李敏,L0558
IN202606050006,SKU0027,39,2026-06-05 10:39:00,2026-06-05 11:01:44,李敏,L0558
IN202606090007,SKU0027,39,2026-06-09 10:16:00,2026-06-09 12:46:38,李帆,L0558
IN202606130003,SKU0027,39,2026-06-13 08:14:00,2026-06-13 08:17:39,姚佳,L0558
IN202606170004,SKU0027,39,2026-06-17 09:07:00,2026-06-17 09:26:25,徐萍,L0558
IN202606210008,SKU0027,39,2026-06-21 11:04:00,2026-06-21 11:12:50,廖晨,L0558
IN202606250006,SKU0027,39,2026-06-25 10:53:00,2026-06-25 10:52:28,王丹,L0558
IN202606290008,SKU0027,39,2026-06-29 09:18:00,2026-06-29 09:29:51,杨建军,L0558
IN202607030004,SKU0027,39,2026-07-03 10:29:00,2026-07-03 10:35:27,徐萍,L0558
IN202607070003,SKU0027,39,2026-07-07 09:09:00,2026-07-07 09:22:59,姚佳,L0558
IN202607110008,SKU0027,39,2026-07-11 11:10:00,2026-07-11 11:23:53,王丹,L0558
IN202607150006,SKU0027,39,2026-07-15 10:34:00,2026-07-15 10:45:17,王丹,L0558
IN202607190005,SKU0027,39,2026-07-19 10:02:00,2026-07-19 10:16:41,姚佳,L0558
IN202607230006,SKU0027,39,2026-07-23 08:56:00,2026-07-23 09:00:50,廖晨,L0558
IN202607270006,SKU0027,39,2026-07-27 09:28:00,2026-07-27 09:39:08,李敏,L0558
IN202607310005,SKU0027,39,2026-07-31 08:52:00,2026-07-31 08:57:18,卓雪,L0558
IN202608040007,SKU0027,39,2026-08-04 08:19:00,2026-08-04 08:09:59,卓雪,L0558
IN202608080007,SKU0027,39,2026-08-08 10:42:00,2026-08-08 11:05:13,廖晨,L0558
IN202608120002,SKU0027,39,2026-08-12 10:15:00,2026-08-12 10:26:42,李敏,L0558
IN202608160005,SKU0027,39,2026-08-16 09:52:00,2026-08-16 09:49:07,刘旭,L0558
IN202608200009,SKU0027,39,2026-08-20 08:28:00,2026-08-20 08:32:25,刘旭,L0558
IN202608240006,SKU0027,39,2026-08-24 08:00:00,2026-08-24 07:50:41,李帆,L0558
IN202608280006,SKU0027,39,2026-08-28 10:52:00,2026-08-28 11:06:57,徐萍,L0558
IN202606040005,SKU0028,14,2026-06-04 11:53:00,2026-06-04 15:50:18,刘旭,L0243
IN202606110010,SKU0028,14,2026-06-11 11:42:00,2026-06-11 11:36:59,毛燕,L0243
IN202606180008,SKU0028,14,2026-06-18 10:39:00,2026-06-18 10:47:18,毛燕,L0243
IN202606250007,SKU0028,14,2026-06-25 10:28:00,2026-06-25 10:32:00,姚佳,L0243
IN202607020006,SKU0028,14,2026-07-02 08:32:00,2026-07-02 08:27:01,卓雪,L0243
IN202607090009,SKU0028,14,2026-07-09 10:49:00,2026-07-09 10:52:06,李帆,L0243
IN202607160008,SKU0028,14,2026-07-16 10:40:00,2026-07-16 11:00:50,廖晨,L0243
IN202607230007,SKU0028,14,2026-07-23 11:16:00,2026-07-23 11:22:36,廖晨,L0243
IN202607300008,SKU0028,14,2026-07-30 11:27:00,2026-07-30 11:30:51,宋超,L0243
IN202608060005,SKU0028,14,2026-08-06 10:04:00,2026-08-06 10:17:06,李敏,L0243
IN202608130010,SKU0028,14,2026-08-13 09:43:00,2026-08-13 10:03:20,宋超,L0243
IN202608200010,SKU0028,14,2026-08-20 11:41:00,2026-08-20 11:50:36,郑婷婷,L0243
IN202608270003,SKU0028,14,2026-08-27 10:08:00,2026-08-27 10:02:51,刘旭,L0243
IN202606050007,SKU0029,17,2026-06-05 10:20:00,2026-06-05 10:11:15,廖晨,L0681
IN202606120004,SKU0029,17,2026-06-12 09:59:00,2026-06-12 10:00:59,李敏,L0681
IN202606190005,SKU0029,17,2026-06-19 09:59:00,2026-06-19 10:48:58,杨建军,L0681
IN202606260009,SKU0029,17,2026-06-26 08:44:00,2026-06-26 08:55:17,李帆,L0681
IN202607030005,SKU0029,17,2026-07-03 11:31:00,2026-07-03 11:24:11,宋超,L0681
IN202607100003,SKU0029,17,2026-07-10 11:30:00,2026-07-10 11:34:53,郑婷婷,L0681
IN202607170005,SKU0029,17,2026-07-17 11:46:00,2026-07-17 11:38:24,姚佳,L0681
IN202607240008,SKU0029,17,2026-07-24 10:22:00,2026-07-24 10:45:08,卓雪,L0681
IN202607310006,SKU0029,17,2026-07-31 09:35:00,2026-07-31 09:29:32,刘旭,L0681
IN202608070004,SKU0029,17,2026-08-07 10:46:00,2026-08-07 10:48:04,郑婷婷,L0681
IN202608140007,SKU0029,17,2026-08-14 09:59:00,2026-08-14 12:02:34,刘旭,L0681
IN202608210003,SKU0029,17,2026-08-21 08:34:00,2026-08-21 08:29:04,姚佳,L0681
IN202608280007,SKU0029,17,2026-08-28 08:47:00,2026-08-28 10:03:28,廖晨,L0681
IN202606010008,SKU0030,32,2026-06-01 08:33:00,2026-06-01 08:45:48,郑婷婷,L0510
IN202606080006,SKU0030,32,2026-06-08 09:45:00,2026-06-08 09:43:11,刘旭,L0510
IN202606150009,SKU0030,32,2026-06-15 09:29:00,2026-06-15 10:49:07,刘旭,L0510
IN202606220005,SKU0030,32,2026-06-22 11:57:00,2026-06-22 12:21:17,徐萍,L0510
IN202606290009,SKU0030,32,2026-06-29 09:41:00,2026-06-29 11:22:19,王丹,L0510
IN202607060009,SKU0030,32,2026-07-06 08:03:00,2026-07-06 10:10:54,宋超,L0510
IN202607130005,SKU0030,32,2026-07-13 09:21:00,2026-07-13 09:36:03,李敏,L0510
IN202607200010,SKU0030,32,2026-07-20 11:24:00,2026-07-20 11:32:50,郑婷婷,L0510
IN202607270007,SKU0030,32,2026-07-27 08:44:00,2026-07-27 08:39:20,郑婷婷,L0510
IN202608030005,SKU0030,32,2026-08-03 10:26:00,2026-08-03 10:22:01,刘旭,L0510
IN202608100010,SKU0030,32,2026-08-10 11:43:00,2026-08-10 14:13:51,李敏,L0510
IN202608170008,SKU0030,32,2026-08-17 09:00:00,2026-08-17 08:53:04,廖晨,L0510
IN202608240007,SKU0030,32,2026-08-24 10:53:00,2026-08-24 10:49:46,郑婷婷,L0510
IN202606020007,SKU0031,15,2026-06-02 11:11:00,2026-06-02 11:23:49,毛燕,L0690
IN202606060010,SKU0031,15,2026-06-06 10:39:00,2026-06-06 11:00:40,郑婷婷,L0690
IN202606100005,SKU0031,15,2026-06-10 09:25:00,2026-06-10 09:34:06,廖晨,L0690
IN202606140009,SKU0031,15,2026-06-14 08:29:00,2026-06-14 08:29:57,李帆,L0690
IN202606180009,SKU0031,15,2026-06-18 09:30:00,2026-06-18 09:35:29,毛燕,L0690
IN202606220006,SKU0031,15,2026-06-22 11:00:00,2026-06-22 14:44:33,李帆,L0690
IN202606260010,SKU0031,15,2026-06-26 09:02:00,2026-06-26 09:01:16,徐萍,L0690
IN202606300009,SKU0031,15,2026-06-30 09:28:00,2026-06-30 09:51:14,宋超,L0690
IN202607040006,SKU0031,15,2026-07-04 10:11:00,2026-07-04 10:29:59,卓雪,L0690
IN202607080006,SKU0031,15,2026-07-08 11:23:00,2026-07-08 11:46:22,刘旭,L0690
IN202607120007,SKU0031,15,2026-07-12 11:12:00,2026-07-12 11:26:37,郑婷婷,L0690
IN202607160009,SKU0031,15,2026-07-16 08:38:00,2026-07-16 08:32:09,刘旭,L0690
IN202607200011,SKU0031,15,2026-07-20 09:07:00,2026-07-20 09:28:51,李帆,L0690
IN202607240009,SKU0031,15,2026-07-24 08:43:00,2026-07-24 08:55:38,杨建军,L0690
IN202607280004,SKU0031,15,2026-07-28 08:41:00,2026-07-28 10:39:21,徐萍,L0690
IN202608010007,SKU0031,15,2026-08-01 10:35:00,2026-08-01 10:30:28,姚佳,L0690
IN202608050009,SKU0031,15,2026-08-05 09:28:00,2026-08-05 09:43:31,徐萍,L0690
IN202608090006,SKU0031,15,2026-08-09 09:14:00,2026-08-09 09:36:18,李敏,L0690
IN202608130011,SKU0031,15,2026-08-13 10:28:00,2026-08-13 11:39:31,廖晨,L0690
IN202608170009,SKU0031,15,2026-08-17 08:24:00,2026-08-17 08:43:15,徐萍,L0690
IN202608210004,SKU0031,15,2026-08-21 08:52:00,2026-08-21 09:02:41,宋超,L0690
IN202608250010,SKU0031,15,2026-08-25 10:29:00,2026-08-25 10:50:40,徐萍,L0690
IN202608290009,SKU0031,15,2026-08-29 10:38:00,2026-08-29 10:38:42,李敏,L0690
IN202606040006,SKU0032,11,2026-06-04 08:22:00,2026-06-04 08:37:28,杨建军,L0066
IN202606080007,SKU0032,11,2026-06-08 10:04:00,2026-06-08 10:22:58,毛燕,L0066
IN202606120005,SKU0032,11,2026-06-12 11:04:00,2026-06-12 11:20:52,李敏,L0066
IN202606160005,SKU0032,11,2026-06-16 10:21:00,2026-06-16 10:22:07,李敏,L0066
IN202606200007,SKU0032,11,2026-06-20 09:56:00,2026-06-20 10:13:56,杨建军,L0066
IN202606240006,SKU0032,11,2026-06-24 09:32:00,2026-06-24 09:27:20,毛燕,L0066
IN202606280002,SKU0032,11,2026-06-28 10:04:00,2026-06-28 10:21:56,廖晨,L0066
IN202607020007,SKU0032,11,2026-07-02 10:55:00,2026-07-02 10:59:57,毛燕,L0066
IN202607060010,SKU0032,11,2026-07-06 10:02:00,2026-07-06 09:52:42,刘旭,L0066
IN202607100004,SKU0032,11,2026-07-10 11:25:00,2026-07-10 11:42:50,廖晨,L0066
IN202607140007,SKU0032,11,2026-07-14 09:33:00,2026-07-14 09:24:10,王丹,L0066
IN202607180005,SKU0032,11,2026-07-18 09:53:00,2026-07-18 09:44:05,郑婷婷,L0066
IN202607220001,SKU0032,11,2026-07-22 10:45:00,2026-07-22 10:49:32,姚佳,L0066
IN202607260008,SKU0032,11,2026-07-26 10:09:00,2026-07-26 10:15:35,宋超,L0066
IN202607300009,SKU0032,11,2026-07-30 10:19:00,2026-07-30 14:00:04,王丹,L0066
IN202608030006,SKU0032,11,2026-08-03 09:48:00,2026-08-03 09:56:19,王丹,L0066
IN202608070005,SKU0032,11,2026-08-07 09:07:00,2026-08-07 09:10:52,刘旭,L0066
IN202608110005,SKU0032,11,2026-08-11 08:59:00,2026-08-11 10:56:51,杨建军,L0066
IN202608150005,SKU0032,11,2026-08-15 10:08:00,2026-08-15 10:31:40,宋超,L0066
IN202608190006,SKU0032,11,2026-08-19 11:58:00,2026-08-19 12:15:37,卓雪,L0066
IN202608230007,SKU0032,11,2026-08-23 10:13:00,2026-08-23 10:37:30,姚佳,L0066
IN202608270004,SKU0032,11,2026-08-27 11:35:00,2026-08-27 11:29:27,杨建军,L0066
IN202606050008,SKU0033,455,2026-06-05 09:56:00,2026-06-05 10:14:14,杨建军,L0797
IN202606120006,SKU0033,455,2026-06-12 08:32:00,2026-06-12 10:48:06,刘旭,L0797
IN202606190006,SKU0033,455,2026-06-19 08:19:00,2026-06-19 08:28:19,杨建军,L0797
IN202606260011,SKU0033,455,2026-06-26 09:07:00,2026-06-26 09:01:06,毛燕,L0797
IN202607030006,SKU0033,455,2026-07-03 11:32:00,2026-07-03 12:27:59,卓雪,L0797
IN202607100005,SKU0033,455,2026-07-10 11:13:00,2026-07-10 13:53:57,宋超,L0797
IN202607170006,SKU0033,455,2026-07-17 10:59:00,2026-07-17 10:55:39,卓雪,L0797
IN202607240010,SKU0033,455,2026-07-24 09:47:00,2026-07-24 10:01:28,王丹,L0797
IN202607310007,SKU0033,455,2026-07-31 09:25:00,2026-07-31 09:18:58,廖晨,L0797
IN202608070006,SKU0033,455,2026-08-07 08:44:00,2026-08-07 08:36:29,廖晨,L0797
IN202608140008,SKU0033,455,2026-08-14 11:54:00,2026-08-14 11:50:21,李敏,L0797
IN202608210005,SKU0033,455,2026-08-21 09:20:00,2026-08-21 10:39:46,王丹,L0797
IN202608280008,SKU0033,455,2026-08-28 11:29:00,2026-08-28 11:25:10,姚佳,L0797
IN202606030005,SKU0034,23,2026-06-03 11:54:00,2026-06-03 14:59:07,李敏,L0660
IN202606080008,SKU0034,23,2026-06-08 11:05:00,2026-06-08 12:15:13,徐萍,L0660
IN202606130004,SKU0034,23,2026-06-13 11:28:00,2026-06-13 11:40:56,郑婷婷,L0660
IN202606180010,SKU0034,23,2026-06-18 11:07:00,2026-06-18 11:13:40,徐萍,L0660
IN202606230006,SKU0034,23,2026-06-23 10:52:00,2026-06-23 11:11:54,廖晨,L0660
IN202606280003,SKU0034,23,2026-06-28 08:04:00,2026-06-28 08:22:00,李敏,L0660
IN202607030007,SKU0034,23,2026-07-03 08:35:00,2026-07-03 08:43:34,郑婷婷,L0660
IN202607080007,SKU0034,23,2026-07-08 11:23:00,2026-07-08 12:04:14,廖晨,L0660
IN202607130006,SKU0034,23,2026-07-13 11:49:00,2026-07-13 12:12:34,徐萍,L0660
IN202607180006,SKU0034,23,2026-07-18 11:33:00,2026-07-18 11:51:35,姚佳,L0660
IN202607230008,SKU0034,23,2026-07-23 10:02:00,2026-07-23 10:20:32,卓雪,L0660
IN202607280005,SKU0034,23,2026-07-28 11:10:00,2026-07-28 11:34:56,徐萍,L0660
IN202608020006,SKU0034,23,2026-08-02 11:13:00,2026-08-02 11:10:24,徐萍,L0660
IN202608070007,SKU0034,23,2026-08-07 08:10:00,2026-08-07 08:29:59,毛燕,L0660
IN202608120003,SKU0034,23,2026-08-12 10:48:00,2026-08-12 12:35:50,李敏,L0660
IN202608170010,SKU0034,23,2026-08-17 10:27:00,2026-08-17 14:05:48,姚佳,L0660
IN202608220006,SKU0034,23,2026-08-22 11:38:00,2026-08-22 12:02:47,刘旭,L0660
IN202608270005,SKU0034,23,2026-08-27 10:25:00,2026-08-27 11:13:22,宋超,L0660
IN202606030006,SKU0035,14,2026-06-03 11:14:00,2026-06-03 11:19:34,杨建军,L0314
IN202606060011,SKU0035,14,2026-06-06 10:21:00,2026-06-06 10:35:04,李帆,L0314
IN202606090008,SKU0035,14,2026-06-09 10:51:00,2026-06-09 10:53:15,徐萍,L0314
IN202606120007,SKU0035,14,2026-06-12 08:02:00,2026-06-12 10:30:28,宋超,L0314
IN202606150010,SKU0035,14,2026-06-15 11:45:00,2026-06-15 11:53:12,郑婷婷,L0314
IN202606180011,SKU0035,14,2026-06-18 11:11:00,2026-06-18 11:29:41,李敏,L0314
IN202606210009,SKU0035,14,2026-06-21 10:28:00,2026-06-21 10:45:34,王丹,L0314
IN202606240007,SKU0035,14,2026-06-24 11:24:00,2026-06-24 11:42:50,毛燕,L0314
IN202606270006,SKU0035,14,2026-06-27 10:28:00,2026-06-27 11:44:19,廖晨,L0314
IN202606300010,SKU0035,14,2026-06-30 10:12:00,2026-06-30 13:18:59,郑婷婷,L0314
IN202607030008,SKU0035,14,2026-07-03 11:40:00,2026-07-03 15:27:38,毛燕,L0314
IN202607060011,SKU0035,14,2026-07-06 08:16:00,2026-07-06 08:35:24,卓雪,L0314
IN202607090010,SKU0035,14,2026-07-09 08:04:00,2026-07-09 10:23:48,王丹,L0314
IN202607120008,SKU0035,14,2026-07-12 11:14:00,2026-07-12 12:14:32,卓雪,L0314
IN202607150007,SKU0035,14,2026-07-15 08:56:00,2026-07-15 09:19:14,廖晨,L0314
IN202607180007,SKU0035,14,2026-07-18 11:03:00,2026-07-18 11:11:11,徐萍,L0314
IN202607210009,SKU0035,14,2026-07-21 08:43:00,2026-07-21 11:32:28,李帆,L0314
IN202607240011,SKU0035,14,2026-07-24 08:12:00,2026-07-24 08:26:12,毛燕,L0314
IN202607270008,SKU0035,14,2026-07-27 09:15:00,2026-07-27 09:30:57,姚佳,L0314
IN202607300010,SKU0035,14,2026-07-30 08:58:00,2026-07-30 09:11:04,毛燕,L0314
IN202608020007,SKU0035,14,2026-08-02 10:58:00,2026-08-02 13:10:26,姚佳,L0314
IN202608050010,SKU0035,14,2026-08-05 10:21:00,2026-08-05 12:24:33,王丹,L0314
IN202608080008,SKU0035,14,2026-08-08 08:28:00,2026-08-08 08:23:47,李敏,L0314
IN202608110006,SKU0035,14,2026-08-11 10:21:00,2026-08-11 13:24:20,卓雪,L0314
IN202608140009,SKU0035,14,2026-08-14 11:35:00,2026-08-14 13:57:00,宋超,L0314
IN202608170011,SKU0035,14,2026-08-17 09:16:00,2026-08-17 09:22:30,刘旭,L0314
IN202608200011,SKU0035,14,2026-08-20 11:39:00,2026-08-20 11:34:23,毛燕,L0314
IN202608230008,SKU0035,14,2026-08-23 10:52:00,2026-08-23 10:49:02,刘旭,L0314
IN202608260005,SKU0035,14,2026-08-26 10:04:00,2026-08-26 10:06:34,李帆,L0314
IN202608290010,SKU0035,14,2026-08-29 09:45:00,2026-08-29 10:01:28,郑婷婷,L0314
IN202606030007,SKU0036,18,2026-06-03 11:11:00,2026-06-03 11:01:40,李帆,L0624
IN202606060012,SKU0036,18,2026-06-06 09:05:00,2026-06-06 09:15:50,廖晨,L0624
IN202606090009,SKU0036,18,2026-06-09 09:30:00,2026-06-09 09:25:43,姚佳,L0624
IN202606120008,SKU0036,18,2026-06-12 09:29:00,2026-06-12 12:36:12,宋超,L0624
IN202606150011,SKU0036,18,2026-06-15 09:01:00,2026-06-15 09:09:42,刘旭,L0624
IN202606180012,SKU0036,18,2026-06-18 08:03:00,2026-06-18 10:22:41,李敏,L0624
IN202606210010,SKU0036,18,2026-06-21 08:43:00,2026-06-21 08:40:59,李敏,L0624
IN202606240008,SKU0036,18,2026-06-24 10:22:00,2026-06-24 10:18:32,廖晨,L0624
IN202606270007,SKU0036,18,2026-06-27 08:56:00,2026-06-27 10:34:09,刘旭,L0624
IN202606300011,SKU0036,18,2026-06-30 11:36:00,2026-06-30 11:39:01,卓雪,L0624
IN202607030009,SKU0036,18,2026-07-03 10:16:00,2026-07-03 10:14:16,廖晨,L0624
IN202607060012,SKU0036,18,2026-07-06 09:11:00,2026-07-06 09:02:25,李敏,L0624
IN202607090011,SKU0036,18,2026-07-09 11:30:00,2026-07-09 11:23:50,李敏,L0624
IN202607120009,SKU0036,18,2026-07-12 09:49:00,2026-07-12 09:56:07,李敏,L0624
IN202607150008,SKU0036,18,2026-07-15 08:04:00,2026-07-15 08:28:04,廖晨,L0624
IN202607180008,SKU0036,18,2026-07-18 10:36:00,2026-07-18 10:44:28,宋超,L0624
IN202607210010,SKU0036,18,2026-07-21 08:35:00,2026-07-21 08:26:34,郑婷婷,L0624
IN202607240012,SKU0036,18,2026-07-24 11:17:00,2026-07-24 11:21:30,郑婷婷,L0624
IN202607270009,SKU0036,18,2026-07-27 11:52:00,2026-07-27 12:58:01,李敏,L0624
IN202607300011,SKU0036,18,2026-07-30 08:39:00,2026-07-30 09:03:42,毛燕,L0624
IN202608020008,SKU0036,18,2026-08-02 11:37:00,2026-08-02 11:49:40,宋超,L0624
IN202608050011,SKU0036,18,2026-08-05 08:09:00,2026-08-05 08:21:54,郑婷婷,L0624
IN202608080009,SKU0036,18,2026-08-08 08:57:00,2026-08-08 09:20:57,廖晨,L0624
IN202608110007,SKU0036,18,2026-08-11 09:50:00,2026-08-11 10:07:39,卓雪,L0624
IN202608140010,SKU0036,18,2026-08-14 11:27:00,2026-08-14 11:44:09,宋超,L0624
IN202608170012,SKU0036,18,2026-08-17 08:26:00,2026-08-17 08:34:40,姚佳,L0624
IN202608200012,SKU0036,18,2026-08-20 11:24:00,2026-08-20 11:17:45,廖晨,L0624
IN202608230009,SKU0036,18,2026-08-23 09:05:00,2026-08-23 09:11:45,王丹,L0624
IN202608260006,SKU0036,18,2026-08-26 11:25:00,2026-08-26 11:15:39,徐萍,L0624
IN202608290011,SKU0036,18,2026-08-29 09:49:00,2026-08-29 09:55:06,王丹,L0624
IN202606020008,SKU0037,10,2026-06-02 09:38:00,2026-06-02 09:54:28,郑婷婷,L0213
IN202606050009,SKU0037,10,2026-06-05 09:17:00,2026-06-05 09:25:03,毛燕,L0213
IN202606080009,SKU0037,10,2026-06-08 08:29:00,2026-06-08 10:05:33,毛燕,L0213
IN202606110011,SKU0037,10,2026-06-11 09:43:00,2026-06-11 09:59:42,姚佳,L0213
IN202606140010,SKU0037,10,2026-06-14 08:20:00,2026-06-14 08:37:04,宋超,L0213
IN202606170005,SKU0037,10,2026-06-17 11:24:00,2026-06-17 11:33:31,王丹,L0213
IN202606200008,SKU0037,10,2026-06-20 10:43:00,2026-06-20 10:52:16,卓雪,L0213
IN202606230007,SKU0037,10,2026-06-23 11:04:00,2026-06-23 11:16:53,毛燕,L0213
IN202606260012,SKU0037,10,2026-06-26 10:00:00,2026-06-26 12:51:34,徐萍,L0213
IN202606290010,SKU0037,10,2026-06-29 11:27:00,2026-06-29 13:17:03,姚佳,L0213
IN202607020008,SKU0037,10,2026-07-02 08:07:00,2026-07-02 08:14:16,王丹,L0213
IN202607050008,SKU0037,10,2026-07-05 09:25:00,2026-07-05 09:49:18,宋超,L0213
IN202607080008,SKU0037,10,2026-07-08 10:54:00,2026-07-08 10:46:28,李敏,L0213
IN202607110009,SKU0037,10,2026-07-11 10:43:00,2026-07-11 13:36:31,郑婷婷,L0213
IN202607140008,SKU0037,10,2026-07-14 10:59:00,2026-07-14 11:14:20,李敏,L0213
IN202607170007,SKU0037,10,2026-07-17 08:05:00,2026-07-17 08:29:39,姚佳,L0213
IN202607200012,SKU0037,10,2026-07-20 09:05:00,2026-07-20 09:00:36,宋超,L0213
IN202607230009,SKU0037,10,2026-07-23 10:38:00,2026-07-23 10:29:18,杨建军,L0213
IN202607260009,SKU0037,10,2026-07-26 10:18:00,2026-07-26 10:38:40,廖晨,L0213
IN202607290007,SKU0037,10,2026-07-29 08:39:00,2026-07-29 08:58:42,毛燕,L0213
IN202608010008,SKU0037,10,2026-08-01 11:17:00,2026-08-01 13:32:17,宋超,L0213
IN202608040008,SKU0037,10,2026-08-04 08:18:00,2026-08-04 08:35:40,姚佳,L0213
IN202608070008,SKU0037,10,2026-08-07 11:55:00,2026-08-07 12:11:55,毛燕,L0213
IN202608100011,SKU0037,10,2026-08-10 10:01:00,2026-08-10 10:13:31,宋超,L0213
IN202608130012,SKU0037,10,2026-08-13 08:56:00,2026-08-13 09:11:32,毛燕,L0213
IN202608160006,SKU0037,10,2026-08-16 08:48:00,2026-08-16 09:12:13,毛燕,L0213
IN202608190007,SKU0037,10,2026-08-19 08:43:00,2026-08-19 08:46:54,徐萍,L0213
IN202608220007,SKU0037,10,2026-08-22 10:29:00,2026-08-22 10:53:31,郑婷婷,L0213
IN202608250011,SKU0037,10,2026-08-25 10:47:00,2026-08-25 11:07:00,杨建军,L0213
IN202608280009,SKU0037,10,2026-08-28 08:52:00,2026-08-28 12:46:31,刘旭,L0213
IN202606040007,SKU0038,16,2026-06-04 10:42:00,2026-06-04 10:43:18,李敏,L0487
IN202606110012,SKU0038,16,2026-06-11 09:08:00,2026-06-11 11:35:36,廖晨,L0487
IN202606180013,SKU0038,16,2026-06-18 10:02:00,2026-06-18 10:24:51,徐萍,L0487
IN202606250008,SKU0038,16,2026-06-25 10:33:00,2026-06-25 10:26:49,杨建军,L0487
IN202607020009,SKU0038,16,2026-07-02 11:23:00,2026-07-02 11:19:49,杨建军,L0487
IN202607090012,SKU0038,16,2026-07-09 09:03:00,2026-07-09 09:08:39,杨建军,L0487
IN202607160010,SKU0038,16,2026-07-16 09:05:00,2026-07-16 08:56:51,李敏,L0487
IN202607230010,SKU0038,16,2026-07-23 09:21:00,2026-07-23 09:17:09,姚佳,L0487
IN202607300012,SKU0038,16,2026-07-30 08:48:00,2026-07-30 11:00:07,宋超,L0487
IN202608060006,SKU0038,16,2026-08-06 08:09:00,2026-08-06 08:33:49,卓雪,L0487
IN202608130013,SKU0038,16,2026-08-13 08:51:00,2026-08-13 08:57:13,姚佳,L0487
IN202608200013,SKU0038,16,2026-08-20 11:22:00,2026-08-20 11:16:25,卓雪,L0487
IN202608270006,SKU0038,16,2026-08-27 09:40:00,2026-08-27 10:00:52,刘旭,L0487
IN202606010009,SKU0039,12,2026-06-01 10:17:00,2026-06-01 13:12:39,李帆,L0724
IN202606040008,SKU0039,12,2026-06-04 09:49:00,2026-06-04 12:22:44,毛燕,L0724
IN202606070004,SKU0039,12,2026-06-07 09:38:00,2026-06-07 09:39:54,郑婷婷,L0724
IN202606100006,SKU0039,12,2026-06-10 09:05:00,2026-06-10 10:42:49,毛燕,L0724
IN202606130005,SKU0039,12,2026-06-13 08:08:00,2026-06-13 08:21:06,卓雪,L0724
IN202606160006,SKU0039,12,2026-06-16 08:26:00,2026-06-16 09:16:53,刘旭,L0724
IN202606190007,SKU0039,12,2026-06-19 11:29:00,2026-06-19 11:20:37,郑婷婷,L0724
IN202606220007,SKU0039,12,2026-06-22 10:56:00,2026-06-22 10:58:10,李帆,L0724
IN202606250009,SKU0039,12,2026-06-25 09:08:00,2026-06-25 09:27:58,李帆,L0724
IN202606280004,SKU0039,12,2026-06-28 09:53:00,2026-06-28 10:08:26,卓雪,L0724
IN202607010006,SKU0039,12,2026-07-01 11:25:00,2026-07-01 11:38:24,徐萍,L0724
IN202607040007,SKU0039,12,2026-07-04 09:54:00,2026-07-04 10:11:09,郑婷婷,L0724
IN202607070004,SKU0039,12,2026-07-07 11:54:00,2026-07-07 11:55:58,毛燕,L0724
IN202607100006,SKU0039,12,2026-07-10 08:32:00,2026-07-10 08:25:01,郑婷婷,L0724
IN202607130007,SKU0039,12,2026-07-13 09:42:00,2026-07-13 11:28:00,徐萍,L0724
IN202607160011,SKU0039,12,2026-07-16 08:59:00,2026-07-16 09:20:32,李帆,L0724
IN202607190006,SKU0039,12,2026-07-19 10:16:00,2026-07-19 10:18:04,徐萍,L0724
IN202607220002,SKU0039,12,2026-07-22 10:01:00,2026-07-22 12:07:35,杨建军,L0724
IN202607250006,SKU0039,12,2026-07-25 10:10:00,2026-07-25 10:21:26,李帆,L0724
IN202607280006,SKU0039,12,2026-07-28 09:20:00,2026-07-28 09:19:04,王丹,L0724
IN202607310008,SKU0039,12,2026-07-31 10:25:00,2026-07-31 10:26:04,郑婷婷,L0724
IN202608030007,SKU0039,12,2026-08-03 09:22:00,2026-08-03 09:43:49,毛燕,L0724
IN202608060007,SKU0039,12,2026-08-06 10:59:00,2026-08-06 10:50:44,郑婷婷,L0724
IN202608090007,SKU0039,12,2026-08-09 10:33:00,2026-08-09 10:30:53,刘旭,L0724
IN202608120004,SKU0039,12,2026-08-12 11:06:00,2026-08-12 10:58:30,宋超,L0724
IN202608150006,SKU0039,12,2026-08-15 09:46:00,2026-08-15 10:06:24,王丹,L0724
IN202608180006,SKU0039,12,2026-08-18 08:26:00,2026-08-18 08:34:32,王丹,L0724
IN202608210006,SKU0039,12,2026-08-21 09:55:00,2026-08-21 10:04:04,郑婷婷,L0724
IN202608240008,SKU0039,12,2026-08-24 09:39:00,2026-08-24 09:31:16,毛燕,L0724
IN202608270007,SKU0039,12,2026-08-27 10:00:00,2026-08-27 10:22:16,姚佳,L0724
IN202606040009,SKU0040,19,2026-06-04 09:45:00,2026-06-04 09:58:03,刘旭,L0534
IN202606110013,SKU0040,19,2026-06-11 08:51:00,2026-06-11 09:03:32,廖晨,L0534
IN202606180014,SKU0040,19,2026-06-18 09:35:00,2026-06-18 11:41:32,姚佳,L0534
IN202606250010,SKU0040,19,2026-06-25 08:17:00,2026-06-25 08:09:52,王丹,L0534
IN202607020010,SKU0040,19,2026-07-02 09:06:00,2026-07-02 09:06:48,杨建军,L0534
IN202607090013,SKU0040,19,2026-07-09 11:39:00,2026-07-09 12:02:50,姚佳,L0534
IN202607160012,SKU0040,19,2026-07-16 11:28:00,2026-07-16 11:44:14,郑婷婷,L0534
IN202607230011,SKU0040,19,2026-07-23 10:44:00,2026-07-23 10:34:35,刘旭,L0534
IN202607300013,SKU0040,19,2026-07-30 09:05:00,2026-07-30 09:06:03,宋超,L0534
IN202608060008,SKU0040,19,2026-08-06 08:45:00,2026-08-06 09:04:29,宋超,L0534
IN202608130014,SKU0040,19,2026-08-13 11:01:00,2026-08-13 10:58:18,徐萍,L0534
IN202608200014,SKU0040,19,2026-08-20 09:51:00,2026-08-20 10:06:32,王丹,L0534
IN202608270008,SKU0040,19,2026-08-27 09:38:00,2026-08-27 09:43:16,郑婷婷,L0534
IN202606010010,SKU0041,13,2026-06-01 10:43:00,2026-06-01 11:05:55,廖晨,L0143
IN202606060013,SKU0041,13,2026-06-06 09:42:00,2026-06-06 11:05:27,卓雪,L0143
IN202606110014,SKU0041,13,2026-06-11 10:09:00,2026-06-11 10:24:00,廖晨,L0143
IN202606160007,SKU0041,13,2026-06-16 09:05:00,2026-06-16 09:19:38,姚佳,L0143
IN202606210011,SKU0041,13,2026-06-21 09:36:00,2026-06-21 11:35:52,郑婷婷,L0143
IN202606260013,SKU0041,13,2026-06-26 11:08:00,2026-06-26 11:18:46,刘旭,L0143
IN202607010007,SKU0041,13,2026-07-01 10:43:00,2026-07-01 10:44:37,李敏,L0143
IN202607060013,SKU0041,13,2026-07-06 11:18:00,2026-07-06 11:55:12,李帆,L0143
IN202607110010,SKU0041,13,2026-07-11 08:37:00,2026-07-11 08:41:52,刘旭,L0143
IN202607160013,SKU0041,13,2026-07-16 09:05:00,2026-07-16 09:08:49,王丹,L0143
IN202607210011,SKU0041,13,2026-07-21 08:33:00,2026-07-21 08:27:46,李敏,L0143
IN202607260010,SKU0041,13,2026-07-26 11:06:00,2026-07-26 11:21:35,王丹,L0143
IN202607310009,SKU0041,13,2026-07-31 08:30:00,2026-07-31 12:19:39,李帆,L0143
IN202608050012,SKU0041,13,2026-08-05 09:51:00,2026-08-05 09:41:48,廖晨,L0143
IN202608100012,SKU0041,13,2026-08-10 10:01:00,2026-08-10 10:00:30,李敏,L0143
IN202608150007,SKU0041,13,2026-08-15 11:06:00,2026-08-15 11:00:02,杨建军,L0143
IN202608200015,SKU0041,13,2026-08-20 08:57:00,2026-08-20 09:09:14,李敏,L0143
IN202608250012,SKU0041,13,2026-08-25 09:44:00,2026-08-25 09:58:21,宋超,L0143
IN202606040010,SKU0042,65,2026-06-04 10:13:00,2026-06-04 10:26:48,廖晨,L0675
IN202606090010,SKU0042,65,2026-06-09 09:33:00,2026-06-09 09:28:14,姚佳,L0675
IN202606140011,SKU0042,65,2026-06-14 10:24:00,2026-06-14 10:44:05,杨建军,L0675
IN202606190008,SKU0042,65,2026-06-19 11:22:00,2026-06-19 14:19:28,毛燕,L0675
IN202606240009,SKU0042,65,2026-06-24 11:59:00,2026-06-24 11:58:49,郑婷婷,L0675
IN202606290011,SKU0042,65,2026-06-29 09:46:00,2026-06-29 10:00:13,宋超,L0675
IN202607040008,SKU0042,65,2026-07-04 08:53:00,2026-07-04 09:14:06,徐萍,L0675
IN202607090014,SKU0042,65,2026-07-09 11:10:00,2026-07-09 11:10:05,毛燕,L0675
IN202607140009,SKU0042,65,2026-07-14 11:30:00,2026-07-14 11:40:01,宋超,L0675
IN202607190007,SKU0042,65,2026-07-19 11:31:00,2026-07-19 14:25:54,徐萍,L0675
IN202607240013,SKU0042,65,2026-07-24 08:28:00,2026-07-24 08:31:33,宋超,L0675
IN202607290008,SKU0042,65,2026-07-29 11:45:00,2026-07-29 12:03:31,郑婷婷,L0675
IN202608030008,SKU0042,65,2026-08-03 10:40:00,2026-08-03 10:44:16,卓雪,L0675
IN202608080010,SKU0042,65,2026-08-08 09:33:00,2026-08-08 11:04:31,廖晨,L0675
IN202608130015,SKU0042,65,2026-08-13 09:53:00,2026-08-13 09:50:33,毛燕,L0675
IN202608180007,SKU0042,65,2026-08-18 09:56:00,2026-08-18 09:56:02,廖晨,L0675
IN202608230010,SKU0042,65,2026-08-23 10:31:00,2026-08-23 10:29:46,李帆,L0675
IN202608280010,SKU0042,65,2026-08-28 10:31:00,2026-08-28 12:20:34,毛燕,L0675
IN202606060014,SKU0043,12,2026-06-06 08:45:00,2026-06-06 08:36:52,杨建军,L0001
IN202606120009,SKU0043,12,2026-06-12 10:22:00,2026-06-12 10:30:36,廖晨,L0001
IN202606180015,SKU0043,12,2026-06-18 10:22:00,2026-06-18 10:34:56,李帆,L0001
IN202606240010,SKU0043,12,2026-06-24 10:45:00,2026-06-24 11:00:57,杨建军,L0001
IN202606300012,SKU0043,12,2026-06-30 11:55:00,2026-06-30 11:53:17,宋超,L0001
IN202607060014,SKU0043,12,2026-07-06 11:26:00,2026-07-06 11:28:37,卓雪,L0001
IN202607120010,SKU0043,12,2026-07-12 08:38:00,2026-07-12 10:52:42,卓雪,L0001
IN202607180009,SKU0043,12,2026-07-18 08:58:00,2026-07-18 08:48:19,王丹,L0001
IN202607240014,SKU0043,12,2026-07-24 09:16:00,2026-07-24 11:58:21,郑婷婷,L0001
IN202607300014,SKU0043,12,2026-07-30 10:30:00,2026-07-30 12:09:59,卓雪,L0001
IN202608050013,SKU0043,12,2026-08-05 10:19:00,2026-08-05 10:25:16,毛燕,L0001
IN202608110008,SKU0043,12,2026-08-11 08:49:00,2026-08-11 09:10:59,刘旭,L0001
IN202608170013,SKU0043,12,2026-08-17 08:53:00,2026-08-17 08:48:37,毛燕,L0001
IN202608230011,SKU0043,12,2026-08-23 09:13:00,2026-08-23 09:25:09,廖晨,L0001
IN202608290012,SKU0043,12,2026-08-29 11:40:00,2026-08-29 12:16:24,宋超,L0001
IN202606040011,SKU0044,23,2026-06-04 10:48:00,2026-06-04 10:58:50,李敏,L0587
IN202606080010,SKU0044,23,2026-06-08 08:40:00,2026-06-08 08:42:21,宋超,L0587
IN202606120010,SKU0044,23,2026-06-12 10:27:00,2026-06-12 10:40:12,李敏,L0587
IN202606160008,SKU0044,23,2026-06-16 08:39:00,2026-06-16 10:44:06,李帆,L0587
IN202606200009,SKU0044,23,2026-06-20 11:05:00,2026-06-20 11:19:33,李帆,L0587
IN202606240011,SKU0044,23,2026-06-24 08:56:00,2026-06-24 08:53:09,郑婷婷,L0587
IN202606280005,SKU0044,23,2026-06-28 10:54:00,2026-06-28 10:54:11,毛燕,L0587
IN202607020011,SKU0044,23,2026-07-02 09:56:00,2026-07-02 10:01:18,廖晨,L0587
IN202607060015,SKU0044,23,2026-07-06 11:40:00,2026-07-06 12:00:46,徐萍,L0587
IN202607100007,SKU0044,23,2026-07-10 10:32:00,2026-07-10 10:37:13,杨建军,L0587
IN202607140010,SKU0044,23,2026-07-14 09:17:00,2026-07-14 09:07:53,刘旭,L0587
IN202607180010,SKU0044,23,2026-07-18 11:24:00,2026-07-18 13:46:34,王丹,L0587
IN202607220003,SKU0044,23,2026-07-22 10:27:00,2026-07-22 10:48:21,李帆,L0587
IN202607260011,SKU0044,23,2026-07-26 11:32:00,2026-07-26 11:30:25,宋超,L0587
IN202607300015,SKU0044,23,2026-07-30 08:36:00,2026-07-30 08:39:55,徐萍,L0587
IN202608030009,SKU0044,23,2026-08-03 11:59:00,2026-08-03 12:18:04,宋超,L0587
IN202608070009,SKU0044,23,2026-08-07 08:38:00,2026-08-07 08:35:53,毛燕,L0587
IN202608110009,SKU0044,23,2026-08-11 10:14:00,2026-08-11 13:36:26,徐萍,L0587
IN202608150008,SKU0044,23,2026-08-15 09:05:00,2026-08-15 09:14:14,姚佳,L0587
IN202608190008,SKU0044,23,2026-08-19 08:13:00,2026-08-19 09:21:02,杨建军,L0587
IN202608230012,SKU0044,23,2026-08-23 09:12:00,2026-08-23 12:55:59,李敏,L0587
IN202608270009,SKU0044,23,2026-08-27 10:29:00,2026-08-27 10:28:40,廖晨,L0587
IN202606030008,SKU0045,29,2026-06-03 09:10:00,2026-06-03 09:15:50,姚佳,L0668
IN202606070005,SKU0045,29,2026-06-07 11:56:00,2026-06-07 12:03:04,廖晨,L0668
IN202606110015,SKU0045,29,2026-06-11 08:35:00,2026-06-11 08:50:06,毛燕,L0668
IN202606150012,SKU0045,29,2026-06-15 10:19:00,2026-06-15 10:10:48,宋超,L0668
IN202606190009,SKU0045,29,2026-06-19 11:43:00,2026-06-19 12:00:26,姚佳,L0668
IN202606230008,SKU0045,29,2026-06-23 11:44:00,2026-06-23 11:48:25,郑婷婷,L0668
IN202606270008,SKU0045,29,2026-06-27 11:02:00,2026-06-27 11:04:45,刘旭,L0668
IN202607010008,SKU0045,29,2026-07-01 10:13:00,2026-07-01 10:25:31,姚佳,L0668
IN202607050009,SKU0045,29,2026-07-05 11:18:00,2026-07-05 11:27:42,李帆,L0668
IN202607090015,SKU0045,29,2026-07-09 08:05:00,2026-07-09 08:23:53,李敏,L0668
IN202607130008,SKU0045,29,2026-07-13 09:48:00,2026-07-13 11:22:03,廖晨,L0668
IN202607170008,SKU0045,29,2026-07-17 11:20:00,2026-07-17 14:00:29,廖晨,L0668
IN202607210012,SKU0045,29,2026-07-21 11:00:00,2026-07-21 10:54:05,王丹,L0668
IN202607250007,SKU0045,29,2026-07-25 10:24:00,2026-07-25 10:15:52,姚佳,L0668
IN202607290009,SKU0045,29,2026-07-29 10:01:00,2026-07-29 10:01:44,刘旭,L0668
IN202608020009,SKU0045,29,2026-08-02 10:13:00,2026-08-02 10:04:27,徐萍,L0668
IN202608060009,SKU0045,29,2026-08-06 09:45:00,2026-08-06 10:07:05,廖晨,L0668
IN202608100013,SKU0045,29,2026-08-10 09:11:00,2026-08-10 10:30:59,姚佳,L0668
IN202608140011,SKU0045,29,2026-08-14 09:54:00,2026-08-14 10:01:30,廖晨,L0668
IN202608180008,SKU0045,29,2026-08-18 08:09:00,2026-08-18 08:28:29,王丹,L0668
IN202608220008,SKU0045,29,2026-08-22 10:29:00,2026-08-22 10:30:09,卓雪,L0668
IN202608260007,SKU0045,29,2026-08-26 09:19:00,2026-08-26 09:40:21,姚佳,L0668
IN202606030009,SKU0046,18,2026-06-03 11:34:00,2026-06-03 11:47:02,刘旭,L0764
IN202606090011,SKU0046,18,2026-06-09 09:53:00,2026-06-09 09:45:11,刘旭,L0764
IN202606150013,SKU0046,18,2026-06-15 08:00:00,2026-06-15 08:10:38,李敏,L0764
IN202606210012,SKU0046,18,2026-06-21 09:12:00,2026-06-21 09:34:53,徐萍,L0764
IN202606270009,SKU0046,18,2026-06-27 08:30:00,2026-06-27 08:42:42,李敏,L0764
IN202607030010,SKU0046,18,2026-07-03 09:27:00,2026-07-03 09:21:20,卓雪,L0764
IN202607090016,SKU0046,18,2026-07-09 09:19:00,2026-07-09 09:30:53,卓雪,L0764
IN202607150009,SKU0046,18,2026-07-15 08:11:00,2026-07-15 08:55:56,毛燕,L0764
IN202607210013,SKU0046,18,2026-07-21 08:46:00,2026-07-21 11:04:21,姚佳,L0764
IN202607270010,SKU0046,18,2026-07-27 10:37:00,2026-07-27 10:27:06,廖晨,L0764
IN202608020010,SKU0046,18,2026-08-02 10:41:00,2026-08-02 14:13:33,李敏,L0764
IN202608080011,SKU0046,18,2026-08-08 10:07:00,2026-08-08 10:17:02,王丹,L0764
IN202608140012,SKU0046,18,2026-08-14 10:26:00,2026-08-14 10:20:17,刘旭,L0764
IN202608200016,SKU0046,18,2026-08-20 11:31:00,2026-08-20 11:36:30,卓雪,L0764
IN202608260008,SKU0046,18,2026-08-26 09:22:00,2026-08-26 09:31:00,姚佳,L0764
IN202606030010,SKU0047,20,2026-06-03 08:40:00,2026-06-03 08:35:57,宋超,L0509
IN202606070006,SKU0047,20,2026-06-07 08:04:00,2026-06-07 11:49:37,刘旭,L0509
IN202606110016,SKU0047,20,2026-06-11 08:17:00,2026-06-11 08:15:34,王丹,L0509
IN202606150014,SKU0047,20,2026-06-15 11:51:00,2026-06-15 11:55:09,廖晨,L0509
IN202606190010,SKU0047,20,2026-06-19 09:30:00,2026-06-19 11:05:02,徐萍,L0509
IN202606230009,SKU0047,20,2026-06-23 08:29:00,2026-06-23 10:58:58,毛燕,L0509
IN202606270010,SKU0047,20,2026-06-27 08:24:00,2026-06-27 08:29:28,刘旭,L0509
IN202607010009,SKU0047,20,2026-07-01 08:33:00,2026-07-01 09:47:33,刘旭,L0509
IN202607050010,SKU0047,20,2026-07-05 11:12:00,2026-07-05 11:16:12,宋超,L0509
IN202607090017,SKU0047,20,2026-07-09 09:37:00,2026-07-09 09:48:56,卓雪,L0509
IN202607130009,SKU0047,20,2026-07-13 08:25:00,2026-07-13 08:34:46,宋超,L0509
IN202607170009,SKU0047,20,2026-07-17 08:33:00,2026-07-17 08:33:42,毛燕,L0509
IN202607210014,SKU0047,20,2026-07-21 09:50:00,2026-07-21 09:57:49,李敏,L0509
IN202607250008,SKU0047,20,2026-07-25 08:48:00,2026-07-25 12:11:29,刘旭,L0509
IN202607290010,SKU0047,20,2026-07-29 08:14:00,2026-07-29 08:32:08,徐萍,L0509
IN202608020011,SKU0047,20,2026-08-02 11:00:00,2026-08-02 11:11:04,郑婷婷,L0509
IN202608060010,SKU0047,20,2026-08-06 09:42:00,2026-08-06 09:54:46,徐萍,L0509
IN202608100014,SKU0047,20,2026-08-10 10:20:00,2026-08-10 13:56:33,毛燕,L0509
IN202608140013,SKU0047,20,2026-08-14 08:11:00,2026-08-14 08:31:26,郑婷婷,L0509
IN202608180009,SKU0047,20,2026-08-18 11:40:00,2026-08-18 12:03:28,杨建军,L0509
IN202608220009,SKU0047,20,2026-08-22 11:18:00,2026-08-22 11:21:21,毛燕,L0509
IN202608260009,SKU0047,20,2026-08-26 11:01:00,2026-08-26 11:16:11,卓雪,L0509
IN202606020009,SKU0048,10,2026-06-02 11:49:00,2026-06-02 12:13:30,卓雪,L0065
IN202606050010,SKU0048,10,2026-06-05 09:30:00,2026-06-05 09:23:55,宋超,L0065
IN202606080011,SKU0048,10,2026-06-08 10:13:00,2026-06-08 10:24:17,李帆,L0065
IN202606110017,SKU0048,10,2026-06-11 09:19:00,2026-06-11 09:39:11,郑婷婷,L0065
IN202606140012,SKU0048,10,2026-06-14 11:02:00,2026-06-14 11:26:41,卓雪,L0065
IN202606170006,SKU0048,10,2026-06-17 08:57:00,2026-06-17 08:50:14,卓雪,L0065
IN202606200010,SKU0048,10,2026-06-20 10:27:00,2026-06-20 10:28:44,廖晨,L0065
IN202606230010,SKU0048,10,2026-06-23 08:02:00,2026-06-23 08:26:57,杨建军,L0065
IN202606260014,SKU0048,10,2026-06-26 08:44:00,2026-06-26 08:48:53,李敏,L0065
IN202606290012,SKU0048,10,2026-06-29 09:00:00,2026-06-29 09:12:20,卓雪,L0065
IN202607020012,SKU0048,10,2026-07-02 09:35:00,2026-07-02 13:18:10,郑婷婷,L0065
IN202607050011,SKU0048,10,2026-07-05 09:37:00,2026-07-05 09:30:01,李帆,L0065
IN202607080009,SKU0048,10,2026-07-08 11:27:00,2026-07-08 12:31:46,杨建军,L0065
IN202607110011,SKU0048,10,2026-07-11 08:35:00,2026-07-11 08:57:14,李帆,L0065
IN202607140011,SKU0048,10,2026-07-14 09:22:00,2026-07-14 09:37:59,徐萍,L0065
IN202607170010,SKU0048,10,2026-07-17 08:59:00,2026-07-17 10:47:21,李敏,L0065
IN202607200013,SKU0048,10,2026-07-20 10:46:00,2026-07-20 11:05:01,李帆,L0065
IN202607230012,SKU0048,10,2026-07-23 09:06:00,2026-07-23 08:57:28,杨建军,L0065
IN202607260012,SKU0048,10,2026-07-26 10:19:00,2026-07-26 10:11:25,毛燕,L0065
IN202607290011,SKU0048,10,2026-07-29 10:53:00,2026-07-29 11:06:18,李帆,L0065
IN202608010009,SKU0048,10,2026-08-01 11:39:00,2026-08-01 11:52:01,宋超,L0065
IN202608040009,SKU0048,10,2026-08-04 10:36:00,2026-08-04 10:58:29,杨建军,L0065
IN202608070010,SKU0048,10,2026-08-07 09:40:00,2026-08-07 09:58:40,杨建军,L0065
IN202608100015,SKU0048,10,2026-08-10 10:34:00,2026-08-10 11:38:08,李帆,L0065
IN202608130016,SKU0048,10,2026-08-13 11:32:00,2026-08-13 11:36:58,毛燕,L0065
IN202608160007,SKU0048,10,2026-08-16 11:08:00,2026-08-16 11:09:02,杨建军,L0065
IN202608190009,SKU0048,10,2026-08-19 11:59:00,2026-08-19 14:36:27,刘旭,L0065
IN202608220010,SKU0048,10,2026-08-22 10:36:00,2026-08-22 10:34:56,卓雪,L0065
IN202608250013,SKU0048,10,2026-08-25 08:51:00,2026-08-25 08:48:40,卓雪,L0065
IN202608280011,SKU0048,10,2026-08-28 10:47:00,2026-08-28 10:43:36,李敏,L0065
IN202606010011,SKU0049,52,2026-06-01 08:20:00,2026-06-01 08:25:56,李帆,L0751
IN202606050011,SKU0049,52,2026-06-05 11:43:00,2026-06-05 11:46:34,李帆,L0751
IN202606090012,SKU0049,52,2026-06-09 09:51:00,2026-06-09 09:55:24,姚佳,L0751
IN202606130006,SKU0049,52,2026-06-13 09:14:00,2026-06-13 09:28:04,刘旭,L0751
IN202606170007,SKU0049,52,2026-06-17 10:43:00,2026-06-17 10:46:26,王丹,L0751
IN202606210013,SKU0049,52,2026-06-21 08:35:00,2026-06-21 08:50:31,廖晨,L0751
IN202606250011,SKU0049,52,2026-06-25 08:39:00,2026-06-25 08:57:38,郑婷婷,L0751
IN202606290013,SKU0049,52,2026-06-29 09:04:00,2026-06-29 09:05:35,杨建军,L0751
IN202607030011,SKU0049,52,2026-07-03 10:54:00,2026-07-03 10:45:05,宋超,L0751
IN202607070005,SKU0049,52,2026-07-07 11:50:00,2026-07-07 13:37:26,姚佳,L0751
IN202607110012,SKU0049,52,2026-07-11 09:57:00,2026-07-11 09:47:12,郑婷婷,L0751
IN202607150010,SKU0049,52,2026-07-15 11:43:00,2026-07-15 12:06:16,李敏,L0751
IN202607190008,SKU0049,52,2026-07-19 11:42:00,2026-07-19 11:44:30,李帆,L0751
IN202607230013,SKU0049,52,2026-07-23 09:46:00,2026-07-23 09:50:56,郑婷婷,L0751
IN202607270011,SKU0049,52,2026-07-27 08:22:00,2026-07-27 08:19:08,卓雪,L0751
IN202607310010,SKU0049,52,2026-07-31 11:46:00,2026-07-31 12:47:28,郑婷婷,L0751
IN202608040010,SKU0049,52,2026-08-04 11:16:00,2026-08-04 11:39:37,李帆,L0751
IN202608080012,SKU0049,52,2026-08-08 09:04:00,2026-08-08 09:06:19,卓雪,L0751
IN202608120005,SKU0049,52,2026-08-12 09:46:00,2026-08-12 12:18:45,廖晨,L0751
IN202608160008,SKU0049,52,2026-08-16 10:59:00,2026-08-16 14:44:59,杨建军,L0751
IN202608200017,SKU0049,52,2026-08-20 08:42:00,2026-08-20 08:38:43,廖晨,L0751
IN202608240009,SKU0049,52,2026-08-24 08:15:00,2026-08-24 08:08:52,王丹,L0751
IN202608280012,SKU0049,52,2026-08-28 10:57:00,2026-08-28 14:18:00,刘旭,L0751
IN202606030011,SKU0050,9,2026-06-03 08:33:00,2026-06-03 08:26:22,郑婷婷,L0051
IN202606060015,SKU0050,9,2026-06-06 08:15:00,2026-06-06 08:12:16,杨建军,L0051
IN202606090013,SKU0050,9,2026-06-09 10:43:00,2026-06-09 12:00:58,刘旭,L0051
IN202606120011,SKU0050,9,2026-06-12 10:17:00,2026-06-12 10:07:54,徐萍,L0051
IN202606150015,SKU0050,9,2026-06-15 08:00:00,2026-06-15 08:02:48,王丹,L0051
IN202606180016,SKU0050,9,2026-06-18 11:39:00,2026-06-18 11:34:00,毛燕,L0051
IN202606210014,SKU0050,9,2026-06-21 09:38:00,2026-06-21 09:38:56,毛燕,L0051
IN202606240012,SKU0050,9,2026-06-24 08:56:00,2026-06-24 09:16:06,杨建军,L0051
IN202606270011,SKU0050,9,2026-06-27 09:00:00,2026-06-27 09:00:43,宋超,L0051
IN202606300013,SKU0050,9,2026-06-30 09:01:00,2026-06-30 11:19:53,王丹,L0051
IN202607030012,SKU0050,9,2026-07-03 08:27:00,2026-07-03 08:47:37,廖晨,L0051
IN202607060016,SKU0050,9,2026-07-06 08:40:00,2026-07-06 08:57:30,郑婷婷,L0051
IN202607090018,SKU0050,9,2026-07-09 10:21:00,2026-07-09 12:46:07,刘旭,L0051
IN202607120011,SKU0050,9,2026-07-12 09:18:00,2026-07-12 13:14:07,徐萍,L0051
IN202607150011,SKU0050,9,2026-07-15 08:42:00,2026-07-15 08:37:05,杨建军,L0051
IN202607180011,SKU0050,9,2026-07-18 09:46:00,2026-07-18 09:51:01,廖晨,L0051
IN202607210015,SKU0050,9,2026-07-21 10:41:00,2026-07-21 11:03:02,姚佳,L0051
IN202607240015,SKU0050,9,2026-07-24 08:47:00,2026-07-24 09:05:22,李敏,L0051
IN202607270012,SKU0050,9,2026-07-27 09:22:00,2026-07-27 09:30:09,毛燕,L0051
IN202607300016,SKU0050,9,2026-07-30 11:21:00,2026-07-30 11:21:25,郑婷婷,L0051
IN202608020012,SKU0050,9,2026-08-02 10:25:00,2026-08-02 10:15:02,刘旭,L0051
IN202608050014,SKU0050,9,2026-08-05 10:11:00,2026-08-05 10:21:59,姚佳,L0051
IN202608080013,SKU0050,9,2026-08-08 10:12:00,2026-08-08 10:36:00,卓雪,L0051
IN202608110010,SKU0050,9,2026-08-11 10:41:00,2026-08-11 10:41:04,杨建军,L0051
IN202608140014,SKU0050,9,2026-08-14 08:15:00,2026-08-14 08:11:09,宋超,L0051
IN202608170014,SKU0050,9,2026-08-17 11:30:00,2026-08-17 11:31:39,杨建军,L0051
IN202608200018,SKU0050,9,2026-08-20 10:40:00,2026-08-20 14:25:32,李敏,L0051
IN202608230013,SKU0050,9,2026-08-23 08:24:00,2026-08-23 12:10:12,郑婷婷,L0051
IN202608260010,SKU0050,9,2026-08-26 08:59:00,2026-08-26 08:54:27,卓雪,L0051
IN202608290013,SKU0050,9,2026-08-29 11:31:00,2026-08-29 12:09:50,宋超,L0051
IN202606040012,SKU0051,17,2026-06-04 11:27:00,2026-06-04 11:21:29,刘旭,L0344
IN202606100007,SKU0051,17,2026-06-10 10:42:00,2026-06-10 10:58:19,姚佳,L0344
IN202606160009,SKU0051,17,2026-06-16 10:47:00,2026-06-16 10:48:21,姚佳,L0344
IN202606220008,SKU0051,17,2026-06-22 10:52:00,2026-06-22 11:01:54,卓雪,L0344
IN202606280006,SKU0051,17,2026-06-28 09:10:00,2026-06-28 09:21:28,郑婷婷,L0344
IN202607040009,SKU0051,17,2026-07-04 11:09:00,2026-07-04 10:59:19,徐萍,L0344
IN202607100008,SKU0051,17,2026-07-10 10:16:00,2026-07-10 10:38:02,王丹,L0344
IN202607160014,SKU0051,17,2026-07-16 10:17:00,2026-07-16 10:25:36,郑婷婷,L0344
IN202607220004,SKU0051,17,2026-07-22 08:16:00,2026-07-22 08:37:51,廖晨,L0344
IN202607280007,SKU0051,17,2026-07-28 10:13:00,2026-07-28 12:50:34,廖晨,L0344
IN202608030010,SKU0051,17,2026-08-03 09:42:00,2026-08-03 09:33:38,徐萍,L0344
IN202608090008,SKU0051,17,2026-08-09 09:08:00,2026-08-09 09:19:56,卓雪,L0344
IN202608150009,SKU0051,17,2026-08-15 08:54:00,2026-08-15 09:13:14,姚佳,L0344
IN202608210007,SKU0051,17,2026-08-21 08:16:00,2026-08-21 08:16:54,杨建军,L0344
IN202608270010,SKU0051,17,2026-08-27 10:33:00,2026-08-27 10:23:21,毛燕,L0344
IN202606030012,SKU0052,133,2026-06-03 11:04:00,2026-06-03 12:41:14,卓雪,L0793
IN202606090014,SKU0052,133,2026-06-09 09:41:00,2026-06-09 11:42:15,刘旭,L0793
IN202606150016,SKU0052,133,2026-06-15 08:27:00,2026-06-15 08:26:11,王丹,L0793
IN202606210015,SKU0052,133,2026-06-21 10:50:00,2026-06-21 13:20:21,宋超,L0793
IN202606270012,SKU0052,133,2026-06-27 11:11:00,2026-06-27 11:14:08,郑婷婷,L0793
IN202607030013,SKU0052,133,2026-07-03 10:29:00,2026-07-03 10:39:18,李帆,L0793
IN202607090019,SKU0052,133,2026-07-09 09:44:00,2026-07-09 10:04:55,王丹,L0793
IN202607150012,SKU0052,133,2026-07-15 09:46:00,2026-07-15 09:48:36,郑婷婷,L0793
IN202607210016,SKU0052,133,2026-07-21 08:48:00,2026-07-21 09:05:58,李敏,L0793
IN202607270013,SKU0052,133,2026-07-27 08:31:00,2026-07-27 08:35:38,廖晨,L0793
IN202608020013,SKU0052,133,2026-08-02 10:06:00,2026-08-02 11:24:02,王丹,L0793
IN202608080014,SKU0052,133,2026-08-08 10:47:00,2026-08-08 11:08:12,郑婷婷,L0793
IN202608140015,SKU0052,133,2026-08-14 11:19:00,2026-08-14 11:39:24,杨建军,L0793
IN202608200019,SKU0052,133,2026-08-20 09:26:00,2026-08-20 09:34:03,杨建军,L0793
IN202608260011,SKU0052,133,2026-08-26 08:39:00,2026-08-26 08:55:24,毛燕,L0793
IN202606020010,SKU0053,12,2026-06-02 11:28:00,2026-06-02 11:24:03,卓雪,L0149
IN202606060016,SKU0053,12,2026-06-06 09:40:00,2026-06-06 10:29:19,杨建军,L0149
IN202606100008,SKU0053,12,2026-06-10 08:46:00,2026-06-10 09:07:13,李敏,L0149
IN202606140013,SKU0053,12,2026-06-14 08:25:00,2026-06-14 08:44:56,廖晨,L0149
IN202606180017,SKU0053,12,2026-06-18 10:59:00,2026-06-18 10:53:20,杨建军,L0149
IN202606220009,SKU0053,12,2026-06-22 11:24:00,2026-06-22 14:47:51,毛燕,L0149
IN202606260015,SKU0053,12,2026-06-26 08:23:00,2026-06-26 11:33:30,杨建军,L0149
IN202606300014,SKU0053,12,2026-06-30 09:39:00,2026-06-30 09:58:22,廖晨,L0149
IN202607040010,SKU0053,12,2026-07-04 08:13:00,2026-07-04 08:30:01,毛燕,L0149
IN202607080010,SKU0053,12,2026-07-08 11:55:00,2026-07-08 11:48:38,廖晨,L0149
IN202607120012,SKU0053,12,2026-07-12 08:47:00,2026-07-12 09:11:53,刘旭,L0149
IN202607160015,SKU0053,12,2026-07-16 08:24:00,2026-07-16 08:16:15,刘旭,L0149
IN202607200014,SKU0053,12,2026-07-20 08:16:00,2026-07-20 08:34:00,李帆,L0149
IN202607240016,SKU0053,12,2026-07-24 10:36:00,2026-07-24 10:57:43,毛燕,L0149
IN202607280008,SKU0053,12,2026-07-28 09:11:00,2026-07-28 09:32:01,刘旭,L0149
IN202608010010,SKU0053,12,2026-08-01 11:34:00,2026-08-01 15:24:13,卓雪,L0149
IN202608050015,SKU0053,12,2026-08-05 10:27:00,2026-08-05 10:48:59,宋超,L0149
IN202608090009,SKU0053,12,2026-08-09 10:52:00,2026-08-09 11:09:34,郑婷婷,L0149
IN202608130017,SKU0053,12,2026-08-13 11:35:00,2026-08-13 11:27:22,王丹,L0149
IN202608170015,SKU0053,12,2026-08-17 11:48:00,2026-08-17 12:11:51,宋超,L0149
IN202608210008,SKU0053,12,2026-08-21 08:08:00,2026-08-21 08:24:35,李敏,L0149
IN202608250014,SKU0053,12,2026-08-25 08:20:00,2026-08-25 08:15:00,李帆,L0149
IN202608290014,SKU0053,12,2026-08-29 09:58:00,2026-08-29 09:49:51,卓雪,L0149
IN202606010012,SKU0054,12,2026-06-01 10:58:00,2026-06-01 11:04:26,毛燕,L0686
IN202606040013,SKU0054,12,2026-06-04 09:39:00,2026-06-04 09:50:34,杨建军,L0686
IN202606070007,SKU0054,12,2026-06-07 10:59:00,2026-06-07 11:19:39,郑婷婷,L0686
IN202606100009,SKU0054,12,2026-06-10 08:58:00,2026-06-10 08:55:49,郑婷婷,L0686
IN202606130007,SKU0054,12,2026-06-13 10:49:00,2026-06-13 11:04:20,王丹,L0686
IN202606160010,SKU0054,12,2026-06-16 08:21:00,2026-06-16 08:45:48,宋超,L0686
IN202606190011,SKU0054,12,2026-06-19 11:27:00,2026-06-19 11:42:48,徐萍,L0686
IN202606220010,SKU0054,12,2026-06-22 11:31:00,2026-06-22 11:49:24,姚佳,L0686
IN202606250012,SKU0054,12,2026-06-25 11:16:00,2026-06-25 11:10:38,徐萍,L0686
IN202606280007,SKU0054,12,2026-06-28 08:27:00,2026-06-28 08:38:53,杨建军,L0686
IN202607010010,SKU0054,12,2026-07-01 11:37:00,2026-07-01 11:40:51,廖晨,L0686
IN202607040011,SKU0054,12,2026-07-04 09:39:00,2026-07-04 09:55:36,卓雪,L0686
IN202607070006,SKU0054,12,2026-07-07 10:02:00,2026-07-07 10:16:41,廖晨,L0686
IN202607100009,SKU0054,12,2026-07-10 11:19:00,2026-07-10 14:28:45,李帆,L0686
IN202607130010,SKU0054,12,2026-07-13 08:17:00,2026-07-13 08:32:04,廖晨,L0686
IN202607160016,SKU0054,12,2026-07-16 10:05:00,2026-07-16 10:05:30,徐萍,L0686
IN202607190009,SKU0054,12,2026-07-19 09:24:00,2026-07-19 09:38:21,宋超,L0686
IN202607220005,SKU0054,12,2026-07-22 11:22:00,2026-07-22 11:18:05,徐萍,L0686
IN202607250009,SKU0054,12,2026-07-25 08:38:00,2026-07-25 08:36:41,郑婷婷,L0686
IN202607280009,SKU0054,12,2026-07-28 10:06:00,2026-07-28 10:19:28,毛燕,L0686
IN202607310011,SKU0054,12,2026-07-31 09:19:00,2026-07-31 09:28:13,李敏,L0686
IN202608030011,SKU0054,12,2026-08-03 08:23:00,2026-08-03 08:30:56,毛燕,L0686
IN202608060011,SKU0054,12,2026-08-06 08:47:00,2026-08-06 08:48:38,徐萍,L0686
IN202608090010,SKU0054,12,2026-08-09 09:04:00,2026-08-09 09:10:10,刘旭,L0686
IN202608120006,SKU0054,12,2026-08-12 11:45:00,2026-08-12 11:38:30,毛燕,L0686
IN202608150010,SKU0054,12,2026-08-15 11:08:00,2026-08-15 11:28:13,刘旭,L0686
IN202608180010,SKU0054,12,2026-08-18 09:00:00,2026-08-18 12:23:15,王丹,L0686
IN202608210009,SKU0054,12,2026-08-21 10:19:00,2026-08-21 10:28:24,姚佳,L0686
IN202608240010,SKU0054,12,2026-08-24 10:24:00,2026-08-24 13:11:25,李敏,L0686
IN202608270011,SKU0054,12,2026-08-27 10:56:00,2026-08-27 10:57:37,郑婷婷,L0686
IN202606040014,SKU0055,26,2026-06-04 08:30:00,2026-06-04 08:42:17,卓雪,L0239
IN202606110018,SKU0055,26,2026-06-11 09:09:00,2026-06-11 10:15:46,王丹,L0239
IN202606180018,SKU0055,26,2026-06-18 09:54:00,2026-06-18 09:50:10,刘旭,L0239
IN202606250013,SKU0055,26,2026-06-25 10:50:00,2026-06-25 10:50:54,宋超,L0239
IN202607020013,SKU0055,26,2026-07-02 11:08:00,2026-07-02 11:15:14,宋超,L0239
IN202607090020,SKU0055,26,2026-07-09 08:10:00,2026-07-09 08:05:31,卓雪,L0239
IN202607160017,SKU0055,26,2026-07-16 08:20:00,2026-07-16 08:30:35,毛燕,L0239
IN202607230014,SKU0055,26,2026-07-23 10:04:00,2026-07-23 09:54:57,卓雪,L0239
IN202607300017,SKU0055,26,2026-07-30 08:27:00,2026-07-30 08:35:31,李帆,L0239
IN202608060012,SKU0055,26,2026-08-06 08:14:00,2026-08-06 08:04:57,卓雪,L0239
IN202608130018,SKU0055,26,2026-08-13 11:11:00,2026-08-13 11:31:50,刘旭,L0239
IN202608200020,SKU0055,26,2026-08-20 10:32:00,2026-08-20 10:32:13,李帆,L0239
IN202608270012,SKU0055,26,2026-08-27 11:50:00,2026-08-27 14:13:26,刘旭,L0239
IN202606020011,SKU0056,19,2026-06-02 09:03:00,2026-06-02 09:20:55,毛燕,L0618
IN202606070008,SKU0056,19,2026-06-07 11:28:00,2026-06-07 11:34:18,李帆,L0618
IN202606120012,SKU0056,19,2026-06-12 08:02:00,2026-06-12 08:02:34,李敏,L0618
IN202606170008,SKU0056,19,2026-06-17 08:40:00,2026-06-17 08:58:36,廖晨,L0618
IN202606220011,SKU0056,19,2026-06-22 11:30:00,2026-06-22 15:28:27,杨建军,L0618
IN202606270013,SKU0056,19,2026-06-27 09:14:00,2026-06-27 09:13:21,宋超,L0618
IN202607020014,SKU0056,19,2026-07-02 10:12:00,2026-07-02 10:15:46,杨建军,L0618
IN202607070007,SKU0056,19,2026-07-07 11:20:00,2026-07-07 11:30:48,杨建军,L0618
IN202607120013,SKU0056,19,2026-07-12 08:35:00,2026-07-12 08:26:18,徐萍,L0618
IN202607170011,SKU0056,19,2026-07-17 08:13:00,2026-07-17 08:15:53,李敏,L0618
IN202607220006,SKU0056,19,2026-07-22 10:36:00,2026-07-22 10:41:57,廖晨,L0618
IN202607270014,SKU0056,19,2026-07-27 08:10:00,2026-07-27 08:22:26,徐萍,L0618
IN202608010011,SKU0056,19,2026-08-01 10:11:00,2026-08-01 13:02:57,李敏,L0618
IN202608060013,SKU0056,19,2026-08-06 08:03:00,2026-08-06 10:19:59,李敏,L0618
IN202608110011,SKU0056,19,2026-08-11 09:14:00,2026-08-11 09:12:25,王丹,L0618
IN202608160009,SKU0056,19,2026-08-16 09:08:00,2026-08-16 09:25:58,李帆,L0618
IN202608210010,SKU0056,19,2026-08-21 09:32:00,2026-08-21 11:56:45,徐萍,L0618
IN202608260012,SKU0056,19,2026-08-26 11:52:00,2026-08-26 12:08:26,姚佳,L0618
IN202606020012,SKU0057,14,2026-06-02 08:38:00,2026-06-02 08:45:31,刘旭,L0574
IN202606060017,SKU0057,14,2026-06-06 11:18:00,2026-06-06 11:31:20,廖晨,L0574
IN202606100010,SKU0057,14,2026-06-10 09:27:00,2026-06-10 11:19:29,廖晨,L0574
IN202606140014,SKU0057,14,2026-06-14 09:55:00,2026-06-14 12:51:00,姚佳,L0574
IN202606180019,SKU0057,14,2026-06-18 11:51:00,2026-06-18 12:01:01,刘旭,L0574
IN202606220012,SKU0057,14,2026-06-22 10:19:00,2026-06-22 10:39:08,郑婷婷,L0574
IN202606260016,SKU0057,14,2026-06-26 11:16:00,2026-06-26 11:10:09,杨建军,L0574
IN202606300015,SKU0057,14,2026-06-30 08:37:00,2026-06-30 10:54:13,廖晨,L0574
IN202607040012,SKU0057,14,2026-07-04 10:37:00,2026-07-04 10:54:23,刘旭,L0574
IN202607080011,SKU0057,14,2026-07-08 11:02:00,2026-07-08 10:52:21,毛燕,L0574
IN202607120014,SKU0057,14,2026-07-12 10:30:00,2026-07-12 11:17:01,姚佳,L0574
IN202607160018,SKU0057,14,2026-07-16 11:17:00,2026-07-16 11:40:12,刘旭,L0574
IN202607200015,SKU0057,14,2026-07-20 11:54:00,2026-07-20 11:48:39,杨建军,L0574
IN202607240017,SKU0057,14,2026-07-24 11:21:00,2026-07-24 11:16:18,毛燕,L0574
IN202607280010,SKU0057,14,2026-07-28 08:28:00,2026-07-28 08:24:05,徐萍,L0574
IN202608010012,SKU0057,14,2026-08-01 09:49:00,2026-08-01 10:28:13,郑婷婷,L0574
IN202608050016,SKU0057,14,2026-08-05 11:58:00,2026-08-05 12:19:55,宋超,L0574
IN202608090011,SKU0057,14,2026-08-09 08:52:00,2026-08-09 08:57:51,李敏,L0574
IN202608130019,SKU0057,14,2026-08-13 08:01:00,2026-08-13 08:25:53,李帆,L0574
IN202608170016,SKU0057,14,2026-08-17 09:33:00,2026-08-17 09:26:21,廖晨,L0574
IN202608210011,SKU0057,14,2026-08-21 09:03:00,2026-08-21 09:08:06,刘旭,L0574
IN202608250015,SKU0057,14,2026-08-25 11:23:00,2026-08-25 11:13:58,廖晨,L0574
IN202608290015,SKU0057,14,2026-08-29 08:09:00,2026-08-29 10:40:56,宋超,L0574
IN202606010013,SKU0058,16,2026-06-01 10:32:00,2026-06-01 10:27:24,毛燕,L0182
IN202606080012,SKU0058,16,2026-06-08 09:36:00,2026-06-08 09:56:27,李敏,L0182
IN202606150017,SKU0058,16,2026-06-15 08:54:00,2026-06-15 08:48:46,徐萍,L0182
IN202606220013,SKU0058,16,2026-06-22 11:40:00,2026-06-22 12:17:38,王丹,L0182
IN202606290014,SKU0058,16,2026-06-29 11:14:00,2026-06-29 11:25:54,宋超,L0182
IN202607060017,SKU0058,16,2026-07-06 09:25:00,2026-07-06 12:55:30,王丹,L0182
IN202607130011,SKU0058,16,2026-07-13 08:07:00,2026-07-13 07:59:54,宋超,L0182
IN202607200016,SKU0058,16,2026-07-20 08:22:00,2026-07-20 08:29:12,刘旭,L0182
IN202607270015,SKU0058,16,2026-07-27 09:23:00,2026-07-27 09:15:19,宋超,L0182
IN202608030012,SKU0058,16,2026-08-03 08:27:00,2026-08-03 08:38:14,宋超,L0182
IN202608100016,SKU0058,16,2026-08-10 09:29:00,2026-08-10 11:54:11,姚佳,L0182
IN202608170017,SKU0058,16,2026-08-17 10:33:00,2026-08-17 13:01:20,卓雪,L0182
IN202608240011,SKU0058,16,2026-08-24 11:22:00,2026-08-24 11:27:02,宋超,L0182
IN202606070009,SKU0059,52,2026-06-07 11:55:00,2026-06-07 13:45:22,姚佳,L0783
IN202606140015,SKU0059,52,2026-06-14 08:20:00,2026-06-14 08:19:08,杨建军,L0783
IN202606210016,SKU0059,52,2026-06-21 11:48:00,2026-06-21 12:04:41,徐萍,L0783
IN202606280008,SKU0059,52,2026-06-28 08:31:00,2026-06-28 08:21:00,郑婷婷,L0783
IN202607050012,SKU0059,52,2026-07-05 08:13:00,2026-07-05 08:27:02,宋超,L0783
IN202607120015,SKU0059,52,2026-07-12 08:15:00,2026-07-12 08:13:34,郑婷婷,L0783
IN202607190010,SKU0059,52,2026-07-19 08:01:00,2026-07-19 07:55:04,刘旭,L0783
IN202607260013,SKU0059,52,2026-07-26 10:33:00,2026-07-26 10:32:13,李敏,L0783
IN202608020014,SKU0059,52,2026-08-02 09:19:00,2026-08-02 09:42:29,杨建军,L0783
IN202608090012,SKU0059,52,2026-08-09 08:43:00,2026-08-09 08:39:37,宋超,L0783
IN202608160010,SKU0059,52,2026-08-16 08:37:00,2026-08-16 11:23:14,李敏,L0783
IN202608230014,SKU0059,52,2026-08-23 10:36:00,2026-08-23 10:37:25,杨建军,L0783
IN202606060018,SKU0060,32,2026-06-06 10:55:00,2026-06-06 11:10:14,宋超,L0512
IN202606120013,SKU0060,32,2026-06-12 09:07:00,2026-06-12 09:00:23,郑婷婷,L0512
IN202606180020,SKU0060,32,2026-06-18 09:48:00,2026-06-18 10:23:48,李敏,L0512
IN202606240013,SKU0060,32,2026-06-24 10:45:00,2026-06-24 10:46:56,姚佳,L0512
IN202606300016,SKU0060,32,2026-06-30 10:16:00,2026-06-30 10:28:49,杨建军,L0512
IN202607060018,SKU0060,32,2026-07-06 09:50:00,2026-07-06 10:04:26,杨建军,L0512
IN202607120016,SKU0060,32,2026-07-12 11:55:00,2026-07-12 11:58:43,李帆,L0512
IN202607180012,SKU0060,32,2026-07-18 09:42:00,2026-07-18 09:56:44,徐萍,L0512
IN202607240018,SKU0060,32,2026-07-24 09:26:00,2026-07-24 09:31:04,王丹,L0512
IN202607300018,SKU0060,32,2026-07-30 10:06:00,2026-07-30 10:19:07,王丹,L0512
IN202608050017,SKU0060,32,2026-08-05 08:47:00,2026-08-05 09:02:10,刘旭,L0512
IN202608110012,SKU0060,32,2026-08-11 10:29:00,2026-08-11 10:48:23,李敏,L0512
IN202608170018,SKU0060,32,2026-08-17 08:32:00,2026-08-17 08:39:00,李帆,L0512
IN202608230015,SKU0060,32,2026-08-23 09:39:00,2026-08-23 09:34:12,王丹,L0512
IN202608290016,SKU0060,32,2026-08-29 09:50:00,2026-08-29 09:57:42,徐萍,L0512
IN202606020013,SKU0061,71,2026-06-02 08:44:00,2026-06-02 11:37:51,廖晨,L0714
IN202606070010,SKU0061,71,2026-06-07 09:34:00,2026-06-07 09:25:05,刘旭,L0714
IN202606120014,SKU0061,71,2026-06-12 08:07:00,2026-06-12 08:10:22,毛燕,L0714
IN202606170009,SKU0061,71,2026-06-17 10:23:00,2026-06-17 10:18:26,杨建军,L0714
IN202606220014,SKU0061,71,2026-06-22 10:46:00,2026-06-22 10:51:16,廖晨,L0714
IN202606270014,SKU0061,71,2026-06-27 09:46:00,2026-06-27 09:55:46,王丹,L0714
IN202607020015,SKU0061,71,2026-07-02 10:02:00,2026-07-02 12:16:32,刘旭,L0714
IN202607070008,SKU0061,71,2026-07-07 09:14:00,2026-07-07 09:19:10,徐萍,L0714
IN202607120017,SKU0061,71,2026-07-12 09:57:00,2026-07-12 09:54:53,毛燕,L0714
IN202607170012,SKU0061,71,2026-07-17 09:24:00,2026-07-17 11:25:15,李帆,L0714
IN202607220007,SKU0061,71,2026-07-22 11:21:00,2026-07-22 11:33:24,卓雪,L0714
IN202607270016,SKU0061,71,2026-07-27 08:42:00,2026-07-27 11:59:17,刘旭,L0714
IN202608010013,SKU0061,71,2026-08-01 08:21:00,2026-08-01 08:44:43,宋超,L0714
IN202608060014,SKU0061,71,2026-08-06 10:27:00,2026-08-06 10:46:09,宋超,L0714
IN202608110013,SKU0061,71,2026-08-11 09:43:00,2026-08-11 10:04:56,宋超,L0714
IN202608160011,SKU0061,71,2026-08-16 11:40:00,2026-08-16 11:33:52,姚佳,L0714
IN202608210012,SKU0061,71,2026-08-21 08:58:00,2026-08-21 08:52:50,徐萍,L0714
IN202608260013,SKU0061,71,2026-08-26 08:13:00,2026-08-26 08:18:51,郑婷婷,L0714
IN202606020014,SKU0062,16,2026-06-02 11:12:00,2026-06-02 11:52:45,王丹,L0144
IN202606090015,SKU0062,16,2026-06-09 09:50:00,2026-06-09 10:00:46,李帆,L0144
IN202606160011,SKU0062,16,2026-06-16 08:08:00,2026-06-16 08:05:21,王丹,L0144
IN202606230011,SKU0062,16,2026-06-23 10:37:00,2026-06-23 10:29:04,郑婷婷,L0144
IN202606300017,SKU0062,16,2026-06-30 09:04:00,2026-06-30 08:57:01,李帆,L0144
IN202607070009,SKU0062,16,2026-07-07 11:21:00,2026-07-07 11:28:39,宋超,L0144
IN202607140012,SKU0062,16,2026-07-14 09:20:00,2026-07-14 09:35:11,姚佳,L0144
IN202607210017,SKU0062,16,2026-07-21 11:42:00,2026-07-21 12:06:41,杨建军,L0144
IN202607280011,SKU0062,16,2026-07-28 11:11:00,2026-07-28 11:23:33,刘旭,L0144
IN202608040011,SKU0062,16,2026-08-04 09:06:00,2026-08-04 09:03:09,姚佳,L0144
IN202608110014,SKU0062,16,2026-08-11 10:05:00,2026-08-11 13:08:07,徐萍,L0144
IN202608180011,SKU0062,16,2026-08-18 08:21:00,2026-08-18 08:40:42,王丹,L0144
IN202608250016,SKU0062,16,2026-08-25 10:50:00,2026-08-25 14:18:25,郑婷婷,L0144
IN202606030013,SKU0063,12,2026-06-03 08:36:00,2026-06-03 08:43:42,王丹,L0460
IN202606060019,SKU0063,12,2026-06-06 10:49:00,2026-06-06 11:00:00,廖晨,L0460
IN202606090016,SKU0063,12,2026-06-09 08:55:00,2026-06-09 09:15:17,李敏,L0460
IN202606120015,SKU0063,12,2026-06-12 10:23:00,2026-06-12 10:42:37,刘旭,L0460
IN202606150018,SKU0063,12,2026-06-15 10:18:00,2026-06-15 10:16:44,徐萍,L0460
IN202606180021,SKU0063,12,2026-06-18 11:49:00,2026-06-18 11:55:25,徐萍,L0460
IN202606210017,SKU0063,12,2026-06-21 10:59:00,2026-06-21 11:03:57,廖晨,L0460
IN202606240014,SKU0063,12,2026-06-24 08:36:00,2026-06-24 08:56:33,郑婷婷,L0460
IN202606270015,SKU0063,12,2026-06-27 11:37:00,2026-06-27 11:42:48,郑婷婷,L0460
IN202606300018,SKU0063,12,2026-06-30 10:33:00,2026-06-30 10:48:26,李敏,L0460
IN202607030014,SKU0063,12,2026-07-03 09:58:00,2026-07-03 10:15:02,杨建军,L0460
IN202607060019,SKU0063,12,2026-07-06 11:03:00,2026-07-06 11:02:34,姚佳,L0460
IN202607090021,SKU0063,12,2026-07-09 09:59:00,2026-07-09 10:21:59,刘旭,L0460
IN202607120018,SKU0063,12,2026-07-12 09:53:00,2026-07-12 10:05:22,廖晨,L0460
IN202607150013,SKU0063,12,2026-07-15 10:04:00,2026-07-15 13:37:11,毛燕,L0460
IN202607180013,SKU0063,12,2026-07-18 09:43:00,2026-07-18 09:52:22,郑婷婷,L0460
IN202607210018,SKU0063,12,2026-07-21 10:48:00,2026-07-21 10:39:48,李敏,L0460
IN202607240019,SKU0063,12,2026-07-24 10:48:00,2026-07-24 10:45:09,姚佳,L0460
IN202607270017,SKU0063,12,2026-07-27 09:11:00,2026-07-27 09:11:11,李帆,L0460
IN202607300019,SKU0063,12,2026-07-30 10:49:00,2026-07-30 11:02:02,徐萍,L0460
IN202608020015,SKU0063,12,2026-08-02 11:00:00,2026-08-02 14:34:52,廖晨,L0460
IN202608050018,SKU0063,12,2026-08-05 08:30:00,2026-08-05 08:27:03,李敏,L0460
IN202608080015,SKU0063,12,2026-08-08 08:32:00,2026-08-08 08:33:09,宋超,L0460
IN202608110015,SKU0063,12,2026-08-11 10:24:00,2026-08-11 10:41:45,刘旭,L0460
IN202608140016,SKU0063,12,2026-08-14 08:37:00,2026-08-14 08:55:28,毛燕,L0460
IN202608170019,SKU0063,12,2026-08-17 08:49:00,2026-08-17 11:11:33,刘旭,L0460
IN202608200021,SKU0063,12,2026-08-20 08:46:00,2026-08-20 09:09:40,刘旭,L0460
IN202608230016,SKU0063,12,2026-08-23 10:35:00,2026-08-23 10:25:37,宋超,L0460
IN202608260014,SKU0063,12,2026-08-26 11:02:00,2026-08-26 11:25:08,廖晨,L0460
IN202608290017,SKU0063,12,2026-08-29 08:37:00,2026-08-29 08:34:06,廖晨,L0460
IN202606030014,SKU0064,21,2026-06-03 10:45:00,2026-06-03 10:53:28,卓雪,L0513
IN202606060020,SKU0064,21,2026-06-06 11:07:00,2026-06-06 11:46:36,卓雪,L0513
IN202606090017,SKU0064,21,2026-06-09 08:27:00,2026-06-09 08:33:20,姚佳,L0513
IN202606120016,SKU0064,21,2026-06-12 09:38:00,2026-06-12 09:31:49,刘旭,L0513
IN202606150019,SKU0064,21,2026-06-15 11:39:00,2026-06-15 11:42:35,刘旭,L0513
IN202606180022,SKU0064,21,2026-06-18 09:15:00,2026-06-18 09:25:07,廖晨,L0513
IN202606210018,SKU0064,21,2026-06-21 09:58:00,2026-06-21 10:17:19,李帆,L0513
IN202606240015,SKU0064,21,2026-06-24 08:54:00,2026-06-24 11:50:28,李帆,L0513
IN202606270016,SKU0064,21,2026-06-27 09:52:00,2026-06-27 10:08:37,刘旭,L0513
IN202606300019,SKU0064,21,2026-06-30 09:08:00,2026-06-30 09:07:34,李敏,L0513
IN202607030015,SKU0064,21,2026-07-03 10:40:00,2026-07-03 10:46:31,刘旭,L0513
IN202607060020,SKU0064,21,2026-07-06 10:02:00,2026-07-06 09:59:52,卓雪,L0513
IN202607090022,SKU0064,21,2026-07-09 10:57:00,2026-07-09 10:56:19,王丹,L0513
IN202607120019,SKU0064,21,2026-07-12 11:25:00,2026-07-12 11:40:45,廖晨,L0513
IN202607150014,SKU0064,21,2026-07-15 11:48:00,2026-07-15 11:52:03,王丹,L0513
IN202607180014,SKU0064,21,2026-07-18 11:58:00,2026-07-18 11:52:01,杨建军,L0513
IN202607210019,SKU0064,21,2026-07-21 08:10:00,2026-07-21 08:14:49,徐萍,L0513
IN202607240020,SKU0064,21,2026-07-24 09:23:00,2026-07-24 09:29:17,宋超,L0513
IN202607270018,SKU0064,21,2026-07-27 11:28:00,2026-07-27 11:52:05,卓雪,L0513
IN202607300020,SKU0064,21,2026-07-30 09:01:00,2026-07-30 08:51:43,毛燕,L0513
IN202608020016,SKU0064,21,2026-08-02 11:57:00,2026-08-02 12:10:16,李敏,L0513
IN202608050019,SKU0064,21,2026-08-05 08:38:00,2026-08-05 08:28:25,毛燕,L0513
IN202608080016,SKU0064,21,2026-08-08 09:46:00,2026-08-08 09:49:05,宋超,L0513
IN202608110016,SKU0064,21,2026-08-11 11:39:00,2026-08-11 11:49:16,杨建军,L0513
IN202608140017,SKU0064,21,2026-08-14 11:30:00,2026-08-14 11:21:25,毛燕,L0513
IN202608170020,SKU0064,21,2026-08-17 08:11:00,2026-08-17 08:21:08,姚佳,L0513
IN202608200022,SKU0064,21,2026-08-20 11:08:00,2026-08-20 12:19:46,宋超,L0513
IN202608230017,SKU0064,21,2026-08-23 08:35:00,2026-08-23 08:50:36,李帆,L0513
IN202608260015,SKU0064,21,2026-08-26 10:36:00,2026-08-26 10:36:38,王丹,L0513
IN202608290018,SKU0064,21,2026-08-29 09:47:00,2026-08-29 11:07:00,姚佳,L0513
IN202606020015,SKU0065,11,2026-06-02 11:59:00,2026-06-02 11:49:55,王丹,L0721
IN202606050012,SKU0065,11,2026-06-05 08:20:00,2026-06-05 08:44:44,廖晨,L0721
IN202606080013,SKU0065,11,2026-06-08 10:49:00,2026-06-08 12:55:58,廖晨,L0721
IN202606110019,SKU0065,11,2026-06-11 08:29:00,2026-06-11 08:36:41,宋超,L0721
IN202606140016,SKU0065,11,2026-06-14 10:58:00,2026-06-14 10:56:38,刘旭,L0721
IN202606170010,SKU0065,11,2026-06-17 10:04:00,2026-06-17 10:23:36,姚佳,L0721
IN202606200011,SKU0065,11,2026-06-20 08:08:00,2026-06-20 08:23:15,姚佳,L0721
IN202606230012,SKU0065,11,2026-06-23 11:27:00,2026-06-23 11:46:23,李敏,L0721
IN202606260017,SKU0065,11,2026-06-26 08:18:00,2026-06-26 10:11:06,徐萍,L0721
IN202606290015,SKU0065,11,2026-06-29 08:34:00,2026-06-29 08:32:02,毛燕,L0721
IN202607020016,SKU0065,11,2026-07-02 09:48:00,2026-07-02 09:42:08,廖晨,L0721
IN202607050013,SKU0065,11,2026-07-05 09:45:00,2026-07-05 09:55:08,姚佳,L0721
IN202607080012,SKU0065,11,2026-07-08 10:00:00,2026-07-08 10:21:26,李敏,L0721
IN202607110013,SKU0065,11,2026-07-11 10:07:00,2026-07-11 10:18:13,卓雪,L0721
IN202607140013,SKU0065,11,2026-07-14 09:43:00,2026-07-14 09:48:31,姚佳,L0721
IN202607170013,SKU0065,11,2026-07-17 11:52:00,2026-07-17 12:10:43,李帆,L0721
IN202607200017,SKU0065,11,2026-07-20 10:24:00,2026-07-20 10:20:13,郑婷婷,L0721
IN202607230015,SKU0065,11,2026-07-23 09:01:00,2026-07-23 12:54:10,徐萍,L0721
IN202607260014,SKU0065,11,2026-07-26 11:27:00,2026-07-26 11:25:53,卓雪,L0721
IN202607290012,SKU0065,11,2026-07-29 09:44:00,2026-07-29 10:08:58,卓雪,L0721
IN202608010014,SKU0065,11,2026-08-01 09:23:00,2026-08-01 09:22:21,郑婷婷,L0721
IN202608040012,SKU0065,11,2026-08-04 09:34:00,2026-08-04 10:32:27,刘旭,L0721
IN202608070011,SKU0065,11,2026-08-07 09:05:00,2026-08-07 12:10:05,王丹,L0721
IN202608100017,SKU0065,11,2026-08-10 11:27:00,2026-08-10 11:20:48,刘旭,L0721
IN202608130020,SKU0065,11,2026-08-13 08:02:00,2026-08-13 08:00:58,徐萍,L0721
IN202608160012,SKU0065,11,2026-08-16 08:26:00,2026-08-16 08:20:23,廖晨,L0721
IN202608190010,SKU0065,11,2026-08-19 09:38:00,2026-08-19 09:36:34,王丹,L0721
IN202608220011,SKU0065,11,2026-08-22 11:14:00,2026-08-22 11:04:06,李敏,L0721
IN202608250017,SKU0065,11,2026-08-25 09:42:00,2026-08-25 13:23:30,姚佳,L0721
IN202608280013,SKU0065,11,2026-08-28 10:19:00,2026-08-28 10:33:29,杨建军,L0721
IN202606050013,SKU0066,15,2026-06-05 08:14:00,2026-06-05 08:24:16,宋超,L0525
IN202606110020,SKU0066,15,2026-06-11 09:03:00,2026-06-11 12:02:00,李帆,L0525
IN202606170011,SKU0066,15,2026-06-17 11:10:00,2026-06-17 11:00:49,卓雪,L0525
IN202606230013,SKU0066,15,2026-06-23 08:49:00,2026-06-23 09:00:59,李帆,L0525
IN202606290016,SKU0066,15,2026-06-29 08:23:00,2026-06-29 09:03:16,姚佳,L0525
IN202607050014,SKU0066,15,2026-07-05 09:14:00,2026-07-05 09:38:37,毛燕,L0525
IN202607110014,SKU0066,15,2026-07-11 10:40:00,2026-07-11 10:48:13,姚佳,L0525
IN202607170014,SKU0066,15,2026-07-17 10:23:00,2026-07-17 10:40:34,郑婷婷,L0525
IN202607230016,SKU0066,15,2026-07-23 09:41:00,2026-07-23 10:01:55,李敏,L0525
IN202607290013,SKU0066,15,2026-07-29 11:23:00,2026-07-29 11:38:02,刘旭,L0525
IN202608040013,SKU0066,15,2026-08-04 11:13:00,2026-08-04 11:09:43,毛燕,L0525
IN202608100018,SKU0066,15,2026-08-10 09:28:00,2026-08-10 09:35:51,毛燕,L0525
IN202608160013,SKU0066,15,2026-08-16 09:44:00,2026-08-16 09:38:48,郑婷婷,L0525
IN202608220012,SKU0066,15,2026-08-22 11:34:00,2026-08-22 13:42:45,徐萍,L0525
IN202608280014,SKU0066,15,2026-08-28 10:38:00,2026-08-28 10:48:46,王丹,L0525
IN202606040015,SKU0067,14,2026-06-04 09:24:00,2026-06-04 09:45:00,宋超,L0002
IN202606110021,SKU0067,14,2026-06-11 10:13:00,2026-06-11 10:18:47,李帆,L0002
IN202606180023,SKU0067,14,2026-06-18 11:34:00,2026-06-18 11:39:58,王丹,L0002
IN202606250014,SKU0067,14,2026-06-25 09:07:00,2026-06-25 09:01:18,徐萍,L0002
IN202607020017,SKU0067,14,2026-07-02 10:13:00,2026-07-02 10:24:48,卓雪,L0002
IN202607090023,SKU0067,14,2026-07-09 11:55:00,2026-07-09 14:03:59,毛燕,L0002
IN202607160019,SKU0067,14,2026-07-16 08:40:00,2026-07-16 08:51:12,徐萍,L0002
IN202607230017,SKU0067,14,2026-07-23 08:37:00,2026-07-23 12:07:33,毛燕,L0002
IN202607300021,SKU0067,14,2026-07-30 10:31:00,2026-07-30 10:50:22,李敏,L0002
IN202608060015,SKU0067,14,2026-08-06 10:57:00,2026-08-06 11:08:52,郑婷婷,L0002
IN202608130021,SKU0067,14,2026-08-13 09:34:00,2026-08-13 09:38:38,徐萍,L0002
IN202608200023,SKU0067,14,2026-08-20 08:31:00,2026-08-20 08:34:37,李敏,L0002
IN202608270013,SKU0067,14,2026-08-27 09:06:00,2026-08-27 09:16:13,王丹,L0002
IN202606050014,SKU0068,18,2026-06-05 10:10:00,2026-06-05 10:27:51,徐萍,L0572
IN202606110022,SKU0068,18,2026-06-11 11:54:00,2026-06-11 14:31:21,刘旭,L0572
IN202606170012,SKU0068,18,2026-06-17 11:10:00,2026-06-17 11:20:56,刘旭,L0572
IN202606230014,SKU0068,18,2026-06-23 08:14:00,2026-06-23 09:08:26,郑婷婷,L0572
IN202606290017,SKU0068,18,2026-06-29 08:23:00,2026-06-29 08:31:24,李帆,L0572
IN202607050015,SKU0068,18,2026-07-05 10:46:00,2026-07-05 12:16:33,徐萍,L0572
IN202607110015,SKU0068,18,2026-07-11 11:06:00,2026-07-11 11:11:20,毛燕,L0572
IN202607170015,SKU0068,18,2026-07-17 11:11:00,2026-07-17 11:15:28,王丹,L0572
IN202607230018,SKU0068,18,2026-07-23 08:58:00,2026-07-23 11:34:10,杨建军,L0572
IN202607290014,SKU0068,18,2026-07-29 10:42:00,2026-07-29 10:54:30,毛燕,L0572
IN202608040014,SKU0068,18,2026-08-04 11:19:00,2026-08-04 11:37:41,李敏,L0572
IN202608100019,SKU0068,18,2026-08-10 09:23:00,2026-08-10 09:29:15,郑婷婷,L0572
IN202608160014,SKU0068,18,2026-08-16 11:54:00,2026-08-16 11:57:28,李帆,L0572
IN202608220013,SKU0068,18,2026-08-22 10:11:00,2026-08-22 10:26:18,郑婷婷,L0572
IN202608280015,SKU0068,18,2026-08-28 09:31:00,2026-08-28 09:42:35,李敏,L0572
IN202606020016,SKU0069,11,2026-06-02 10:01:00,2026-06-02 10:16:10,杨建军,L0416
IN202606050015,SKU0069,11,2026-06-05 11:01:00,2026-06-05 11:04:07,李帆,L0416
IN202606080014,SKU0069,11,2026-06-08 10:51:00,2026-06-08 11:03:06,李敏,L0416
IN202606110023,SKU0069,11,2026-06-11 10:13:00,2026-06-11 10:09:39,刘旭,L0416
IN202606140017,SKU0069,11,2026-06-14 08:37:00,2026-06-14 08:50:14,廖晨,L0416
IN202606170013,SKU0069,11,2026-06-17 09:58:00,2026-06-17 10:18:58,李敏,L0416
IN202606200012,SKU0069,11,2026-06-20 10:06:00,2026-06-20 10:10:51,李帆,L0416
IN202606230015,SKU0069,11,2026-06-23 11:09:00,2026-06-23 12:42:35,王丹,L0416
IN202606260018,SKU0069,11,2026-06-26 08:25:00,2026-06-26 08:21:43,郑婷婷,L0416
IN202606290018,SKU0069,11,2026-06-29 10:32:00,2026-06-29 10:26:19,王丹,L0416
IN202607020018,SKU0069,11,2026-07-02 10:37:00,2026-07-02 10:44:08,姚佳,L0416
IN202607050016,SKU0069,11,2026-07-05 08:08:00,2026-07-05 08:17:32,卓雪,L0416
IN202607080013,SKU0069,11,2026-07-08 11:26:00,2026-07-08 11:42:03,王丹,L0416
IN202607110016,SKU0069,11,2026-07-11 09:58:00,2026-07-11 09:57:00,李帆,L0416
IN202607140014,SKU0069,11,2026-07-14 09:36:00,2026-07-14 10:22:27,姚佳,L0416
IN202607170016,SKU0069,11,2026-07-17 10:32:00,2026-07-17 10:53:21,卓雪,L0416
IN202607200018,SKU0069,11,2026-07-20 11:57:00,2026-07-20 11:58:52,卓雪,L0416
IN202607230019,SKU0069,11,2026-07-23 10:24:00,2026-07-23 11:44:26,王丹,L0416
IN202607260015,SKU0069,11,2026-07-26 08:48:00,2026-07-26 09:12:50,徐萍,L0416
IN202607290015,SKU0069,11,2026-07-29 09:29:00,2026-07-29 09:33:16,李敏,L0416
IN202608010015,SKU0069,11,2026-08-01 09:20:00,2026-08-01 09:21:28,刘旭,L0416
IN202608040015,SKU0069,11,2026-08-04 08:51:00,2026-08-04 10:10:34,李帆,L0416
IN202608070012,SKU0069,11,2026-08-07 08:20:00,2026-08-07 08:28:29,毛燕,L0416
IN202608100020,SKU0069,11,2026-08-10 09:25:00,2026-08-10 09:16:31,徐萍,L0416
IN202608130022,SKU0069,11,2026-08-13 10:15:00,2026-08-13 10:24:51,杨建军,L0416
IN202608160015,SKU0069,11,2026-08-16 09:45:00,2026-08-16 09:42:55,徐萍,L0416
IN202608190011,SKU0069,11,2026-08-19 08:06:00,2026-08-19 08:19:43,廖晨,L0416
IN202608220014,SKU0069,11,2026-08-22 08:26:00,2026-08-22 11:14:41,徐萍,L0416
IN202608250018,SKU0069,11,2026-08-25 11:12:00,2026-08-25 11:35:29,郑婷婷,L0416
IN202608280016,SKU0069,11,2026-08-28 09:42:00,2026-08-28 09:53:18,徐萍,L0416
IN202606020017,SKU0070,33,2026-06-02 09:17:00,2026-06-02 10:35:03,杨建军,L0664
IN202606080015,SKU0070,33,2026-06-08 08:37:00,2026-06-08 12:21:53,杨建军,L0664
IN202606140018,SKU0070,33,2026-06-14 10:24:00,2026-06-14 10:26:36,王丹,L0664
IN202606200013,SKU0070,33,2026-06-20 10:06:00,2026-06-20 10:07:06,王丹,L0664
IN202606260019,SKU0070,33,2026-06-26 11:16:00,2026-06-26 11:34:17,徐萍,L0664
IN202607020019,SKU0070,33,2026-07-02 11:56:00,2026-07-02 12:12:08,宋超,L0664
IN202607080014,SKU0070,33,2026-07-08 10:39:00,2026-07-08 10:55:14,杨建军,L0664
IN202607140015,SKU0070,33,2026-07-14 11:32:00,2026-07-14 11:44:52,刘旭,L0664
IN202607200019,SKU0070,33,2026-07-20 10:22:00,2026-07-20 10:39:41,李敏,L0664
IN202607260016,SKU0070,33,2026-07-26 09:40:00,2026-07-26 09:41:41,宋超,L0664
IN202608010016,SKU0070,33,2026-08-01 09:02:00,2026-08-01 09:02:48,宋超,L0664
IN202608070013,SKU0070,33,2026-08-07 11:53:00,2026-08-07 12:08:18,姚佳,L0664
IN202608130023,SKU0070,33,2026-08-13 10:47:00,2026-08-13 11:01:44,廖晨,L0664
IN202608190012,SKU0070,33,2026-08-19 11:37:00,2026-08-19 11:29:22,毛燕,L0664
IN202608250019,SKU0070,33,2026-08-25 10:49:00,2026-08-25 10:58:11,李敏,L0664
IN202606030015,SKU0071,13,2026-06-03 09:31:00,2026-06-03 09:46:19,姚佳,L0113
IN202606070011,SKU0071,13,2026-06-07 10:51:00,2026-06-07 11:01:50,卓雪,L0113
IN202606110024,SKU0071,13,2026-06-11 11:52:00,2026-06-11 14:36:33,徐萍,L0113
IN202606150020,SKU0071,13,2026-06-15 09:54:00,2026-06-15 10:03:15,卓雪,L0113
IN202606190012,SKU0071,13,2026-06-19 09:27:00,2026-06-19 09:29:29,郑婷婷,L0113
IN202606230016,SKU0071,13,2026-06-23 10:18:00,2026-06-23 10:11:21,宋超,L0113
IN202606270017,SKU0071,13,2026-06-27 10:15:00,2026-06-27 10:11:03,廖晨,L0113
IN202607010011,SKU0071,13,2026-07-01 10:16:00,2026-07-01 10:18:39,杨建军,L0113
IN202607050017,SKU0071,13,2026-07-05 08:59:00,2026-07-05 09:08:38,李帆,L0113
IN202607090024,SKU0071,13,2026-07-09 11:16:00,2026-07-09 11:33:30,王丹,L0113
IN202607130012,SKU0071,13,2026-07-13 10:49:00,2026-07-13 11:12:47,廖晨,L0113
IN202607170017,SKU0071,13,2026-07-17 11:03:00,2026-07-17 11:15:01,李敏,L0113
IN202607210020,SKU0071,13,2026-07-21 10:23:00,2026-07-21 10:59:03,廖晨,L0113
IN202607250010,SKU0071,13,2026-07-25 08:30:00,2026-07-25 08:51:44,王丹,L0113
IN202607290016,SKU0071,13,2026-07-29 10:04:00,2026-07-29 10:23:20,毛燕,L0113
IN202608020017,SKU0071,13,2026-08-02 09:33:00,2026-08-02 09:48:58,卓雪,L0113
IN202608060016,SKU0071,13,2026-08-06 10:58:00,2026-08-06 11:08:57,宋超,L0113
IN202608100021,SKU0071,13,2026-08-10 11:33:00,2026-08-10 11:51:24,廖晨,L0113
IN202608140018,SKU0071,13,2026-08-14 08:12:00,2026-08-14 10:35:17,廖晨,L0113
IN202608180012,SKU0071,13,2026-08-18 11:54:00,2026-08-18 14:56:13,王丹,L0113
IN202608220015,SKU0071,13,2026-08-22 08:58:00,2026-08-22 09:01:21,廖晨,L0113
IN202608260016,SKU0071,13,2026-08-26 08:06:00,2026-08-26 08:30:32,王丹,L0113
IN202606050016,SKU0072,22,2026-06-05 09:20:00,2026-06-05 09:13:30,宋超,L0507
IN202606100011,SKU0072,22,2026-06-10 10:23:00,2026-06-10 10:34:25,廖晨,L0507
IN202606150021,SKU0072,22,2026-06-15 11:35:00,2026-06-15 12:56:55,李敏,L0507
IN202606200014,SKU0072,22,2026-06-20 08:29:00,2026-06-20 11:12:18,宋超,L0507
IN202606250015,SKU0072,22,2026-06-25 08:24:00,2026-06-25 08:45:02,宋超,L0507
IN202606300020,SKU0072,22,2026-06-30 10:38:00,2026-06-30 10:30:59,姚佳,L0507
IN202607050018,SKU0072,22,2026-07-05 08:55:00,2026-07-05 09:18:40,刘旭,L0507
IN202607100010,SKU0072,22,2026-07-10 09:18:00,2026-07-10 09:18:12,郑婷婷,L0507
IN202607150015,SKU0072,22,2026-07-15 11:55:00,2026-07-15 11:57:55,姚佳,L0507
IN202607200020,SKU0072,22,2026-07-20 08:30:00,2026-07-20 08:49:59,徐萍,L0507
IN202607250011,SKU0072,22,2026-07-25 08:33:00,2026-07-25 08:37:13,徐萍,L0507
IN202607300022,SKU0072,22,2026-07-30 08:02:00,2026-07-30 07:54:09,宋超,L0507
IN202608040016,SKU0072,22,2026-08-04 09:30:00,2026-08-04 09:45:11,廖晨,L0507
IN202608090013,SKU0072,22,2026-08-09 09:42:00,2026-08-09 09:55:17,姚佳,L0507
IN202608140019,SKU0072,22,2026-08-14 08:52:00,2026-08-14 09:00:32,宋超,L0507
IN202608190013,SKU0072,22,2026-08-19 09:50:00,2026-08-19 10:14:46,李帆,L0507
IN202608240012,SKU0072,22,2026-08-24 08:27:00,2026-08-24 08:45:18,李敏,L0507
IN202608290019,SKU0072,22,2026-08-29 11:10:00,2026-08-29 11:22:08,毛燕,L0507
IN202606050017,SKU0073,14,2026-06-05 10:58:00,2026-06-05 10:54:20,姚佳,L0179
IN202606110025,SKU0073,14,2026-06-11 09:55:00,2026-06-11 10:14:17,李敏,L0179
IN202606170014,SKU0073,14,2026-06-17 11:04:00,2026-06-17 11:03:13,杨建军,L0179
IN202606230017,SKU0073,14,2026-06-23 09:20:00,2026-06-23 09:10:21,徐萍,L0179
IN202606290019,SKU0073,14,2026-06-29 09:21:00,2026-06-29 09:31:00,毛燕,L0179
IN202607050019,SKU0073,14,2026-07-05 09:04:00,2026-07-05 11:50:29,王丹,L0179
IN202607110017,SKU0073,14,2026-07-11 10:16:00,2026-07-11 10:11:09,姚佳,L0179
IN202607170018,SKU0073,14,2026-07-17 10:20:00,2026-07-17 10:28:35,姚佳,L0179
IN202607230020,SKU0073,14,2026-07-23 11:13:00,2026-07-23 11:16:23,徐萍,L0179
IN202607290017,SKU0073,14,2026-07-29 08:55:00,2026-07-29 08:58:58,卓雪,L0179
IN202608040017,SKU0073,14,2026-08-04 08:01:00,2026-08-04 08:21:23,宋超,L0179
IN202608100022,SKU0073,14,2026-08-10 11:59:00,2026-08-10 12:05:03,李敏,L0179
IN202608160016,SKU0073,14,2026-08-16 11:24:00,2026-08-16 11:29:46,徐萍,L0179
IN202608220016,SKU0073,14,2026-08-22 08:31:00,2026-08-22 08:31:49,杨建军,L0179
IN202608280017,SKU0073,14,2026-08-28 10:42:00,2026-08-28 12:04:42,李敏,L0179
IN202606050018,SKU0074,20,2026-06-05 09:41:00,2026-06-05 09:57:47,刘旭,L0425
IN202606110026,SKU0074,20,2026-06-11 08:22:00,2026-06-11 08:37:20,刘旭,L0425
IN202606170015,SKU0074,20,2026-06-17 11:03:00,2026-06-17 11:14:01,郑婷婷,L0425
IN202606230018,SKU0074,20,2026-06-23 10:14:00,2026-06-23 10:38:58,毛燕,L0425
IN202606290020,SKU0074,20,2026-06-29 11:14:00,2026-06-29 11:33:57,廖晨,L0425
IN202607050020,SKU0074,20,2026-07-05 11:49:00,2026-07-05 11:44:47,姚佳,L0425
IN202607110018,SKU0074,20,2026-07-11 09:47:00,2026-07-11 10:04:55,杨建军,L0425
IN202607170019,SKU0074,20,2026-07-17 11:43:00,2026-07-17 11:58:07,杨建军,L0425
IN202607230021,SKU0074,20,2026-07-23 10:08:00,2026-07-23 12:26:16,宋超,L0425
IN202607290018,SKU0074,20,2026-07-29 10:10:00,2026-07-29 10:22:43,毛燕,L0425
IN202608040018,SKU0074,20,2026-08-04 08:01:00,2026-08-04 11:55:28,郑婷婷,L0425
IN202608100023,SKU0074,20,2026-08-10 11:41:00,2026-08-10 11:40:03,毛燕,L0425
IN202608160017,SKU0074,20,2026-08-16 10:45:00,2026-08-16 10:37:21,徐萍,L0425
IN202608220017,SKU0074,20,2026-08-22 09:36:00,2026-08-22 09:37:22,李敏,L0425
IN202608280018,SKU0074,20,2026-08-28 10:38:00,2026-08-28 10:37:28,刘旭,L0425
IN202606040016,SKU0075,13,2026-06-04 09:58:00,2026-06-04 10:21:27,杨建军,L0089
IN202606100012,SKU0075,13,2026-06-10 11:32:00,2026-06-10 11:46:14,刘旭,L0089
IN202606160012,SKU0075,13,2026-06-16 09:29:00,2026-06-16 09:19:11,廖晨,L0089
IN202606220015,SKU0075,13,2026-06-22 10:25:00,2026-06-22 10:34:01,姚佳,L0089
IN202606280009,SKU0075,13,2026-06-28 08:09:00,2026-06-28 10:51:47,廖晨,L0089
IN202607040013,SKU0075,13,2026-07-04 11:08:00,2026-07-04 11:19:03,廖晨,L0089
IN202607100011,SKU0075,13,2026-07-10 11:15:00,2026-07-10 14:11:37,毛燕,L0089
IN202607160020,SKU0075,13,2026-07-16 09:06:00,2026-07-16 09:03:29,卓雪,L0089
IN202607220008,SKU0075,13,2026-07-22 08:47:00,2026-07-22 08:41:44,廖晨,L0089
IN202607280012,SKU0075,13,2026-07-28 08:25:00,2026-07-28 10:05:27,杨建军,L0089
IN202608030013,SKU0075,13,2026-08-03 08:46:00,2026-08-03 08:46:36,刘旭,L0089
IN202608090014,SKU0075,13,2026-08-09 08:47:00,2026-08-09 08:58:12,宋超,L0089
IN202608150011,SKU0075,13,2026-08-15 11:07:00,2026-08-15 11:18:54,李帆,L0089
IN202608210013,SKU0075,13,2026-08-21 11:23:00,2026-08-21 11:23:08,徐萍,L0089
IN202608270014,SKU0075,13,2026-08-27 10:48:00,2026-08-27 10:54:17,卓雪,L0089
IN202606010014,SKU0076,177,2026-06-01 08:47:00,2026-06-01 08:58:01,毛燕,L0680
IN202606080016,SKU0076,177,2026-06-08 10:08:00,2026-06-08 10:27:52,郑婷婷,L0680
IN202606150022,SKU0076,177,2026-06-15 10:09:00,2026-06-15 12:15:54,杨建军,L0680
IN202606220016,SKU0076,177,2026-06-22 11:37:00,2026-06-22 11:28:47,李帆,L0680
IN202606290021,SKU0076,177,2026-06-29 11:18:00,2026-06-29 11:08:47,毛燕,L0680
IN202607060021,SKU0076,177,2026-07-06 10:14:00,2026-07-06 11:54:40,李敏,L0680
IN202607130013,SKU0076,177,2026-07-13 11:39:00,2026-07-13 11:59:06,杨建军,L0680
IN202607200021,SKU0076,177,2026-07-20 11:40:00,2026-07-20 13:04:04,毛燕,L0680
IN202607270019,SKU0076,177,2026-07-27 11:01:00,2026-07-27 11:13:59,卓雪,L0680
IN202608030014,SKU0076,177,2026-08-03 10:26:00,2026-08-03 10:41:09,王丹,L0680
IN202608100024,SKU0076,177,2026-08-10 08:37:00,2026-08-10 12:23:09,刘旭,L0680
IN202608170021,SKU0076,177,2026-08-17 11:39:00,2026-08-17 11:33:05,李敏,L0680
IN202608240013,SKU0076,177,2026-08-24 08:44:00,2026-08-24 08:43:20,廖晨,L0680
IN202606030016,SKU0077,10,2026-06-03 08:34:00,2026-06-03 08:58:26,杨建军,L0524
IN202606060021,SKU0077,10,2026-06-06 08:19:00,2026-06-06 08:31:30,卓雪,L0524
IN202606090018,SKU0077,10,2026-06-09 09:49:00,2026-06-09 10:09:45,姚佳,L0524
IN202606120017,SKU0077,10,2026-06-12 10:07:00,2026-06-12 09:59:32,徐萍,L0524
IN202606150023,SKU0077,10,2026-06-15 11:08:00,2026-06-15 13:03:53,宋超,L0524
IN202606180024,SKU0077,10,2026-06-18 09:07:00,2026-06-18 09:18:37,郑婷婷,L0524
IN202606210019,SKU0077,10,2026-06-21 09:14:00,2026-06-21 12:47:13,王丹,L0524
IN202606240016,SKU0077,10,2026-06-24 09:50:00,2026-06-24 09:41:39,姚佳,L0524
IN202606270018,SKU0077,10,2026-06-27 08:08:00,2026-06-27 08:30:33,李帆,L0524
IN202606300021,SKU0077,10,2026-06-30 09:23:00,2026-06-30 09:28:00,卓雪,L0524
IN202607030016,SKU0077,10,2026-07-03 09:06:00,2026-07-03 09:03:24,王丹,L0524
IN202607060022,SKU0077,10,2026-07-06 09:26:00,2026-07-06 09:29:36,毛燕,L0524
IN202607090025,SKU0077,10,2026-07-09 11:36:00,2026-07-09 11:43:05,王丹,L0524
IN202607120020,SKU0077,10,2026-07-12 11:36:00,2026-07-12 11:35:58,刘旭,L0524
IN202607150016,SKU0077,10,2026-07-15 11:30:00,2026-07-15 13:09:23,卓雪,L0524
IN202607180015,SKU0077,10,2026-07-18 09:21:00,2026-07-18 09:20:15,廖晨,L0524
IN202607210021,SKU0077,10,2026-07-21 08:31:00,2026-07-21 09:38:19,廖晨,L0524
IN202607240021,SKU0077,10,2026-07-24 10:18:00,2026-07-24 10:21:27,姚佳,L0524
IN202607270020,SKU0077,10,2026-07-27 10:50:00,2026-07-27 12:21:36,李敏,L0524
IN202607300023,SKU0077,10,2026-07-30 09:54:00,2026-07-30 10:15:23,杨建军,L0524
IN202608020018,SKU0077,10,2026-08-02 11:17:00,2026-08-02 11:10:12,姚佳,L0524
IN202608050020,SKU0077,10,2026-08-05 11:08:00,2026-08-05 11:30:23,宋超,L0524
IN202608080017,SKU0077,10,2026-08-08 09:11:00,2026-08-08 09:19:46,王丹,L0524
IN202608110017,SKU0077,10,2026-08-11 10:11:00,2026-08-11 11:02:14,李帆,L0524
IN202608140020,SKU0077,10,2026-08-14 11:49:00,2026-08-14 11:51:16,廖晨,L0524
IN202608170022,SKU0077,10,2026-08-17 09:30:00,2026-08-17 09:22:11,郑婷婷,L0524
IN202608200024,SKU0077,10,2026-08-20 08:28:00,2026-08-20 08:37:13,李帆,L0524
IN202608230018,SKU0077,10,2026-08-23 08:08:00,2026-08-23 08:07:07,刘旭,L0524
IN202608260017,SKU0077,10,2026-08-26 08:03:00,2026-08-26 08:18:50,毛燕,L0524
IN202608290020,SKU0077,10,2026-08-29 11:35:00,2026-08-29 11:36:10,毛燕,L0524
IN202606060022,SKU0078,13,2026-06-06 11:04:00,2026-06-06 11:02:55,宋超,L0019
IN202606120018,SKU0078,13,2026-06-12 10:03:00,2026-06-12 09:53:28,李敏,L0019
IN202606180025,SKU0078,13,2026-06-18 11:50:00,2026-06-18 12:00:37,廖晨,L0019
IN202606240017,SKU0078,13,2026-06-24 11:03:00,2026-06-24 10:56:19,宋超,L0019
IN202606300022,SKU0078,13,2026-06-30 10:22:00,2026-06-30 10:41:14,徐萍,L0019
IN202607060023,SKU0078,13,2026-07-06 11:30:00,2026-07-06 11:23:22,宋超,L0019
IN202607120021,SKU0078,13,2026-07-12 08:25:00,2026-07-12 08:24:53,卓雪,L0019
IN202607180016,SKU0078,13,2026-07-18 10:59:00,2026-07-18 11:23:44,徐萍,L0019
IN202607240022,SKU0078,13,2026-07-24 08:38:00,2026-07-24 09:00:30,姚佳,L0019
IN202607300024,SKU0078,13,2026-07-30 10:35:00,2026-07-30 10:29:41,李帆,L0019
IN202608050021,SKU0078,13,2026-08-05 08:02:00,2026-08-05 07:55:07,徐萍,L0019
IN202608110018,SKU0078,13,2026-08-11 08:53:00,2026-08-11 09:13:48,郑婷婷,L0019
IN202608170023,SKU0078,13,2026-08-17 11:16:00,2026-08-17 11:11:23,卓雪,L0019
IN202608230019,SKU0078,13,2026-08-23 10:36:00,2026-08-23 10:38:55,王丹,L0019
IN202608290021,SKU0078,13,2026-08-29 09:53:00,2026-08-29 09:51:23,杨建军,L0019
IN202606020018,SKU0079,13,2026-06-02 10:24:00,2026-06-02 10:32:50,徐萍,L0646
IN202606060023,SKU0079,13,2026-06-06 10:55:00,2026-06-06 10:48:58,郑婷婷,L0646
IN202606100013,SKU0079,13,2026-06-10 09:55:00,2026-06-10 09:46:20,杨建军,L0646
IN202606140019,SKU0079,13,2026-06-14 11:37:00,2026-06-14 11:27:07,卓雪,L0646
IN202606180026,SKU0079,13,2026-06-18 08:43:00,2026-06-18 08:53:55,宋超,L0646
IN202606220017,SKU0079,13,2026-06-22 08:42:00,2026-06-22 08:44:22,李帆,L0646
IN202606260020,SKU0079,13,2026-06-26 09:32:00,2026-06-26 09:38:48,徐萍,L0646
IN202606300023,SKU0079,13,2026-06-30 09:05:00,2026-06-30 09:26:47,廖晨,L0646
IN202607040014,SKU0079,13,2026-07-04 11:39:00,2026-07-04 11:55:54,廖晨,L0646
IN202607080015,SKU0079,13,2026-07-08 09:10:00,2026-07-08 09:09:15,毛燕,L0646
IN202607120022,SKU0079,13,2026-07-12 08:38:00,2026-07-12 12:27:08,王丹,L0646
IN202607160021,SKU0079,13,2026-07-16 11:59:00,2026-07-16 11:52:47,王丹,L0646
IN202607200022,SKU0079,13,2026-07-20 10:58:00,2026-07-20 11:05:34,毛燕,L0646
IN202607240023,SKU0079,13,2026-07-24 10:38:00,2026-07-24 12:55:48,廖晨,L0646
IN202607280013,SKU0079,13,2026-07-28 08:45:00,2026-07-28 08:53:38,卓雪,L0646
IN202608010017,SKU0079,13,2026-08-01 10:56:00,2026-08-01 11:15:41,卓雪,L0646
IN202608050022,SKU0079,13,2026-08-05 10:20:00,2026-08-05 10:29:04,杨建军,L0646
IN202608090015,SKU0079,13,2026-08-09 08:14:00,2026-08-09 08:29:04,李帆,L0646
IN202608130024,SKU0079,13,2026-08-13 11:28:00,2026-08-13 11:30:41,廖晨,L0646
IN202608170024,SKU0079,13,2026-08-17 08:04:00,2026-08-17 09:51:07,王丹,L0646
IN202608210014,SKU0079,13,2026-08-21 08:40:00,2026-08-21 08:38:03,徐萍,L0646
IN202608250020,SKU0079,13,2026-08-25 11:07:00,2026-08-25 11:10:24,毛燕,L0646
IN202608290022,SKU0079,13,2026-08-29 08:26:00,2026-08-29 10:21:12,宋超,L0646
IN202606010015,SKU0080,28,2026-06-01 09:20:00,2026-06-01 09:27:45,郑婷婷,L0737
IN202606070012,SKU0080,28,2026-06-07 08:31:00,2026-06-07 08:54:07,李帆,L0737
IN202606130008,SKU0080,28,2026-06-13 09:32:00,2026-06-13 09:56:09,徐萍,L0737
IN202606190013,SKU0080,28,2026-06-19 09:13:00,2026-06-19 09:04:54,廖晨,L0737
IN202606250016,SKU0080,28,2026-06-25 08:26:00,2026-06-25 12:02:15,廖晨,L0737
IN202607010012,SKU0080,28,2026-07-01 09:11:00,2026-07-01 09:24:54,卓雪,L0737
IN202607070010,SKU0080,28,2026-07-07 11:40:00,2026-07-07 11:41:15,杨建军,L0737
IN202607130014,SKU0080,28,2026-07-13 11:34:00,2026-07-13 11:34:15,毛燕,L0737
IN202607190011,SKU0080,28,2026-07-19 08:28:00,2026-07-19 08:28:21,姚佳,L0737
IN202607250012,SKU0080,28,2026-07-25 08:08:00,2026-07-25 08:29:42,毛燕,L0737
IN202607310012,SKU0080,28,2026-07-31 11:54:00,2026-07-31 12:17:14,杨建军,L0737
IN202608060017,SKU0080,28,2026-08-06 09:26:00,2026-08-06 13:22:08,王丹,L0737
IN202608120007,SKU0080,28,2026-08-12 11:36:00,2026-08-12 12:14:43,李帆,L0737
IN202608180013,SKU0080,28,2026-08-18 09:02:00,2026-08-18 08:57:37,郑婷婷,L0737
IN202608240014,SKU0080,28,2026-08-24 11:09:00,2026-08-24 11:12:12,王丹,L0737
IN202606020019,SKU0081,21,2026-06-02 10:28:00,2026-06-02 10:30:59,姚佳,L0438
IN202606050019,SKU0081,21,2026-06-05 11:37:00,2026-06-05 11:55:23,宋超,L0438
IN202606080017,SKU0081,21,2026-06-08 11:33:00,2026-06-08 11:47:37,杨建军,L0438
IN202606110027,SKU0081,21,2026-06-11 09:37:00,2026-06-11 10:01:56,刘旭,L0438
IN202606140020,SKU0081,21,2026-06-14 10:03:00,2026-06-14 10:24:24,姚佳,L0438
IN202606170016,SKU0081,21,2026-06-17 11:56:00,2026-06-17 11:48:16,郑婷婷,L0438
IN202606200015,SKU0081,21,2026-06-20 11:35:00,2026-06-20 11:50:58,李敏,L0438
IN202606230019,SKU0081,21,2026-06-23 10:40:00,2026-06-23 10:44:06,毛燕,L0438
IN202606260021,SKU0081,21,2026-06-26 09:10:00,2026-06-26 09:25:25,李帆,L0438
IN202606290022,SKU0081,21,2026-06-29 11:22:00,2026-06-29 11:37:57,徐萍,L0438
IN202607020020,SKU0081,21,2026-07-02 08:33:00,2026-07-02 08:24:55,刘旭,L0438
IN202607050021,SKU0081,21,2026-07-05 11:47:00,2026-07-05 11:38:42,郑婷婷,L0438
IN202607080016,SKU0081,21,2026-07-08 10:02:00,2026-07-08 10:23:02,毛燕,L0438
IN202607110019,SKU0081,21,2026-07-11 10:18:00,2026-07-11 10:53:31,卓雪,L0438
IN202607140016,SKU0081,21,2026-07-14 11:47:00,2026-07-14 11:50:03,徐萍,L0438
IN202607170020,SKU0081,21,2026-07-17 08:07:00,2026-07-17 08:08:27,杨建军,L0438
IN202607200023,SKU0081,21,2026-07-20 10:46:00,2026-07-20 10:38:13,卓雪,L0438
IN202607230022,SKU0081,21,2026-07-23 09:32:00,2026-07-23 09:46:30,卓雪,L0438
IN202607260017,SKU0081,21,2026-07-26 08:53:00,2026-07-26 08:44:25,李帆,L0438
IN202607290019,SKU0081,21,2026-07-29 08:51:00,2026-07-29 09:08:46,姚佳,L0438
IN202608010018,SKU0081,21,2026-08-01 08:34:00,2026-08-01 08:38:47,李帆,L0438
IN202608040019,SKU0081,21,2026-08-04 11:57:00,2026-08-04 12:19:43,徐萍,L0438
IN202608070014,SKU0081,21,2026-08-07 09:48:00,2026-08-07 09:50:52,刘旭,L0438
IN202608100025,SKU0081,21,2026-08-10 10:31:00,2026-08-10 10:55:43,李敏,L0438
IN202608130025,SKU0081,21,2026-08-13 11:44:00,2026-08-13 11:50:22,宋超,L0438
IN202608160018,SKU0081,21,2026-08-16 10:06:00,2026-08-16 10:29:43,宋超,L0438
IN202608190014,SKU0081,21,2026-08-19 11:53:00,2026-08-19 12:06:26,毛燕,L0438
IN202608220018,SKU0081,21,2026-08-22 09:48:00,2026-08-22 09:38:49,卓雪,L0438
IN202608250021,SKU0081,21,2026-08-25 09:59:00,2026-08-25 10:02:05,毛燕,L0438
IN202608280019,SKU0081,21,2026-08-28 09:28:00,2026-08-28 11:29:52,廖晨,L0438
IN202606050020,SKU0082,16,2026-06-05 08:59:00,2026-06-05 09:00:07,宋超,L0194
IN202606100014,SKU0082,16,2026-06-10 11:19:00,2026-06-10 13:52:25,姚佳,L0194
IN202606150024,SKU0082,16,2026-06-15 10:06:00,2026-06-15 10:18:28,刘旭,L0194
IN202606200016,SKU0082,16,2026-06-20 09:42:00,2026-06-20 09:38:20,杨建军,L0194
IN202606250017,SKU0082,16,2026-06-25 09:29:00,2026-06-25 09:34:13,徐萍,L0194
IN202606300024,SKU0082,16,2026-06-30 11:07:00,2026-06-30 11:05:15,宋超,L0194
IN202607050022,SKU0082,16,2026-07-05 08:10:00,2026-07-05 08:29:04,李敏,L0194
IN202607100012,SKU0082,16,2026-07-10 11:04:00,2026-07-10 11:00:51,廖晨,L0194
IN202607150017,SKU0082,16,2026-07-15 08:13:00,2026-07-15 08:32:58,毛燕,L0194
IN202607200024,SKU0082,16,2026-07-20 09:34:00,2026-07-20 11:03:31,姚佳,L0194
IN202607250013,SKU0082,16,2026-07-25 08:36:00,2026-07-25 08:41:20,杨建军,L0194
IN202607300025,SKU0082,16,2026-07-30 09:20:00,2026-07-30 09:38:48,廖晨,L0194
IN202608040020,SKU0082,16,2026-08-04 10:57:00,2026-08-04 10:50:12,郑婷婷,L0194
IN202608090016,SKU0082,16,2026-08-09 09:45:00,2026-08-09 09:51:01,杨建军,L0194
IN202608140021,SKU0082,16,2026-08-14 11:38:00,2026-08-14 11:48:23,李帆,L0194
IN202608190015,SKU0082,16,2026-08-19 10:09:00,2026-08-19 10:09:04,廖晨,L0194
IN202608240015,SKU0082,16,2026-08-24 11:25:00,2026-08-24 11:46:35,李帆,L0194
IN202608290023,SKU0082,16,2026-08-29 11:23:00,2026-08-29 11:44:48,杨建军,L0194
IN202606020020,SKU0083,9,2026-06-02 09:23:00,2026-06-02 09:25:18,王丹,L0014
IN202606050021,SKU0083,9,2026-06-05 11:46:00,2026-06-05 11:45:50,徐萍,L0014
IN202606080018,SKU0083,9,2026-06-08 08:00:00,2026-06-08 08:03:12,杨建军,L0014
IN202606110028,SKU0083,9,2026-06-11 11:54:00,2026-06-11 11:45:49,宋超,L0014
IN202606140021,SKU0083,9,2026-06-14 08:21:00,2026-06-14 08:34:56,刘旭,L0014
IN202606170017,SKU0083,9,2026-06-17 09:42:00,2026-06-17 10:02:34,杨建军,L0014
IN202606200017,SKU0083,9,2026-06-20 10:49:00,2026-06-20 10:49:18,宋超,L0014
IN202606230020,SKU0083,9,2026-06-23 10:01:00,2026-06-23 10:04:15,毛燕,L0014
IN202606260022,SKU0083,9,2026-06-26 10:46:00,2026-06-26 10:54:55,姚佳,L0014
IN202606290023,SKU0083,9,2026-06-29 08:57:00,2026-06-29 09:04:31,毛燕,L0014
IN202607020021,SKU0083,9,2026-07-02 09:38:00,2026-07-02 09:53:44,宋超,L0014
IN202607050023,SKU0083,9,2026-07-05 08:58:00,2026-07-05 09:01:17,刘旭,L0014
IN202607080017,SKU0083,9,2026-07-08 08:46:00,2026-07-08 08:48:23,李敏,L0014
IN202607110020,SKU0083,9,2026-07-11 09:56:00,2026-07-11 10:10:00,廖晨,L0014
IN202607140017,SKU0083,9,2026-07-14 09:21:00,2026-07-14 09:12:04,李帆,L0014
IN202607170021,SKU0083,9,2026-07-17 08:31:00,2026-07-17 08:45:32,杨建军,L0014
IN202607200025,SKU0083,9,2026-07-20 10:12:00,2026-07-20 10:21:23,李敏,L0014
IN202607230023,SKU0083,9,2026-07-23 10:38:00,2026-07-23 10:43:56,卓雪,L0014
IN202607260018,SKU0083,9,2026-07-26 10:18:00,2026-07-26 10:16:51,杨建军,L0014
IN202607290020,SKU0083,9,2026-07-29 11:57:00,2026-07-29 12:14:39,徐萍,L0014
IN202608010019,SKU0083,9,2026-08-01 11:13:00,2026-08-01 11:36:51,刘旭,L0014
IN202608040021,SKU0083,9,2026-08-04 10:44:00,2026-08-04 13:41:06,郑婷婷,L0014
IN202608070015,SKU0083,9,2026-08-07 09:21:00,2026-08-07 09:36:09,杨建军,L0014
IN202608100026,SKU0083,9,2026-08-10 10:57:00,2026-08-10 11:17:40,郑婷婷,L0014
IN202608130026,SKU0083,9,2026-08-13 08:16:00,2026-08-13 08:09:44,李敏,L0014
IN202608160019,SKU0083,9,2026-08-16 09:06:00,2026-08-16 09:06:01,徐萍,L0014
IN202608190016,SKU0083,9,2026-08-19 10:48:00,2026-08-19 11:07:23,宋超,L0014
IN202608220019,SKU0083,9,2026-08-22 10:19:00,2026-08-22 10:18:08,李帆,L0014
IN202608250022,SKU0083,9,2026-08-25 08:47:00,2026-08-25 09:06:27,李帆,L0014
IN202608280020,SKU0083,9,2026-08-28 10:57:00,2026-08-28 10:48:21,卓雪,L0014
IN202606030017,SKU0084,16,2026-06-03 10:59:00,2026-06-03 10:49:36,徐萍,L0736
IN202606060024,SKU0084,16,2026-06-06 08:44:00,2026-06-06 08:58:17,毛燕,L0736
IN202606090019,SKU0084,16,2026-06-09 08:10:00,2026-06-09 08:02:55,王丹,L0736
IN202606120019,SKU0084,16,2026-06-12 10:10:00,2026-06-12 12:57:53,王丹,L0736
IN202606150025,SKU0084,16,2026-06-15 11:52:00,2026-06-15 11:51:34,李帆,L0736
IN202606180027,SKU0084,16,2026-06-18 08:07:00,2026-06-18 08:21:47,刘旭,L0736
IN202606210020,SKU0084,16,2026-06-21 09:26:00,2026-06-21 09:23:40,王丹,L0736
IN202606240018,SKU0084,16,2026-06-24 10:49:00,2026-06-24 10:57:44,徐萍,L0736
IN202606270019,SKU0084,16,2026-06-27 08:24:00,2026-06-27 10:17:36,毛燕,L0736
IN202606300025,SKU0084,16,2026-06-30 10:37:00,2026-06-30 10:29:35,李帆,L0736
IN202607030017,SKU0084,16,2026-07-03 09:13:00,2026-07-03 09:24:49,姚佳,L0736
IN202607060024,SKU0084,16,2026-07-06 11:46:00,2026-07-06 12:09:25,郑婷婷,L0736
IN202607090026,SKU0084,16,2026-07-09 10:28:00,2026-07-09 10:35:48,宋超,L0736
IN202607120023,SKU0084,16,2026-07-12 09:26:00,2026-07-12 09:20:56,卓雪,L0736
IN202607150018,SKU0084,16,2026-07-15 11:29:00,2026-07-15 11:53:18,郑婷婷,L0736
IN202607180017,SKU0084,16,2026-07-18 11:32:00,2026-07-18 15:17:36,李敏,L0736
IN202607210022,SKU0084,16,2026-07-21 10:36:00,2026-07-21 10:54:28,徐萍,L0736
IN202607240024,SKU0084,16,2026-07-24 10:18:00,2026-07-24 10:14:46,李敏,L0736
IN202607270021,SKU0084,16,2026-07-27 09:45:00,2026-07-27 12:42:02,宋超,L0736
IN202607300026,SKU0084,16,2026-07-30 09:11:00,2026-07-30 09:03:27,李帆,L0736
IN202608020019,SKU0084,16,2026-08-02 10:29:00,2026-08-02 10:26:30,宋超,L0736
IN202608050023,SKU0084,16,2026-08-05 08:54:00,2026-08-05 09:05:47,姚佳,L0736
IN202608080018,SKU0084,16,2026-08-08 09:27:00,2026-08-08 09:34:58,宋超,L0736
IN202608110019,SKU0084,16,2026-08-11 10:23:00,2026-08-11 10:45:38,王丹,L0736
IN202608140022,SKU0084,16,2026-08-14 09:08:00,2026-08-14 09:20:56,郑婷婷,L0736
IN202608170025,SKU0084,16,2026-08-17 10:27:00,2026-08-17 10:19:02,杨建军,L0736
IN202608200025,SKU0084,16,2026-08-20 10:42:00,2026-08-20 10:40:58,毛燕,L0736
IN202608230020,SKU0084,16,2026-08-23 08:25:00,2026-08-23 08:19:58,李敏,L0736
IN202608260018,SKU0084,16,2026-08-26 10:45:00,2026-08-26 10:40:37,李敏,L0736
IN202608290024,SKU0084,16,2026-08-29 11:15:00,2026-08-29 11:34:41,李帆,L0736
IN202606020021,SKU0085,35,2026-06-02 10:32:00,2026-06-02 12:54:36,王丹,L0711
IN202606050022,SKU0085,35,2026-06-05 08:03:00,2026-06-05 08:24:29,李帆,L0711
IN202606080019,SKU0085,35,2026-06-08 11:50:00,2026-06-08 11:55:32,毛燕,L0711
IN202606110029,SKU0085,35,2026-06-11 09:35:00,2026-06-11 09:57:26,郑婷婷,L0711
IN202606140022,SKU0085,35,2026-06-14 11:04:00,2026-06-14 11:27:04,姚佳,L0711
IN202606170018,SKU0085,35,2026-06-17 11:47:00,2026-06-17 12:07:00,宋超,L0711
IN202606200018,SKU0085,35,2026-06-20 11:46:00,2026-06-20 15:18:06,廖晨,L0711
IN202606230021,SKU0085,35,2026-06-23 08:13:00,2026-06-23 08:07:44,徐萍,L0711
IN202606260023,SKU0085,35,2026-06-26 08:55:00,2026-06-26 09:04:34,徐萍,L0711
IN202606290024,SKU0085,35,2026-06-29 11:35:00,2026-06-29 11:25:54,李帆,L0711
IN202607020022,SKU0085,35,2026-07-02 10:48:00,2026-07-02 11:06:32,李帆,L0711
IN202607050024,SKU0085,35,2026-07-05 11:21:00,2026-07-05 11:44:48,廖晨,L0711
IN202607080018,SKU0085,35,2026-07-08 10:42:00,2026-07-08 10:32:04,卓雪,L0711
IN202607110021,SKU0085,35,2026-07-11 08:57:00,2026-07-11 09:11:50,李敏,L0711
IN202607140018,SKU0085,35,2026-07-14 10:30:00,2026-07-14 10:29:13,李敏,L0711
IN202607170022,SKU0085,35,2026-07-17 11:47:00,2026-07-17 11:45:34,李帆,L0711
IN202607200026,SKU0085,35,2026-07-20 09:32:00,2026-07-20 09:55:40,徐萍,L0711
IN202607230024,SKU0085,35,2026-07-23 10:22:00,2026-07-23 10:24:46,刘旭,L0711
IN202607260019,SKU0085,35,2026-07-26 09:16:00,2026-07-26 12:48:32,廖晨,L0711
IN202607290021,SKU0085,35,2026-07-29 09:43:00,2026-07-29 09:35:55,宋超,L0711
IN202608010020,SKU0085,35,2026-08-01 08:40:00,2026-08-01 08:59:24,毛燕,L0711
IN202608040022,SKU0085,35,2026-08-04 09:49:00,2026-08-04 09:46:19,卓雪,L0711
IN202608070016,SKU0085,35,2026-08-07 11:54:00,2026-08-07 12:08:13,卓雪,L0711
IN202608100027,SKU0085,35,2026-08-10 09:34:00,2026-08-10 09:55:48,李帆,L0711
IN202608130027,SKU0085,35,2026-08-13 11:44:00,2026-08-13 11:54:11,卓雪,L0711
IN202608160020,SKU0085,35,2026-08-16 09:13:00,2026-08-16 09:33:52,刘旭,L0711
IN202608190017,SKU0085,35,2026-08-19 08:55:00,2026-08-19 09:11:27,杨建军,L0711
IN202608220020,SKU0085,35,2026-08-22 11:45:00,2026-08-22 12:46:08,徐萍,L0711
IN202608250023,SKU0085,35,2026-08-25 08:30:00,2026-08-25 08:34:51,郑婷婷,L0711
IN202608280021,SKU0085,35,2026-08-28 10:08:00,2026-08-28 10:13:43,李帆,L0711
IN202606010016,SKU0086,14,2026-06-01 08:02:00,2026-06-01 08:26:14,徐萍,L0044
IN202606080020,SKU0086,14,2026-06-08 11:57:00,2026-06-08 12:08:32,李敏,L0044
IN202606150026,SKU0086,14,2026-06-15 10:18:00,2026-06-15 13:40:49,王丹,L0044
IN202606220018,SKU0086,14,2026-06-22 11:45:00,2026-06-22 13:54:51,宋超,L0044
IN202606290025,SKU0086,14,2026-06-29 09:21:00,2026-06-29 10:50:13,刘旭,L0044
IN202607060025,SKU0086,14,2026-07-06 11:57:00,2026-07-06 15:28:05,徐萍,L0044
IN202607130015,SKU0086,14,2026-07-13 10:06:00,2026-07-13 10:28:36,王丹,L0044
IN202607200027,SKU0086,14,2026-07-20 08:47:00,2026-07-20 11:55:29,王丹,L0044
IN202607270022,SKU0086,14,2026-07-27 10:47:00,2026-07-27 12:15:17,卓雪,L0044
IN202608030015,SKU0086,14,2026-08-03 11:21:00,2026-08-03 11:32:04,廖晨,L0044
IN202608100028,SKU0086,14,2026-08-10 09:02:00,2026-08-10 09:17:28,李敏,L0044
IN202608170026,SKU0086,14,2026-08-17 08:30:00,2026-08-17 08:40:22,李帆,L0044
IN202608240016,SKU0086,14,2026-08-24 09:35:00,2026-08-24 09:38:10,郑婷婷,L0044
IN202606050023,SKU0087,23,2026-06-05 10:50:00,2026-06-05 11:13:02,王丹,L0388
IN202606120020,SKU0087,23,2026-06-12 09:40:00,2026-06-12 09:51:18,郑婷婷,L0388
IN202606190014,SKU0087,23,2026-06-19 09:45:00,2026-06-19 10:06:35,王丹,L0388
IN202606260024,SKU0087,23,2026-06-26 11:17:00,2026-06-26 11:21:40,李帆,L0388
IN202607030018,SKU0087,23,2026-07-03 10:12:00,2026-07-03 13:24:48,李敏,L0388
IN202607100013,SKU0087,23,2026-07-10 09:07:00,2026-07-10 09:06:55,李敏,L0388
IN202607170023,SKU0087,23,2026-07-17 09:21:00,2026-07-17 09:31:25,姚佳,L0388
IN202607240025,SKU0087,23,2026-07-24 08:49:00,2026-07-24 08:42:14,李敏,L0388
IN202607310013,SKU0087,23,2026-07-31 10:03:00,2026-07-31 10:13:05,廖晨,L0388
IN202608070017,SKU0087,23,2026-08-07 10:29:00,2026-08-07 10:49:29,毛燕,L0388
IN202608140023,SKU0087,23,2026-08-14 08:51:00,2026-08-14 08:53:04,卓雪,L0388
IN202608210015,SKU0087,23,2026-08-21 10:12:00,2026-08-21 10:09:46,郑婷婷,L0388
IN202608280022,SKU0087,23,2026-08-28 09:31:00,2026-08-28 09:45:05,廖晨,L0388
IN202606070013,SKU0088,77,2026-06-07 09:34:00,2026-06-07 09:48:09,宋超,L0750
IN202606140023,SKU0088,77,2026-06-14 10:22:00,2026-06-14 10:14:38,姚佳,L0750
IN202606210021,SKU0088,77,2026-06-21 10:30:00,2026-06-21 10:38:52,毛燕,L0750
IN202606280010,SKU0088,77,2026-06-28 09:34:00,2026-06-28 09:50:26,毛燕,L0750
IN202607050025,SKU0088,77,2026-07-05 08:08:00,2026-07-05 08:30:30,廖晨,L0750
IN202607120024,SKU0088,77,2026-07-12 09:29:00,2026-07-12 09:40:50,郑婷婷,L0750
IN202607190012,SKU0088,77,2026-07-19 10:40:00,2026-07-19 10:33:59,李帆,L0750
IN202607260020,SKU0088,77,2026-07-26 11:41:00,2026-07-26 11:49:10,卓雪,L0750
IN202608020020,SKU0088,77,2026-08-02 08:51:00,2026-08-02 08:48:05,杨建军,L0750
IN202608090017,SKU0088,77,2026-08-09 08:05:00,2026-08-09 08:04:04,卓雪,L0750
IN202608160021,SKU0088,77,2026-08-16 09:12:00,2026-08-16 09:15:55,杨建军,L0750
IN202608230021,SKU0088,77,2026-08-23 09:20:00,2026-08-23 09:43:37,卓雪,L0750
IN202606010017,SKU0089,37,2026-06-01 10:40:00,2026-06-01 10:38:17,姚佳,L0707
IN202606060025,SKU0089,37,2026-06-06 08:15:00,2026-06-06 08:25:05,刘旭,L0707
IN202606110030,SKU0089,37,2026-06-11 11:14:00,2026-06-11 11:31:25,郑婷婷,L0707
IN202606160013,SKU0089,37,2026-06-16 09:18:00,2026-06-16 09:17:22,郑婷婷,L0707
IN202606210022,SKU0089,37,2026-06-21 10:47:00,2026-06-21 14:36:37,刘旭,L0707
IN202606260025,SKU0089,37,2026-06-26 10:37:00,2026-06-26 10:34:18,杨建军,L0707
IN202607010013,SKU0089,37,2026-07-01 10:25:00,2026-07-01 10:18:51,姚佳,L0707
IN202607060026,SKU0089,37,2026-07-06 11:42:00,2026-07-06 11:55:23,李帆,L0707
IN202607110022,SKU0089,37,2026-07-11 08:14:00,2026-07-11 08:38:48,郑婷婷,L0707
IN202607160022,SKU0089,37,2026-07-16 09:27:00,2026-07-16 09:22:52,徐萍,L0707
IN202607210023,SKU0089,37,2026-07-21 08:17:00,2026-07-21 08:08:49,刘旭,L0707
IN202607260021,SKU0089,37,2026-07-26 09:34:00,2026-07-26 12:38:45,杨建军,L0707
IN202607310014,SKU0089,37,2026-07-31 10:45:00,2026-07-31 11:01:50,毛燕,L0707
IN202608050024,SKU0089,37,2026-08-05 08:59:00,2026-08-05 09:08:51,廖晨,L0707
IN202608100029,SKU0089,37,2026-08-10 08:20:00,2026-08-10 08:42:53,郑婷婷,L0707
IN202608150012,SKU0089,37,2026-08-15 10:39:00,2026-08-15 11:01:41,姚佳,L0707
IN202608200026,SKU0089,37,2026-08-20 10:55:00,2026-08-20 11:02:03,宋超,L0707
IN202608250024,SKU0089,37,2026-08-25 08:37:00,2026-08-25 08:52:24,毛燕,L0707
IN202606030018,SKU0090,11,2026-06-03 09:41:00,2026-06-03 10:03:23,郑婷婷,L0247
IN202606070014,SKU0090,11,2026-06-07 09:17:00,2026-06-07 09:27:45,徐萍,L0247
IN202606110031,SKU0090,11,2026-06-11 10:01:00,2026-06-11 11:10:22,郑婷婷,L0247
IN202606150027,SKU0090,11,2026-06-15 09:36:00,2026-06-15 09:38:13,卓雪,L0247
IN202606190015,SKU0090,11,2026-06-19 10:58:00,2026-06-19 11:04:04,宋超,L0247
IN202606230022,SKU0090,11,2026-06-23 08:02:00,2026-06-23 08:06:31,毛燕,L0247
IN202606270020,SKU0090,11,2026-06-27 09:06:00,2026-06-27 10:51:37,卓雪,L0247
IN202607010014,SKU0090,11,2026-07-01 10:49:00,2026-07-01 10:46:40,廖晨,L0247
IN202607050026,SKU0090,11,2026-07-05 11:00:00,2026-07-05 13:56:48,徐萍,L0247
IN202607090027,SKU0090,11,2026-07-09 10:40:00,2026-07-09 11:03:57,李帆,L0247
IN202607130016,SKU0090,11,2026-07-13 09:15:00,2026-07-13 10:53:12,毛燕,L0247
IN202607170024,SKU0090,11,2026-07-17 08:49:00,2026-07-17 09:11:09,刘旭,L0247
IN202607210024,SKU0090,11,2026-07-21 09:13:00,2026-07-21 09:04:16,毛燕,L0247
IN202607250014,SKU0090,11,2026-07-25 10:10:00,2026-07-25 13:57:24,徐萍,L0247
IN202607290022,SKU0090,11,2026-07-29 08:51:00,2026-07-29 09:00:52,毛燕,L0247
IN202608020021,SKU0090,11,2026-08-02 11:12:00,2026-08-02 11:08:42,刘旭,L0247
IN202608060018,SKU0090,11,2026-08-06 08:19:00,2026-08-06 08:16:26,杨建军,L0247
IN202608100030,SKU0090,11,2026-08-10 10:44:00,2026-08-10 10:37:50,刘旭,L0247
IN202608140024,SKU0090,11,2026-08-14 10:56:00,2026-08-14 13:27:08,郑婷婷,L0247
IN202608180014,SKU0090,11,2026-08-18 10:41:00,2026-08-18 11:00:07,宋超,L0247
IN202608220021,SKU0090,11,2026-08-22 10:30:00,2026-08-22 11:09:44,廖晨,L0247
IN202608260019,SKU0090,11,2026-08-26 08:12:00,2026-08-26 08:32:53,卓雪,L0247
IN202606060026,SKU0091,24,2026-06-06 10:06:00,2026-06-06 10:19:36,宋超,L0617
IN202606130009,SKU0091,24,2026-06-13 08:27:00,2026-06-13 08:22:37,李帆,L0617
IN202606200019,SKU0091,24,2026-06-20 11:36:00,2026-06-20 11:39:03,宋超,L0617
IN202606270021,SKU0091,24,2026-06-27 10:12:00,2026-06-27 10:06:11,李敏,L0617
IN202607040015,SKU0091,24,2026-07-04 09:20:00,2026-07-04 11:21:29,李帆,L0617
IN202607110023,SKU0091,24,2026-07-11 10:11:00,2026-07-11 10:15:11,李敏,L0617
IN202607180018,SKU0091,24,2026-07-18 10:18:00,2026-07-18 10:37:16,杨建军,L0617
IN202607250015,SKU0091,24,2026-07-25 09:38:00,2026-07-25 09:45:23,刘旭,L0617
IN202608010021,SKU0091,24,2026-08-01 08:25:00,2026-08-01 08:21:00,廖晨,L0617
IN202608080019,SKU0091,24,2026-08-08 09:32:00,2026-08-08 09:42:23,廖晨,L0617
IN202608150013,SKU0091,24,2026-08-15 10:15:00,2026-08-15 10:20:13,徐萍,L0617
IN202608220022,SKU0091,24,2026-08-22 09:47:00,2026-08-22 09:39:07,王丹,L0617
IN202608290025,SKU0091,24,2026-08-29 10:11:00,2026-08-29 10:35:23,廖晨,L0617
IN202606060027,SKU0092,75,2026-06-06 10:00:00,2026-06-06 12:35:35,廖晨,L0749
IN202606130010,SKU0092,75,2026-06-13 11:43:00,2026-06-13 11:39:36,毛燕,L0749
IN202606200020,SKU0092,75,2026-06-20 10:51:00,2026-06-20 11:04:50,姚佳,L0749
IN202606270022,SKU0092,75,2026-06-27 10:00:00,2026-06-27 10:00:18,卓雪,L0749
IN202607040016,SKU0092,75,2026-07-04 08:21:00,2026-07-04 08:44:00,姚佳,L0749
IN202607110024,SKU0092,75,2026-07-11 09:20:00,2026-07-11 10:52:25,毛燕,L0749
IN202607180019,SKU0092,75,2026-07-18 11:22:00,2026-07-18 11:45:50,刘旭,L0749
IN202607250016,SKU0092,75,2026-07-25 10:12:00,2026-07-25 10:10:11,郑婷婷,L0749
IN202608010022,SKU0092,75,2026-08-01 11:51:00,2026-08-01 11:41:16,宋超,L0749
IN202608080020,SKU0092,75,2026-08-08 11:31:00,2026-08-08 11:47:42,王丹,L0749
IN202608150014,SKU0092,75,2026-08-15 11:08:00,2026-08-15 11:25:57,郑婷婷,L0749
IN202608220023,SKU0092,75,2026-08-22 08:41:00,2026-08-22 08:41:46,姚佳,L0749
IN202608290026,SKU0092,75,2026-08-29 09:17:00,2026-08-29 09:37:13,李帆,L0749
IN202606010018,SKU0093,15,2026-06-01 10:43:00,2026-06-01 14:00:24,徐萍,L0657
IN202606040017,SKU0093,15,2026-06-04 11:46:00,2026-06-04 12:52:21,李敏,L0657
IN202606070015,SKU0093,15,2026-06-07 08:47:00,2026-06-07 12:37:11,姚佳,L0657
IN202606100015,SKU0093,15,2026-06-10 11:34:00,2026-06-10 11:43:18,王丹,L0657
IN202606130011,SKU0093,15,2026-06-13 10:37:00,2026-06-13 10:56:31,姚佳,L0657
IN202606160014,SKU0093,15,2026-06-16 10:36:00,2026-06-16 10:39:38,王丹,L0657
IN202606190016,SKU0093,15,2026-06-19 10:05:00,2026-06-19 10:10:41,廖晨,L0657
IN202606220019,SKU0093,15,2026-06-22 11:12:00,2026-06-22 11:02:53,刘旭,L0657
IN202606250018,SKU0093,15,2026-06-25 08:55:00,2026-06-25 09:00:43,李敏,L0657
IN202606280011,SKU0093,15,2026-06-28 09:07:00,2026-06-28 08:57:40,李帆,L0657
IN202607010015,SKU0093,15,2026-07-01 11:18:00,2026-07-01 11:35:04,宋超,L0657
IN202607040017,SKU0093,15,2026-07-04 11:21:00,2026-07-04 11:13:13,李敏,L0657
IN202607070011,SKU0093,15,2026-07-07 10:50:00,2026-07-07 11:12:36,李帆,L0657
IN202607100014,SKU0093,15,2026-07-10 09:37:00,2026-07-10 09:48:10,杨建军,L0657
IN202607130017,SKU0093,15,2026-07-13 08:38:00,2026-07-13 08:47:28,廖晨,L0657
IN202607160023,SKU0093,15,2026-07-16 08:01:00,2026-07-16 11:15:24,李帆,L0657
IN202607190013,SKU0093,15,2026-07-19 10:23:00,2026-07-19 10:22:46,刘旭,L0657
IN202607220009,SKU0093,15,2026-07-22 10:16:00,2026-07-22 10:39:07,廖晨,L0657
IN202607250017,SKU0093,15,2026-07-25 09:09:00,2026-07-25 09:16:31,毛燕,L0657
IN202607280014,SKU0093,15,2026-07-28 11:50:00,2026-07-28 11:59:40,杨建军,L0657
IN202607310015,SKU0093,15,2026-07-31 08:39:00,2026-07-31 08:32:41,姚佳,L0657
IN202608030016,SKU0093,15,2026-08-03 10:28:00,2026-08-03 10:51:52,徐萍,L0657
IN202608060019,SKU0093,15,2026-08-06 08:32:00,2026-08-06 08:50:43,郑婷婷,L0657
IN202608090018,SKU0093,15,2026-08-09 10:46:00,2026-08-09 10:45:15,杨建军,L0657
IN202608120008,SKU0093,15,2026-08-12 08:09:00,2026-08-12 08:31:37,杨建军,L0657
IN202608150015,SKU0093,15,2026-08-15 10:57:00,2026-08-15 10:50:53,宋超,L0657
IN202608180015,SKU0093,15,2026-08-18 08:26:00,2026-08-18 08:22:23,姚佳,L0657
IN202608210016,SKU0093,15,2026-08-21 08:01:00,2026-08-21 08:25:05,毛燕,L0657
IN202608240017,SKU0093,15,2026-08-24 10:01:00,2026-08-24 10:10:17,郑婷婷,L0657
IN202608270015,SKU0093,15,2026-08-27 10:58:00,2026-08-27 11:09:17,郑婷婷,L0657
IN202606020022,SKU0094,14,2026-06-02 10:50:00,2026-06-02 10:45:05,李帆,L0140
IN202606080021,SKU0094,14,2026-06-08 10:42:00,2026-06-08 10:42:29,毛燕,L0140
IN202606140024,SKU0094,14,2026-06-14 09:13:00,2026-06-14 09:33:20,毛燕,L0140
IN202606200021,SKU0094,14,2026-06-20 08:59:00,2026-06-20 09:01:52,卓雪,L0140
IN202606260026,SKU0094,14,2026-06-26 09:49:00,2026-06-26 10:06:47,毛燕,L0140
IN202607020023,SKU0094,14,2026-07-02 10:30:00,2026-07-02 10:48:05,廖晨,L0140
IN202607080019,SKU0094,14,2026-07-08 11:48:00,2026-07-08 11:38:47,郑婷婷,L0140
IN202607140019,SKU0094,14,2026-07-14 09:02:00,2026-07-14 08:57:29,徐萍,L0140
IN202607200028,SKU0094,14,2026-07-20 09:26:00,2026-07-20 09:16:03,杨建军,L0140
IN202607260022,SKU0094,14,2026-07-26 11:23:00,2026-07-26 11:17:54,宋超,L0140
IN202608010023,SKU0094,14,2026-08-01 09:56:00,2026-08-01 10:04:21,徐萍,L0140
IN202608070018,SKU0094,14,2026-08-07 08:10:00,2026-08-07 08:15:58,宋超,L0140
IN202608130028,SKU0094,14,2026-08-13 11:05:00,2026-08-13 11:17:43,王丹,L0140
IN202608190018,SKU0094,14,2026-08-19 09:42:00,2026-08-19 09:50:46,李帆,L0140
IN202608250025,SKU0094,14,2026-08-25 09:11:00,2026-08-25 09:24:10,王丹,L0140
IN202606030019,SKU0095,18,2026-06-03 08:53:00,2026-06-03 08:52:06,毛燕,L0535
IN202606090020,SKU0095,18,2026-06-09 08:37:00,2026-06-09 08:49:29,刘旭,L0535
IN202606150028,SKU0095,18,2026-06-15 08:16:00,2026-06-15 11:00:56,李帆,L0535
IN202606210023,SKU0095,18,2026-06-21 10:44:00,2026-06-21 13:47:57,廖晨,L0535
IN202606270023,SKU0095,18,2026-06-27 11:44:00,2026-06-27 11:40:51,杨建军,L0535
IN202607030019,SKU0095,18,2026-07-03 09:22:00,2026-07-03 10:58:58,卓雪,L0535
IN202607090028,SKU0095,18,2026-07-09 11:37:00,2026-07-09 11:57:15,宋超,L0535
IN202607150019,SKU0095,18,2026-07-15 10:04:00,2026-07-15 12:49:36,廖晨,L0535
IN202607210025,SKU0095,18,2026-07-21 08:25:00,2026-07-21 08:24:06,卓雪,L0535
IN202607270023,SKU0095,18,2026-07-27 10:08:00,2026-07-27 11:41:20,郑婷婷,L0535
IN202608020022,SKU0095,18,2026-08-02 11:57:00,2026-08-02 13:37:28,宋超,L0535
IN202608080021,SKU0095,18,2026-08-08 09:31:00,2026-08-08 09:29:40,李敏,L0535
IN202608140025,SKU0095,18,2026-08-14 09:50:00,2026-08-14 09:51:16,杨建军,L0535
IN202608200027,SKU0095,18,2026-08-20 11:55:00,2026-08-20 13:40:28,姚佳,L0535
IN202608260020,SKU0095,18,2026-08-26 08:49:00,2026-08-26 08:56:11,王丹,L0535
IN202606050024,SKU0096,12,2026-06-05 09:05:00,2026-06-05 09:29:43,徐萍,L0167
IN202606100016,SKU0096,12,2026-06-10 11:41:00,2026-06-10 14:30:35,徐萍,L0167
IN202606150029,SKU0096,12,2026-06-15 10:45:00,2026-06-15 11:06:07,徐萍,L0167
IN202606200022,SKU0096,12,2026-06-20 08:16:00,2026-06-20 08:40:29,徐萍,L0167
IN202606250019,SKU0096,12,2026-06-25 08:30:00,2026-06-25 08:47:12,宋超,L0167
IN202606300026,SKU0096,12,2026-06-30 10:41:00,2026-06-30 10:55:16,宋超,L0167
IN202607050027,SKU0096,12,2026-07-05 10:25:00,2026-07-05 10:45:17,刘旭,L0167
IN202607100015,SKU0096,12,2026-07-10 08:59:00,2026-07-10 12:14:07,李帆,L0167
IN202607150020,SKU0096,12,2026-07-15 08:07:00,2026-07-15 08:14:42,李敏,L0167
IN202607200029,SKU0096,12,2026-07-20 09:18:00,2026-07-20 10:00:14,刘旭,L0167
IN202607250018,SKU0096,12,2026-07-25 09:57:00,2026-07-25 11:45:29,李帆,L0167
IN202607300027,SKU0096,12,2026-07-30 08:39:00,2026-07-30 10:10:38,宋超,L0167
IN202608040023,SKU0096,12,2026-08-04 08:50:00,2026-08-04 08:56:43,廖晨,L0167
IN202608090019,SKU0096,12,2026-08-09 09:40:00,2026-08-09 10:22:58,杨建军,L0167
IN202608140026,SKU0096,12,2026-08-14 09:24:00,2026-08-14 09:18:35,王丹,L0167
IN202608190019,SKU0096,12,2026-08-19 11:08:00,2026-08-19 10:58:08,卓雪,L0167
IN202608240018,SKU0096,12,2026-08-24 08:46:00,2026-08-24 11:09:55,王丹,L0167
IN202608290027,SKU0096,12,2026-08-29 08:09:00,2026-08-29 08:16:15,毛燕,L0167
IN202606020023,SKU0097,13,2026-06-02 10:01:00,2026-06-02 10:25:39,李帆,L0133
IN202606080022,SKU0097,13,2026-06-08 09:26:00,2026-06-08 11:15:27,刘旭,L0133
IN202606140025,SKU0097,13,2026-06-14 10:07:00,2026-06-14 10:13:48,宋超,L0133
IN202606200023,SKU0097,13,2026-06-20 11:03:00,2026-06-20 11:11:48,李帆,L0133
IN202606260027,SKU0097,13,2026-06-26 11:08:00,2026-06-26 10:58:17,郑婷婷,L0133
IN202607020024,SKU0097,13,2026-07-02 10:38:00,2026-07-02 13:41:31,毛燕,L0133
IN202607080020,SKU0097,13,2026-07-08 09:36:00,2026-07-08 09:55:58,廖晨,L0133
IN202607140020,SKU0097,13,2026-07-14 11:06:00,2026-07-14 11:21:17,徐萍,L0133
IN202607200030,SKU0097,13,2026-07-20 11:09:00,2026-07-20 11:03:48,郑婷婷,L0133
IN202607260023,SKU0097,13,2026-07-26 08:57:00,2026-07-26 08:52:48,刘旭,L0133
IN202608010024,SKU0097,13,2026-08-01 08:46:00,2026-08-01 08:39:33,郑婷婷,L0133
IN202608070019,SKU0097,13,2026-08-07 09:04:00,2026-08-07 09:07:56,卓雪,L0133
IN202608130029,SKU0097,13,2026-08-13 11:11:00,2026-08-13 11:20:46,徐萍,L0133
IN202608190020,SKU0097,13,2026-08-19 08:18:00,2026-08-19 12:11:32,廖晨,L0133
IN202608250026,SKU0097,13,2026-08-25 11:00:00,2026-08-25 10:56:17,卓雪,L0133
IN202606030020,SKU0098,26,2026-06-03 11:11:00,2026-06-03 11:09:18,李敏,L0473
IN202606080023,SKU0098,26,2026-06-08 08:37:00,2026-06-08 08:35:49,杨建军,L0473
IN202606130012,SKU0098,26,2026-06-13 10:54:00,2026-06-13 11:05:33,王丹,L0473
IN202606180028,SKU0098,26,2026-06-18 09:18:00,2026-06-18 09:38:59,杨建军,L0473
IN202606230023,SKU0098,26,2026-06-23 11:25:00,2026-06-23 11:41:03,廖晨,L0473
IN202606280012,SKU0098,26,2026-06-28 10:22:00,2026-06-28 10:33:00,廖晨,L0473
IN202607030020,SKU0098,26,2026-07-03 08:32:00,2026-07-03 08:28:13,姚佳,L0473
IN202607080021,SKU0098,26,2026-07-08 08:30:00,2026-07-08 08:47:22,李敏,L0473
IN202607130018,SKU0098,26,2026-07-13 10:11:00,2026-07-13 13:27:38,李敏,L0473
IN202607180020,SKU0098,26,2026-07-18 11:31:00,2026-07-18 11:55:43,毛燕,L0473
IN202607230025,SKU0098,26,2026-07-23 10:20:00,2026-07-23 10:43:12,郑婷婷,L0473
IN202607280015,SKU0098,26,2026-07-28 11:27:00,2026-07-28 11:44:09,李敏,L0473
IN202608020023,SKU0098,26,2026-08-02 11:35:00,2026-08-02 11:39:00,李帆,L0473
IN202608070020,SKU0098,26,2026-08-07 10:57:00,2026-08-07 11:17:39,杨建军,L0473
IN202608120009,SKU0098,26,2026-08-12 10:53:00,2026-08-12 10:49:15,卓雪,L0473
IN202608170027,SKU0098,26,2026-08-17 08:15:00,2026-08-17 08:08:09,姚佳,L0473
IN202608220024,SKU0098,26,2026-08-22 10:16:00,2026-08-22 10:08:51,廖晨,L0473
IN202608270016,SKU0098,26,2026-08-27 10:55:00,2026-08-27 13:52:21,杨建军,L0473
IN202606010019,SKU0099,10,2026-06-01 08:32:00,2026-06-01 11:09:48,李敏,L0025
IN202606040018,SKU0099,10,2026-06-04 10:23:00,2026-06-04 10:33:42,李帆,L0025
IN202606070016,SKU0099,10,2026-06-07 11:11:00,2026-06-07 11:14:41,宋超,L0025
IN202606100017,SKU0099,10,2026-06-10 08:32:00,2026-06-10 08:41:08,刘旭,L0025
IN202606130013,SKU0099,10,2026-06-13 08:44:00,2026-06-13 09:07:29,姚佳,L0025
IN202606160015,SKU0099,10,2026-06-16 08:49:00,2026-06-16 08:52:33,李敏,L0025
IN202606190017,SKU0099,10,2026-06-19 11:24:00,2026-06-19 11:16:21,廖晨,L0025
IN202606220020,SKU0099,10,2026-06-22 08:21:00,2026-06-22 08:25:07,徐萍,L0025
IN202606250020,SKU0099,10,2026-06-25 10:35:00,2026-06-25 10:55:36,李敏,L0025
IN202606280013,SKU0099,10,2026-06-28 11:05:00,2026-06-28 12:42:22,王丹,L0025
IN202607010016,SKU0099,10,2026-07-01 11:31:00,2026-07-01 11:27:01,郑婷婷,L0025
IN202607040018,SKU0099,10,2026-07-04 10:53:00,2026-07-04 11:05:12,徐萍,L0025
IN202607070012,SKU0099,10,2026-07-07 08:05:00,2026-07-07 08:00:21,卓雪,L0025
IN202607100016,SKU0099,10,2026-07-10 10:23:00,2026-07-10 10:14:15,王丹,L0025
IN202607130019,SKU0099,10,2026-07-13 11:08:00,2026-07-13 11:24:19,宋超,L0025
IN202607160024,SKU0099,10,2026-07-16 09:34:00,2026-07-16 10:57:58,宋超,L0025
IN202607190014,SKU0099,10,2026-07-19 09:12:00,2026-07-19 09:08:07,刘旭,L0025
IN202607220010,SKU0099,10,2026-07-22 11:36:00,2026-07-22 11:38:03,宋超,L0025
IN202607250019,SKU0099,10,2026-07-25 11:47:00,2026-07-25 11:51:14,王丹,L0025
IN202607280016,SKU0099,10,2026-07-28 09:46:00,2026-07-28 09:48:53,李帆,L0025
IN202607310016,SKU0099,10,2026-07-31 10:00:00,2026-07-31 10:04:11,李帆,L0025
IN202608030017,SKU0099,10,2026-08-03 09:03:00,2026-08-03 09:00:40,徐萍,L0025
IN202608060020,SKU0099,10,2026-08-06 11:28:00,2026-08-06 11:32:21,杨建军,L0025
IN202608090020,SKU0099,10,2026-08-09 08:01:00,2026-08-09 08:06:24,卓雪,L0025
IN202608120010,SKU0099,10,2026-08-12 09:52:00,2026-08-12 10:15:41,李帆,L0025
IN202608150016,SKU0099,10,2026-08-15 09:24:00,2026-08-15 09:23:50,郑婷婷,L0025
IN202608180016,SKU0099,10,2026-08-18 08:33:00,2026-08-18 08:51:20,徐萍,L0025
IN202608210017,SKU0099,10,2026-08-21 08:52:00,2026-08-21 10:56:38,姚佳,L0025
IN202608240019,SKU0099,10,2026-08-24 11:44:00,2026-08-24 12:43:01,李敏,L0025
IN202608270017,SKU0099,10,2026-08-27 11:03:00,2026-08-27 11:17:20,王丹,L0025
IN202606010020,SKU0100,18,2026-06-01 10:53:00,2026-06-01 10:48:31,宋超,L0228
IN202606080024,SKU0100,18,2026-06-08 10:00:00,2026-06-08 10:23:56,李敏,L0228
IN202606150030,SKU0100,18,2026-06-15 09:53:00,2026-06-15 10:06:33,李帆,L0228
IN202606220021,SKU0100,18,2026-06-22 08:00:00,2026-06-22 07:58:31,杨建军,L0228
IN202606290026,SKU0100,18,2026-06-29 09:30:00,2026-06-29 09:39:30,杨建军,L0228
IN202607060027,SKU0100,18,2026-07-06 08:40:00,2026-07-06 08:41:10,郑婷婷,L0228
IN202607130020,SKU0100,18,2026-07-13 11:39:00,2026-07-13 11:59:18,毛燕,L0228
IN202607200031,SKU0100,18,2026-07-20 11:18:00,2026-07-20 12:54:06,郑婷婷,L0228
IN202607270024,SKU0100,18,2026-07-27 08:18:00,2026-07-27 12:01:22,卓雪,L0228
IN202608030018,SKU0100,18,2026-08-03 10:30:00,2026-08-03 10:39:56,卓雪,L0228
IN202608100031,SKU0100,18,2026-08-10 10:33:00,2026-08-10 10:43:53,姚佳,L0228
IN202608170028,SKU0100,18,2026-08-17 09:07:00,2026-08-17 08:58:06,卓雪,L0228
IN202608240020,SKU0100,18,2026-08-24 09:32:00,2026-08-24 09:28:19,李帆,L0228
IN202606030021,SKU0101,15,2026-06-03 09:42:00,2026-06-03 10:01:15,郑婷婷,L0316
IN202606060028,SKU0101,15,2026-06-06 09:51:00,2026-06-06 10:03:28,卓雪,L0316
IN202606090021,SKU0101,15,2026-06-09 08:59:00,2026-06-09 08:50:02,毛燕,L0316
IN202606120021,SKU0101,15,2026-06-12 08:02:00,2026-06-12 07:56:08,毛燕,L0316
IN202606150031,SKU0101,15,2026-06-15 10:47:00,2026-06-15 12:53:59,廖晨,L0316
IN202606180029,SKU0101,15,2026-06-18 10:44:00,2026-06-18 10:44:28,宋超,L0316
IN202606210024,SKU0101,15,2026-06-21 11:22:00,2026-06-21 11:25:43,姚佳,L0316
IN202606240019,SKU0101,15,2026-06-24 10:50:00,2026-06-24 10:50:36,李敏,L0316
IN202606270024,SKU0101,15,2026-06-27 11:38:00,2026-06-27 11:53:17,姚佳,L0316
IN202606300027,SKU0101,15,2026-06-30 10:05:00,2026-06-30 10:23:56,姚佳,L0316
IN202607030021,SKU0101,15,2026-07-03 08:18:00,2026-07-03 08:40:06,王丹,L0316
IN202607060028,SKU0101,15,2026-07-06 09:35:00,2026-07-06 09:41:11,刘旭,L0316
IN202607090029,SKU0101,15,2026-07-09 11:36:00,2026-07-09 11:38:37,李敏,L0316
IN202607120025,SKU0101,15,2026-07-12 08:10:00,2026-07-12 09:13:33,卓雪,L0316
IN202607150021,SKU0101,15,2026-07-15 10:25:00,2026-07-15 10:17:17,郑婷婷,L0316
IN202607180021,SKU0101,15,2026-07-18 09:03:00,2026-07-18 09:27:43,杨建军,L0316
IN202607210026,SKU0101,15,2026-07-21 08:21:00,2026-07-21 08:43:11,郑婷婷,L0316
IN202607240026,SKU0101,15,2026-07-24 11:08:00,2026-07-24 11:30:29,廖晨,L0316
IN202607270025,SKU0101,15,2026-07-27 11:58:00,2026-07-27 15:24:08,杨建军,L0316
IN202607300028,SKU0101,15,2026-07-30 11:25:00,2026-07-30 11:31:44,宋超,L0316
IN202608020024,SKU0101,15,2026-08-02 08:46:00,2026-08-02 08:48:33,李帆,L0316
IN202608050025,SKU0101,15,2026-08-05 10:23:00,2026-08-05 10:25:08,杨建军,L0316
IN202608080022,SKU0101,15,2026-08-08 09:17:00,2026-08-08 09:30:41,宋超,L0316
IN202608110020,SKU0101,15,2026-08-11 10:57:00,2026-08-11 14:19:47,徐萍,L0316
IN202608140027,SKU0101,15,2026-08-14 08:07:00,2026-08-14 08:13:20,卓雪,L0316
IN202608170029,SKU0101,15,2026-08-17 09:26:00,2026-08-17 10:43:30,毛燕,L0316
IN202608200028,SKU0101,15,2026-08-20 08:22:00,2026-08-20 08:40:41,王丹,L0316
IN202608230022,SKU0101,15,2026-08-23 10:06:00,2026-08-23 10:19:10,王丹,L0316
IN202608260021,SKU0101,15,2026-08-26 08:31:00,2026-08-26 08:28:47,廖晨,L0316
IN202608290028,SKU0101,15,2026-08-29 10:23:00,2026-08-29 10:26:33,宋超,L0316
IN202606020024,SKU0102,50,2026-06-02 09:15:00,2026-06-02 09:21:48,姚佳,L0634
IN202606070017,SKU0102,50,2026-06-07 10:51:00,2026-06-07 11:06:31,郑婷婷,L0634
IN202606120022,SKU0102,50,2026-06-12 09:47:00,2026-06-12 09:50:21,宋超,L0634
IN202606170019,SKU0102,50,2026-06-17 11:56:00,2026-06-17 12:03:25,李帆,L0634
IN202606220022,SKU0102,50,2026-06-22 09:44:00,2026-06-22 09:39:26,徐萍,L0634
IN202606270025,SKU0102,50,2026-06-27 10:16:00,2026-06-27 10:35:47,杨建军,L0634
IN202607020025,SKU0102,50,2026-07-02 11:50:00,2026-07-02 11:52:12,杨建军,L0634
IN202607070013,SKU0102,50,2026-07-07 11:26:00,2026-07-07 11:25:00,郑婷婷,L0634
IN202607120026,SKU0102,50,2026-07-12 09:07:00,2026-07-12 09:00:16,杨建军,L0634
IN202607170025,SKU0102,50,2026-07-17 10:56:00,2026-07-17 11:06:33,王丹,L0634
IN202607220011,SKU0102,50,2026-07-22 10:46:00,2026-07-22 10:57:53,王丹,L0634
IN202607270026,SKU0102,50,2026-07-27 09:15:00,2026-07-27 11:19:15,王丹,L0634
IN202608010025,SKU0102,50,2026-08-01 08:54:00,2026-08-01 08:45:44,姚佳,L0634
IN202608060021,SKU0102,50,2026-08-06 10:52:00,2026-08-06 10:57:48,王丹,L0634
IN202608110021,SKU0102,50,2026-08-11 08:27:00,2026-08-11 08:29:15,郑婷婷,L0634
IN202608160022,SKU0102,50,2026-08-16 10:05:00,2026-08-16 10:11:27,王丹,L0634
IN202608210018,SKU0102,50,2026-08-21 09:50:00,2026-08-21 11:12:10,毛燕,L0634
IN202608260022,SKU0102,50,2026-08-26 09:37:00,2026-08-26 09:57:18,王丹,L0634
IN202606060029,SKU0103,13,2026-06-06 09:57:00,2026-06-06 10:08:25,廖晨,L0201
IN202606120023,SKU0103,13,2026-06-12 08:29:00,2026-06-12 10:06:08,李敏,L0201
IN202606180030,SKU0103,13,2026-06-18 10:42:00,2026-06-18 11:49:50,宋超,L0201
IN202606240020,SKU0103,13,2026-06-24 11:36:00,2026-06-24 11:43:03,王丹,L0201
IN202606300028,SKU0103,13,2026-06-30 11:05:00,2026-06-30 13:07:32,徐萍,L0201
IN202607060029,SKU0103,13,2026-07-06 08:23:00,2026-07-06 08:47:26,宋超,L0201
IN202607120027,SKU0103,13,2026-07-12 11:56:00,2026-07-12 12:07:17,李帆,L0201
IN202607180022,SKU0103,13,2026-07-18 11:01:00,2026-07-18 11:07:14,刘旭,L0201
IN202607240027,SKU0103,13,2026-07-24 10:04:00,2026-07-24 10:11:02,李敏,L0201
IN202607300029,SKU0103,13,2026-07-30 08:35:00,2026-07-30 08:33:35,李敏,L0201
IN202608050026,SKU0103,13,2026-08-05 09:59:00,2026-08-05 13:51:17,李敏,L0201
IN202608110022,SKU0103,13,2026-08-11 09:47:00,2026-08-11 09:38:01,李帆,L0201
IN202608170030,SKU0103,13,2026-08-17 10:30:00,2026-08-17 10:28:35,毛燕,L0201
IN202608230023,SKU0103,13,2026-08-23 10:58:00,2026-08-23 11:01:19,卓雪,L0201
IN202608290029,SKU0103,13,2026-08-29 08:26:00,2026-08-29 11:33:30,刘旭,L0201
IN202606070018,SKU0104,14,2026-06-07 11:58:00,2026-06-07 11:53:40,刘旭,L0161
IN202606140026,SKU0104,14,2026-06-14 09:18:00,2026-06-14 09:32:03,姚佳,L0161
IN202606210025,SKU0104,14,2026-06-21 08:11:00,2026-06-21 08:35:54,王丹,L0161
IN202606280014,SKU0104,14,2026-06-28 11:07:00,2026-06-28 10:59:18,李帆,L0161
IN202607050028,SKU0104,14,2026-07-05 11:10:00,2026-07-05 11:31:49,李帆,L0161
IN202607120028,SKU0104,14,2026-07-12 09:13:00,2026-07-12 09:26:54,刘旭,L0161
IN202607190015,SKU0104,14,2026-07-19 11:09:00,2026-07-19 11:09:20,毛燕,L0161
IN202607260024,SKU0104,14,2026-07-26 08:06:00,2026-07-26 08:09:05,徐萍,L0161
IN202608020025,SKU0104,14,2026-08-02 10:22:00,2026-08-02 10:24:45,郑婷婷,L0161
IN202608090021,SKU0104,14,2026-08-09 11:18:00,2026-08-09 11:20:00,杨建军,L0161
IN202608160023,SKU0104,14,2026-08-16 10:49:00,2026-08-16 11:07:53,宋超,L0161
IN202608230024,SKU0104,14,2026-08-23 10:09:00,2026-08-23 10:12:43,宋超,L0161
IN202606030022,SKU0105,13,2026-06-03 11:56:00,2026-06-03 14:55:38,宋超,L0010
IN202606090022,SKU0105,13,2026-06-09 08:36:00,2026-06-09 08:42:26,毛燕,L0010
IN202606150032,SKU0105,13,2026-06-15 11:24:00,2026-06-15 11:44:32,李敏,L0010
IN202606210026,SKU0105,13,2026-06-21 11:01:00,2026-06-21 11:12:44,王丹,L0010
IN202606270026,SKU0105,13,2026-06-27 10:24:00,2026-06-27 13:54:29,宋超,L0010
IN202607030022,SKU0105,13,2026-07-03 09:15:00,2026-07-03 09:38:14,王丹,L0010
IN202607090030,SKU0105,13,2026-07-09 11:58:00,2026-07-09 11:54:12,宋超,L0010
IN202607150022,SKU0105,13,2026-07-15 08:24:00,2026-07-15 08:33:37,徐萍,L0010
IN202607210027,SKU0105,13,2026-07-21 09:37:00,2026-07-21 11:35:04,刘旭,L0010
IN202607270027,SKU0105,13,2026-07-27 10:48:00,2026-07-27 11:55:46,毛燕,L0010
IN202608020026,SKU0105,13,2026-08-02 09:34:00,2026-08-02 13:20:28,刘旭,L0010
IN202608080023,SKU0105,13,2026-08-08 08:22:00,2026-08-08 08:24:53,杨建军,L0010
IN202608140028,SKU0105,13,2026-08-14 08:58:00,2026-08-14 08:48:28,李帆,L0010
IN202608200029,SKU0105,13,2026-08-20 11:22:00,2026-08-20 11:23:59,徐萍,L0010
IN202608260023,SKU0105,13,2026-08-26 10:34:00,2026-08-26 10:43:36,刘旭,L0010
IN202606040019,SKU0106,35,2026-06-04 08:41:00,2026-06-04 09:02:02,廖晨,L0632
IN202606080025,SKU0106,35,2026-06-08 09:20:00,2026-06-08 09:13:20,刘旭,L0632
IN202606120024,SKU0106,35,2026-06-12 09:07:00,2026-06-12 12:01:01,卓雪,L0632
IN202606160016,SKU0106,35,2026-06-16 09:52:00,2026-06-16 10:00:13,姚佳,L0632
IN202606200024,SKU0106,35,2026-06-20 08:12:00,2026-06-20 08:23:50,王丹,L0632
IN202606240021,SKU0106,35,2026-06-24 08:11:00,2026-06-24 08:22:26,郑婷婷,L0632
IN202606280015,SKU0106,35,2026-06-28 11:18:00,2026-06-28 11:27:11,杨建军,L0632
IN202607020026,SKU0106,35,2026-07-02 10:18:00,2026-07-02 10:09:53,毛燕,L0632
IN202607060030,SKU0106,35,2026-07-06 11:20:00,2026-07-06 11:32:03,王丹,L0632
IN202607100017,SKU0106,35,2026-07-10 10:18:00,2026-07-10 10:37:10,姚佳,L0632
IN202607140021,SKU0106,35,2026-07-14 08:05:00,2026-07-14 08:12:44,卓雪,L0632
IN202607180023,SKU0106,35,2026-07-18 09:23:00,2026-07-18 09:37:00,宋超,L0632
IN202607220012,SKU0106,35,2026-07-22 11:55:00,2026-07-22 12:06:12,李敏,L0632
IN202607260025,SKU0106,35,2026-07-26 08:16:00,2026-07-26 08:21:38,王丹,L0632
IN202607300030,SKU0106,35,2026-07-30 10:03:00,2026-07-30 10:02:11,杨建军,L0632
IN202608030019,SKU0106,35,2026-08-03 10:48:00,2026-08-03 11:04:46,王丹,L0632
IN202608070021,SKU0106,35,2026-08-07 11:33:00,2026-08-07 14:30:55,李帆,L0632
IN202608110023,SKU0106,35,2026-08-11 11:52:00,2026-08-11 11:49:36,廖晨,L0632
IN202608150017,SKU0106,35,2026-08-15 08:41:00,2026-08-15 08:37:01,姚佳,L0632
IN202608190021,SKU0106,35,2026-08-19 09:51:00,2026-08-19 09:58:11,徐萍,L0632
IN202608230025,SKU0106,35,2026-08-23 09:54:00,2026-08-23 10:15:02,姚佳,L0632
IN202608270018,SKU0106,35,2026-08-27 11:16:00,2026-08-27 11:06:27,郑婷婷,L0632
IN202606030023,SKU0107,13,2026-06-03 10:12:00,2026-06-03 10:27:56,毛燕,L0060
IN202606090023,SKU0107,13,2026-06-09 10:40:00,2026-06-09 11:00:13,王丹,L0060
IN202606150033,SKU0107,13,2026-06-15 10:40:00,2026-06-15 10:53:10,李帆,L0060
IN202606210027,SKU0107,13,2026-06-21 10:06:00,2026-06-21 10:20:50,李敏,L0060
IN202606270027,SKU0107,13,2026-06-27 09:57:00,2026-06-27 12:55:53,杨建军,L0060
IN202607030023,SKU0107,13,2026-07-03 10:35:00,2026-07-03 10:37:28,王丹,L0060
IN202607090031,SKU0107,13,2026-07-09 11:50:00,2026-07-09 11:59:38,宋超,L0060
IN202607150023,SKU0107,13,2026-07-15 09:36:00,2026-07-15 09:44:28,徐萍,L0060
IN202607210028,SKU0107,13,2026-07-21 08:13:00,2026-07-21 10:44:33,姚佳,L0060
IN202607270028,SKU0107,13,2026-07-27 08:48:00,2026-07-27 09:05:20,廖晨,L0060
IN202608020027,SKU0107,13,2026-08-02 09:45:00,2026-08-02 10:04:11,刘旭,L0060
IN202608080024,SKU0107,13,2026-08-08 09:59:00,2026-08-08 10:09:30,杨建军,L0060
IN202608140029,SKU0107,13,2026-08-14 11:05:00,2026-08-14 11:04:46,徐萍,L0060
IN202608200030,SKU0107,13,2026-08-20 11:01:00,2026-08-20 10:57:12,宋超,L0060
IN202608260024,SKU0107,13,2026-08-26 11:47:00,2026-08-26 11:47:27,廖晨,L0060
IN202606040020,SKU0108,46,2026-06-04 09:07:00,2026-06-04 09:15:25,李敏,L0786
IN202606090024,SKU0108,46,2026-06-09 09:23:00,2026-06-09 09:21:46,宋超,L0786
IN202606140027,SKU0108,46,2026-06-14 11:12:00,2026-06-14 11:20:38,王丹,L0786
IN202606190018,SKU0108,46,2026-06-19 08:49:00,2026-06-19 11:24:17,刘旭,L0786
IN202606240022,SKU0108,46,2026-06-24 11:53:00,2026-06-24 11:43:53,刘旭,L0786
IN202606290027,SKU0108,46,2026-06-29 08:37:00,2026-06-29 08:35:14,李敏,L0786
IN202607040019,SKU0108,46,2026-07-04 08:48:00,2026-07-04 08:57:27,杨建军,L0786
IN202607090032,SKU0108,46,2026-07-09 10:40:00,2026-07-09 11:18:58,宋超,L0786
IN202607140022,SKU0108,46,2026-07-14 08:19:00,2026-07-14 08:43:07,卓雪,L0786
IN202607190016,SKU0108,46,2026-07-19 11:01:00,2026-07-19 11:16:10,廖晨,L0786
IN202607240028,SKU0108,46,2026-07-24 11:51:00,2026-07-24 12:15:58,刘旭,L0786
IN202607290023,SKU0108,46,2026-07-29 10:59:00,2026-07-29 11:11:30,杨建军,L0786
IN202608030020,SKU0108,46,2026-08-03 10:02:00,2026-08-03 10:23:39,杨建军,L0786
IN202608080025,SKU0108,46,2026-08-08 11:47:00,2026-08-08 11:57:39,郑婷婷,L0786
IN202608130030,SKU0108,46,2026-08-13 08:19:00,2026-08-13 09:09:45,杨建军,L0786
IN202608180017,SKU0108,46,2026-08-18 11:54:00,2026-08-18 12:08:10,刘旭,L0786
IN202608230026,SKU0108,46,2026-08-23 10:32:00,2026-08-23 10:29:14,姚佳,L0786
IN202608280023,SKU0108,46,2026-08-28 10:30:00,2026-08-28 10:26:30,廖晨,L0786
IN202606040021,SKU0109,13,2026-06-04 08:17:00,2026-06-04 08:22:16,刘旭,L0178
IN202606090025,SKU0109,13,2026-06-09 11:13:00,2026-06-09 14:59:15,李敏,L0178
IN202606140028,SKU0109,13,2026-06-14 11:32:00,2026-06-14 11:32:40,姚佳,L0178
IN202606190019,SKU0109,13,2026-06-19 11:39:00,2026-06-19 11:30:06,刘旭,L0178
IN202606240023,SKU0109,13,2026-06-24 10:02:00,2026-06-24 12:34:37,刘旭,L0178
IN202606290028,SKU0109,13,2026-06-29 08:19:00,2026-06-29 08:18:10,廖晨,L0178
IN202607040020,SKU0109,13,2026-07-04 10:09:00,2026-07-04 10:32:40,李敏,L0178
IN202607090033,SKU0109,13,2026-07-09 11:40:00,2026-07-09 12:00:00,徐萍,L0178
IN202607140023,SKU0109,13,2026-07-14 08:56:00,2026-07-14 08:49:06,刘旭,L0178
IN202607190017,SKU0109,13,2026-07-19 11:48:00,2026-07-19 11:56:20,姚佳,L0178
IN202607240029,SKU0109,13,2026-07-24 10:23:00,2026-07-24 10:36:36,毛燕,L0178
IN202607290024,SKU0109,13,2026-07-29 10:06:00,2026-07-29 13:49:25,卓雪,L0178
IN202608030021,SKU0109,13,2026-08-03 08:27:00,2026-08-03 08:20:36,杨建军,L0178
IN202608080026,SKU0109,13,2026-08-08 08:04:00,2026-08-08 08:16:23,刘旭,L0178
IN202608130031,SKU0109,13,2026-08-13 10:05:00,2026-08-13 10:18:37,宋超,L0178
IN202608180018,SKU0109,13,2026-08-18 08:13:00,2026-08-18 08:25:51,刘旭,L0178
IN202608230027,SKU0109,13,2026-08-23 10:13:00,2026-08-23 10:31:22,李敏,L0178
IN202608280024,SKU0109,13,2026-08-28 10:31:00,2026-08-28 13:20:09,王丹,L0178
IN202606020025,SKU0110,13,2026-06-02 10:52:00,2026-06-02 13:20:47,杨建军,L0151
IN202606060030,SKU0110,13,2026-06-06 10:43:00,2026-06-06 11:33:05,刘旭,L0151
IN202606100018,SKU0110,13,2026-06-10 10:51:00,2026-06-10 12:12:01,廖晨,L0151
IN202606140029,SKU0110,13,2026-06-14 11:14:00,2026-06-14 11:15:24,李帆,L0151
IN202606180031,SKU0110,13,2026-06-18 10:06:00,2026-06-18 10:00:47,李帆,L0151
IN202606220023,SKU0110,13,2026-06-22 08:23:00,2026-06-22 08:35:18,卓雪,L0151
IN202606260028,SKU0110,13,2026-06-26 09:58:00,2026-06-26 09:54:20,李帆,L0151
IN202606300029,SKU0110,13,2026-06-30 10:54:00,2026-06-30 11:02:31,郑婷婷,L0151
IN202607040021,SKU0110,13,2026-07-04 08:46:00,2026-07-04 08:49:43,李帆,L0151
IN202607080022,SKU0110,13,2026-07-08 11:46:00,2026-07-08 11:54:28,宋超,L0151
IN202607120029,SKU0110,13,2026-07-12 11:55:00,2026-07-12 12:18:00,宋超,L0151
IN202607160025,SKU0110,13,2026-07-16 10:31:00,2026-07-16 10:22:48,卓雪,L0151
IN202607200032,SKU0110,13,2026-07-20 09:45:00,2026-07-20 10:34:33,刘旭,L0151
IN202607240030,SKU0110,13,2026-07-24 10:53:00,2026-07-24 13:58:09,杨建军,L0151
IN202607280017,SKU0110,13,2026-07-28 11:47:00,2026-07-28 12:04:27,刘旭,L0151
IN202608010026,SKU0110,13,2026-08-01 08:53:00,2026-08-01 09:16:13,卓雪,L0151
IN202608050027,SKU0110,13,2026-08-05 10:38:00,2026-08-05 11:01:54,卓雪,L0151
IN202608090022,SKU0110,13,2026-08-09 09:17:00,2026-08-09 09:07:51,宋超,L0151
IN202608130032,SKU0110,13,2026-08-13 10:17:00,2026-08-13 10:28:21,李帆,L0151
IN202608170031,SKU0110,13,2026-08-17 10:53:00,2026-08-17 14:31:25,李敏,L0151
IN202608210019,SKU0110,13,2026-08-21 08:24:00,2026-08-21 08:31:25,廖晨,L0151
IN202608250027,SKU0110,13,2026-08-25 10:00:00,2026-08-25 10:06:01,徐萍,L0151
IN202608290030,SKU0110,13,2026-08-29 11:23:00,2026-08-29 11:18:42,廖晨,L0151
IN202606010021,SKU0111,30,2026-06-01 11:16:00,2026-06-01 11:07:40,毛燕,L0701
IN202606070019,SKU0111,30,2026-06-07 11:43:00,2026-06-07 11:45:38,郑婷婷,L0701
IN202606130014,SKU0111,30,2026-06-13 09:03:00,2026-06-13 08:55:39,李帆,L0701
IN202606190020,SKU0111,30,2026-06-19 10:57:00,2026-06-19 11:21:51,郑婷婷,L0701
IN202606250021,SKU0111,30,2026-06-25 11:28:00,2026-06-25 11:51:49,姚佳,L0701
IN202607010017,SKU0111,30,2026-07-01 11:42:00,2026-07-01 11:46:04,廖晨,L0701
IN202607070014,SKU0111,30,2026-07-07 10:21:00,2026-07-07 10:25:08,刘旭,L0701
IN202607130021,SKU0111,30,2026-07-13 09:37:00,2026-07-13 09:27:58,姚佳,L0701
IN202607190018,SKU0111,30,2026-07-19 09:09:00,2026-07-19 09:45:07,姚佳,L0701
IN202607250020,SKU0111,30,2026-07-25 11:25:00,2026-07-25 11:18:20,王丹,L0701
IN202607310017,SKU0111,30,2026-07-31 09:47:00,2026-07-31 10:02:45,刘旭,L0701
IN202608060022,SKU0111,30,2026-08-06 08:13:00,2026-08-06 08:16:23,毛燕,L0701
IN202608120011,SKU0111,30,2026-08-12 09:41:00,2026-08-12 11:01:09,徐萍,L0701
IN202608180019,SKU0111,30,2026-08-18 08:15:00,2026-08-18 12:10:28,王丹,L0701
IN202608240021,SKU0111,30,2026-08-24 09:13:00,2026-08-24 12:22:48,李敏,L0701
IN202606050025,SKU0112,13,2026-06-05 11:09:00,2026-06-05 11:27:27,廖晨,L0526
IN202606100019,SKU0112,13,2026-06-10 11:26:00,2026-06-10 11:16:03,郑婷婷,L0526
IN202606150034,SKU0112,13,2026-06-15 09:57:00,2026-06-15 09:50:01,杨建军,L0526
IN202606200025,SKU0112,13,2026-06-20 08:01:00,2026-06-20 08:25:35,毛燕,L0526
IN202606250022,SKU0112,13,2026-06-25 09:55:00,2026-06-25 10:06:12,毛燕,L0526
IN202606300030,SKU0112,13,2026-06-30 08:57:00,2026-06-30 09:08:15,李帆,L0526
IN202607050029,SKU0112,13,2026-07-05 11:45:00,2026-07-05 11:48:11,李帆,L0526
IN202607100018,SKU0112,13,2026-07-10 08:42:00,2026-07-10 11:17:53,姚佳,L0526
IN202607150024,SKU0112,13,2026-07-15 08:05:00,2026-07-15 08:16:46,李敏,L0526
IN202607200033,SKU0112,13,2026-07-20 10:02:00,2026-07-20 10:12:10,杨建军,L0526
IN202607250021,SKU0112,13,2026-07-25 10:34:00,2026-07-25 10:51:44,宋超,L0526
IN202607300031,SKU0112,13,2026-07-30 11:34:00,2026-07-30 11:28:39,杨建军,L0526
IN202608040024,SKU0112,13,2026-08-04 11:49:00,2026-08-04 11:50:13,李帆,L0526
IN202608090023,SKU0112,13,2026-08-09 10:24:00,2026-08-09 10:40:14,王丹,L0526
IN202608140030,SKU0112,13,2026-08-14 10:05:00,2026-08-14 11:30:09,廖晨,L0526
IN202608190022,SKU0112,13,2026-08-19 08:09:00,2026-08-19 08:09:13,毛燕,L0526
IN202608240022,SKU0112,13,2026-08-24 09:48:00,2026-08-24 09:46:45,姚佳,L0526
IN202608290031,SKU0112,13,2026-08-29 10:46:00,2026-08-29 12:37:39,杨建军,L0526
IN202606040022,SKU0113,13,2026-06-04 10:53:00,2026-06-04 11:10:13,宋超,L0145
IN202606090026,SKU0113,13,2026-06-09 08:28:00,2026-06-09 08:42:16,刘旭,L0145
IN202606140030,SKU0113,13,2026-06-14 11:15:00,2026-06-14 11:23:05,郑婷婷,L0145
IN202606190021,SKU0113,13,2026-06-19 08:53:00,2026-06-19 09:05:20,杨建军,L0145
IN202606240024,SKU0113,13,2026-06-24 08:51:00,2026-06-24 08:48:34,卓雪,L0145
IN202606290029,SKU0113,13,2026-06-29 08:56:00,2026-06-29 09:38:12,毛燕,L0145
IN202607040022,SKU0113,13,2026-07-04 08:10:00,2026-07-04 08:21:17,李帆,L0145
IN202607090034,SKU0113,13,2026-07-09 09:08:00,2026-07-09 11:05:45,王丹,L0145
IN202607140024,SKU0113,13,2026-07-14 08:11:00,2026-07-14 08:25:05,王丹,L0145
IN202607190019,SKU0113,13,2026-07-19 08:53:00,2026-07-19 09:07:09,卓雪,L0145
IN202607240031,SKU0113,13,2026-07-24 08:13:00,2026-07-24 08:29:52,李帆,L0145
IN202607290025,SKU0113,13,2026-07-29 09:31:00,2026-07-29 09:22:56,李敏,L0145
IN202608030022,SKU0113,13,2026-08-03 11:52:00,2026-08-03 12:32:28,李帆,L0145
IN202608080027,SKU0113,13,2026-08-08 09:35:00,2026-08-08 09:53:41,王丹,L0145
IN202608130033,SKU0113,13,2026-08-13 11:38:00,2026-08-13 11:43:42,宋超,L0145
IN202608180020,SKU0113,13,2026-08-18 08:11:00,2026-08-18 08:18:21,郑婷婷,L0145
IN202608230028,SKU0113,13,2026-08-23 09:49:00,2026-08-23 10:06:47,宋超,L0145
IN202608280025,SKU0113,13,2026-08-28 10:50:00,2026-08-28 11:09:44,宋超,L0145
IN202606010022,SKU0114,17,2026-06-01 08:40:00,2026-06-01 08:59:46,廖晨,L0385
IN202606060031,SKU0114,17,2026-06-06 10:22:00,2026-06-06 10:18:27,姚佳,L0385
IN202606110032,SKU0114,17,2026-06-11 10:33:00,2026-06-11 10:42:21,姚佳,L0385
IN202606160017,SKU0114,17,2026-06-16 09:33:00,2026-06-16 09:24:15,毛燕,L0385
IN202606210028,SKU0114,17,2026-06-21 09:00:00,2026-06-21 09:02:36,李帆,L0385
IN202606260029,SKU0114,17,2026-06-26 08:25:00,2026-06-26 11:15:07,刘旭,L0385
IN202607010018,SKU0114,17,2026-07-01 10:27:00,2026-07-01 10:34:30,刘旭,L0385
IN202607060031,SKU0114,17,2026-07-06 10:00:00,2026-07-06 13:44:48,刘旭,L0385
IN202607110025,SKU0114,17,2026-07-11 08:13:00,2026-07-11 08:03:01,李敏,L0385
IN202607160026,SKU0114,17,2026-07-16 08:39:00,2026-07-16 08:30:32,李帆,L0385
IN202607210029,SKU0114,17,2026-07-21 11:16:00,2026-07-21 11:14:44,卓雪,L0385
IN202607260026,SKU0114,17,2026-07-26 09:25:00,2026-07-26 09:45:10,宋超,L0385
IN202607310018,SKU0114,17,2026-07-31 08:42:00,2026-07-31 08:40:18,卓雪,L0385
IN202608050028,SKU0114,17,2026-08-05 10:35:00,2026-08-05 10:32:53,刘旭,L0385
IN202608100032,SKU0114,17,2026-08-10 11:27:00,2026-08-10 11:44:04,李帆,L0385
IN202608150018,SKU0114,17,2026-08-15 11:39:00,2026-08-15 11:46:37,王丹,L0385
IN202608200031,SKU0114,17,2026-08-20 08:02:00,2026-08-20 08:11:02,姚佳,L0385
IN202608250028,SKU0114,17,2026-08-25 10:37:00,2026-08-25 10:51:15,李帆,L0385
IN202606040023,SKU0115,14,2026-06-04 08:54:00,2026-06-04 09:08:56,毛燕,L0306
IN202606080026,SKU0115,14,2026-06-08 10:23:00,2026-06-08 10:32:09,廖晨,L0306
IN202606120025,SKU0115,14,2026-06-12 11:09:00,2026-06-12 11:29:03,郑婷婷,L0306
IN202606160018,SKU0115,14,2026-06-16 10:32:00,2026-06-16 10:30:50,刘旭,L0306
IN202606200026,SKU0115,14,2026-06-20 09:18:00,2026-06-20 09:27:44,李敏,L0306
IN202606240025,SKU0115,14,2026-06-24 08:25:00,2026-06-24 08:22:09,郑婷婷,L0306
IN202606280016,SKU0115,14,2026-06-28 10:08:00,2026-06-28 09:59:25,刘旭,L0306
IN202607020027,SKU0115,14,2026-07-02 11:53:00,2026-07-02 11:44:10,刘旭,L0306
IN202607060032,SKU0115,14,2026-07-06 11:10:00,2026-07-06 11:02:37,李帆,L0306
IN202607100019,SKU0115,14,2026-07-10 09:59:00,2026-07-10 10:19:43,卓雪,L0306
IN202607140025,SKU0115,14,2026-07-14 09:09:00,2026-07-14 09:08:32,卓雪,L0306
IN202607180024,SKU0115,14,2026-07-18 10:49:00,2026-07-18 10:47:01,李帆,L0306
IN202607220013,SKU0115,14,2026-07-22 11:08:00,2026-07-22 11:08:48,宋超,L0306
IN202607260027,SKU0115,14,2026-07-26 11:16:00,2026-07-26 11:28:06,王丹,L0306
IN202607300032,SKU0115,14,2026-07-30 10:11:00,2026-07-30 14:09:50,郑婷婷,L0306
IN202608030023,SKU0115,14,2026-08-03 09:56:00,2026-08-03 10:02:40,李帆,L0306
IN202608070022,SKU0115,14,2026-08-07 10:58:00,2026-08-07 13:04:30,刘旭,L0306
IN202608110024,SKU0115,14,2026-08-11 09:50:00,2026-08-11 09:45:00,郑婷婷,L0306
IN202608150019,SKU0115,14,2026-08-15 11:54:00,2026-08-15 12:31:03,王丹,L0306
IN202608190023,SKU0115,14,2026-08-19 10:28:00,2026-08-19 12:52:18,郑婷婷,L0306
IN202608230029,SKU0115,14,2026-08-23 10:53:00,2026-08-23 14:49:48,廖晨,L0306
IN202608270019,SKU0115,14,2026-08-27 10:34:00,2026-08-27 13:34:26,郑婷婷,L0306
IN202606040024,SKU0116,32,2026-06-04 08:25:00,2026-06-04 09:57:36,卓雪,L0631
IN202606080027,SKU0116,32,2026-06-08 11:56:00,2026-06-08 12:07:15,王丹,L0631
IN202606120026,SKU0116,32,2026-06-12 11:50:00,2026-06-12 12:08:29,杨建军,L0631
IN202606160019,SKU0116,32,2026-06-16 09:20:00,2026-06-16 09:22:08,郑婷婷,L0631
IN202606200027,SKU0116,32,2026-06-20 09:28:00,2026-06-20 11:15:58,姚佳,L0631
IN202606240026,SKU0116,32,2026-06-24 09:14:00,2026-06-24 11:05:32,徐萍,L0631
IN202606280017,SKU0116,32,2026-06-28 09:55:00,2026-06-28 10:09:53,廖晨,L0631
IN202607020028,SKU0116,32,2026-07-02 08:08:00,2026-07-02 08:03:29,宋超,L0631
IN202607060033,SKU0116,32,2026-07-06 09:34:00,2026-07-06 09:30:20,廖晨,L0631
IN202607100020,SKU0116,32,2026-07-10 10:54:00,2026-07-10 10:45:32,李敏,L0631
IN202607140026,SKU0116,32,2026-07-14 08:38:00,2026-07-14 08:31:36,姚佳,L0631
IN202607180025,SKU0116,32,2026-07-18 11:10:00,2026-07-18 11:25:22,杨建军,L0631
IN202607220014,SKU0116,32,2026-07-22 08:40:00,2026-07-22 08:40:54,王丹,L0631
IN202607260028,SKU0116,32,2026-07-26 08:51:00,2026-07-26 12:35:46,姚佳,L0631
IN202607300033,SKU0116,32,2026-07-30 08:38:00,2026-07-30 08:50:45,廖晨,L0631
IN202608030024,SKU0116,32,2026-08-03 11:00:00,2026-08-03 10:53:52,廖晨,L0631
IN202608070023,SKU0116,32,2026-08-07 11:59:00,2026-08-07 12:20:22,姚佳,L0631
IN202608110025,SKU0116,32,2026-08-11 10:05:00,2026-08-11 09:55:31,杨建军,L0631
IN202608150020,SKU0116,32,2026-08-15 09:59:00,2026-08-15 10:12:03,刘旭,L0631
IN202608190024,SKU0116,32,2026-08-19 09:53:00,2026-08-19 09:57:59,李敏,L0631
IN202608230030,SKU0116,32,2026-08-23 11:50:00,2026-08-23 11:40:02,杨建军,L0631
IN202608270020,SKU0116,32,2026-08-27 10:45:00,2026-08-27 11:04:22,王丹,L0631
IN202606010023,SKU0117,12,2026-06-01 08:03:00,2026-06-01 08:18:45,徐萍,L0173
IN202606060032,SKU0117,12,2026-06-06 11:32:00,2026-06-06 11:50:26,姚佳,L0173
IN202606110033,SKU0117,12,2026-06-11 08:16:00,2026-06-11 08:38:21,刘旭,L0173
IN202606160020,SKU0117,12,2026-06-16 11:50:00,2026-06-16 11:43:41,郑婷婷,L0173
IN202606210029,SKU0117,12,2026-06-21 10:05:00,2026-06-21 10:05:53,郑婷婷,L0173
IN202606260030,SKU0117,12,2026-06-26 08:40:00,2026-06-26 08:49:29,李帆,L0173
IN202607010019,SKU0117,12,2026-07-01 08:42:00,2026-07-01 08:56:58,郑婷婷,L0173
IN202607060034,SKU0117,12,2026-07-06 08:54:00,2026-07-06 12:45:14,廖晨,L0173
IN202607110026,SKU0117,12,2026-07-11 10:37:00,2026-07-11 10:51:23,毛燕,L0173
IN202607160027,SKU0117,12,2026-07-16 08:38:00,2026-07-16 08:51:20,李帆,L0173
IN202607210030,SKU0117,12,2026-07-21 08:24:00,2026-07-21 11:08:57,刘旭,L0173
IN202607260029,SKU0117,12,2026-07-26 10:38:00,2026-07-26 14:31:56,毛燕,L0173
IN202607310019,SKU0117,12,2026-07-31 08:33:00,2026-07-31 08:57:07,李帆,L0173
IN202608050029,SKU0117,12,2026-08-05 11:44:00,2026-08-05 11:56:48,李帆,L0173
IN202608100033,SKU0117,12,2026-08-10 09:08:00,2026-08-10 09:31:09,徐萍,L0173
IN202608150021,SKU0117,12,2026-08-15 09:26:00,2026-08-15 09:26:25,毛燕,L0173
IN202608200032,SKU0117,12,2026-08-20 09:18:00,2026-08-20 09:08:22,王丹,L0173
IN202608250029,SKU0117,12,2026-08-25 11:46:00,2026-08-25 11:51:45,徐萍,L0173
IN202606020026,SKU0118,12,2026-06-02 08:17:00,2026-06-02 08:10:09,王丹,L0017
IN202606070020,SKU0118,12,2026-06-07 08:39:00,2026-06-07 08:29:23,刘旭,L0017
IN202606120027,SKU0118,12,2026-06-12 11:48:00,2026-06-12 13:41:32,毛燕,L0017
IN202606170020,SKU0118,12,2026-06-17 08:25:00,2026-06-17 08:44:34,毛燕,L0017
IN202606220024,SKU0118,12,2026-06-22 10:13:00,2026-06-22 10:28:44,徐萍,L0017
IN202606270028,SKU0118,12,2026-06-27 09:26:00,2026-06-27 10:02:36,卓雪,L0017
IN202607020029,SKU0118,12,2026-07-02 11:18:00,2026-07-02 11:12:49,卓雪,L0017
IN202607070015,SKU0118,12,2026-07-07 11:40:00,2026-07-07 12:26:30,廖晨,L0017
IN202607120030,SKU0118,12,2026-07-12 09:40:00,2026-07-12 09:46:39,李帆,L0017
IN202607170026,SKU0118,12,2026-07-17 08:10:00,2026-07-17 08:12:17,毛燕,L0017
IN202607220015,SKU0118,12,2026-07-22 09:21:00,2026-07-22 09:38:40,徐萍,L0017
IN202607270029,SKU0118,12,2026-07-27 10:58:00,2026-07-27 13:27:56,李敏,L0017
IN202608010027,SKU0118,12,2026-08-01 09:30:00,2026-08-01 09:23:46,李帆,L0017
IN202608060023,SKU0118,12,2026-08-06 11:37:00,2026-08-06 11:58:14,姚佳,L0017
IN202608110026,SKU0118,12,2026-08-11 08:35:00,2026-08-11 08:36:07,李帆,L0017
IN202608160024,SKU0118,12,2026-08-16 08:45:00,2026-08-16 08:59:02,毛燕,L0017
IN202608210020,SKU0118,12,2026-08-21 08:21:00,2026-08-21 08:20:23,杨建军,L0017
IN202608260025,SKU0118,12,2026-08-26 11:29:00,2026-08-26 11:26:26,杨建军,L0017
IN202606010024,SKU0119,18,2026-06-01 08:10:00,2026-06-01 10:43:51,姚佳,L0468
IN202606050026,SKU0119,18,2026-06-05 08:58:00,2026-06-05 09:21:12,郑婷婷,L0468
IN202606090027,SKU0119,18,2026-06-09 08:28:00,2026-06-09 08:34:30,李帆,L0468
IN202606130015,SKU0119,18,2026-06-13 11:41:00,2026-06-13 14:35:54,王丹,L0468
IN202606170021,SKU0119,18,2026-06-17 10:30:00,2026-06-17 10:42:47,毛燕,L0468
IN202606210030,SKU0119,18,2026-06-21 09:41:00,2026-06-21 09:55:33,李帆,L0468
IN202606250023,SKU0119,18,2026-06-25 10:16:00,2026-06-25 10:13:11,姚佳,L0468
IN202606290030,SKU0119,18,2026-06-29 09:26:00,2026-06-29 11:26:33,李敏,L0468
IN202607030024,SKU0119,18,2026-07-03 08:00:00,2026-07-03 08:14:38,李敏,L0468
IN202607070016,SKU0119,18,2026-07-07 10:46:00,2026-07-07 11:33:11,廖晨,L0468
IN202607110027,SKU0119,18,2026-07-11 10:47:00,2026-07-11 11:02:07,杨建军,L0468
IN202607150025,SKU0119,18,2026-07-15 10:49:00,2026-07-15 11:04:21,杨建军,L0468
IN202607190020,SKU0119,18,2026-07-19 10:57:00,2026-07-19 11:44:58,刘旭,L0468
IN202607230026,SKU0119,18,2026-07-23 10:06:00,2026-07-23 10:07:42,郑婷婷,L0468
IN202607270030,SKU0119,18,2026-07-27 09:06:00,2026-07-27 09:04:43,杨建军,L0468
IN202607310020,SKU0119,18,2026-07-31 08:42:00,2026-07-31 08:46:02,李帆,L0468
IN202608040025,SKU0119,18,2026-08-04 09:11:00,2026-08-04 10:34:16,李帆,L0468
IN202608080028,SKU0119,18,2026-08-08 09:15:00,2026-08-08 09:06:39,郑婷婷,L0468
IN202608120012,SKU0119,18,2026-08-12 09:33:00,2026-08-12 13:18:46,王丹,L0468
IN202608160025,SKU0119,18,2026-08-16 11:55:00,2026-08-16 11:56:03,李帆,L0468
IN202608200033,SKU0119,18,2026-08-20 10:45:00,2026-08-20 11:06:05,宋超,L0468
IN202608240023,SKU0119,18,2026-08-24 09:30:00,2026-08-24 09:49:17,郑婷婷,L0468
IN202608280026,SKU0119,18,2026-08-28 11:51:00,2026-08-28 13:15:53,毛燕,L0468
IN202606040025,SKU0120,12,2026-06-04 09:53:00,2026-06-04 10:10:39,徐萍,L0605
IN202606080028,SKU0120,12,2026-06-08 08:53:00,2026-06-08 09:12:48,毛燕,L0605
IN202606120028,SKU0120,12,2026-06-12 09:24:00,2026-06-12 09:18:42,杨建军,L0605
IN202606160021,SKU0120,12,2026-06-16 10:58:00,2026-06-16 10:49:37,李帆,L0605
IN202606200028,SKU0120,12,2026-06-20 10:41:00,2026-06-20 10:46:20,姚佳,L0605
IN202606240027,SKU0120,12,2026-06-24 11:49:00,2026-06-24 11:45:28,李敏,L0605
IN202606280018,SKU0120,12,2026-06-28 11:34:00,2026-06-28 11:28:24,毛燕,L0605
IN202607020030,SKU0120,12,2026-07-02 09:13:00,2026-07-02 09:32:36,毛燕,L0605
IN202607060035,SKU0120,12,2026-07-06 08:14:00,2026-07-06 08:29:52,郑婷婷,L0605
IN202607100021,SKU0120,12,2026-07-10 09:41:00,2026-07-10 10:05:33,李帆,L0605
IN202607140027,SKU0120,12,2026-07-14 10:17:00,2026-07-14 10:26:13,宋超,L0605
IN202607180026,SKU0120,12,2026-07-18 11:28:00,2026-07-18 11:35:46,徐萍,L0605
IN202607220016,SKU0120,12,2026-07-22 10:48:00,2026-07-22 11:28:26,刘旭,L0605
IN202607260030,SKU0120,12,2026-07-26 09:57:00,2026-07-26 10:21:58,宋超,L0605
IN202607300034,SKU0120,12,2026-07-30 11:23:00,2026-07-30 11:30:48,卓雪,L0605
IN202608030025,SKU0120,12,2026-08-03 11:53:00,2026-08-03 12:11:15,李帆,L0605
IN202608070024,SKU0120,12,2026-08-07 08:53:00,2026-08-07 08:50:37,廖晨,L0605
IN202608110027,SKU0120,12,2026-08-11 08:00:00,2026-08-11 07:56:45,徐萍,L0605
IN202608150022,SKU0120,12,2026-08-15 11:33:00,2026-08-15 11:52:34,郑婷婷,L0605
IN202608190025,SKU0120,12,2026-08-19 10:13:00,2026-08-19 11:26:41,杨建军,L0605
IN202608230031,SKU0120,12,2026-08-23 10:25:00,2026-08-23 10:25:51,姚佳,L0605
IN202608270021,SKU0120,12,2026-08-27 10:51:00,2026-08-27 11:15:08,李帆,L0605
IN202606030024,SKU0121,16,2026-06-03 09:33:00,2026-06-03 09:42:03,姚佳,L0622
IN202606060033,SKU0121,16,2026-06-06 10:15:00,2026-06-06 10:33:59,徐萍,L0622
IN202606090028,SKU0121,16,2026-06-09 09:58:00,2026-06-09 10:13:59,李敏,L0622
IN202606120029,SKU0121,16,2026-06-12 09:53:00,2026-06-12 09:59:59,李敏,L0622
IN202606150035,SKU0121,16,2026-06-15 10:41:00,2026-06-15 10:59:48,杨建军,L0622
IN202606180032,SKU0121,16,2026-06-18 10:09:00,2026-06-18 10:22:47,廖晨,L0622
IN202606210031,SKU0121,16,2026-06-21 08:52:00,2026-06-21 08:57:13,王丹,L0622
IN202606240028,SKU0121,16,2026-06-24 09:59:00,2026-06-24 09:57:13,李帆,L0622
IN202606270029,SKU0121,16,2026-06-27 08:26:00,2026-06-27 08:41:24,王丹,L0622
IN202606300031,SKU0121,16,2026-06-30 11:06:00,2026-06-30 11:04:55,姚佳,L0622
IN202607030025,SKU0121,16,2026-07-03 08:03:00,2026-07-03 08:14:30,廖晨,L0622
IN202607060036,SKU0121,16,2026-07-06 08:05:00,2026-07-06 08:21:43,王丹,L0622
IN202607090035,SKU0121,16,2026-07-09 10:32:00,2026-07-09 10:27:00,李敏,L0622
IN202607120031,SKU0121,16,2026-07-12 08:46:00,2026-07-12 09:08:40,杨建军,L0622
IN202607150026,SKU0121,16,2026-07-15 10:16:00,2026-07-15 10:21:25,廖晨,L0622
IN202607180027,SKU0121,16,2026-07-18 08:13:00,2026-07-18 08:34:30,卓雪,L0622
IN202607210031,SKU0121,16,2026-07-21 11:42:00,2026-07-21 14:00:43,李帆,L0622
IN202607240032,SKU0121,16,2026-07-24 10:20:00,2026-07-24 10:17:02,刘旭,L0622
IN202607270031,SKU0121,16,2026-07-27 10:41:00,2026-07-27 10:40:20,李帆,L0622
IN202607300035,SKU0121,16,2026-07-30 10:01:00,2026-07-30 11:02:38,卓雪,L0622
IN202608020028,SKU0121,16,2026-08-02 09:14:00,2026-08-02 09:20:30,廖晨,L0622
IN202608050030,SKU0121,16,2026-08-05 08:20:00,2026-08-05 11:23:40,姚佳,L0622
IN202608080029,SKU0121,16,2026-08-08 08:45:00,2026-08-08 08:44:14,宋超,L0622
IN202608110028,SKU0121,16,2026-08-11 10:27:00,2026-08-11 10:20:54,杨建军,L0622
IN202608140031,SKU0121,16,2026-08-14 09:42:00,2026-08-14 09:32:08,李帆,L0622
IN202608170032,SKU0121,16,2026-08-17 10:30:00,2026-08-17 10:37:18,李帆,L0622
IN202608200034,SKU0121,16,2026-08-20 11:59:00,2026-08-20 12:20:57,李敏,L0622
IN202608230032,SKU0121,16,2026-08-23 11:40:00,2026-08-23 11:40:38,廖晨,L0622
IN202608260026,SKU0121,16,2026-08-26 11:57:00,2026-08-26 12:06:04,郑婷婷,L0622
IN202608290032,SKU0121,16,2026-08-29 08:08:00,2026-08-29 08:00:55,宋超,L0622
IN202606030025,SKU0122,16,2026-06-03 09:54:00,2026-06-03 10:11:39,李敏,L0317
IN202606060034,SKU0122,16,2026-06-06 08:47:00,2026-06-06 09:04:18,毛燕,L0317
IN202606090029,SKU0122,16,2026-06-09 08:41:00,2026-06-09 08:52:54,廖晨,L0317
IN202606120030,SKU0122,16,2026-06-12 11:53:00,2026-06-12 11:43:34,廖晨,L0317
IN202606150036,SKU0122,16,2026-06-15 09:00:00,2026-06-15 09:03:26,卓雪,L0317
IN202606180033,SKU0122,16,2026-06-18 08:47:00,2026-06-18 08:45:55,李帆,L0317
IN202606210032,SKU0122,16,2026-06-21 10:17:00,2026-06-21 10:36:13,宋超,L0317
IN202606240029,SKU0122,16,2026-06-24 09:35:00,2026-06-24 11:49:12,徐萍,L0317
IN202606270030,SKU0122,16,2026-06-27 08:47:00,2026-06-27 09:11:05,徐萍,L0317
IN202606300032,SKU0122,16,2026-06-30 08:12:00,2026-06-30 08:24:36,李帆,L0317
IN202607030026,SKU0122,16,2026-07-03 10:32:00,2026-07-03 11:21:13,李敏,L0317
IN202607060037,SKU0122,16,2026-07-06 11:58:00,2026-07-06 11:56:51,卓雪,L0317
IN202607090036,SKU0122,16,2026-07-09 11:48:00,2026-07-09 12:09:30,徐萍,L0317
IN202607120032,SKU0122,16,2026-07-12 11:28:00,2026-07-12 11:42:21,李帆,L0317
IN202607150027,SKU0122,16,2026-07-15 11:05:00,2026-07-15 10:56:49,杨建军,L0317
IN202607180028,SKU0122,16,2026-07-18 08:41:00,2026-07-18 08:58:07,廖晨,L0317
IN202607210032,SKU0122,16,2026-07-21 10:20:00,2026-07-21 10:58:32,李帆,L0317
IN202607240033,SKU0122,16,2026-07-24 11:07:00,2026-07-24 11:24:23,宋超,L0317
IN202607270032,SKU0122,16,2026-07-27 09:37:00,2026-07-27 09:33:00,刘旭,L0317
IN202607300036,SKU0122,16,2026-07-30 08:14:00,2026-07-30 08:24:48,徐萍,L0317
IN202608020029,SKU0122,16,2026-08-02 11:37:00,2026-08-02 11:27:40,姚佳,L0317
IN202608050031,SKU0122,16,2026-08-05 09:55:00,2026-08-05 10:00:10,卓雪,L0317
IN202608080030,SKU0122,16,2026-08-08 10:36:00,2026-08-08 12:55:24,姚佳,L0317
IN202608110029,SKU0122,16,2026-08-11 10:46:00,2026-08-11 12:31:39,郑婷婷,L0317
IN202608140032,SKU0122,16,2026-08-14 08:37:00,2026-08-14 08:51:08,卓雪,L0317
IN202608170033,SKU0122,16,2026-08-17 11:06:00,2026-08-17 11:29:29,廖晨,L0317
IN202608200035,SKU0122,16,2026-08-20 09:53:00,2026-08-20 13:06:27,姚佳,L0317
IN202608230033,SKU0122,16,2026-08-23 08:58:00,2026-08-23 09:08:33,王丹,L0317
IN202608260027,SKU0122,16,2026-08-26 10:13:00,2026-08-26 10:35:21,郑婷婷,L0317
IN202608290033,SKU0122,16,2026-08-29 08:51:00,2026-08-29 08:42:05,刘旭,L0317
IN202606040026,SKU0123,69,2026-06-04 09:34:00,2026-06-04 12:53:57,姚佳,L0560
IN202606100020,SKU0123,69,2026-06-10 11:22:00,2026-06-10 11:30:09,宋超,L0560
IN202606160022,SKU0123,69,2026-06-16 08:46:00,2026-06-16 08:51:04,李帆,L0560
IN202606220025,SKU0123,69,2026-06-22 08:41:00,2026-06-22 08:42:21,李敏,L0560
IN202606280019,SKU0123,69,2026-06-28 10:16:00,2026-06-28 10:20:48,姚佳,L0560
IN202607040023,SKU0123,69,2026-07-04 09:36:00,2026-07-04 09:49:42,郑婷婷,L0560
IN202607100022,SKU0123,69,2026-07-10 09:41:00,2026-07-10 09:34:02,李帆,L0560
IN202607160028,SKU0123,69,2026-07-16 11:06:00,2026-07-16 11:13:49,李帆,L0560
IN202607220017,SKU0123,69,2026-07-22 09:43:00,2026-07-22 09:54:18,徐萍,L0560
IN202607280018,SKU0123,69,2026-07-28 11:53:00,2026-07-28 14:25:34,杨建军,L0560
IN202608030026,SKU0123,69,2026-08-03 11:13:00,2026-08-03 11:17:59,王丹,L0560
IN202608090024,SKU0123,69,2026-08-09 11:12:00,2026-08-09 11:09:58,李敏,L0560
IN202608150023,SKU0123,69,2026-08-15 08:16:00,2026-08-15 08:31:35,徐萍,L0560
IN202608210021,SKU0123,69,2026-08-21 11:02:00,2026-08-21 11:19:42,李帆,L0560
IN202608270022,SKU0123,69,2026-08-27 08:28:00,2026-08-27 08:50:41,徐萍,L0560
IN202606060035,SKU0124,14,2026-06-06 11:04:00,2026-06-06 11:00:48,宋超,L0444
IN202606120031,SKU0124,14,2026-06-12 08:34:00,2026-06-12 08:37:14,毛燕,L0444
IN202606180034,SKU0124,14,2026-06-18 09:12:00,2026-06-18 09:35:35,王丹,L0444
IN202606240030,SKU0124,14,2026-06-24 09:56:00,2026-06-24 10:17:46,李帆,L0444
IN202606300033,SKU0124,14,2026-06-30 10:18:00,2026-06-30 10:31:53,卓雪,L0444
IN202607060038,SKU0124,14,2026-07-06 08:15:00,2026-07-06 08:26:15,宋超,L0444
IN202607120033,SKU0124,14,2026-07-12 08:39:00,2026-07-12 09:03:38,宋超,L0444
IN202607180029,SKU0124,14,2026-07-18 10:32:00,2026-07-18 14:25:38,杨建军,L0444
IN202607240034,SKU0124,14,2026-07-24 11:34:00,2026-07-24 11:34:49,卓雪,L0444
IN202607300037,SKU0124,14,2026-07-30 11:20:00,2026-07-30 11:44:11,卓雪,L0444
IN202608050032,SKU0124,14,2026-08-05 10:32:00,2026-08-05 10:39:25,廖晨,L0444
IN202608110030,SKU0124,14,2026-08-11 09:03:00,2026-08-11 09:18:22,李帆,L0444
IN202608170034,SKU0124,14,2026-08-17 09:46:00,2026-08-17 09:41:01,杨建军,L0444
IN202608230034,SKU0124,14,2026-08-23 09:04:00,2026-08-23 09:20:34,郑婷婷,L0444
IN202608290034,SKU0124,14,2026-08-29 09:49:00,2026-08-29 09:43:37,郑婷婷,L0444
IN202606040027,SKU0125,16,2026-06-04 11:06:00,2026-06-04 11:17:48,姚佳,L0377
IN202606100021,SKU0125,16,2026-06-10 09:10:00,2026-06-10 10:21:51,杨建军,L0377
IN202606160023,SKU0125,16,2026-06-16 08:47:00,2026-06-16 08:47:14,刘旭,L0377
IN202606220026,SKU0125,16,2026-06-22 11:01:00,2026-06-22 11:11:05,刘旭,L0377
IN202606280020,SKU0125,16,2026-06-28 11:00:00,2026-06-28 13:02:47,徐萍,L0377
IN202607040024,SKU0125,16,2026-07-04 09:59:00,2026-07-04 10:17:29,毛燕,L0377
IN202607100023,SKU0125,16,2026-07-10 10:47:00,2026-07-10 11:05:58,毛燕,L0377
IN202607160029,SKU0125,16,2026-07-16 11:29:00,2026-07-16 11:53:29,卓雪,L0377
IN202607220018,SKU0125,16,2026-07-22 10:02:00,2026-07-22 11:23:01,毛燕,L0377
IN202607280019,SKU0125,16,2026-07-28 11:06:00,2026-07-28 13:17:18,王丹,L0377
IN202608030027,SKU0125,16,2026-08-03 11:30:00,2026-08-03 11:46:44,杨建军,L0377
IN202608090025,SKU0125,16,2026-08-09 09:37:00,2026-08-09 12:29:16,卓雪,L0377
IN202608150024,SKU0125,16,2026-08-15 10:14:00,2026-08-15 10:23:15,宋超,L0377
IN202608210022,SKU0125,16,2026-08-21 10:34:00,2026-08-21 10:53:03,毛燕,L0377
IN202608270023,SKU0125,16,2026-08-27 09:59:00,2026-08-27 12:40:00,徐萍,L0377
IN202606020027,SKU0126,23,2026-06-02 10:01:00,2026-06-02 09:51:36,郑婷婷,L0200
IN202606080029,SKU0126,23,2026-06-08 08:41:00,2026-06-08 08:32:12,廖晨,L0200
IN202606140031,SKU0126,23,2026-06-14 08:40:00,2026-06-14 09:04:56,王丹,L0200
IN202606200029,SKU0126,23,2026-06-20 10:26:00,2026-06-20 10:47:22,卓雪,L0200
IN202606260031,SKU0126,23,2026-06-26 10:04:00,2026-06-26 13:04:25,姚佳,L0200
IN202607020031,SKU0126,23,2026-07-02 09:01:00,2026-07-02 09:03:38,姚佳,L0200
IN202607080023,SKU0126,23,2026-07-08 09:33:00,2026-07-08 09:36:14,杨建军,L0200
IN202607140028,SKU0126,23,2026-07-14 11:09:00,2026-07-14 14:31:48,姚佳,L0200
IN202607200034,SKU0126,23,2026-07-20 11:05:00,2026-07-20 11:12:23,李敏,L0200
IN202607260031,SKU0126,23,2026-07-26 09:41:00,2026-07-26 11:20:08,毛燕,L0200
IN202608010028,SKU0126,23,2026-08-01 09:03:00,2026-08-01 08:59:15,毛燕,L0200
IN202608070025,SKU0126,23,2026-08-07 09:51:00,2026-08-07 09:57:58,杨建军,L0200
IN202608130034,SKU0126,23,2026-08-13 11:43:00,2026-08-13 11:39:29,姚佳,L0200
IN202608190026,SKU0126,23,2026-08-19 08:51:00,2026-08-19 09:03:15,卓雪,L0200
IN202608250030,SKU0126,23,2026-08-25 09:10:00,2026-08-25 09:15:02,廖晨,L0200
IN202606020028,SKU0127,17,2026-06-02 08:08:00,2026-06-02 08:12:47,李帆,L0033
IN202606090030,SKU0127,17,2026-06-09 10:20:00,2026-06-09 12:03:43,李帆,L0033
IN202606160024,SKU0127,17,2026-06-16 09:54:00,2026-06-16 10:00:58,毛燕,L0033
IN202606230024,SKU0127,17,2026-06-23 09:51:00,2026-06-23 09:50:04,姚佳,L0033
IN202606300034,SKU0127,17,2026-06-30 11:57:00,2026-06-30 12:12:49,宋超,L0033
IN202607070017,SKU0127,17,2026-07-07 08:32:00,2026-07-07 09:42:57,王丹,L0033
IN202607140029,SKU0127,17,2026-07-14 11:15:00,2026-07-14 11:38:54,姚佳,L0033
IN202607210033,SKU0127,17,2026-07-21 08:35:00,2026-07-21 08:31:24,宋超,L0033
IN202607280020,SKU0127,17,2026-07-28 11:45:00,2026-07-28 11:38:33,李敏,L0033
IN202608040026,SKU0127,17,2026-08-04 08:59:00,2026-08-04 08:51:08,郑婷婷,L0033
IN202608110031,SKU0127,17,2026-08-11 10:20:00,2026-08-11 10:20:15,廖晨,L0033
IN202608180021,SKU0127,17,2026-08-18 08:54:00,2026-08-18 08:57:36,徐萍,L0033
IN202608250031,SKU0127,17,2026-08-25 09:12:00,2026-08-25 09:05:33,杨建军,L0033
IN202606010025,SKU0128,17,2026-06-01 10:58:00,2026-06-01 10:57:16,卓雪,L0571
IN202606070021,SKU0128,17,2026-06-07 11:49:00,2026-06-07 13:01:32,郑婷婷,L0571
IN202606130016,SKU0128,17,2026-06-13 09:43:00,2026-06-13 09:55:42,杨建军,L0571
IN202606190022,SKU0128,17,2026-06-19 10:06:00,2026-06-19 10:11:10,卓雪,L0571
IN202606250024,SKU0128,17,2026-06-25 11:02:00,2026-06-25 12:41:08,宋超,L0571
IN202607010020,SKU0128,17,2026-07-01 09:19:00,2026-07-01 11:04:43,卓雪,L0571
IN202607070018,SKU0128,17,2026-07-07 10:50:00,2026-07-07 13:53:32,李敏,L0571
IN202607130022,SKU0128,17,2026-07-13 10:32:00,2026-07-13 10:50:11,李帆,L0571
IN202607190021,SKU0128,17,2026-07-19 08:51:00,2026-07-19 09:05:43,郑婷婷,L0571
IN202607250022,SKU0128,17,2026-07-25 11:11:00,2026-07-25 11:16:50,王丹,L0571
IN202607310021,SKU0128,17,2026-07-31 09:40:00,2026-07-31 09:55:21,廖晨,L0571
IN202608060024,SKU0128,17,2026-08-06 09:05:00,2026-08-06 09:19:01,毛燕,L0571
IN202608120013,SKU0128,17,2026-08-12 10:41:00,2026-08-12 10:44:41,徐萍,L0571
IN202608180022,SKU0128,17,2026-08-18 09:12:00,2026-08-18 09:21:06,李帆,L0571
IN202608240024,SKU0128,17,2026-08-24 09:04:00,2026-08-24 09:49:34,宋超,L0571
IN202606050027,SKU0129,37,2026-06-05 09:49:00,2026-06-05 13:11:42,姚佳,L0742
IN202606110034,SKU0129,37,2026-06-11 09:02:00,2026-06-11 09:11:42,王丹,L0742
IN202606170022,SKU0129,37,2026-06-17 09:59:00,2026-06-17 10:16:16,宋超,L0742
IN202606230025,SKU0129,37,2026-06-23 08:25:00,2026-06-23 08:41:51,卓雪,L0742
IN202606290031,SKU0129,37,2026-06-29 11:34:00,2026-06-29 11:42:14,毛燕,L0742
IN202607050030,SKU0129,37,2026-07-05 11:23:00,2026-07-05 11:15:06,卓雪,L0742
IN202607110028,SKU0129,37,2026-07-11 08:58:00,2026-07-11 09:04:14,李敏,L0742
IN202607170027,SKU0129,37,2026-07-17 10:44:00,2026-07-17 10:44:28,李敏,L0742
IN202607230027,SKU0129,37,2026-07-23 08:05:00,2026-07-23 09:13:10,李帆,L0742
IN202607290026,SKU0129,37,2026-07-29 09:14:00,2026-07-29 09:20:41,姚佳,L0742
IN202608040027,SKU0129,37,2026-08-04 08:15:00,2026-08-04 08:05:49,宋超,L0742
IN202608100034,SKU0129,37,2026-08-10 11:14:00,2026-08-10 11:28:51,郑婷婷,L0742
IN202608160026,SKU0129,37,2026-08-16 10:37:00,2026-08-16 10:59:36,杨建军,L0742
IN202608220025,SKU0129,37,2026-08-22 11:51:00,2026-08-22 12:02:35,李帆,L0742
IN202608280027,SKU0129,37,2026-08-28 08:00:00,2026-08-28 08:12:51,李帆,L0742
IN202606030026,SKU0130,11,2026-06-03 09:28:00,2026-06-03 09:24:22,郑婷婷,L0647
IN202606060036,SKU0130,11,2026-06-06 11:40:00,2026-06-06 11:42:35,廖晨,L0647
IN202606090031,SKU0130,11,2026-06-09 09:01:00,2026-06-09 09:16:22,刘旭,L0647
IN202606120032,SKU0130,11,2026-06-12 09:33:00,2026-06-12 12:48:57,廖晨,L0647
IN202606150037,SKU0130,11,2026-06-15 10:28:00,2026-06-15 10:50:09,刘旭,L0647
IN202606180035,SKU0130,11,2026-06-18 11:43:00,2026-06-18 11:48:54,杨建军,L0647
IN202606210033,SKU0130,11,2026-06-21 11:44:00,2026-06-21 12:07:37,杨建军,L0647
IN202606240031,SKU0130,11,2026-06-24 09:50:00,2026-06-24 09:53:25,李帆,L0647
IN202606270031,SKU0130,11,2026-06-27 11:45:00,2026-06-27 12:01:29,王丹,L0647
IN202606300035,SKU0130,11,2026-06-30 11:52:00,2026-06-30 12:01:25,姚佳,L0647
IN202607030027,SKU0130,11,2026-07-03 09:58:00,2026-07-03 09:55:38,姚佳,L0647
IN202607060039,SKU0130,11,2026-07-06 11:51:00,2026-07-06 11:59:46,宋超,L0647
IN202607090037,SKU0130,11,2026-07-09 08:31:00,2026-07-09 08:54:02,李帆,L0647
IN202607120034,SKU0130,11,2026-07-12 09:37:00,2026-07-12 09:58:00,杨建军,L0647
IN202607150028,SKU0130,11,2026-07-15 11:39:00,2026-07-15 11:50:16,徐萍,L0647
IN202607180030,SKU0130,11,2026-07-18 09:48:00,2026-07-18 09:56:36,李敏,L0647
IN202607210034,SKU0130,11,2026-07-21 10:18:00,2026-07-21 10:17:31,郑婷婷,L0647
IN202607240035,SKU0130,11,2026-07-24 08:33:00,2026-07-24 08:30:45,刘旭,L0647
IN202607270033,SKU0130,11,2026-07-27 08:28:00,2026-07-27 08:27:05,郑婷婷,L0647
IN202607300038,SKU0130,11,2026-07-30 10:26:00,2026-07-30 10:35:37,毛燕,L0647
IN202608020030,SKU0130,11,2026-08-02 08:43:00,2026-08-02 09:01:58,廖晨,L0647
IN202608050033,SKU0130,11,2026-08-05 11:03:00,2026-08-05 11:24:49,郑婷婷,L0647
IN202608080031,SKU0130,11,2026-08-08 11:12:00,2026-08-08 14:47:15,宋超,L0647
IN202608110032,SKU0130,11,2026-08-11 10:58:00,2026-08-11 14:18:30,姚佳,L0647
IN202608140033,SKU0130,11,2026-08-14 10:35:00,2026-08-14 10:55:56,杨建军,L0647
IN202608170035,SKU0130,11,2026-08-17 11:24:00,2026-08-17 11:24:05,廖晨,L0647
IN202608200036,SKU0130,11,2026-08-20 11:54:00,2026-08-20 12:02:05,姚佳,L0647
IN202608230035,SKU0130,11,2026-08-23 08:32:00,2026-08-23 08:37:04,郑婷婷,L0647
IN202608260028,SKU0130,11,2026-08-26 11:44:00,2026-08-26 12:00:52,廖晨,L0647
IN202608290035,SKU0130,11,2026-08-29 10:51:00,2026-08-29 14:15:24,宋超,L0647
IN202606020029,SKU0131,11,2026-06-02 11:44:00,2026-06-02 11:43:12,杨建军,L0172
IN202606060037,SKU0131,11,2026-06-06 10:07:00,2026-06-06 10:28:53,姚佳,L0172
IN202606100022,SKU0131,11,2026-06-10 10:04:00,2026-06-10 10:13:21,郑婷婷,L0172
IN202606140032,SKU0131,11,2026-06-14 11:51:00,2026-06-14 12:06:51,毛燕,L0172
IN202606180036,SKU0131,11,2026-06-18 09:08:00,2026-06-18 09:26:10,李帆,L0172
IN202606220027,SKU0131,11,2026-06-22 09:47:00,2026-06-22 09:45:52,毛燕,L0172
IN202606260032,SKU0131,11,2026-06-26 08:32:00,2026-06-26 08:52:31,郑婷婷,L0172
IN202606300036,SKU0131,11,2026-06-30 09:16:00,2026-06-30 09:13:32,徐萍,L0172
IN202607040025,SKU0131,11,2026-07-04 09:01:00,2026-07-04 08:53:51,王丹,L0172
IN202607080024,SKU0131,11,2026-07-08 10:18:00,2026-07-08 10:17:50,郑婷婷,L0172
IN202607120035,SKU0131,11,2026-07-12 08:53:00,2026-07-12 09:14:26,毛燕,L0172
IN202607160030,SKU0131,11,2026-07-16 09:40:00,2026-07-16 10:03:44,徐萍,L0172
IN202607200035,SKU0131,11,2026-07-20 08:28:00,2026-07-20 08:29:27,杨建军,L0172
IN202607240036,SKU0131,11,2026-07-24 09:15:00,2026-07-24 11:36:36,姚佳,L0172
IN202607280021,SKU0131,11,2026-07-28 08:54:00,2026-07-28 09:07:00,姚佳,L0172
IN202608010029,SKU0131,11,2026-08-01 08:46:00,2026-08-01 08:46:53,卓雪,L0172
IN202608050034,SKU0131,11,2026-08-05 11:59:00,2026-08-05 12:09:39,廖晨,L0172
IN202608090026,SKU0131,11,2026-08-09 10:21:00,2026-08-09 10:19:18,毛燕,L0172
IN202608130035,SKU0131,11,2026-08-13 10:42:00,2026-08-13 10:33:30,姚佳,L0172
IN202608170036,SKU0131,11,2026-08-17 08:12:00,2026-08-17 08:07:29,李帆,L0172
IN202608210023,SKU0131,11,2026-08-21 09:43:00,2026-08-21 09:36:18,毛燕,L0172
IN202608250032,SKU0131,11,2026-08-25 10:27:00,2026-08-25 10:23:02,卓雪,L0172
IN202608290036,SKU0131,11,2026-08-29 11:11:00,2026-08-29 11:16:00,王丹,L0172
IN202606010026,SKU0132,12,2026-06-01 10:04:00,2026-06-01 12:06:08,郑婷婷,L0602
IN202606050028,SKU0132,12,2026-06-05 10:36:00,2026-06-05 10:31:48,姚佳,L0602
IN202606090032,SKU0132,12,2026-06-09 09:46:00,2026-06-09 10:07:31,郑婷婷,L0602
IN202606130017,SKU0132,12,2026-06-13 10:12:00,2026-06-13 10:04:42,刘旭,L0602
IN202606170023,SKU0132,12,2026-06-17 09:15:00,2026-06-17 09:12:47,姚佳,L0602
IN202606210034,SKU0132,12,2026-06-21 08:20:00,2026-06-21 08:18:25,李敏,L0602
IN202606250025,SKU0132,12,2026-06-25 08:43:00,2026-06-25 09:00:20,李敏,L0602
IN202606290032,SKU0132,12,2026-06-29 11:43:00,2026-06-29 12:04:43,郑婷婷,L0602
IN202607030028,SKU0132,12,2026-07-03 08:40:00,2026-07-03 08:40:14,徐萍,L0602
IN202607070019,SKU0132,12,2026-07-07 10:52:00,2026-07-07 11:56:07,徐萍,L0602
IN202607110029,SKU0132,12,2026-07-11 08:29:00,2026-07-11 09:26:23,卓雪,L0602
IN202607150029,SKU0132,12,2026-07-15 10:45:00,2026-07-15 11:49:59,郑婷婷,L0602
IN202607190022,SKU0132,12,2026-07-19 11:00:00,2026-07-19 10:51:14,宋超,L0602
IN202607230028,SKU0132,12,2026-07-23 11:37:00,2026-07-23 11:33:28,李敏,L0602
IN202607270034,SKU0132,12,2026-07-27 08:45:00,2026-07-27 08:43:45,李敏,L0602
IN202607310022,SKU0132,12,2026-07-31 11:43:00,2026-07-31 11:53:35,李帆,L0602
IN202608040028,SKU0132,12,2026-08-04 11:32:00,2026-08-04 11:49:34,王丹,L0602
IN202608080032,SKU0132,12,2026-08-08 08:17:00,2026-08-08 08:35:09,毛燕,L0602
IN202608120014,SKU0132,12,2026-08-12 10:19:00,2026-08-12 10:23:53,姚佳,L0602
IN202608160027,SKU0132,12,2026-08-16 10:48:00,2026-08-16 10:58:59,宋超,L0602
IN202608200037,SKU0132,12,2026-08-20 08:04:00,2026-08-20 08:24:15,宋超,L0602
IN202608240025,SKU0132,12,2026-08-24 08:15:00,2026-08-24 08:37:54,郑婷婷,L0602
IN202608280028,SKU0132,12,2026-08-28 08:52:00,2026-08-28 08:56:17,廖晨,L0602
IN202606010027,SKU0133,18,2026-06-01 10:38:00,2026-06-01 10:50:40,刘旭,L0349
IN202606060038,SKU0133,18,2026-06-06 08:04:00,2026-06-06 09:12:56,杨建军,L0349
IN202606110035,SKU0133,18,2026-06-11 08:23:00,2026-06-11 08:17:12,毛燕,L0349
IN202606160025,SKU0133,18,2026-06-16 08:42:00,2026-06-16 09:50:19,卓雪,L0349
IN202606210035,SKU0133,18,2026-06-21 10:02:00,2026-06-21 10:20:25,姚佳,L0349
IN202606260033,SKU0133,18,2026-06-26 10:27:00,2026-06-26 10:27:56,刘旭,L0349
IN202607010021,SKU0133,18,2026-07-01 08:19:00,2026-07-01 09:12:46,郑婷婷,L0349
IN202607060040,SKU0133,18,2026-07-06 09:30:00,2026-07-06 09:46:54,毛燕,L0349
IN202607110030,SKU0133,18,2026-07-11 09:29:00,2026-07-11 09:21:41,李帆,L0349
IN202607160031,SKU0133,18,2026-07-16 08:23:00,2026-07-16 08:23:16,徐萍,L0349
IN202607210035,SKU0133,18,2026-07-21 10:52:00,2026-07-21 11:08:08,宋超,L0349
IN202607260032,SKU0133,18,2026-07-26 11:58:00,2026-07-26 15:22:16,王丹,L0349
IN202607310023,SKU0133,18,2026-07-31 10:57:00,2026-07-31 11:02:21,王丹,L0349
IN202608050035,SKU0133,18,2026-08-05 10:57:00,2026-08-05 14:14:29,李帆,L0349
IN202608100035,SKU0133,18,2026-08-10 08:18:00,2026-08-10 08:30:34,毛燕,L0349
IN202608150025,SKU0133,18,2026-08-15 09:51:00,2026-08-15 09:58:10,李帆,L0349
IN202608200038,SKU0133,18,2026-08-20 09:00:00,2026-08-20 09:06:11,刘旭,L0349
IN202608250033,SKU0133,18,2026-08-25 08:57:00,2026-08-25 09:03:35,李帆,L0349
IN202606010028,SKU0134,13,2026-06-01 08:55:00,2026-06-01 09:02:04,王丹,L0018
IN202606070022,SKU0134,13,2026-06-07 10:14:00,2026-06-07 10:23:01,李敏,L0018
IN202606130018,SKU0134,13,2026-06-13 09:08:00,2026-06-13 10:11:00,毛燕,L0018
IN202606190023,SKU0134,13,2026-06-19 10:44:00,2026-06-19 11:57:02,廖晨,L0018
IN202606250026,SKU0134,13,2026-06-25 09:16:00,2026-06-25 09:39:32,王丹,L0018
IN202607010022,SKU0134,13,2026-07-01 08:15:00,2026-07-01 08:09:42,宋超,L0018
IN202607070020,SKU0134,13,2026-07-07 08:30:00,2026-07-07 08:30:43,李帆,L0018
IN202607130023,SKU0134,13,2026-07-13 10:25:00,2026-07-13 10:17:41,刘旭,L0018
IN202607190023,SKU0134,13,2026-07-19 11:27:00,2026-07-19 11:50:38,李帆,L0018
IN202607250023,SKU0134,13,2026-07-25 09:44:00,2026-07-25 10:03:13,姚佳,L0018
IN202607310024,SKU0134,13,2026-07-31 09:26:00,2026-07-31 11:54:04,姚佳,L0018
IN202608060025,SKU0134,13,2026-08-06 11:24:00,2026-08-06 11:44:39,徐萍,L0018
IN202608120015,SKU0134,13,2026-08-12 10:56:00,2026-08-12 11:03:30,徐萍,L0018
IN202608180023,SKU0134,13,2026-08-18 11:50:00,2026-08-18 12:07:08,姚佳,L0018
IN202608240026,SKU0134,13,2026-08-24 10:18:00,2026-08-24 10:38:38,廖晨,L0018
IN202606010029,SKU0135,9,2026-06-01 09:36:00,2026-06-01 09:45:37,宋超,L0202
IN202606040028,SKU0135,9,2026-06-04 08:42:00,2026-06-04 10:02:34,刘旭,L0202
IN202606070023,SKU0135,9,2026-06-07 08:03:00,2026-06-07 08:01:40,郑婷婷,L0202
IN202606100023,SKU0135,9,2026-06-10 09:24:00,2026-06-10 09:31:54,廖晨,L0202
IN202606130019,SKU0135,9,2026-06-13 08:35:00,2026-06-13 08:49:13,毛燕,L0202
IN202606160026,SKU0135,9,2026-06-16 08:10:00,2026-06-16 08:33:39,姚佳,L0202
IN202606190024,SKU0135,9,2026-06-19 11:49:00,2026-06-19 11:53:31,杨建军,L0202
IN202606220028,SKU0135,9,2026-06-22 08:25:00,2026-06-22 09:50:07,廖晨,L0202
IN202606250027,SKU0135,9,2026-06-25 10:01:00,2026-06-25 10:12:26,徐萍,L0202
IN202606280021,SKU0135,9,2026-06-28 08:43:00,2026-06-28 08:39:50,李敏,L0202
IN202607010023,SKU0135,9,2026-07-01 10:03:00,2026-07-01 09:55:00,卓雪,L0202
IN202607040026,SKU0135,9,2026-07-04 09:42:00,2026-07-04 09:33:52,杨建军,L0202
IN202607070021,SKU0135,9,2026-07-07 08:09:00,2026-07-07 10:18:49,徐萍,L0202
IN202607100024,SKU0135,9,2026-07-10 08:37:00,2026-07-10 08:59:17,李敏,L0202
IN202607130024,SKU0135,9,2026-07-13 08:25:00,2026-07-13 08:31:06,宋超,L0202
IN202607160032,SKU0135,9,2026-07-16 11:31:00,2026-07-16 11:42:57,卓雪,L0202
IN202607190024,SKU0135,9,2026-07-19 08:41:00,2026-07-19 08:53:06,姚佳,L0202
IN202607220019,SKU0135,9,2026-07-22 11:15:00,2026-07-22 13:18:59,李帆,L0202
IN202607250024,SKU0135,9,2026-07-25 11:50:00,2026-07-25 12:38:25,刘旭,L0202
IN202607280022,SKU0135,9,2026-07-28 11:35:00,2026-07-28 11:45:53,王丹,L0202
IN202607310025,SKU0135,9,2026-07-31 10:35:00,2026-07-31 10:41:03,李敏,L0202
IN202608030028,SKU0135,9,2026-08-03 10:08:00,2026-08-03 10:06:48,李敏,L0202
IN202608060026,SKU0135,9,2026-08-06 10:49:00,2026-08-06 12:23:53,刘旭,L0202
IN202608090027,SKU0135,9,2026-08-09 09:20:00,2026-08-09 09:34:35,李帆,L0202
IN202608120016,SKU0135,9,2026-08-12 11:29:00,2026-08-12 11:48:20,徐萍,L0202
IN202608150026,SKU0135,9,2026-08-15 10:51:00,2026-08-15 14:46:28,姚佳,L0202
IN202608180024,SKU0135,9,2026-08-18 10:17:00,2026-08-18 11:27:23,李帆,L0202
IN202608210024,SKU0135,9,2026-08-21 10:27:00,2026-08-21 10:40:39,廖晨,L0202
IN202608240027,SKU0135,9,2026-08-24 10:03:00,2026-08-24 09:58:25,郑婷婷,L0202
IN202608270024,SKU0135,9,2026-08-27 08:18:00,2026-08-27 08:27:26,刘旭,L0202
IN202606020030,SKU0136,17,2026-06-02 11:04:00,2026-06-02 11:22:32,卓雪,L0225
IN202606090033,SKU0136,17,2026-06-09 11:46:00,2026-06-09 11:39:41,廖晨,L0225
IN202606160027,SKU0136,17,2026-06-16 08:28:00,2026-06-16 11:25:02,杨建军,L0225
IN202606230026,SKU0136,17,2026-06-23 11:20:00,2026-06-23 12:10:12,卓雪,L0225
IN202606300037,SKU0136,17,2026-06-30 08:31:00,2026-06-30 11:33:48,毛燕,L0225
IN202607070022,SKU0136,17,2026-07-07 11:23:00,2026-07-07 11:31:53,徐萍,L0225
IN202607140030,SKU0136,17,2026-07-14 08:57:00,2026-07-14 09:16:43,郑婷婷,L0225
IN202607210036,SKU0136,17,2026-07-21 09:17:00,2026-07-21 09:16:22,卓雪,L0225
IN202607280023,SKU0136,17,2026-07-28 09:07:00,2026-07-28 12:23:37,王丹,L0225
IN202608040029,SKU0136,17,2026-08-04 09:01:00,2026-08-04 09:10:00,郑婷婷,L0225
IN202608110033,SKU0136,17,2026-08-11 11:50:00,2026-08-11 11:43:05,毛燕,L0225
IN202608180025,SKU0136,17,2026-08-18 10:59:00,2026-08-18 12:19:42,廖晨,L0225
IN202608250034,SKU0136,17,2026-08-25 11:35:00,2026-08-25 13:51:00,王丹,L0225
IN202606030027,SKU0137,14,2026-06-03 10:36:00,2026-06-03 10:56:34,王丹,L0371
IN202606090034,SKU0137,14,2026-06-09 09:43:00,2026-06-09 10:01:33,卓雪,L0371
IN202606150038,SKU0137,14,2026-06-15 11:01:00,2026-06-15 11:02:56,李帆,L0371
IN202606210036,SKU0137,14,2026-06-21 08:19:00,2026-06-21 08:59:00,王丹,L0371
IN202606270032,SKU0137,14,2026-06-27 08:36:00,2026-06-27 08:53:56,李帆,L0371
IN202607030029,SKU0137,14,2026-07-03 10:29:00,2026-07-03 10:23:20,毛燕,L0371
IN202607090038,SKU0137,14,2026-07-09 10:47:00,2026-07-09 10:55:10,王丹,L0371
IN202607150030,SKU0137,14,2026-07-15 11:28:00,2026-07-15 11:43:46,姚佳,L0371
IN202607210037,SKU0137,14,2026-07-21 08:24:00,2026-07-21 09:04:46,姚佳,L0371
IN202607270035,SKU0137,14,2026-07-27 10:46:00,2026-07-27 10:36:33,宋超,L0371
IN202608020031,SKU0137,14,2026-08-02 11:57:00,2026-08-02 12:00:47,李帆,L0371
IN202608080033,SKU0137,14,2026-08-08 10:04:00,2026-08-08 10:15:27,廖晨,L0371
IN202608140034,SKU0137,14,2026-08-14 11:32:00,2026-08-14 11:39:02,徐萍,L0371
IN202608200039,SKU0137,14,2026-08-20 11:26:00,2026-08-20 11:25:29,王丹,L0371
IN202608260029,SKU0137,14,2026-08-26 11:59:00,2026-08-26 11:53:18,姚佳,L0371
IN202606030028,SKU0138,12,2026-06-03 11:56:00,2026-06-03 11:54:03,郑婷婷,L0335
IN202606070024,SKU0138,12,2026-06-07 10:16:00,2026-06-07 10:07:55,姚佳,L0335
IN202606110036,SKU0138,12,2026-06-11 08:03:00,2026-06-11 08:20:42,毛燕,L0335
IN202606150039,SKU0138,12,2026-06-15 08:18:00,2026-06-15 08:34:58,廖晨,L0335
IN202606190025,SKU0138,12,2026-06-19 10:18:00,2026-06-19 11:05:11,杨建军,L0335
IN202606230027,SKU0138,12,2026-06-23 10:54:00,2026-06-23 12:18:34,廖晨,L0335
IN202606270033,SKU0138,12,2026-06-27 08:39:00,2026-06-27 08:57:15,徐萍,L0335
IN202607010024,SKU0138,12,2026-07-01 11:22:00,2026-07-01 13:24:42,卓雪,L0335
IN202607050031,SKU0138,12,2026-07-05 09:27:00,2026-07-05 09:37:37,毛燕,L0335
IN202607090039,SKU0138,12,2026-07-09 09:23:00,2026-07-09 09:35:50,郑婷婷,L0335
IN202607130025,SKU0138,12,2026-07-13 11:26:00,2026-07-13 11:19:54,刘旭,L0335
IN202607170028,SKU0138,12,2026-07-17 10:48:00,2026-07-17 10:45:08,李敏,L0335
IN202607210038,SKU0138,12,2026-07-21 10:52:00,2026-07-21 11:11:42,姚佳,L0335
IN202607250025,SKU0138,12,2026-07-25 10:10:00,2026-07-25 10:06:37,郑婷婷,L0335
IN202607290027,SKU0138,12,2026-07-29 09:43:00,2026-07-29 09:58:39,刘旭,L0335
IN202608020032,SKU0138,12,2026-08-02 09:46:00,2026-08-02 10:05:08,宋超,L0335
IN202608060027,SKU0138,12,2026-08-06 09:17:00,2026-08-06 09:35:12,姚佳,L0335
IN202608100036,SKU0138,12,2026-08-10 08:16:00,2026-08-10 08:13:39,王丹,L0335
IN202608140035,SKU0138,12,2026-08-14 10:13:00,2026-08-14 10:29:43,杨建军,L0335
IN202608180026,SKU0138,12,2026-08-18 09:19:00,2026-08-18 09:39:17,刘旭,L0335
IN202608220026,SKU0138,12,2026-08-22 11:06:00,2026-08-22 10:59:56,姚佳,L0335
IN202608260030,SKU0138,12,2026-08-26 08:50:00,2026-08-26 08:48:17,李敏,L0335
IN202606060039,SKU0139,33,2026-06-06 09:40:00,2026-06-06 09:43:19,卓雪,L0662
IN202606130020,SKU0139,33,2026-06-13 09:54:00,2026-06-13 09:47:07,刘旭,L0662
IN202606200030,SKU0139,33,2026-06-20 08:30:00,2026-06-20 08:54:46,毛燕,L0662
IN202606270034,SKU0139,33,2026-06-27 08:45:00,2026-06-27 11:30:52,王丹,L0662
IN202607040027,SKU0139,33,2026-07-04 08:22:00,2026-07-04 09:13:13,郑婷婷,L0662
IN202607110031,SKU0139,33,2026-07-11 10:05:00,2026-07-11 10:22:12,王丹,L0662
IN202607180031,SKU0139,33,2026-07-18 08:34:00,2026-07-18 08:29:07,毛燕,L0662
IN202607250026,SKU0139,33,2026-07-25 09:08:00,2026-07-25 09:25:32,廖晨,L0662
IN202608010030,SKU0139,33,2026-08-01 09:58:00,2026-08-01 10:16:46,郑婷婷,L0662
IN202608080034,SKU0139,33,2026-08-08 09:12:00,2026-08-08 09:36:14,刘旭,L0662
IN202608150027,SKU0139,33,2026-08-15 10:41:00,2026-08-15 10:48:59,李敏,L0662
IN202608220027,SKU0139,33,2026-08-22 08:54:00,2026-08-22 11:08:50,卓雪,L0662
IN202608290037,SKU0139,33,2026-08-29 11:05:00,2026-08-29 11:26:55,廖晨,L0662
IN202606040029,SKU0140,26,2026-06-04 10:54:00,2026-06-04 12:52:02,宋超,L0514
IN202606080030,SKU0140,26,2026-06-08 10:21:00,2026-06-08 10:31:24,杨建军,L0514
IN202606120033,SKU0140,26,2026-06-12 09:23:00,2026-06-12 09:42:11,廖晨,L0514
IN202606160028,SKU0140,26,2026-06-16 10:06:00,2026-06-16 10:15:42,徐萍,L0514
IN202606200031,SKU0140,26,2026-06-20 08:51:00,2026-06-20 08:52:42,廖晨,L0514
IN202606240032,SKU0140,26,2026-06-24 08:34:00,2026-06-24 08:51:01,杨建军,L0514
IN202606280022,SKU0140,26,2026-06-28 09:40:00,2026-06-28 09:43:34,宋超,L0514
IN202607020032,SKU0140,26,2026-07-02 10:37:00,2026-07-02 10:58:06,卓雪,L0514
IN202607060041,SKU0140,26,2026-07-06 09:49:00,2026-07-06 09:54:27,刘旭,L0514
IN202607100025,SKU0140,26,2026-07-10 09:53:00,2026-07-10 09:43:11,杨建军,L0514
IN202607140031,SKU0140,26,2026-07-14 08:51:00,2026-07-14 09:14:05,李敏,L0514
IN202607180032,SKU0140,26,2026-07-18 09:27:00,2026-07-18 09:32:48,廖晨,L0514
IN202607220020,SKU0140,26,2026-07-22 11:28:00,2026-07-22 11:47:32,郑婷婷,L0514
IN202607260033,SKU0140,26,2026-07-26 08:47:00,2026-07-26 08:57:51,毛燕,L0514
IN202607300039,SKU0140,26,2026-07-30 10:37:00,2026-07-30 10:53:07,宋超,L0514
IN202608030029,SKU0140,26,2026-08-03 09:03:00,2026-08-03 09:22:36,宋超,L0514
IN202608070026,SKU0140,26,2026-08-07 10:55:00,2026-08-07 11:13:41,李敏,L0514
IN202608110034,SKU0140,26,2026-08-11 09:33:00,2026-08-11 09:30:13,李帆,L0514
IN202608150028,SKU0140,26,2026-08-15 10:00:00,2026-08-15 12:02:29,刘旭,L0514
IN202608190027,SKU0140,26,2026-08-19 08:19:00,2026-08-19 08:31:48,廖晨,L0514
IN202608230036,SKU0140,26,2026-08-23 10:27:00,2026-08-23 11:21:32,杨建军,L0514
IN202608270025,SKU0140,26,2026-08-27 11:22:00,2026-08-27 11:22:50,郑婷婷,L0514
IN202606040030,SKU0141,14,2026-06-04 10:18:00,2026-06-04 10:11:18,王丹,L0110
IN202606090035,SKU0141,14,2026-06-09 10:22:00,2026-06-09 10:13:38,廖晨,L0110
IN202606140033,SKU0141,14,2026-06-14 08:12:00,2026-06-14 08:26:14,徐萍,L0110
IN202606190026,SKU0141,14,2026-06-19 08:43:00,2026-06-19 08:46:12,卓雪,L0110
IN202606240033,SKU0141,14,2026-06-24 11:51:00,2026-06-24 15:17:28,毛燕,L0110
IN202606290033,SKU0141,14,2026-06-29 11:17:00,2026-06-29 11:19:38,毛燕,L0110
IN202607040028,SKU0141,14,2026-07-04 10:51:00,2026-07-04 10:55:51,李帆,L0110
IN202607090040,SKU0141,14,2026-07-09 09:09:00,2026-07-09 09:30:36,姚佳,L0110
IN202607140032,SKU0141,14,2026-07-14 09:09:00,2026-07-14 10:47:32,杨建军,L0110
IN202607190025,SKU0141,14,2026-07-19 11:26:00,2026-07-19 14:08:27,李帆,L0110
IN202607240037,SKU0141,14,2026-07-24 10:16:00,2026-07-24 10:29:29,郑婷婷,L0110
IN202607290028,SKU0141,14,2026-07-29 09:23:00,2026-07-29 09:33:20,姚佳,L0110
IN202608030030,SKU0141,14,2026-08-03 09:43:00,2026-08-03 09:35:25,毛燕,L0110
IN202608080035,SKU0141,14,2026-08-08 11:44:00,2026-08-08 14:19:58,刘旭,L0110
IN202608130036,SKU0141,14,2026-08-13 11:01:00,2026-08-13 12:21:39,卓雪,L0110
IN202608180027,SKU0141,14,2026-08-18 10:01:00,2026-08-18 10:13:42,郑婷婷,L0110
IN202608230037,SKU0141,14,2026-08-23 08:54:00,2026-08-23 09:29:19,卓雪,L0110
IN202608280029,SKU0141,14,2026-08-28 09:26:00,2026-08-28 09:17:34,郑婷婷,L0110
IN202606020031,SKU0142,20,2026-06-02 10:18:00,2026-06-02 10:30:21,郑婷婷,L0741
IN202606050029,SKU0142,20,2026-06-05 10:31:00,2026-06-05 10:48:03,王丹,L0741
IN202606080031,SKU0142,20,2026-06-08 08:45:00,2026-06-08 08:56:53,姚佳,L0741
IN202606110037,SKU0142,20,2026-06-11 08:42:00,2026-06-11 08:57:47,杨建军,L0741
IN202606140034,SKU0142,20,2026-06-14 09:57:00,2026-06-14 09:52:49,徐萍,L0741
IN202606170024,SKU0142,20,2026-06-17 11:03:00,2026-06-17 11:17:35,李敏,L0741
IN202606200032,SKU0142,20,2026-06-20 10:57:00,2026-06-20 11:10:34,卓雪,L0741
IN202606230028,SKU0142,20,2026-06-23 10:04:00,2026-06-23 10:23:29,杨建军,L0741
IN202606260034,SKU0142,20,2026-06-26 11:51:00,2026-06-26 12:13:39,刘旭,L0741
IN202606290034,SKU0142,20,2026-06-29 09:56:00,2026-06-29 10:08:31,姚佳,L0741
IN202607020033,SKU0142,20,2026-07-02 08:56:00,2026-07-02 11:03:56,王丹,L0741
IN202607050032,SKU0142,20,2026-07-05 09:18:00,2026-07-05 09:30:55,李帆,L0741
IN202607080025,SKU0142,20,2026-07-08 10:46:00,2026-07-08 10:52:27,卓雪,L0741
IN202607110032,SKU0142,20,2026-07-11 08:59:00,2026-07-11 09:59:59,宋超,L0741
IN202607140033,SKU0142,20,2026-07-14 08:50:00,2026-07-14 08:55:26,徐萍,L0741
IN202607170029,SKU0142,20,2026-07-17 11:26:00,2026-07-17 11:48:18,李敏,L0741
IN202607200036,SKU0142,20,2026-07-20 10:32:00,2026-07-20 14:14:15,李敏,L0741
IN202607230029,SKU0142,20,2026-07-23 10:32:00,2026-07-23 10:37:51,毛燕,L0741
IN202607260034,SKU0142,20,2026-07-26 09:55:00,2026-07-26 10:02:57,宋超,L0741
IN202607290029,SKU0142,20,2026-07-29 08:13:00,2026-07-29 09:39:32,宋超,L0741
IN202608010031,SKU0142,20,2026-08-01 09:28:00,2026-08-01 09:26:22,徐萍,L0741
IN202608040030,SKU0142,20,2026-08-04 08:53:00,2026-08-04 09:04:35,李敏,L0741
IN202608070027,SKU0142,20,2026-08-07 10:07:00,2026-08-07 10:31:50,王丹,L0741
IN202608100037,SKU0142,20,2026-08-10 11:13:00,2026-08-10 11:23:17,毛燕,L0741
IN202608130037,SKU0142,20,2026-08-13 09:24:00,2026-08-13 09:20:00,毛燕,L0741
IN202608160028,SKU0142,20,2026-08-16 08:09:00,2026-08-16 08:23:05,宋超,L0741
IN202608190028,SKU0142,20,2026-08-19 08:00:00,2026-08-19 08:03:11,毛燕,L0741
IN202608220028,SKU0142,20,2026-08-22 08:09:00,2026-08-22 10:51:08,李帆,L0741
IN202608250035,SKU0142,20,2026-08-25 10:21:00,2026-08-25 10:31:43,廖晨,L0741
IN202608280030,SKU0142,20,2026-08-28 09:15:00,2026-08-28 09:39:13,姚佳,L0741
IN202606010030,SKU0143,69,2026-06-01 11:11:00,2026-06-01 13:25:44,刘旭,L0673
IN202606080032,SKU0143,69,2026-06-08 10:23:00,2026-06-08 10:14:09,刘旭,L0673
IN202606150040,SKU0143,69,2026-06-15 08:39:00,2026-06-15 08:37:57,毛燕,L0673
IN202606220029,SKU0143,69,2026-06-22 11:48:00,2026-06-22 13:49:46,郑婷婷,L0673
IN202606290035,SKU0143,69,2026-06-29 09:49:00,2026-06-29 09:48:44,徐萍,L0673
IN202607060042,SKU0143,69,2026-07-06 10:28:00,2026-07-06 10:32:10,卓雪,L0673
IN202607130026,SKU0143,69,2026-07-13 10:25:00,2026-07-13 10:44:47,郑婷婷,L0673
IN202607200037,SKU0143,69,2026-07-20 09:04:00,2026-07-20 09:22:34,姚佳,L0673
IN202607270036,SKU0143,69,2026-07-27 11:10:00,2026-07-27 11:34:24,廖晨,L0673
IN202608030031,SKU0143,69,2026-08-03 10:57:00,2026-08-03 11:12:37,徐萍,L0673
IN202608100038,SKU0143,69,2026-08-10 11:00:00,2026-08-10 11:02:13,李帆,L0673
IN202608170037,SKU0143,69,2026-08-17 10:59:00,2026-08-17 11:18:10,郑婷婷,L0673
IN202608240028,SKU0143,69,2026-08-24 11:09:00,2026-08-24 11:03:53,徐萍,L0673
IN202606060040,SKU0144,24,2026-06-06 10:34:00,2026-06-06 10:58:58,毛燕,L0354
IN202606120034,SKU0144,24,2026-06-12 09:26:00,2026-06-12 09:34:53,杨建军,L0354
IN202606180037,SKU0144,24,2026-06-18 08:57:00,2026-06-18 08:53:28,徐萍,L0354
IN202606240034,SKU0144,24,2026-06-24 10:31:00,2026-06-24 12:34:26,杨建军,L0354
IN202606300038,SKU0144,24,2026-06-30 09:45:00,2026-06-30 09:50:30,廖晨,L0354
IN202607060043,SKU0144,24,2026-07-06 08:19:00,2026-07-06 08:38:34,李帆,L0354
IN202607120036,SKU0144,24,2026-07-12 11:01:00,2026-07-12 14:13:00,杨建军,L0354
IN202607180033,SKU0144,24,2026-07-18 08:49:00,2026-07-18 08:45:13,王丹,L0354
IN202607240038,SKU0144,24,2026-07-24 08:59:00,2026-07-24 08:52:49,李帆,L0354
IN202607300040,SKU0144,24,2026-07-30 10:52:00,2026-07-30 11:00:08,宋超,L0354
IN202608050036,SKU0144,24,2026-08-05 11:05:00,2026-08-05 11:27:55,李敏,L0354
IN202608110035,SKU0144,24,2026-08-11 09:17:00,2026-08-11 10:41:15,宋超,L0354
IN202608170038,SKU0144,24,2026-08-17 09:52:00,2026-08-17 10:13:00,王丹,L0354
IN202608230038,SKU0144,24,2026-08-23 10:04:00,2026-08-23 10:09:47,王丹,L0354
IN202608290038,SKU0144,24,2026-08-29 08:42:00,2026-08-29 08:35:47,宋超,L0354
IN202606010031,SKU0145,779,2026-06-01 11:45:00,2026-06-01 12:07:14,卓雪,L0800
IN202606060041,SKU0145,779,2026-06-06 11:25:00,2026-06-06 11:20:02,李敏,L0800
IN202606110038,SKU0145,779,2026-06-11 11:13:00,2026-06-11 13:10:59,郑婷婷,L0800
IN202606160029,SKU0145,779,2026-06-16 10:28:00,2026-06-16 10:30:22,李帆,L0800
IN202606210037,SKU0145,779,2026-06-21 08:18:00,2026-06-21 08:14:07,郑婷婷,L0800
IN202606260035,SKU0145,779,2026-06-26 08:56:00,2026-06-26 09:12:43,李敏,L0800
IN202607010025,SKU0145,779,2026-07-01 09:49:00,2026-07-01 09:40:50,李帆,L0800
IN202607060044,SKU0145,779,2026-07-06 08:14:00,2026-07-06 08:05:53,毛燕,L0800
IN202607110033,SKU0145,779,2026-07-11 11:59:00,2026-07-11 12:09:28,姚佳,L0800
IN202607160033,SKU0145,779,2026-07-16 09:06:00,2026-07-16 09:07:17,宋超,L0800
IN202607210039,SKU0145,779,2026-07-21 08:05:00,2026-07-21 08:16:28,卓雪,L0800
IN202607260035,SKU0145,779,2026-07-26 09:54:00,2026-07-26 10:01:54,毛燕,L0800
IN202607310026,SKU0145,779,2026-07-31 08:46:00,2026-07-31 09:02:57,刘旭,L0800
IN202608050037,SKU0145,779,2026-08-05 09:16:00,2026-08-05 09:23:41,刘旭,L0800
IN202608100039,SKU0145,779,2026-08-10 10:07:00,2026-08-10 10:17:13,郑婷婷,L0800
IN202608150029,SKU0145,779,2026-08-15 11:12:00,2026-08-15 11:03:51,王丹,L0800
IN202608200040,SKU0145,779,2026-08-20 08:29:00,2026-08-20 08:40:09,卓雪,L0800
IN202608250036,SKU0145,779,2026-08-25 10:09:00,2026-08-25 10:16:39,郑婷婷,L0800
IN202606010032,SKU0146,21,2026-06-01 08:21:00,2026-06-01 08:43:18,李帆,L0544
IN202606060042,SKU0146,21,2026-06-06 09:25:00,2026-06-06 09:28:36,廖晨,L0544
IN202606110039,SKU0146,21,2026-06-11 10:02:00,2026-06-11 13:08:10,宋超,L0544
IN202606160030,SKU0146,21,2026-06-16 11:10:00,2026-06-16 11:15:15,卓雪,L0544
IN202606210038,SKU0146,21,2026-06-21 08:40:00,2026-06-21 08:33:00,姚佳,L0544
IN202606260036,SKU0146,21,2026-06-26 10:49:00,2026-06-26 12:38:53,杨建军,L0544
IN202607010026,SKU0146,21,2026-07-01 08:10:00,2026-07-01 08:34:49,杨建军,L0544
IN202607060045,SKU0146,21,2026-07-06 11:57:00,2026-07-06 13:52:27,徐萍,L0544
IN202607110034,SKU0146,21,2026-07-11 11:36:00,2026-07-11 11:37:19,王丹,L0544
IN202607160034,SKU0146,21,2026-07-16 11:32:00,2026-07-16 11:43:59,卓雪,L0544
IN202607210040,SKU0146,21,2026-07-21 08:36:00,2026-07-21 11:16:59,刘旭,L0544
IN202607260036,SKU0146,21,2026-07-26 08:57:00,2026-07-26 09:00:43,廖晨,L0544
IN202607310027,SKU0146,21,2026-07-31 09:58:00,2026-07-31 10:01:33,杨建军,L0544
IN202608050038,SKU0146,21,2026-08-05 11:27:00,2026-08-05 11:22:06,刘旭,L0544
IN202608100040,SKU0146,21,2026-08-10 09:41:00,2026-08-10 09:52:01,宋超,L0544
IN202608150030,SKU0146,21,2026-08-15 10:34:00,2026-08-15 10:27:37,杨建军,L0544
IN202608200041,SKU0146,21,2026-08-20 09:13:00,2026-08-20 11:21:12,宋超,L0544
IN202608250037,SKU0146,21,2026-08-25 10:56:00,2026-08-25 13:40:27,徐萍,L0544
IN202606030029,SKU0147,35,2026-06-03 09:31:00,2026-06-03 09:23:30,杨建军,L0739
IN202606100024,SKU0147,35,2026-06-10 09:33:00,2026-06-10 09:29:58,郑婷婷,L0739
IN202606170025,SKU0147,35,2026-06-17 11:47:00,2026-06-17 12:05:39,姚佳,L0739
IN202606240035,SKU0147,35,2026-06-24 10:39:00,2026-06-24 14:12:36,李敏,L0739
IN202607010027,SKU0147,35,2026-07-01 10:03:00,2026-07-01 11:45:07,刘旭,L0739
IN202607080026,SKU0147,35,2026-07-08 11:28:00,2026-07-08 11:34:48,李帆,L0739
IN202607150031,SKU0147,35,2026-07-15 11:00:00,2026-07-15 11:16:46,徐萍,L0739
IN202607220021,SKU0147,35,2026-07-22 10:34:00,2026-07-22 10:29:18,郑婷婷,L0739
IN202607290030,SKU0147,35,2026-07-29 09:33:00,2026-07-29 11:31:49,卓雪,L0739
IN202608050039,SKU0147,35,2026-08-05 08:47:00,2026-08-05 08:38:16,李帆,L0739
IN202608120017,SKU0147,35,2026-08-12 11:35:00,2026-08-12 11:43:21,杨建军,L0739
IN202608190029,SKU0147,35,2026-08-19 08:24:00,2026-08-19 08:39:02,卓雪,L0739
IN202608260031,SKU0147,35,2026-08-26 08:28:00,2026-08-26 08:18:47,王丹,L0739
IN202606060043,SKU0148,18,2026-06-06 10:52:00,2026-06-06 11:43:37,宋超,L0307
IN202606120035,SKU0148,18,2026-06-12 09:51:00,2026-06-12 09:50:40,李敏,L0307
IN202606180038,SKU0148,18,2026-06-18 10:04:00,2026-06-18 10:04:06,杨建军,L0307
IN202606240036,SKU0148,18,2026-06-24 10:13:00,2026-06-24 10:14:38,郑婷婷,L0307
IN202606300039,SKU0148,18,2026-06-30 11:33:00,2026-06-30 11:36:19,徐萍,L0307
IN202607060046,SKU0148,18,2026-07-06 09:12:00,2026-07-06 09:34:33,王丹,L0307
IN202607120037,SKU0148,18,2026-07-12 10:29:00,2026-07-12 10:19:26,杨建军,L0307
IN202607180034,SKU0148,18,2026-07-18 08:41:00,2026-07-18 09:39:45,徐萍,L0307
IN202607240039,SKU0148,18,2026-07-24 08:32:00,2026-07-24 10:25:25,杨建军,L0307
IN202607300041,SKU0148,18,2026-07-30 08:59:00,2026-07-30 10:03:57,卓雪,L0307
IN202608050040,SKU0148,18,2026-08-05 10:08:00,2026-08-05 10:27:50,李敏,L0307
IN202608110036,SKU0148,18,2026-08-11 11:00:00,2026-08-11 11:21:46,李敏,L0307
IN202608170039,SKU0148,18,2026-08-17 10:32:00,2026-08-17 10:33:27,廖晨,L0307
IN202608230039,SKU0148,18,2026-08-23 09:19:00,2026-08-23 12:37:18,徐萍,L0307
IN202608290039,SKU0148,18,2026-08-29 10:41:00,2026-08-29 10:48:24,王丹,L0307
IN202606010033,SKU0149,10,2026-06-01 09:42:00,2026-06-01 10:06:29,李帆,L0108
IN202606040031,SKU0149,10,2026-06-04 10:53:00,2026-06-04 11:07:49,卓雪,L0108
IN202606070025,SKU0149,10,2026-06-07 10:53:00,2026-06-07 12:13:38,徐萍,L0108
IN202606100025,SKU0149,10,2026-06-10 10:02:00,2026-06-10 10:13:20,王丹,L0108
IN202606130021,SKU0149,10,2026-06-13 10:00:00,2026-06-13 09:56:01,卓雪,L0108
IN202606160031,SKU0149,10,2026-06-16 11:40:00,2026-06-16 11:53:54,王丹,L0108
IN202606190027,SKU0149,10,2026-06-19 08:59:00,2026-06-19 09:15:47,徐萍,L0108
IN202606220030,SKU0149,10,2026-06-22 08:53:00,2026-06-22 09:11:47,卓雪,L0108
IN202606250028,SKU0149,10,2026-06-25 11:26:00,2026-06-25 11:34:17,廖晨,L0108
IN202606280023,SKU0149,10,2026-06-28 10:06:00,2026-06-28 09:58:59,卓雪,L0108
IN202607010028,SKU0149,10,2026-07-01 08:30:00,2026-07-01 08:20:51,宋超,L0108
IN202607040029,SKU0149,10,2026-07-04 11:37:00,2026-07-04 11:27:08,王丹,L0108
IN202607070023,SKU0149,10,2026-07-07 09:14:00,2026-07-07 09:18:36,杨建军,L0108
IN202607100026,SKU0149,10,2026-07-10 09:50:00,2026-07-10 10:05:14,徐萍,L0108
IN202607130027,SKU0149,10,2026-07-13 08:24:00,2026-07-13 08:19:56,李敏,L0108
IN202607160035,SKU0149,10,2026-07-16 08:34:00,2026-07-16 08:30:09,王丹,L0108
IN202607190026,SKU0149,10,2026-07-19 09:06:00,2026-07-19 12:11:47,郑婷婷,L0108
IN202607220022,SKU0149,10,2026-07-22 11:46:00,2026-07-22 11:54:35,徐萍,L0108
IN202607250027,SKU0149,10,2026-07-25 10:37:00,2026-07-25 14:26:53,卓雪,L0108
IN202607280024,SKU0149,10,2026-07-28 09:06:00,2026-07-28 09:03:04,姚佳,L0108
IN202607310028,SKU0149,10,2026-07-31 10:11:00,2026-07-31 10:33:53,卓雪,L0108
IN202608030032,SKU0149,10,2026-08-03 10:46:00,2026-08-03 10:43:44,郑婷婷,L0108
IN202608060028,SKU0149,10,2026-08-06 10:30:00,2026-08-06 10:46:44,徐萍,L0108
IN202608090028,SKU0149,10,2026-08-09 08:09:00,2026-08-09 08:04:04,姚佳,L0108
IN202608120018,SKU0149,10,2026-08-12 08:37:00,2026-08-12 08:57:44,杨建军,L0108
IN202608150031,SKU0149,10,2026-08-15 10:40:00,2026-08-15 10:41:11,徐萍,L0108
IN202608180028,SKU0149,10,2026-08-18 11:20:00,2026-08-18 11:22:16,郑婷婷,L0108
IN202608210025,SKU0149,10,2026-08-21 09:59:00,2026-08-21 10:05:54,毛燕,L0108
IN202608240029,SKU0149,10,2026-08-24 10:41:00,2026-08-24 11:00:31,李帆,L0108
IN202608270026,SKU0149,10,2026-08-27 09:52:00,2026-08-27 09:58:12,廖晨,L0108
IN202606020032,SKU0150,11,2026-06-02 08:24:00,2026-06-02 08:27:53,姚佳,L0180
IN202606060044,SKU0150,11,2026-06-06 10:21:00,2026-06-06 11:41:51,宋超,L0180
IN202606100026,SKU0150,11,2026-06-10 10:14:00,2026-06-10 10:26:23,郑婷婷,L0180
IN202606140035,SKU0150,11,2026-06-14 09:12:00,2026-06-14 11:27:20,卓雪,L0180
IN202606180039,SKU0150,11,2026-06-18 08:22:00,2026-06-18 08:37:25,刘旭,L0180
IN202606220031,SKU0150,11,2026-06-22 09:47:00,2026-06-22 09:40:33,杨建军,L0180
IN202606260037,SKU0150,11,2026-06-26 11:31:00,2026-06-26 11:35:41,姚佳,L0180
IN202606300040,SKU0150,11,2026-06-30 08:37:00,2026-06-30 08:35:10,刘旭,L0180
IN202607040030,SKU0150,11,2026-07-04 11:29:00,2026-07-04 11:35:09,李帆,L0180
IN202607080027,SKU0150,11,2026-07-08 08:51:00,2026-07-08 09:13:50,杨建军,L0180
IN202607120038,SKU0150,11,2026-07-12 08:57:00,2026-07-12 09:21:47,宋超,L0180
IN202607160036,SKU0150,11,2026-07-16 10:07:00,2026-07-16 12:49:27,王丹,L0180
IN202607200038,SKU0150,11,2026-07-20 11:57:00,2026-07-20 12:19:22,李帆,L0180
IN202607240040,SKU0150,11,2026-07-24 10:10:00,2026-07-24 10:31:28,宋超,L0180
IN202607280025,SKU0150,11,2026-07-28 08:45:00,2026-07-28 09:22:29,杨建军,L0180
IN202608010032,SKU0150,11,2026-08-01 08:45:00,2026-08-01 12:17:53,宋超,L0180
IN202608050041,SKU0150,11,2026-08-05 11:07:00,2026-08-05 11:24:24,王丹,L0180
IN202608090029,SKU0150,11,2026-08-09 11:06:00,2026-08-09 11:15:45,徐萍,L0180
IN202608130038,SKU0150,11,2026-08-13 09:31:00,2026-08-13 09:41:29,卓雪,L0180
IN202608170040,SKU0150,11,2026-08-17 11:00:00,2026-08-17 11:08:09,李帆,L0180
IN202608210026,SKU0150,11,2026-08-21 11:03:00,2026-08-21 11:52:44,宋超,L0180
IN202608250038,SKU0150,11,2026-08-25 08:53:00,2026-08-25 08:46:16,郑婷婷,L0180
IN202608290040,SKU0150,11,2026-08-29 10:22:00,2026-08-29 10:39:42,李敏,L0180
IN202606020033,SKU0151,14,2026-06-02 11:44:00,2026-06-02 11:52:28,郑婷婷,L0062
IN202606080033,SKU0151,14,2026-06-08 08:49:00,2026-06-08 08:59:42,李帆,L0062
IN202606140036,SKU0151,14,2026-06-14 11:07:00,2026-06-14 11:30:13,卓雪,L0062
IN202606200033,SKU0151,14,2026-06-20 10:31:00,2026-06-20 10:52:53,毛燕,L0062
IN202606260038,SKU0151,14,2026-06-26 10:33:00,2026-06-26 12:08:30,王丹,L0062
IN202607020034,SKU0151,14,2026-07-02 09:11:00,2026-07-02 09:01:22,姚佳,L0062
IN202607080028,SKU0151,14,2026-07-08 08:06:00,2026-07-08 08:27:07,宋超,L0062
IN202607140034,SKU0151,14,2026-07-14 11:59:00,2026-07-14 11:58:06,王丹,L0062
IN202607200039,SKU0151,14,2026-07-20 08:27:00,2026-07-20 08:42:01,毛燕,L0062
IN202607260037,SKU0151,14,2026-07-26 10:00:00,2026-07-26 10:38:43,李帆,L0062
IN202608010033,SKU0151,14,2026-08-01 09:39:00,2026-08-01 09:51:28,廖晨,L0062
IN202608070028,SKU0151,14,2026-08-07 09:43:00,2026-08-07 09:49:48,李帆,L0062
IN202608130039,SKU0151,14,2026-08-13 10:40:00,2026-08-13 10:58:21,刘旭,L0062
IN202608190030,SKU0151,14,2026-08-19 09:47:00,2026-08-19 10:06:16,廖晨,L0062
IN202608250039,SKU0151,14,2026-08-25 10:49:00,2026-08-25 11:09:39,卓雪,L0062
IN202606010034,SKU0152,9,2026-06-01 09:36:00,2026-06-01 09:30:39,刘旭,L0126
IN202606040032,SKU0152,9,2026-06-04 09:24:00,2026-06-04 10:15:13,李帆,L0126
IN202606070026,SKU0152,9,2026-06-07 11:22:00,2026-06-07 11:22:04,李敏,L0126
IN202606100027,SKU0152,9,2026-06-10 08:59:00,2026-06-10 09:14:39,刘旭,L0126
IN202606130022,SKU0152,9,2026-06-13 08:51:00,2026-06-13 08:42:07,杨建军,L0126
IN202606160032,SKU0152,9,2026-06-16 10:45:00,2026-06-16 10:54:54,杨建军,L0126
IN202606190028,SKU0152,9,2026-06-19 11:51:00,2026-06-19 12:11:06,姚佳,L0126
IN202606220032,SKU0152,9,2026-06-22 08:20:00,2026-06-22 08:30:27,杨建军,L0126
IN202606250029,SKU0152,9,2026-06-25 10:36:00,2026-06-25 10:41:18,毛燕,L0126
IN202606280024,SKU0152,9,2026-06-28 08:51:00,2026-06-28 10:18:47,毛燕,L0126
IN202607010029,SKU0152,9,2026-07-01 09:57:00,2026-07-01 10:09:30,刘旭,L0126
IN202607040031,SKU0152,9,2026-07-04 09:49:00,2026-07-04 09:47:05,姚佳,L0126
IN202607070024,SKU0152,9,2026-07-07 08:52:00,2026-07-07 08:44:48,刘旭,L0126
IN202607100027,SKU0152,9,2026-07-10 11:32:00,2026-07-10 11:23:37,宋超,L0126
IN202607130028,SKU0152,9,2026-07-13 10:49:00,2026-07-13 11:08:54,宋超,L0126
IN202607160037,SKU0152,9,2026-07-16 08:01:00,2026-07-16 08:00:01,卓雪,L0126
IN202607190027,SKU0152,9,2026-07-19 10:48:00,2026-07-19 11:04:09,姚佳,L0126
IN202607220023,SKU0152,9,2026-07-22 09:18:00,2026-07-22 10:34:32,廖晨,L0126
IN202607250028,SKU0152,9,2026-07-25 09:36:00,2026-07-25 09:58:51,卓雪,L0126
IN202607280026,SKU0152,9,2026-07-28 10:39:00,2026-07-28 13:40:19,宋超,L0126
IN202607310029,SKU0152,9,2026-07-31 08:02:00,2026-07-31 07:57:42,毛燕,L0126
IN202608030033,SKU0152,9,2026-08-03 10:14:00,2026-08-03 10:20:29,宋超,L0126
IN202608060029,SKU0152,9,2026-08-06 09:14:00,2026-08-06 09:14:10,刘旭,L0126
IN202608090030,SKU0152,9,2026-08-09 11:25:00,2026-08-09 11:26:17,廖晨,L0126
IN202608120019,SKU0152,9,2026-08-12 10:12:00,2026-08-12 12:38:51,李敏,L0126
IN202608150032,SKU0152,9,2026-08-15 11:01:00,2026-08-15 10:57:59,徐萍,L0126
IN202608180029,SKU0152,9,2026-08-18 08:19:00,2026-08-18 08:27:41,王丹,L0126
IN202608210027,SKU0152,9,2026-08-21 10:30:00,2026-08-21 10:52:46,郑婷婷,L0126
IN202608240030,SKU0152,9,2026-08-24 09:38:00,2026-08-24 11:14:53,卓雪,L0126
IN202608270027,SKU0152,9,2026-08-27 09:01:00,2026-08-27 09:02:53,杨建军,L0126
IN202606060045,SKU0153,94,2026-06-06 11:45:00,2026-06-06 11:41:50,王丹,L0713
IN202606130023,SKU0153,94,2026-06-13 09:24:00,2026-06-13 09:30:14,徐萍,L0713
IN202606200034,SKU0153,94,2026-06-20 10:43:00,2026-06-20 10:55:01,刘旭,L0713
IN202606270035,SKU0153,94,2026-06-27 10:25:00,2026-06-27 10:29:46,宋超,L0713
IN202607040032,SKU0153,94,2026-07-04 11:55:00,2026-07-04 12:01:24,姚佳,L0713
IN202607110035,SKU0153,94,2026-07-11 08:42:00,2026-07-11 08:58:17,刘旭,L0713
IN202607180035,SKU0153,94,2026-07-18 10:32:00,2026-07-18 10:24:05,徐萍,L0713
IN202607250029,SKU0153,94,2026-07-25 10:01:00,2026-07-25 10:13:24,徐萍,L0713
IN202608010034,SKU0153,94,2026-08-01 11:29:00,2026-08-01 11:31:48,毛燕,L0713
IN202608080036,SKU0153,94,2026-08-08 10:59:00,2026-08-08 11:03:46,杨建军,L0713
IN202608150033,SKU0153,94,2026-08-15 10:35:00,2026-08-15 10:50:49,姚佳,L0713
IN202608220029,SKU0153,94,2026-08-22 11:40:00,2026-08-22 12:56:50,毛燕,L0713
IN202608290041,SKU0153,94,2026-08-29 11:01:00,2026-08-29 11:22:40,刘旭,L0713
IN202606010035,SKU0154,13,2026-06-01 10:44:00,2026-06-01 10:38:25,毛燕,L0380
IN202606050030,SKU0154,13,2026-06-05 10:48:00,2026-06-05 14:05:50,刘旭,L0380
IN202606090036,SKU0154,13,2026-06-09 09:54:00,2026-06-09 10:18:26,廖晨,L0380
IN202606130024,SKU0154,13,2026-06-13 10:53:00,2026-06-13 11:09:54,李敏,L0380
IN202606170026,SKU0154,13,2026-06-17 11:45:00,2026-06-17 11:53:12,杨建军,L0380
IN202606210039,SKU0154,13,2026-06-21 09:05:00,2026-06-21 09:20:47,卓雪,L0380
IN202606250030,SKU0154,13,2026-06-25 10:54:00,2026-06-25 10:59:22,郑婷婷,L0380
IN202606290036,SKU0154,13,2026-06-29 08:23:00,2026-06-29 08:13:19,卓雪,L0380
IN202607030030,SKU0154,13,2026-07-03 10:06:00,2026-07-03 10:15:55,李帆,L0380
IN202607070025,SKU0154,13,2026-07-07 10:03:00,2026-07-07 10:02:51,徐萍,L0380
IN202607110036,SKU0154,13,2026-07-11 11:34:00,2026-07-11 13:15:34,郑婷婷,L0380
IN202607150032,SKU0154,13,2026-07-15 08:46:00,2026-07-15 08:40:40,杨建军,L0380
IN202607190028,SKU0154,13,2026-07-19 08:24:00,2026-07-19 08:23:22,李帆,L0380
IN202607230030,SKU0154,13,2026-07-23 09:53:00,2026-07-23 10:08:33,徐萍,L0380
IN202607270037,SKU0154,13,2026-07-27 08:53:00,2026-07-27 08:54:23,姚佳,L0380
IN202607310030,SKU0154,13,2026-07-31 10:13:00,2026-07-31 10:09:58,卓雪,L0380
IN202608040031,SKU0154,13,2026-08-04 08:16:00,2026-08-04 08:20:34,徐萍,L0380
IN202608080037,SKU0154,13,2026-08-08 11:33:00,2026-08-08 11:55:19,郑婷婷,L0380
IN202608120020,SKU0154,13,2026-08-12 10:25:00,2026-08-12 10:21:21,刘旭,L0380
IN202608160029,SKU0154,13,2026-08-16 08:22:00,2026-08-16 08:20:09,廖晨,L0380
IN202608200042,SKU0154,13,2026-08-20 11:55:00,2026-08-20 11:46:13,廖晨,L0380
IN202608240031,SKU0154,13,2026-08-24 08:34:00,2026-08-24 10:43:58,杨建军,L0380
IN202608280031,SKU0154,13,2026-08-28 09:11:00,2026-08-28 11:57:21,卓雪,L0380
IN202606020034,SKU0155,13,2026-06-02 10:18:00,2026-06-02 10:18:11,卓雪,L0569
IN202606060046,SKU0155,13,2026-06-06 11:13:00,2026-06-06 11:29:18,廖晨,L0569
IN202606100028,SKU0155,13,2026-06-10 11:05:00,2026-06-10 11:13:45,徐萍,L0569
IN202606140037,SKU0155,13,2026-06-14 10:47:00,2026-06-14 10:50:22,卓雪,L0569
IN202606180040,SKU0155,13,2026-06-18 11:18:00,2026-06-18 11:13:27,姚佳,L0569
IN202606220033,SKU0155,13,2026-06-22 09:00:00,2026-06-22 08:58:05,郑婷婷,L0569
IN202606260039,SKU0155,13,2026-06-26 10:37:00,2026-06-26 10:32:20,李帆,L0569
IN202606300041,SKU0155,13,2026-06-30 10:05:00,2026-06-30 10:08:56,李敏,L0569
IN202607040033,SKU0155,13,2026-07-04 08:55:00,2026-07-04 08:48:19,卓雪,L0569
IN202607080029,SKU0155,13,2026-07-08 11:53:00,2026-07-08 12:53:36,王丹,L0569
IN202607120039,SKU0155,13,2026-07-12 11:29:00,2026-07-12 11:34:15,姚佳,L0569
IN202607160038,SKU0155,13,2026-07-16 11:44:00,2026-07-16 13:08:57,杨建军,L0569
IN202607200040,SKU0155,13,2026-07-20 11:26:00,2026-07-20 11:50:47,杨建军,L0569
IN202607240041,SKU0155,13,2026-07-24 11:46:00,2026-07-24 12:01:01,李敏,L0569
IN202607280027,SKU0155,13,2026-07-28 11:31:00,2026-07-28 12:48:09,杨建军,L0569
IN202608010035,SKU0155,13,2026-08-01 11:22:00,2026-08-01 14:51:25,廖晨,L0569
IN202608050042,SKU0155,13,2026-08-05 09:22:00,2026-08-05 09:23:53,李敏,L0569
IN202608090031,SKU0155,13,2026-08-09 08:31:00,2026-08-09 08:26:11,毛燕,L0569
IN202608130040,SKU0155,13,2026-08-13 11:42:00,2026-08-13 11:40:11,毛燕,L0569
IN202608170041,SKU0155,13,2026-08-17 09:31:00,2026-08-17 09:49:36,李敏,L0569
IN202608210028,SKU0155,13,2026-08-21 10:15:00,2026-08-21 10:30:10,毛燕,L0569
IN202608250040,SKU0155,13,2026-08-25 08:30:00,2026-08-25 10:11:49,徐萍,L0569
IN202608290042,SKU0155,13,2026-08-29 10:24:00,2026-08-29 12:51:46,刘旭,L0569
IN202606010036,SKU0156,14,2026-06-01 08:06:00,2026-06-01 07:57:49,卓雪,L0611
IN202606050031,SKU0156,14,2026-06-05 09:19:00,2026-06-05 11:30:09,杨建军,L0611
IN202606090037,SKU0156,14,2026-06-09 08:24:00,2026-06-09 08:34:26,李帆,L0611
IN202606130025,SKU0156,14,2026-06-13 10:01:00,2026-06-13 10:02:45,徐萍,L0611
IN202606170027,SKU0156,14,2026-06-17 11:07:00,2026-06-17 11:06:25,卓雪,L0611
IN202606210040,SKU0156,14,2026-06-21 10:36:00,2026-06-21 12:52:33,姚佳,L0611
IN202606250031,SKU0156,14,2026-06-25 08:46:00,2026-06-25 09:06:36,王丹,L0611
IN202606290037,SKU0156,14,2026-06-29 08:11:00,2026-06-29 08:23:17,李敏,L0611
IN202607030031,SKU0156,14,2026-07-03 10:37:00,2026-07-03 11:42:04,姚佳,L0611
IN202607070026,SKU0156,14,2026-07-07 10:32:00,2026-07-07 10:54:29,宋超,L0611
IN202607110037,SKU0156,14,2026-07-11 11:47:00,2026-07-11 12:02:05,姚佳,L0611
IN202607150033,SKU0156,14,2026-07-15 10:39:00,2026-07-15 12:08:26,毛燕,L0611
IN202607190029,SKU0156,14,2026-07-19 09:28:00,2026-07-19 09:47:35,宋超,L0611
IN202607230031,SKU0156,14,2026-07-23 09:10:00,2026-07-23 09:06:43,卓雪,L0611
IN202607270038,SKU0156,14,2026-07-27 08:15:00,2026-07-27 08:27:59,李敏,L0611
IN202607310031,SKU0156,14,2026-07-31 11:21:00,2026-07-31 11:16:36,郑婷婷,L0611
IN202608040032,SKU0156,14,2026-08-04 08:32:00,2026-08-04 08:40:02,卓雪,L0611
IN202608080038,SKU0156,14,2026-08-08 08:11:00,2026-08-08 09:41:34,杨建军,L0611
IN202608120021,SKU0156,14,2026-08-12 11:44:00,2026-08-12 11:51:32,刘旭,L0611
IN202608160030,SKU0156,14,2026-08-16 11:59:00,2026-08-16 12:03:24,廖晨,L0611
IN202608200043,SKU0156,14,2026-08-20 08:53:00,2026-08-20 11:17:44,姚佳,L0611
IN202608240032,SKU0156,14,2026-08-24 09:42:00,2026-08-24 09:33:28,卓雪,L0611
IN202608280032,SKU0156,14,2026-08-28 10:50:00,2026-08-28 10:45:06,杨建军,L0611
IN202606010037,SKU0157,16,2026-06-01 11:43:00,2026-06-01 11:34:19,宋超,L0616
IN202606050032,SKU0157,16,2026-06-05 11:08:00,2026-06-05 11:17:47,王丹,L0616
IN202606090038,SKU0157,16,2026-06-09 11:31:00,2026-06-09 11:26:36,刘旭,L0616
IN202606130026,SKU0157,16,2026-06-13 11:31:00,2026-06-13 11:44:50,杨建军,L0616
IN202606170028,SKU0157,16,2026-06-17 08:36:00,2026-06-17 12:15:48,宋超,L0616
IN202606210041,SKU0157,16,2026-06-21 08:05:00,2026-06-21 08:07:41,刘旭,L0616
IN202606250032,SKU0157,16,2026-06-25 09:35:00,2026-06-25 09:31:17,廖晨,L0616
IN202606290038,SKU0157,16,2026-06-29 09:15:00,2026-06-29 12:10:56,杨建军,L0616
IN202607030032,SKU0157,16,2026-07-03 09:16:00,2026-07-03 09:38:09,王丹,L0616
IN202607070027,SKU0157,16,2026-07-07 09:17:00,2026-07-07 09:38:14,毛燕,L0616
IN202607110038,SKU0157,16,2026-07-11 09:48:00,2026-07-11 10:06:57,宋超,L0616
IN202607150034,SKU0157,16,2026-07-15 08:28:00,2026-07-15 08:38:39,李敏,L0616
IN202607190030,SKU0157,16,2026-07-19 09:04:00,2026-07-19 09:21:39,郑婷婷,L0616
IN202607230032,SKU0157,16,2026-07-23 08:58:00,2026-07-23 09:15:30,郑婷婷,L0616
IN202607270039,SKU0157,16,2026-07-27 11:49:00,2026-07-27 15:26:17,李敏,L0616
IN202607310032,SKU0157,16,2026-07-31 10:48:00,2026-07-31 10:38:46,李帆,L0616
IN202608040033,SKU0157,16,2026-08-04 10:01:00,2026-08-04 10:01:08,毛燕,L0616
IN202608080039,SKU0157,16,2026-08-08 08:36:00,2026-08-08 08:43:37,姚佳,L0616
IN202608120022,SKU0157,16,2026-08-12 11:21:00,2026-08-12 11:33:11,姚佳,L0616
IN202608160031,SKU0157,16,2026-08-16 11:41:00,2026-08-16 12:57:56,廖晨,L0616
IN202608200044,SKU0157,16,2026-08-20 11:47:00,2026-08-20 14:32:06,廖晨,L0616
IN202608240033,SKU0157,16,2026-08-24 08:18:00,2026-08-24 08:27:17,王丹,L0616
IN202608280033,SKU0157,16,2026-08-28 10:17:00,2026-08-28 10:32:58,刘旭,L0616
IN202606010038,SKU0158,16,2026-06-01 09:17:00,2026-06-01 09:33:42,李敏,L0107
IN202606080034,SKU0158,16,2026-06-08 09:23:00,2026-06-08 09:28:36,宋超,L0107
IN202606150041,SKU0158,16,2026-06-15 11:18:00,2026-06-15 11:24:37,杨建军,L0107
IN202606220034,SKU0158,16,2026-06-22 09:04:00,2026-06-22 09:03:11,徐萍,L0107
IN202606290039,SKU0158,16,2026-06-29 09:33:00,2026-06-29 10:57:11,毛燕,L0107
IN202607060047,SKU0158,16,2026-07-06 10:08:00,2026-07-06 10:08:31,刘旭,L0107
IN202607130029,SKU0158,16,2026-07-13 09:37:00,2026-07-13 09:56:34,李敏,L0107
IN202607200041,SKU0158,16,2026-07-20 08:35:00,2026-07-20 08:52:42,宋超,L0107
IN202607270040,SKU0158,16,2026-07-27 09:57:00,2026-07-27 10:07:25,李帆,L0107
IN202608030034,SKU0158,16,2026-08-03 08:48:00,2026-08-03 10:38:44,卓雪,L0107
IN202608100041,SKU0158,16,2026-08-10 09:34:00,2026-08-10 09:53:33,王丹,L0107
IN202608170042,SKU0158,16,2026-08-17 08:08:00,2026-08-17 11:00:19,李帆,L0107
IN202608240034,SKU0158,16,2026-08-24 08:35:00,2026-08-24 08:32:34,徐萍,L0107
IN202606010039,SKU0159,16,2026-06-01 10:59:00,2026-06-01 11:02:48,李敏,L0355
IN202606040033,SKU0159,16,2026-06-04 11:38:00,2026-06-04 14:21:40,卓雪,L0355
IN202606070027,SKU0159,16,2026-06-07 08:52:00,2026-06-07 08:56:50,徐萍,L0355
IN202606100029,SKU0159,16,2026-06-10 08:45:00,2026-06-10 08:48:16,郑婷婷,L0355
IN202606130027,SKU0159,16,2026-06-13 11:32:00,2026-06-13 11:51:23,卓雪,L0355
IN202606160033,SKU0159,16,2026-06-16 09:32:00,2026-06-16 09:49:31,廖晨,L0355
IN202606190029,SKU0159,16,2026-06-19 09:55:00,2026-06-19 10:05:12,徐萍,L0355
IN202606220035,SKU0159,16,2026-06-22 09:42:00,2026-06-22 09:45:59,杨建军,L0355
IN202606250033,SKU0159,16,2026-06-25 09:48:00,2026-06-25 10:12:32,李敏,L0355
IN202606280025,SKU0159,16,2026-06-28 08:55:00,2026-06-28 11:51:20,李敏,L0355
IN202607010030,SKU0159,16,2026-07-01 09:47:00,2026-07-01 09:44:08,刘旭,L0355
IN202607040034,SKU0159,16,2026-07-04 09:46:00,2026-07-04 09:39:56,毛燕,L0355
IN202607070028,SKU0159,16,2026-07-07 08:25:00,2026-07-07 10:15:18,刘旭,L0355
IN202607100028,SKU0159,16,2026-07-10 08:58:00,2026-07-10 08:48:13,徐萍,L0355
IN202607130030,SKU0159,16,2026-07-13 09:24:00,2026-07-13 10:25:19,杨建军,L0355
IN202607160039,SKU0159,16,2026-07-16 10:47:00,2026-07-16 10:58:45,王丹,L0355
IN202607190031,SKU0159,16,2026-07-19 08:23:00,2026-07-19 08:47:08,廖晨,L0355
IN202607220024,SKU0159,16,2026-07-22 08:25:00,2026-07-22 08:48:39,徐萍,L0355
IN202607250030,SKU0159,16,2026-07-25 11:06:00,2026-07-25 11:17:22,卓雪,L0355
IN202607280028,SKU0159,16,2026-07-28 08:17:00,2026-07-28 11:42:18,姚佳,L0355
IN202607310033,SKU0159,16,2026-07-31 08:34:00,2026-07-31 08:33:51,徐萍,L0355
IN202608030035,SKU0159,16,2026-08-03 08:06:00,2026-08-03 08:10:02,宋超,L0355
IN202608060030,SKU0159,16,2026-08-06 10:12:00,2026-08-06 10:34:57,李敏,L0355
IN202608090032,SKU0159,16,2026-08-09 11:50:00,2026-08-09 11:40:04,杨建军,L0355
IN202608120023,SKU0159,16,2026-08-12 11:07:00,2026-08-12 10:59:03,宋超,L0355
IN202608150034,SKU0159,16,2026-08-15 10:38:00,2026-08-15 13:06:16,杨建军,L0355
IN202608180030,SKU0159,16,2026-08-18 08:58:00,2026-08-18 12:30:43,王丹,L0355
IN202608210029,SKU0159,16,2026-08-21 11:07:00,2026-08-21 11:31:46,徐萍,L0355
IN202608240035,SKU0159,16,2026-08-24 09:45:00,2026-08-24 09:44:51,李帆,L0355
IN202608270028,SKU0159,16,2026-08-27 09:56:00,2026-08-27 09:58:28,杨建军,L0355
IN202606010040,SKU0160,10,2026-06-01 11:26:00,2026-06-01 11:28:17,徐萍,L0411
IN202606040034,SKU0160,10,2026-06-04 09:58:00,2026-06-04 10:01:39,卓雪,L0411
IN202606070028,SKU0160,10,2026-06-07 10:08:00,2026-06-07 11:18:51,廖晨,L0411
IN202606100030,SKU0160,10,2026-06-10 09:31:00,2026-06-10 10:40:21,李帆,L0411
IN202606130028,SKU0160,10,2026-06-13 09:38:00,2026-06-13 09:40:43,廖晨,L0411
IN202606160034,SKU0160,10,2026-06-16 11:25:00,2026-06-16 11:43:00,卓雪,L0411
IN202606190030,SKU0160,10,2026-06-19 08:30:00,2026-06-19 08:23:24,姚佳,L0411
IN202606220036,SKU0160,10,2026-06-22 08:15:00,2026-06-22 11:41:19,王丹,L0411
IN202606250034,SKU0160,10,2026-06-25 10:10:00,2026-06-25 10:18:49,毛燕,L0411
IN202606280026,SKU0160,10,2026-06-28 08:44:00,2026-06-28 08:47:29,杨建军,L0411
IN202607010031,SKU0160,10,2026-07-01 11:43:00,2026-07-01 11:39:56,毛燕,L0411
IN202607040035,SKU0160,10,2026-07-04 10:33:00,2026-07-04 10:27:21,杨建军,L0411
IN202607070029,SKU0160,10,2026-07-07 10:36:00,2026-07-07 10:38:04,姚佳,L0411
IN202607100029,SKU0160,10,2026-07-10 08:27:00,2026-07-10 08:20:50,廖晨,L0411
IN202607130031,SKU0160,10,2026-07-13 08:50:00,2026-07-13 09:08:54,李敏,L0411
IN202607160040,SKU0160,10,2026-07-16 08:01:00,2026-07-16 08:17:15,卓雪,L0411
IN202607190032,SKU0160,10,2026-07-19 09:36:00,2026-07-19 13:28:36,刘旭,L0411
IN202607220025,SKU0160,10,2026-07-22 10:02:00,2026-07-22 10:17:48,刘旭,L0411
IN202607250031,SKU0160,10,2026-07-25 11:06:00,2026-07-25 11:19:02,李敏,L0411
IN202607280029,SKU0160,10,2026-07-28 11:15:00,2026-07-28 11:20:27,毛燕,L0411
IN202607310034,SKU0160,10,2026-07-31 11:32:00,2026-07-31 12:11:40,卓雪,L0411
IN202608030036,SKU0160,10,2026-08-03 11:18:00,2026-08-03 12:51:28,宋超,L0411
IN202608060031,SKU0160,10,2026-08-06 10:30:00,2026-08-06 10:30:36,王丹,L0411
IN202608090033,SKU0160,10,2026-08-09 08:54:00,2026-08-09 08:49:43,徐萍,L0411
IN202608120024,SKU0160,10,2026-08-12 11:23:00,2026-08-12 11:17:31,王丹,L0411
IN202608150035,SKU0160,10,2026-08-15 10:00:00,2026-08-15 09:58:12,刘旭,L0411
IN202608180031,SKU0160,10,2026-08-18 11:50:00,2026-08-18 12:12:30,王丹,L0411
IN202608210030,SKU0160,10,2026-08-21 08:44:00,2026-08-21 08:43:26,刘旭,L0411
IN202608240036,SKU0160,10,2026-08-24 08:44:00,2026-08-24 09:34:38,卓雪,L0411
IN202608270029,SKU0160,10,2026-08-27 09:07:00,2026-08-27 09:03:24,李帆,L0411
IN202606020035,SKU0161,13,2026-06-02 09:29:00,2026-06-02 09:49:28,徐萍,L0159
IN202606050033,SKU0161,13,2026-06-05 08:02:00,2026-06-05 08:20:58,毛燕,L0159
IN202606080035,SKU0161,13,2026-06-08 08:00:00,2026-06-08 07:59:04,李帆,L0159
IN202606110040,SKU0161,13,2026-06-11 09:40:00,2026-06-11 10:01:13,郑婷婷,L0159
IN202606140038,SKU0161,13,2026-06-14 10:08:00,2026-06-14 10:23:26,李帆,L0159
IN202606170029,SKU0161,13,2026-06-17 09:58:00,2026-06-17 10:17:00,郑婷婷,L0159
IN202606200035,SKU0161,13,2026-06-20 08:45:00,2026-06-20 08:55:18,郑婷婷,L0159
IN202606230029,SKU0161,13,2026-06-23 10:04:00,2026-06-23 10:17:22,杨建军,L0159
IN202606260040,SKU0161,13,2026-06-26 10:37:00,2026-06-26 10:47:23,王丹,L0159
IN202606290040,SKU0161,13,2026-06-29 10:32:00,2026-06-29 10:28:17,郑婷婷,L0159
IN202607020035,SKU0161,13,2026-07-02 10:56:00,2026-07-02 11:05:18,卓雪,L0159
IN202607050033,SKU0161,13,2026-07-05 10:36:00,2026-07-05 10:33:14,卓雪,L0159
IN202607080030,SKU0161,13,2026-07-08 08:26:00,2026-07-08 08:24:15,郑婷婷,L0159
IN202607110039,SKU0161,13,2026-07-11 08:31:00,2026-07-11 08:55:42,刘旭,L0159
IN202607140035,SKU0161,13,2026-07-14 08:37:00,2026-07-14 08:59:13,刘旭,L0159
IN202607170030,SKU0161,13,2026-07-17 08:54:00,2026-07-17 08:48:51,姚佳,L0159
IN202607200042,SKU0161,13,2026-07-20 11:02:00,2026-07-20 13:00:21,王丹,L0159
IN202607230033,SKU0161,13,2026-07-23 10:48:00,2026-07-23 12:58:18,宋超,L0159
IN202607260038,SKU0161,13,2026-07-26 10:47:00,2026-07-26 14:25:58,宋超,L0159
IN202607290031,SKU0161,13,2026-07-29 08:39:00,2026-07-29 08:40:51,郑婷婷,L0159
IN202608010036,SKU0161,13,2026-08-01 08:47:00,2026-08-01 08:59:09,李帆,L0159
IN202608040034,SKU0161,13,2026-08-04 09:42:00,2026-08-04 09:42:32,徐萍,L0159
IN202608070029,SKU0161,13,2026-08-07 10:29:00,2026-08-07 10:26:45,宋超,L0159
IN202608100042,SKU0161,13,2026-08-10 11:47:00,2026-08-10 12:11:11,杨建军,L0159
IN202608130041,SKU0161,13,2026-08-13 09:14:00,2026-08-13 09:14:53,王丹,L0159
IN202608160032,SKU0161,13,2026-08-16 11:59:00,2026-08-16 12:23:03,王丹,L0159
IN202608190031,SKU0161,13,2026-08-19 10:36:00,2026-08-19 10:59:51,姚佳,L0159
IN202608220030,SKU0161,13,2026-08-22 11:59:00,2026-08-22 12:07:20,廖晨,L0159
IN202608250041,SKU0161,13,2026-08-25 10:37:00,2026-08-25 10:27:23,姚佳,L0159
IN202608280034,SKU0161,13,2026-08-28 09:44:00,2026-08-28 09:51:59,李敏,L0159
IN202606040035,SKU0162,43,2026-06-04 10:37:00,2026-06-04 11:00:49,刘旭,L0785
IN202606090039,SKU0162,43,2026-06-09 10:28:00,2026-06-09 10:51:01,毛燕,L0785
IN202606140039,SKU0162,43,2026-06-14 08:41:00,2026-06-14 10:21:06,李帆,L0785
IN202606190031,SKU0162,43,2026-06-19 10:43:00,2026-06-19 13:57:29,廖晨,L0785
IN202606240037,SKU0162,43,2026-06-24 08:42:00,2026-06-24 08:43:16,姚佳,L0785
IN202606290041,SKU0162,43,2026-06-29 11:02:00,2026-06-29 12:17:17,李敏,L0785
IN202607040036,SKU0162,43,2026-07-04 08:05:00,2026-07-04 08:29:25,宋超,L0785
IN202607090041,SKU0162,43,2026-07-09 10:21:00,2026-07-09 10:19:55,杨建军,L0785
IN202607140036,SKU0162,43,2026-07-14 08:15:00,2026-07-14 08:14:06,毛燕,L0785
IN202607190033,SKU0162,43,2026-07-19 09:49:00,2026-07-19 09:56:01,徐萍,L0785
IN202607240042,SKU0162,43,2026-07-24 09:31:00,2026-07-24 13:03:40,王丹,L0785
IN202607290032,SKU0162,43,2026-07-29 08:09:00,2026-07-29 09:03:47,卓雪,L0785
IN202608030037,SKU0162,43,2026-08-03 08:14:00,2026-08-03 09:21:12,毛燕,L0785
IN202608080040,SKU0162,43,2026-08-08 11:18:00,2026-08-08 11:29:30,毛燕,L0785
IN202608130042,SKU0162,43,2026-08-13 10:53:00,2026-08-13 11:14:07,卓雪,L0785
IN202608180032,SKU0162,43,2026-08-18 10:56:00,2026-08-18 11:05:28,卓雪,L0785
IN202608230040,SKU0162,43,2026-08-23 08:51:00,2026-08-23 10:51:54,郑婷婷,L0785
IN202608280035,SKU0162,43,2026-08-28 08:40:00,2026-08-28 10:16:32,刘旭,L0785
IN202606050034,SKU0163,24,2026-06-05 09:30:00,2026-06-05 09:34:07,李敏,L0585
IN202606100031,SKU0163,24,2026-06-10 10:41:00,2026-06-10 10:31:57,李敏,L0585
IN202606150042,SKU0163,24,2026-06-15 10:02:00,2026-06-15 12:55:51,郑婷婷,L0585
IN202606200036,SKU0163,24,2026-06-20 11:37:00,2026-06-20 11:52:59,姚佳,L0585
IN202606250035,SKU0163,24,2026-06-25 11:10:00,2026-06-25 11:09:05,郑婷婷,L0585
IN202606300042,SKU0163,24,2026-06-30 08:53:00,2026-06-30 11:43:05,徐萍,L0585
IN202607050034,SKU0163,24,2026-07-05 09:43:00,2026-07-05 10:02:38,姚佳,L0585
IN202607100030,SKU0163,24,2026-07-10 11:58:00,2026-07-10 12:18:25,徐萍,L0585
IN202607150035,SKU0163,24,2026-07-15 11:05:00,2026-07-15 11:53:19,杨建军,L0585
IN202607200043,SKU0163,24,2026-07-20 08:33:00,2026-07-20 08:44:20,毛燕,L0585
IN202607250032,SKU0163,24,2026-07-25 08:50:00,2026-07-25 08:56:19,刘旭,L0585
IN202607300042,SKU0163,24,2026-07-30 10:42:00,2026-07-30 12:57:11,郑婷婷,L0585
IN202608040035,SKU0163,24,2026-08-04 08:41:00,2026-08-04 08:35:04,郑婷婷,L0585
IN202608090034,SKU0163,24,2026-08-09 11:12:00,2026-08-09 11:27:47,宋超,L0585
IN202608140036,SKU0163,24,2026-08-14 09:05:00,2026-08-14 09:05:28,刘旭,L0585
IN202608190032,SKU0163,24,2026-08-19 09:35:00,2026-08-19 09:43:46,毛燕,L0585
IN202608240037,SKU0163,24,2026-08-24 09:32:00,2026-08-24 09:56:39,刘旭,L0585
IN202608290043,SKU0163,24,2026-08-29 09:48:00,2026-08-29 10:12:04,廖晨,L0585
IN202606020036,SKU0164,9,2026-06-02 08:42:00,2026-06-02 09:05:37,李帆,L0082
IN202606050035,SKU0164,9,2026-06-05 09:23:00,2026-06-05 09:42:00,徐萍,L0082
IN202606080036,SKU0164,9,2026-06-08 09:59:00,2026-06-08 09:59:32,李敏,L0082
IN202606110041,SKU0164,9,2026-06-11 08:28:00,2026-06-11 08:21:40,李敏,L0082
IN202606140040,SKU0164,9,2026-06-14 09:35:00,2026-06-14 09:39:08,宋超,L0082
IN202606170030,SKU0164,9,2026-06-17 11:47:00,2026-06-17 15:23:23,李敏,L0082
IN202606200037,SKU0164,9,2026-06-20 08:14:00,2026-06-20 08:26:06,刘旭,L0082
IN202606230030,SKU0164,9,2026-06-23 10:08:00,2026-06-23 10:17:54,郑婷婷,L0082
IN202606260041,SKU0164,9,2026-06-26 08:32:00,2026-06-26 08:42:25,王丹,L0082
IN202606290042,SKU0164,9,2026-06-29 08:13:00,2026-06-29 08:22:43,徐萍,L0082
IN202607020036,SKU0164,9,2026-07-02 09:03:00,2026-07-02 08:55:41,毛燕,L0082
IN202607050035,SKU0164,9,2026-07-05 10:57:00,2026-07-05 12:22:20,宋超,L0082
IN202607080031,SKU0164,9,2026-07-08 10:36:00,2026-07-08 10:27:48,姚佳,L0082
IN202607110040,SKU0164,9,2026-07-11 09:47:00,2026-07-11 09:52:52,刘旭,L0082
IN202607140037,SKU0164,9,2026-07-14 10:35:00,2026-07-14 10:58:14,郑婷婷,L0082
IN202607170031,SKU0164,9,2026-07-17 08:39:00,2026-07-17 08:34:11,郑婷婷,L0082
IN202607200044,SKU0164,9,2026-07-20 09:34:00,2026-07-20 09:36:08,姚佳,L0082
IN202607230034,SKU0164,9,2026-07-23 10:05:00,2026-07-23 10:01:35,刘旭,L0082
IN202607260039,SKU0164,9,2026-07-26 11:06:00,2026-07-26 11:10:02,李敏,L0082
IN202607290033,SKU0164,9,2026-07-29 09:43:00,2026-07-29 09:47:54,杨建军,L0082
IN202608010037,SKU0164,9,2026-08-01 08:22:00,2026-08-01 08:41:01,杨建军,L0082
IN202608040036,SKU0164,9,2026-08-04 10:15:00,2026-08-04 10:09:27,李敏,L0082
IN202608070030,SKU0164,9,2026-08-07 10:39:00,2026-08-07 13:54:18,徐萍,L0082
IN202608100043,SKU0164,9,2026-08-10 11:16:00,2026-08-10 11:18:54,李敏,L0082
IN202608130043,SKU0164,9,2026-08-13 11:00:00,2026-08-13 10:57:02,刘旭,L0082
IN202608160033,SKU0164,9,2026-08-16 09:21:00,2026-08-16 11:21:16,毛燕,L0082
IN202608190033,SKU0164,9,2026-08-19 10:17:00,2026-08-19 10:36:14,王丹,L0082
IN202608220031,SKU0164,9,2026-08-22 08:53:00,2026-08-22 08:46:31,廖晨,L0082
IN202608250042,SKU0164,9,2026-08-25 10:56:00,2026-08-25 13:35:11,毛燕,L0082
IN202608280036,SKU0164,9,2026-08-28 11:08:00,2026-08-28 12:24:35,杨建军,L0082
IN202606070029,SKU0165,15,2026-06-07 10:17:00,2026-06-07 10:33:10,王丹,L0291
IN202606140041,SKU0165,15,2026-06-14 09:03:00,2026-06-14 08:56:48,毛燕,L0291
IN202606210042,SKU0165,15,2026-06-21 11:54:00,2026-06-21 13:23:34,卓雪,L0291
IN202606280027,SKU0165,15,2026-06-28 11:12:00,2026-06-28 11:12:23,刘旭,L0291
IN202607050036,SKU0165,15,2026-07-05 09:18:00,2026-07-05 09:13:25,李敏,L0291
IN202607120040,SKU0165,15,2026-07-12 08:14:00,2026-07-12 08:36:27,李帆,L0291
IN202607190034,SKU0165,15,2026-07-19 08:28:00,2026-07-19 08:52:44,杨建军,L0291
IN202607260040,SKU0165,15,2026-07-26 10:51:00,2026-07-26 11:40:01,毛燕,L0291
IN202608020033,SKU0165,15,2026-08-02 11:10:00,2026-08-02 11:23:23,姚佳,L0291
IN202608090035,SKU0165,15,2026-08-09 09:41:00,2026-08-09 11:35:16,卓雪,L0291
IN202608160034,SKU0165,15,2026-08-16 11:29:00,2026-08-16 11:21:11,郑婷婷,L0291
IN202608230041,SKU0165,15,2026-08-23 10:43:00,2026-08-23 11:02:01,姚佳,L0291
IN202606030030,SKU0166,21,2026-06-03 11:56:00,2026-06-03 11:55:49,宋超,L0118
IN202606100032,SKU0166,21,2026-06-10 09:06:00,2026-06-10 09:18:22,郑婷婷,L0118
IN202606170031,SKU0166,21,2026-06-17 10:05:00,2026-06-17 10:11:31,宋超,L0118
IN202606240038,SKU0166,21,2026-06-24 10:37:00,2026-06-24 10:28:28,李帆,L0118
IN202607010032,SKU0166,21,2026-07-01 10:37:00,2026-07-01 10:31:22,廖晨,L0118
IN202607080032,SKU0166,21,2026-07-08 09:52:00,2026-07-08 10:10:50,李帆,L0118
IN202607150036,SKU0166,21,2026-07-15 09:22:00,2026-07-15 09:33:37,宋超,L0118
IN202607220026,SKU0166,21,2026-07-22 09:41:00,2026-07-22 09:37:59,王丹,L0118
IN202607290034,SKU0166,21,2026-07-29 10:37:00,2026-07-29 14:30:39,姚佳,L0118
IN202608050043,SKU0166,21,2026-08-05 09:11:00,2026-08-05 09:18:02,郑婷婷,L0118
IN202608120025,SKU0166,21,2026-08-12 10:27:00,2026-08-12 10:47:29,宋超,L0118
IN202608190034,SKU0166,21,2026-08-19 08:19:00,2026-08-19 08:09:18,刘旭,L0118
IN202608260032,SKU0166,21,2026-08-26 10:49:00,2026-08-26 10:58:20,姚佳,L0118
IN202606020037,SKU0167,15,2026-06-02 08:11:00,2026-06-02 08:26:05,姚佳,L0298
IN202606080037,SKU0167,15,2026-06-08 09:13:00,2026-06-08 09:18:59,姚佳,L0298
IN202606140042,SKU0167,15,2026-06-14 11:25:00,2026-06-14 11:18:28,刘旭,L0298
IN202606200038,SKU0167,15,2026-06-20 11:00:00,2026-06-20 10:50:14,宋超,L0298
IN202606260042,SKU0167,15,2026-06-26 11:25:00,2026-06-26 12:26:47,李敏,L0298
IN202607020037,SKU0167,15,2026-07-02 10:57:00,2026-07-02 10:52:11,王丹,L0298
IN202607080033,SKU0167,15,2026-07-08 11:10:00,2026-07-08 11:26:37,宋超,L0298
IN202607140038,SKU0167,15,2026-07-14 08:23:00,2026-07-14 08:40:53,徐萍,L0298
IN202607200045,SKU0167,15,2026-07-20 08:40:00,2026-07-20 08:41:40,李敏,L0298
IN202607260041,SKU0167,15,2026-07-26 08:44:00,2026-07-26 08:50:54,姚佳,L0298
IN202608010038,SKU0167,15,2026-08-01 08:29:00,2026-08-01 08:38:26,杨建军,L0298
IN202608070031,SKU0167,15,2026-08-07 11:43:00,2026-08-07 12:00:22,廖晨,L0298
IN202608130044,SKU0167,15,2026-08-13 10:18:00,2026-08-13 10:29:52,李敏,L0298
IN202608190035,SKU0167,15,2026-08-19 10:50:00,2026-08-19 11:12:23,廖晨,L0298
IN202608250043,SKU0167,15,2026-08-25 08:47:00,2026-08-25 09:11:50,宋超,L0298
IN202606030031,SKU0168,125,2026-06-03 09:19:00,2026-06-03 09:11:15,刘旭,L0792
IN202606090040,SKU0168,125,2026-06-09 08:35:00,2026-06-09 11:38:03,宋超,L0792
IN202606150043,SKU0168,125,2026-06-15 09:18:00,2026-06-15 11:38:00,卓雪,L0792
IN202606210043,SKU0168,125,2026-06-21 09:34:00,2026-06-21 09:24:08,李敏,L0792
IN202606270036,SKU0168,125,2026-06-27 10:45:00,2026-06-27 12:04:55,姚佳,L0792
IN202607030033,SKU0168,125,2026-07-03 09:19:00,2026-07-03 11:05:07,宋超,L0792
IN202607090042,SKU0168,125,2026-07-09 08:58:00,2026-07-09 12:31:27,李敏,L0792
IN202607150037,SKU0168,125,2026-07-15 08:22:00,2026-07-15 08:16:18,李敏,L0792
IN202607210041,SKU0168,125,2026-07-21 11:05:00,2026-07-21 13:15:15,姚佳,L0792
IN202607270041,SKU0168,125,2026-07-27 08:38:00,2026-07-27 08:49:00,姚佳,L0792
IN202608020034,SKU0168,125,2026-08-02 11:55:00,2026-08-02 12:07:42,李敏,L0792
IN202608080041,SKU0168,125,2026-08-08 10:33:00,2026-08-08 10:44:27,刘旭,L0792
IN202608140037,SKU0168,125,2026-08-14 08:21:00,2026-08-14 08:19:18,宋超,L0792
IN202608200045,SKU0168,125,2026-08-20 10:59:00,2026-08-20 11:23:44,卓雪,L0792
IN202608260033,SKU0168,125,2026-08-26 09:50:00,2026-08-26 09:40:38,刘旭,L0792
IN202606060047,SKU0169,16,2026-06-06 09:41:00,2026-06-06 09:57:31,杨建军,L0105
IN202606130029,SKU0169,16,2026-06-13 11:20:00,2026-06-13 11:27:52,郑婷婷,L0105
IN202606200039,SKU0169,16,2026-06-20 11:46:00,2026-06-20 11:55:01,郑婷婷,L0105
IN202606270037,SKU0169,16,2026-06-27 10:23:00,2026-06-27 10:37:57,毛燕,L0105
IN202607040037,SKU0169,16,2026-07-04 11:30:00,2026-07-04 11:35:28,廖晨,L0105
IN202607110041,SKU0169,16,2026-07-11 08:40:00,2026-07-11 08:51:43,廖晨,L0105
IN202607180036,SKU0169,16,2026-07-18 11:33:00,2026-07-18 13:06:55,廖晨,L0105
IN202607250033,SKU0169,16,2026-07-25 11:27:00,2026-07-25 11:31:54,李帆,L0105
IN202608010039,SKU0169,16,2026-08-01 09:40:00,2026-08-01 09:48:11,宋超,L0105
IN202608080042,SKU0169,16,2026-08-08 09:05:00,2026-08-08 09:17:56,郑婷婷,L0105
IN202608150036,SKU0169,16,2026-08-15 10:38:00,2026-08-15 10:39:46,杨建军,L0105
IN202608220032,SKU0169,16,2026-08-22 09:24:00,2026-08-22 09:27:50,李敏,L0105
IN202608290044,SKU0169,16,2026-08-29 10:05:00,2026-08-29 10:07:55,杨建军,L0105
IN202606020038,SKU0170,12,2026-06-02 11:22:00,2026-06-02 13:58:49,宋超,L0224
IN202606060048,SKU0170,12,2026-06-06 11:56:00,2026-06-06 11:46:22,郑婷婷,L0224
IN202606100033,SKU0170,12,2026-06-10 11:21:00,2026-06-10 11:30:38,廖晨,L0224
IN202606140043,SKU0170,12,2026-06-14 08:35:00,2026-06-14 08:40:23,宋超,L0224
IN202606180041,SKU0170,12,2026-06-18 11:26:00,2026-06-18 11:38:18,李敏,L0224
IN202606220037,SKU0170,12,2026-06-22 10:32:00,2026-06-22 12:27:18,宋超,L0224
IN202606260043,SKU0170,12,2026-06-26 08:41:00,2026-06-26 08:42:05,卓雪,L0224
IN202606300043,SKU0170,12,2026-06-30 08:27:00,2026-06-30 08:37:46,李帆,L0224
IN202607040038,SKU0170,12,2026-07-04 08:05:00,2026-07-04 09:43:11,王丹,L0224
IN202607080034,SKU0170,12,2026-07-08 11:51:00,2026-07-08 14:50:08,杨建军,L0224
IN202607120041,SKU0170,12,2026-07-12 10:46:00,2026-07-12 10:54:03,李帆,L0224
IN202607160041,SKU0170,12,2026-07-16 10:00:00,2026-07-16 09:59:11,姚佳,L0224
IN202607200046,SKU0170,12,2026-07-20 11:13:00,2026-07-20 11:34:51,卓雪,L0224
IN202607240043,SKU0170,12,2026-07-24 11:23:00,2026-07-24 14:16:55,李敏,L0224
IN202607280030,SKU0170,12,2026-07-28 09:22:00,2026-07-28 09:26:25,王丹,L0224
IN202608010040,SKU0170,12,2026-08-01 08:55:00,2026-08-01 10:57:35,王丹,L0224
IN202608050044,SKU0170,12,2026-08-05 11:21:00,2026-08-05 11:38:36,姚佳,L0224
IN202608090036,SKU0170,12,2026-08-09 09:29:00,2026-08-09 09:36:47,李帆,L0224
IN202608130045,SKU0170,12,2026-08-13 08:27:00,2026-08-13 08:42:12,王丹,L0224
IN202608170043,SKU0170,12,2026-08-17 10:59:00,2026-08-17 14:10:05,杨建军,L0224
IN202608210031,SKU0170,12,2026-08-21 08:49:00,2026-08-21 08:47:34,李帆,L0224
IN202608250044,SKU0170,12,2026-08-25 09:56:00,2026-08-25 09:58:39,徐萍,L0224
IN202608290045,SKU0170,12,2026-08-29 08:44:00,2026-08-29 09:05:57,姚佳,L0224
IN202606020039,SKU0171,12,2026-06-02 11:26:00,2026-06-02 11:45:05,廖晨,L0374
IN202606060049,SKU0171,12,2026-06-06 09:47:00,2026-06-06 09:42:30,杨建军,L0374
IN202606100034,SKU0171,12,2026-06-10 10:26:00,2026-06-10 10:20:44,刘旭,L0374
IN202606140044,SKU0171,12,2026-06-14 11:38:00,2026-06-14 11:42:53,徐萍,L0374
IN202606180042,SKU0171,12,2026-06-18 11:35:00,2026-06-18 11:34:41,毛燕,L0374
IN202606220038,SKU0171,12,2026-06-22 08:41:00,2026-06-22 08:58:19,刘旭,L0374
IN202606260044,SKU0171,12,2026-06-26 10:46:00,2026-06-26 10:52:44,李敏,L0374
IN202606300044,SKU0171,12,2026-06-30 09:24:00,2026-06-30 09:33:56,廖晨,L0374
IN202607040039,SKU0171,12,2026-07-04 11:35:00,2026-07-04 11:30:22,姚佳,L0374
IN202607080035,SKU0171,12,2026-07-08 11:40:00,2026-07-08 12:01:02,杨建军,L0374
IN202607120042,SKU0171,12,2026-07-12 08:40:00,2026-07-12 08:43:35,徐萍,L0374
IN202607160042,SKU0171,12,2026-07-16 09:22:00,2026-07-16 09:31:34,杨建军,L0374
IN202607200047,SKU0171,12,2026-07-20 10:45:00,2026-07-20 10:52:48,郑婷婷,L0374
IN202607240044,SKU0171,12,2026-07-24 08:12:00,2026-07-24 08:16:24,廖晨,L0374
IN202607280031,SKU0171,12,2026-07-28 09:49:00,2026-07-28 10:02:36,徐萍,L0374
IN202608010041,SKU0171,12,2026-08-01 08:03:00,2026-08-01 07:56:35,姚佳,L0374
IN202608050045,SKU0171,12,2026-08-05 10:30:00,2026-08-05 13:00:17,姚佳,L0374
IN202608090037,SKU0171,12,2026-08-09 09:19:00,2026-08-09 09:35:26,徐萍,L0374
IN202608130046,SKU0171,12,2026-08-13 09:43:00,2026-08-13 09:56:21,廖晨,L0374
IN202608170044,SKU0171,12,2026-08-17 10:03:00,2026-08-17 10:04:21,宋超,L0374
IN202608210032,SKU0171,12,2026-08-21 10:21:00,2026-08-21 10:30:22,卓雪,L0374
IN202608250045,SKU0171,12,2026-08-25 10:19:00,2026-08-25 10:35:41,徐萍,L0374
IN202608290046,SKU0171,12,2026-08-29 11:24:00,2026-08-29 11:38:14,郑婷婷,L0374
IN202606070030,SKU0172,15,2026-06-07 11:04:00,2026-06-07 11:18:43,廖晨,L0254
IN202606140045,SKU0172,15,2026-06-14 08:13:00,2026-06-14 08:31:16,宋超,L0254
IN202606210044,SKU0172,15,2026-06-21 08:05:00,2026-06-21 08:10:36,宋超,L0254
IN202606280028,SKU0172,15,2026-06-28 11:09:00,2026-06-28 11:28:10,毛燕,L0254
IN202607050037,SKU0172,15,2026-07-05 11:53:00,2026-07-05 11:50:57,宋超,L0254
IN202607120043,SKU0172,15,2026-07-12 11:00:00,2026-07-12 14:45:37,郑婷婷,L0254
IN202607190035,SKU0172,15,2026-07-19 08:49:00,2026-07-19 08:55:55,杨建军,L0254
IN202607260042,SKU0172,15,2026-07-26 11:49:00,2026-07-26 12:03:22,毛燕,L0254
IN202608020035,SKU0172,15,2026-08-02 08:54:00,2026-08-02 09:12:41,刘旭,L0254
IN202608090038,SKU0172,15,2026-08-09 08:05:00,2026-08-09 08:00:57,李敏,L0254
IN202608160035,SKU0172,15,2026-08-16 11:16:00,2026-08-16 11:39:01,李帆,L0254
IN202608230042,SKU0172,15,2026-08-23 11:38:00,2026-08-23 11:37:21,姚佳,L0254
IN202606030032,SKU0173,12,2026-06-03 10:48:00,2026-06-03 10:51:12,徐萍,L0116
IN202606060050,SKU0173,12,2026-06-06 11:59:00,2026-06-06 11:56:45,王丹,L0116
IN202606090041,SKU0173,12,2026-06-09 10:54:00,2026-06-09 13:23:21,毛燕,L0116
IN202606120036,SKU0173,12,2026-06-12 09:31:00,2026-06-12 09:30:37,郑婷婷,L0116
IN202606150044,SKU0173,12,2026-06-15 09:49:00,2026-06-15 09:55:19,李敏,L0116
IN202606180043,SKU0173,12,2026-06-18 10:50:00,2026-06-18 10:48:28,廖晨,L0116
IN202606210045,SKU0173,12,2026-06-21 08:09:00,2026-06-21 08:29:31,杨建军,L0116
IN202606240039,SKU0173,12,2026-06-24 11:50:00,2026-06-24 12:11:17,姚佳,L0116
IN202606270038,SKU0173,12,2026-06-27 09:47:00,2026-06-27 10:10:26,卓雪,L0116
IN202606300045,SKU0173,12,2026-06-30 09:39:00,2026-06-30 09:39:12,李帆,L0116
IN202607030034,SKU0173,12,2026-07-03 09:28:00,2026-07-03 09:42:33,王丹,L0116
IN202607060048,SKU0173,12,2026-07-06 10:50:00,2026-07-06 10:59:31,宋超,L0116
IN202607090043,SKU0173,12,2026-07-09 09:28:00,2026-07-09 09:43:32,廖晨,L0116
IN202607120044,SKU0173,12,2026-07-12 11:00:00,2026-07-12 11:14:10,卓雪,L0116
IN202607150038,SKU0173,12,2026-07-15 08:57:00,2026-07-15 09:07:24,杨建军,L0116
IN202607180037,SKU0173,12,2026-07-18 11:38:00,2026-07-18 11:57:35,卓雪,L0116
IN202607210042,SKU0173,12,2026-07-21 09:14:00,2026-07-21 09:32:59,卓雪,L0116
IN202607240045,SKU0173,12,2026-07-24 11:27:00,2026-07-24 11:26:40,卓雪,L0116
IN202607270042,SKU0173,12,2026-07-27 11:58:00,2026-07-27 12:03:03,刘旭,L0116
IN202607300043,SKU0173,12,2026-07-30 09:12:00,2026-07-30 09:35:16,王丹,L0116
IN202608020036,SKU0173,12,2026-08-02 11:19:00,2026-08-02 11:10:58,姚佳,L0116
IN202608050046,SKU0173,12,2026-08-05 09:30:00,2026-08-05 10:26:41,廖晨,L0116
IN202608080043,SKU0173,12,2026-08-08 08:36:00,2026-08-08 08:52:22,廖晨,L0116
IN202608110037,SKU0173,12,2026-08-11 09:44:00,2026-08-11 10:07:36,郑婷婷,L0116
IN202608140038,SKU0173,12,2026-08-14 11:01:00,2026-08-14 11:17:02,徐萍,L0116
IN202608170045,SKU0173,12,2026-08-17 10:45:00,2026-08-17 10:54:50,卓雪,L0116
IN202608200046,SKU0173,12,2026-08-20 09:50:00,2026-08-20 09:49:28,廖晨,L0116
IN202608230043,SKU0173,12,2026-08-23 09:42:00,2026-08-23 09:49:29,郑婷婷,L0116
IN202608260034,SKU0173,12,2026-08-26 08:25:00,2026-08-26 08:28:10,毛燕,L0116
IN202608290047,SKU0173,12,2026-08-29 09:19:00,2026-08-29 10:11:17,卓雪,L0116
IN202606020040,SKU0174,11,2026-06-02 08:45:00,2026-06-02 08:55:05,郑婷婷,L0248
IN202606060051,SKU0174,11,2026-06-06 10:37:00,2026-06-06 12:30:02,姚佳,L0248
IN202606100035,SKU0174,11,2026-06-10 11:10:00,2026-06-10 11:32:22,廖晨,L0248
IN202606140046,SKU0174,11,2026-06-14 08:22:00,2026-06-14 08:43:43,廖晨,L0248
IN202606180044,SKU0174,11,2026-06-18 11:57:00,2026-06-18 11:58:13,李敏,L0248
IN202606220039,SKU0174,11,2026-06-22 08:53:00,2026-06-22 09:07:24,李帆,L0248
IN202606260045,SKU0174,11,2026-06-26 11:52:00,2026-06-26 11:59:21,徐萍,L0248
IN202606300046,SKU0174,11,2026-06-30 09:36:00,2026-06-30 13:07:00,宋超,L0248
IN202607040040,SKU0174,11,2026-07-04 08:05:00,2026-07-04 08:04:33,毛燕,L0248
IN202607080036,SKU0174,11,2026-07-08 09:07:00,2026-07-08 09:16:08,徐萍,L0248
IN202607120045,SKU0174,11,2026-07-12 10:33:00,2026-07-12 10:34:37,王丹,L0248
IN202607160043,SKU0174,11,2026-07-16 11:36:00,2026-07-16 11:56:16,杨建军,L0248
IN202607200048,SKU0174,11,2026-07-20 11:49:00,2026-07-20 11:58:56,宋超,L0248
IN202607240046,SKU0174,11,2026-07-24 09:55:00,2026-07-24 10:19:06,卓雪,L0248
IN202607280032,SKU0174,11,2026-07-28 09:00:00,2026-07-28 09:07:43,王丹,L0248
IN202608010042,SKU0174,11,2026-08-01 10:34:00,2026-08-01 10:43:54,宋超,L0248
IN202608050047,SKU0174,11,2026-08-05 11:20:00,2026-08-05 11:41:58,李帆,L0248
IN202608090039,SKU0174,11,2026-08-09 11:12:00,2026-08-09 11:17:36,杨建军,L0248
IN202608130047,SKU0174,11,2026-08-13 11:38:00,2026-08-13 13:35:48,李帆,L0248
IN202608170046,SKU0174,11,2026-08-17 10:58:00,2026-08-17 11:13:52,李帆,L0248
IN202608210033,SKU0174,11,2026-08-21 11:47:00,2026-08-21 11:58:51,杨建军,L0248
IN202608250046,SKU0174,11,2026-08-25 10:48:00,2026-08-25 12:38:14,毛燕,L0248
IN202608290048,SKU0174,11,2026-08-29 10:12:00,2026-08-29 10:21:01,李帆,L0248
IN202606020041,SKU0175,13,2026-06-02 09:03:00,2026-06-02 09:12:29,毛燕,L0021
IN202606080038,SKU0175,13,2026-06-08 08:54:00,2026-06-08 09:03:11,卓雪,L0021
IN202606140047,SKU0175,13,2026-06-14 09:50:00,2026-06-14 12:04:53,李帆,L0021
IN202606200040,SKU0175,13,2026-06-20 11:21:00,2026-06-20 11:22:09,刘旭,L0021
IN202606260046,SKU0175,13,2026-06-26 08:37:00,2026-06-26 08:42:17,姚佳,L0021
IN202607020038,SKU0175,13,2026-07-02 10:57:00,2026-07-02 10:49:02,刘旭,L0021
IN202607080037,SKU0175,13,2026-07-08 10:52:00,2026-07-08 11:13:30,李帆,L0021
IN202607140039,SKU0175,13,2026-07-14 11:06:00,2026-07-14 11:06:59,刘旭,L0021
IN202607200049,SKU0175,13,2026-07-20 10:23:00,2026-07-20 10:45:02,姚佳,L0021
IN202607260043,SKU0175,13,2026-07-26 11:29:00,2026-07-26 11:49:52,宋超,L0021
IN202608010043,SKU0175,13,2026-08-01 11:01:00,2026-08-01 10:52:42,刘旭,L0021
IN202608070032,SKU0175,13,2026-08-07 08:53:00,2026-08-07 09:01:12,姚佳,L0021
IN202608130048,SKU0175,13,2026-08-13 09:04:00,2026-08-13 09:05:14,刘旭,L0021
IN202608190036,SKU0175,13,2026-08-19 11:30:00,2026-08-19 11:45:43,姚佳,L0021
IN202608250047,SKU0175,13,2026-08-25 09:42:00,2026-08-25 10:01:49,王丹,L0021
IN202606040036,SKU0176,15,2026-06-04 09:41:00,2026-06-04 09:31:30,卓雪,L0613
IN202606080039,SKU0176,15,2026-06-08 11:05:00,2026-06-08 11:27:14,李敏,L0613
IN202606120037,SKU0176,15,2026-06-12 08:52:00,2026-06-12 08:49:03,李敏,L0613
IN202606160035,SKU0176,15,2026-06-16 09:46:00,2026-06-16 09:56:29,宋超,L0613
IN202606200041,SKU0176,15,2026-06-20 10:32:00,2026-06-20 11:18:36,宋超,L0613
IN202606240040,SKU0176,15,2026-06-24 11:16:00,2026-06-24 11:17:30,王丹,L0613
IN202606280029,SKU0176,15,2026-06-28 10:26:00,2026-06-28 10:30:22,李敏,L0613
IN202607020039,SKU0176,15,2026-07-02 09:47:00,2026-07-02 09:45:14,王丹,L0613
IN202607060049,SKU0176,15,2026-07-06 10:50:00,2026-07-06 14:31:08,李帆,L0613
IN202607100031,SKU0176,15,2026-07-10 08:00:00,2026-07-10 08:04:29,姚佳,L0613
IN202607140040,SKU0176,15,2026-07-14 11:22:00,2026-07-14 11:33:23,徐萍,L0613
IN202607180038,SKU0176,15,2026-07-18 08:18:00,2026-07-18 08:29:43,宋超,L0613
IN202607220027,SKU0176,15,2026-07-22 11:19:00,2026-07-22 11:31:05,宋超,L0613
IN202607260044,SKU0176,15,2026-07-26 11:39:00,2026-07-26 11:59:53,廖晨,L0613
IN202607300044,SKU0176,15,2026-07-30 11:59:00,2026-07-30 12:14:05,毛燕,L0613
IN202608030038,SKU0176,15,2026-08-03 08:41:00,2026-08-03 08:45:58,卓雪,L0613
IN202608070033,SKU0176,15,2026-08-07 09:48:00,2026-08-07 10:04:03,宋超,L0613
IN202608110038,SKU0176,15,2026-08-11 10:07:00,2026-08-11 12:36:09,卓雪,L0613
IN202608150037,SKU0176,15,2026-08-15 08:24:00,2026-08-15 08:27:01,徐萍,L0613
IN202608190037,SKU0176,15,2026-08-19 09:39:00,2026-08-19 09:59:37,毛燕,L0613
IN202608230044,SKU0176,15,2026-08-23 09:42:00,2026-08-23 09:36:46,宋超,L0613
IN202608270030,SKU0176,15,2026-08-27 08:22:00,2026-08-27 08:45:30,郑婷婷,L0613
IN202606040037,SKU0177,13,2026-06-04 10:30:00,2026-06-04 10:52:35,廖晨,L0085
IN202606100036,SKU0177,13,2026-06-10 09:04:00,2026-06-10 09:08:48,徐萍,L0085
IN202606160036,SKU0177,13,2026-06-16 09:29:00,2026-06-16 10:40:33,宋超,L0085
IN202606220040,SKU0177,13,2026-06-22 09:55:00,2026-06-22 09:47:56,李帆,L0085
IN202606280030,SKU0177,13,2026-06-28 10:27:00,2026-06-28 10:38:44,杨建军,L0085
IN202607040041,SKU0177,13,2026-07-04 10:18:00,2026-07-04 10:38:12,廖晨,L0085
IN202607100032,SKU0177,13,2026-07-10 09:20:00,2026-07-10 09:32:15,刘旭,L0085
IN202607160044,SKU0177,13,2026-07-16 08:42:00,2026-07-16 08:38:48,李敏,L0085
IN202607220028,SKU0177,13,2026-07-22 08:55:00,2026-07-22 08:47:42,杨建军,L0085
IN202607280033,SKU0177,13,2026-07-28 08:15:00,2026-07-28 10:17:59,王丹,L0085
IN202608030039,SKU0177,13,2026-08-03 11:19:00,2026-08-03 11:23:57,刘旭,L0085
IN202608090040,SKU0177,13,2026-08-09 09:12:00,2026-08-09 09:15:31,杨建军,L0085
IN202608150038,SKU0177,13,2026-08-15 09:22:00,2026-08-15 09:12:23,李敏,L0085
IN202608210034,SKU0177,13,2026-08-21 11:54:00,2026-08-21 11:44:12,毛燕,L0085
IN202608270031,SKU0177,13,2026-08-27 11:00:00,2026-08-27 10:53:17,王丹,L0085
IN202606050036,SKU0178,17,2026-06-05 08:34:00,2026-06-05 08:28:25,李帆,L0528
IN202606120038,SKU0178,17,2026-06-12 09:49:00,2026-06-12 10:54:47,宋超,L0528
IN202606190032,SKU0178,17,2026-06-19 10:17:00,2026-06-19 10:34:10,姚佳,L0528
IN202606260047,SKU0178,17,2026-06-26 11:30:00,2026-06-26 11:52:39,杨建军,L0528
IN202607030035,SKU0178,17,2026-07-03 10:33:00,2026-07-03 10:55:23,毛燕,L0528
IN202607100033,SKU0178,17,2026-07-10 08:29:00,2026-07-10 10:32:56,李帆,L0528
IN202607170032,SKU0178,17,2026-07-17 10:27:00,2026-07-17 10:34:11,李敏,L0528
IN202607240047,SKU0178,17,2026-07-24 10:12:00,2026-07-24 10:26:45,廖晨,L0528
IN202607310035,SKU0178,17,2026-07-31 08:11:00,2026-07-31 08:19:43,刘旭,L0528
IN202608070034,SKU0178,17,2026-08-07 09:37:00,2026-08-07 09:28:48,杨建军,L0528
IN202608140039,SKU0178,17,2026-08-14 09:41:00,2026-08-14 10:02:16,卓雪,L0528
IN202608210035,SKU0178,17,2026-08-21 10:57:00,2026-08-21 11:10:00,卓雪,L0528
IN202608280037,SKU0178,17,2026-08-28 08:46:00,2026-08-28 08:40:24,刘旭,L0528
IN202606020042,SKU0179,20,2026-06-02 11:35:00,2026-06-02 11:57:31,宋超,L0311
IN202606080040,SKU0179,20,2026-06-08 09:15:00,2026-06-08 09:18:15,毛燕,L0311
IN202606140048,SKU0179,20,2026-06-14 10:47:00,2026-06-14 10:37:02,王丹,L0311
IN202606200042,SKU0179,20,2026-06-20 11:05:00,2026-06-20 13:42:52,刘旭,L0311
IN202606260048,SKU0179,20,2026-06-26 11:25:00,2026-06-26 11:29:28,徐萍,L0311
IN202607020040,SKU0179,20,2026-07-02 11:41:00,2026-07-02 11:45:11,宋超,L0311
IN202607080038,SKU0179,20,2026-07-08 11:46:00,2026-07-08 11:51:28,卓雪,L0311
IN202607140041,SKU0179,20,2026-07-14 08:29:00,2026-07-14 08:43:29,刘旭,L0311
IN202607200050,SKU0179,20,2026-07-20 09:21:00,2026-07-20 09:39:10,刘旭,L0311
IN202607260045,SKU0179,20,2026-07-26 08:10:00,2026-07-26 08:05:08,毛燕,L0311
IN202608010044,SKU0179,20,2026-08-01 10:47:00,2026-08-01 11:01:46,李敏,L0311
IN202608070035,SKU0179,20,2026-08-07 10:34:00,2026-08-07 11:43:47,宋超,L0311
IN202608130049,SKU0179,20,2026-08-13 10:27:00,2026-08-13 10:41:37,杨建军,L0311
IN202608190038,SKU0179,20,2026-08-19 10:29:00,2026-08-19 10:46:47,卓雪,L0311
IN202608250048,SKU0179,20,2026-08-25 11:38:00,2026-08-25 14:10:10,郑婷婷,L0311
IN202606040038,SKU0180,23,2026-06-04 09:03:00,2026-06-04 09:13:01,宋超,L0429
IN202606100037,SKU0180,23,2026-06-10 09:27:00,2026-06-10 09:38:21,姚佳,L0429
IN202606160037,SKU0180,23,2026-06-16 09:00:00,2026-06-16 09:13:14,杨建军,L0429
IN202606220041,SKU0180,23,2026-06-22 08:31:00,2026-06-22 08:31:32,毛燕,L0429
IN202606280031,SKU0180,23,2026-06-28 09:18:00,2026-06-28 10:22:01,姚佳,L0429
IN202607040042,SKU0180,23,2026-07-04 08:07:00,2026-07-04 08:24:54,廖晨,L0429
IN202607100034,SKU0180,23,2026-07-10 11:21:00,2026-07-10 13:32:17,徐萍,L0429
IN202607160045,SKU0180,23,2026-07-16 11:08:00,2026-07-16 11:27:50,卓雪,L0429
IN202607220029,SKU0180,23,2026-07-22 10:00:00,2026-07-22 09:55:53,李敏,L0429
IN202607280034,SKU0180,23,2026-07-28 11:15:00,2026-07-28 11:08:15,姚佳,L0429
IN202608030040,SKU0180,23,2026-08-03 10:49:00,2026-08-03 11:10:13,李帆,L0429
IN202608090041,SKU0180,23,2026-08-09 09:06:00,2026-08-09 09:30:58,宋超,L0429
IN202608150039,SKU0180,23,2026-08-15 09:53:00,2026-08-15 09:46:36,宋超,L0429
IN202608210036,SKU0180,23,2026-08-21 11:42:00,2026-08-21 12:03:15,宋超,L0429
IN202608270032,SKU0180,23,2026-08-27 10:41:00,2026-08-27 10:33:20,杨建军,L0429
IN202606040039,SKU0181,22,2026-06-04 11:41:00,2026-06-04 12:04:53,刘旭,L0275
IN202606100038,SKU0181,22,2026-06-10 10:31:00,2026-06-10 10:42:15,杨建军,L0275
IN202606160038,SKU0181,22,2026-06-16 10:26:00,2026-06-16 11:19:13,李敏,L0275
IN202606220042,SKU0181,22,2026-06-22 09:15:00,2026-06-22 09:11:46,杨建军,L0275
IN202606280032,SKU0181,22,2026-06-28 11:12:00,2026-06-28 11:23:58,杨建军,L0275
IN202607040043,SKU0181,22,2026-07-04 11:32:00,2026-07-04 11:27:22,姚佳,L0275
IN202607100035,SKU0181,22,2026-07-10 08:50:00,2026-07-10 11:24:29,宋超,L0275
IN202607160046,SKU0181,22,2026-07-16 11:39:00,2026-07-16 11:41:35,李敏,L0275
IN202607220030,SKU0181,22,2026-07-22 11:56:00,2026-07-22 12:13:15,李帆,L0275
IN202607280035,SKU0181,22,2026-07-28 11:54:00,2026-07-28 12:14:48,李帆,L0275
IN202608030041,SKU0181,22,2026-08-03 08:15:00,2026-08-03 08:22:35,廖晨,L0275
IN202608090042,SKU0181,22,2026-08-09 08:20:00,2026-08-09 09:55:16,王丹,L0275
IN202608150040,SKU0181,22,2026-08-15 08:12:00,2026-08-15 08:30:26,廖晨,L0275
IN202608210037,SKU0181,22,2026-08-21 10:41:00,2026-08-21 14:08:06,杨建军,L0275
IN202608270033,SKU0181,22,2026-08-27 08:35:00,2026-08-27 08:43:05,卓雪,L0275
IN202606050037,SKU0182,16,2026-06-05 11:07:00,2026-06-05 11:15:28,姚佳,L0258
IN202606120039,SKU0182,16,2026-06-12 10:39:00,2026-06-12 12:09:11,姚佳,L0258
IN202606190033,SKU0182,16,2026-06-19 11:55:00,2026-06-19 11:53:26,姚佳,L0258
IN202606260049,SKU0182,16,2026-06-26 08:55:00,2026-06-26 08:52:49,郑婷婷,L0258
IN202607030036,SKU0182,16,2026-07-03 08:17:00,2026-07-03 09:48:46,杨建军,L0258
IN202607100036,SKU0182,16,2026-07-10 11:06:00,2026-07-10 11:12:28,徐萍,L0258
IN202607170033,SKU0182,16,2026-07-17 11:09:00,2026-07-17 11:24:35,杨建军,L0258
IN202607240048,SKU0182,16,2026-07-24 09:08:00,2026-07-24 09:13:46,卓雪,L0258
IN202607310036,SKU0182,16,2026-07-31 11:55:00,2026-07-31 12:17:02,姚佳,L0258
IN202608070036,SKU0182,16,2026-08-07 08:32:00,2026-08-07 08:28:56,毛燕,L0258
IN202608140040,SKU0182,16,2026-08-14 10:05:00,2026-08-14 10:20:15,李敏,L0258
IN202608210038,SKU0182,16,2026-08-21 11:28:00,2026-08-21 11:50:25,姚佳,L0258
IN202608280038,SKU0182,16,2026-08-28 11:23:00,2026-08-28 11:31:36,毛燕,L0258
IN202606040040,SKU0183,12,2026-06-04 11:54:00,2026-06-04 13:36:03,杨建军,L0129
IN202606090042,SKU0183,12,2026-06-09 09:09:00,2026-06-09 09:00:34,郑婷婷,L0129
IN202606140049,SKU0183,12,2026-06-14 09:26:00,2026-06-14 09:30:14,廖晨,L0129
IN202606190034,SKU0183,12,2026-06-19 10:26:00,2026-06-19 10:50:21,刘旭,L0129
IN202606240041,SKU0183,12,2026-06-24 10:59:00,2026-06-24 10:55:31,杨建军,L0129
IN202606290043,SKU0183,12,2026-06-29 10:12:00,2026-06-29 10:18:21,李帆,L0129
IN202607040044,SKU0183,12,2026-07-04 08:50:00,2026-07-04 12:16:50,卓雪,L0129
IN202607090044,SKU0183,12,2026-07-09 08:39:00,2026-07-09 08:54:49,李帆,L0129
IN202607140042,SKU0183,12,2026-07-14 10:13:00,2026-07-14 10:33:49,毛燕,L0129
IN202607190036,SKU0183,12,2026-07-19 10:52:00,2026-07-19 11:07:14,杨建军,L0129
IN202607240049,SKU0183,12,2026-07-24 08:34:00,2026-07-24 08:34:00,郑婷婷,L0129
IN202607290035,SKU0183,12,2026-07-29 11:34:00,2026-07-29 11:44:56,毛燕,L0129
IN202608030042,SKU0183,12,2026-08-03 08:26:00,2026-08-03 08:37:24,毛燕,L0129
IN202608080044,SKU0183,12,2026-08-08 08:26:00,2026-08-08 08:27:37,王丹,L0129
IN202608130050,SKU0183,12,2026-08-13 09:23:00,2026-08-13 09:35:36,郑婷婷,L0129
IN202608180033,SKU0183,12,2026-08-18 11:09:00,2026-08-18 10:59:32,徐萍,L0129
IN202608230045,SKU0183,12,2026-08-23 09:55:00,2026-08-23 13:19:29,姚佳,L0129
IN202608280039,SKU0183,12,2026-08-28 08:52:00,2026-08-28 08:48:49,刘旭,L0129
IN202606030033,SKU0184,16,2026-06-03 09:50:00,2026-06-03 09:43:05,毛燕,L0235
IN202606070031,SKU0184,16,2026-06-07 10:52:00,2026-06-07 13:37:28,廖晨,L0235
IN202606110042,SKU0184,16,2026-06-11 11:27:00,2026-06-11 11:49:43,徐萍,L0235
IN202606150045,SKU0184,16,2026-06-15 09:34:00,2026-06-15 09:31:53,卓雪,L0235
IN202606190035,SKU0184,16,2026-06-19 10:20:00,2026-06-19 10:40:31,徐萍,L0235
IN202606230031,SKU0184,16,2026-06-23 08:20:00,2026-06-23 08:17:08,毛燕,L0235
IN202606270039,SKU0184,16,2026-06-27 11:06:00,2026-06-27 11:02:20,杨建军,L0235
IN202607010033,SKU0184,16,2026-07-01 09:50:00,2026-07-01 10:13:59,李帆,L0235
IN202607050038,SKU0184,16,2026-07-05 10:37:00,2026-07-05 10:27:35,杨建军,L0235
IN202607090045,SKU0184,16,2026-07-09 08:06:00,2026-07-09 08:08:03,宋超,L0235
IN202607130032,SKU0184,16,2026-07-13 10:07:00,2026-07-13 10:03:16,毛燕,L0235
IN202607170034,SKU0184,16,2026-07-17 11:40:00,2026-07-17 11:53:04,杨建军,L0235
IN202607210043,SKU0184,16,2026-07-21 08:10:00,2026-07-21 08:25:57,毛燕,L0235
IN202607250034,SKU0184,16,2026-07-25 09:20:00,2026-07-25 09:17:53,王丹,L0235
IN202607290036,SKU0184,16,2026-07-29 10:53:00,2026-07-29 10:48:43,卓雪,L0235
IN202608020037,SKU0184,16,2026-08-02 10:07:00,2026-08-02 13:56:37,卓雪,L0235
IN202608060032,SKU0184,16,2026-08-06 09:58:00,2026-08-06 09:55:37,姚佳,L0235
IN202608100044,SKU0184,16,2026-08-10 10:57:00,2026-08-10 10:56:35,刘旭,L0235
IN202608140041,SKU0184,16,2026-08-14 10:59:00,2026-08-14 11:01:12,廖晨,L0235
IN202608180034,SKU0184,16,2026-08-18 10:28:00,2026-08-18 10:45:03,李帆,L0235
IN202608220033,SKU0184,16,2026-08-22 10:10:00,2026-08-22 10:28:37,李帆,L0235
IN202608260035,SKU0184,16,2026-08-26 09:51:00,2026-08-26 10:12:19,郑婷婷,L0235
IN202606020043,SKU0185,15,2026-06-02 09:05:00,2026-06-02 09:25:47,郑婷婷,L0375
IN202606080041,SKU0185,15,2026-06-08 11:12:00,2026-06-08 11:33:02,姚佳,L0375
IN202606140050,SKU0185,15,2026-06-14 08:07:00,2026-06-14 08:10:13,毛燕,L0375
IN202606200043,SKU0185,15,2026-06-20 10:14:00,2026-06-20 10:11:09,廖晨,L0375
IN202606260050,SKU0185,15,2026-06-26 11:12:00,2026-06-26 13:28:07,卓雪,L0375
IN202607020041,SKU0185,15,2026-07-02 09:16:00,2026-07-02 09:30:47,宋超,L0375
IN202607080039,SKU0185,15,2026-07-08 09:49:00,2026-07-08 10:08:05,姚佳,L0375
IN202607140043,SKU0185,15,2026-07-14 11:03:00,2026-07-14 11:25:07,刘旭,L0375
IN202607200051,SKU0185,15,2026-07-20 08:01:00,2026-07-20 08:12:46,卓雪,L0375
IN202607260046,SKU0185,15,2026-07-26 11:15:00,2026-07-26 13:15:11,廖晨,L0375
IN202608010045,SKU0185,15,2026-08-01 11:27:00,2026-08-01 11:34:26,徐萍,L0375
IN202608070037,SKU0185,15,2026-08-07 11:03:00,2026-08-07 11:24:04,廖晨,L0375
IN202608130051,SKU0185,15,2026-08-13 11:22:00,2026-08-13 11:34:44,李帆,L0375
IN202608190039,SKU0185,15,2026-08-19 08:28:00,2026-08-19 08:39:03,徐萍,L0375
IN202608250049,SKU0185,15,2026-08-25 08:13:00,2026-08-25 08:12:54,宋超,L0375
IN202606030034,SKU0186,12,2026-06-03 10:55:00,2026-06-03 10:45:11,杨建军,L0039
IN202606060052,SKU0186,12,2026-06-06 10:18:00,2026-06-06 14:02:54,徐萍,L0039
IN202606090043,SKU0186,12,2026-06-09 11:29:00,2026-06-09 12:23:55,李敏,L0039
IN202606120040,SKU0186,12,2026-06-12 09:48:00,2026-06-12 10:10:59,李敏,L0039
IN202606150046,SKU0186,12,2026-06-15 09:25:00,2026-06-15 11:59:39,廖晨,L0039
IN202606180045,SKU0186,12,2026-06-18 09:31:00,2026-06-18 09:37:48,郑婷婷,L0039
IN202606210046,SKU0186,12,2026-06-21 11:23:00,2026-06-21 13:28:22,李帆,L0039
IN202606240042,SKU0186,12,2026-06-24 11:34:00,2026-06-24 11:43:46,杨建军,L0039
IN202606270040,SKU0186,12,2026-06-27 08:55:00,2026-06-27 08:58:53,毛燕,L0039
IN202606300047,SKU0186,12,2026-06-30 10:22:00,2026-06-30 10:30:26,刘旭,L0039
IN202607030037,SKU0186,12,2026-07-03 08:15:00,2026-07-03 08:16:43,王丹,L0039
IN202607060050,SKU0186,12,2026-07-06 10:27:00,2026-07-06 11:36:22,李帆,L0039
IN202607090046,SKU0186,12,2026-07-09 09:45:00,2026-07-09 09:39:49,宋超,L0039
IN202607120046,SKU0186,12,2026-07-12 10:23:00,2026-07-12 10:36:59,李帆,L0039
IN202607150039,SKU0186,12,2026-07-15 11:25:00,2026-07-15 11:36:30,李敏,L0039
IN202607180039,SKU0186,12,2026-07-18 08:51:00,2026-07-18 08:57:36,杨建军,L0039
IN202607210044,SKU0186,12,2026-07-21 10:45:00,2026-07-21 10:40:19,宋超,L0039
IN202607240050,SKU0186,12,2026-07-24 08:36:00,2026-07-24 10:41:08,卓雪,L0039
IN202607270043,SKU0186,12,2026-07-27 10:10:00,2026-07-27 10:19:20,王丹,L0039
IN202607300045,SKU0186,12,2026-07-30 11:44:00,2026-07-30 11:54:10,宋超,L0039
IN202608020038,SKU0186,12,2026-08-02 10:47:00,2026-08-02 10:54:08,徐萍,L0039
IN202608050048,SKU0186,12,2026-08-05 08:23:00,2026-08-05 08:13:22,李敏,L0039
IN202608080045,SKU0186,12,2026-08-08 08:20:00,2026-08-08 11:35:14,李帆,L0039
IN202608110039,SKU0186,12,2026-08-11 10:45:00,2026-08-11 11:03:43,徐萍,L0039
IN202608140042,SKU0186,12,2026-08-14 09:49:00,2026-08-14 09:51:30,毛燕,L0039
IN202608170047,SKU0186,12,2026-08-17 08:41:00,2026-08-17 08:45:32,郑婷婷,L0039
IN202608200047,SKU0186,12,2026-08-20 08:14:00,2026-08-20 08:57:15,毛燕,L0039
IN202608230046,SKU0186,12,2026-08-23 10:24:00,2026-08-23 10:28:05,宋超,L0039
IN202608260036,SKU0186,12,2026-08-26 09:29:00,2026-08-26 09:41:31,刘旭,L0039
IN202608290049,SKU0186,12,2026-08-29 10:36:00,2026-08-29 12:37:08,毛燕,L0039
IN202606050038,SKU0187,14,2026-06-05 09:37:00,2026-06-05 09:41:06,李敏,L0290
IN202606110043,SKU0187,14,2026-06-11 08:07:00,2026-06-11 08:24:09,刘旭,L0290
IN202606170032,SKU0187,14,2026-06-17 11:16:00,2026-06-17 11:22:33,宋超,L0290
IN202606230032,SKU0187,14,2026-06-23 11:04:00,2026-06-23 11:02:20,王丹,L0290
IN202606290044,SKU0187,14,2026-06-29 10:41:00,2026-06-29 10:59:19,刘旭,L0290
IN202607050039,SKU0187,14,2026-07-05 09:49:00,2026-07-05 09:49:27,宋超,L0290
IN202607110042,SKU0187,14,2026-07-11 11:19:00,2026-07-11 14:58:56,宋超,L0290
IN202607170035,SKU0187,14,2026-07-17 08:06:00,2026-07-17 07:58:02,李帆,L0290
IN202607230035,SKU0187,14,2026-07-23 08:50:00,2026-07-23 09:12:04,李帆,L0290
IN202607290037,SKU0187,14,2026-07-29 10:35:00,2026-07-29 13:53:19,刘旭,L0290
IN202608040037,SKU0187,14,2026-08-04 08:03:00,2026-08-04 08:21:26,徐萍,L0290
IN202608100045,SKU0187,14,2026-08-10 09:43:00,2026-08-10 09:57:41,刘旭,L0290
IN202608160036,SKU0187,14,2026-08-16 09:17:00,2026-08-16 09:19:54,徐萍,L0290
IN202608220034,SKU0187,14,2026-08-22 08:40:00,2026-08-22 09:00:41,卓雪,L0290
IN202608280040,SKU0187,14,2026-08-28 08:56:00,2026-08-28 09:42:18,李敏,L0290
IN202606050039,SKU0188,13,2026-06-05 10:08:00,2026-06-05 10:25:03,刘旭,L0331
IN202606100039,SKU0188,13,2026-06-10 11:11:00,2026-06-10 11:26:57,郑婷婷,L0331
IN202606150047,SKU0188,13,2026-06-15 10:50:00,2026-06-15 11:09:26,李帆,L0331
IN202606200044,SKU0188,13,2026-06-20 10:59:00,2026-06-20 11:08:48,刘旭,L0331
IN202606250036,SKU0188,13,2026-06-25 11:34:00,2026-06-25 11:24:53,徐萍,L0331
IN202606300048,SKU0188,13,2026-06-30 11:42:00,2026-06-30 12:02:08,卓雪,L0331
IN202607050040,SKU0188,13,2026-07-05 11:18:00,2026-07-05 11:20:02,毛燕,L0331
IN202607100037,SKU0188,13,2026-07-10 11:23:00,2026-07-10 11:18:08,徐萍,L0331
IN202607150040,SKU0188,13,2026-07-15 08:43:00,2026-07-15 08:59:57,王丹,L0331
IN202607200052,SKU0188,13,2026-07-20 10:19:00,2026-07-20 11:56:16,毛燕,L0331
IN202607250035,SKU0188,13,2026-07-25 11:25:00,2026-07-25 11:18:35,刘旭,L0331
IN202607300046,SKU0188,13,2026-07-30 11:13:00,2026-07-30 11:09:00,李敏,L0331
IN202608040038,SKU0188,13,2026-08-04 09:15:00,2026-08-04 09:20:07,李敏,L0331
IN202608090043,SKU0188,13,2026-08-09 08:36:00,2026-08-09 08:54:30,徐萍,L0331
IN202608140043,SKU0188,13,2026-08-14 11:08:00,2026-08-14 11:29:16,李帆,L0331
IN202608190040,SKU0188,13,2026-08-19 11:27:00,2026-08-19 13:13:10,郑婷婷,L0331
IN202608240038,SKU0188,13,2026-08-24 11:25:00,2026-08-24 11:41:28,李敏,L0331
IN202608290050,SKU0188,13,2026-08-29 11:15:00,2026-08-29 11:13:53,卓雪,L0331
IN202606030035,SKU0189,14,2026-06-03 10:38:00,2026-06-03 10:58:58,毛燕,L0523
IN202606090044,SKU0189,14,2026-06-09 08:42:00,2026-06-09 09:01:36,徐萍,L0523
IN202606150048,SKU0189,14,2026-06-15 08:02:00,2026-06-15 07:53:56,杨建军,L0523
IN202606210047,SKU0189,14,2026-06-21 11:12:00,2026-06-21 11:30:46,郑婷婷,L0523
IN202606270041,SKU0189,14,2026-06-27 08:24:00,2026-06-27 08:34:23,宋超,L0523
IN202607030038,SKU0189,14,2026-07-03 08:22:00,2026-07-03 08:35:04,毛燕,L0523
IN202607090047,SKU0189,14,2026-07-09 11:55:00,2026-07-09 12:14:37,姚佳,L0523
IN202607150041,SKU0189,14,2026-07-15 10:15:00,2026-07-15 10:35:26,廖晨,L0523
IN202607210045,SKU0189,14,2026-07-21 11:12:00,2026-07-21 11:32:47,毛燕,L0523
IN202607270044,SKU0189,14,2026-07-27 09:10:00,2026-07-27 09:19:04,刘旭,L0523
IN202608020039,SKU0189,14,2026-08-02 08:42:00,2026-08-02 08:54:36,毛燕,L0523
IN202608080046,SKU0189,14,2026-08-08 11:14:00,2026-08-08 13:21:58,李帆,L0523
IN202608140044,SKU0189,14,2026-08-14 08:04:00,2026-08-14 08:00:05,毛燕,L0523
IN202608200048,SKU0189,14,2026-08-20 10:16:00,2026-08-20 10:25:43,杨建军,L0523
IN202608260037,SKU0189,14,2026-08-26 10:51:00,2026-08-26 10:44:09,李帆,L0523
IN202606030036,SKU0190,12,2026-06-03 09:18:00,2026-06-03 09:19:07,廖晨,L0606
IN202606070032,SKU0190,12,2026-06-07 11:18:00,2026-06-07 14:30:43,刘旭,L0606
IN202606110044,SKU0190,12,2026-06-11 10:06:00,2026-06-11 10:18:18,宋超,L0606
IN202606150049,SKU0190,12,2026-06-15 08:51:00,2026-06-15 09:01:04,宋超,L0606
IN202606190036,SKU0190,12,2026-06-19 10:50:00,2026-06-19 11:09:01,姚佳,L0606
IN202606230033,SKU0190,12,2026-06-23 08:52:00,2026-06-23 08:55:39,徐萍,L0606
IN202606270042,SKU0190,12,2026-06-27 08:05:00,2026-06-27 08:17:48,卓雪,L0606
IN202607010034,SKU0190,12,2026-07-01 09:50:00,2026-07-01 09:56:15,姚佳,L0606
IN202607050041,SKU0190,12,2026-07-05 08:49:00,2026-07-05 09:13:39,毛燕,L0606
IN202607090048,SKU0190,12,2026-07-09 11:39:00,2026-07-09 14:02:43,王丹,L0606
IN202607130033,SKU0190,12,2026-07-13 11:41:00,2026-07-13 11:45:38,王丹,L0606
IN202607170036,SKU0190,12,2026-07-17 09:05:00,2026-07-17 09:00:04,李敏,L0606
IN202607210046,SKU0190,12,2026-07-21 09:57:00,2026-07-21 10:16:25,李帆,L0606
IN202607250036,SKU0190,12,2026-07-25 08:44:00,2026-07-25 10:45:15,郑婷婷,L0606
IN202607290038,SKU0190,12,2026-07-29 08:14:00,2026-07-29 08:21:31,李帆,L0606
IN202608020040,SKU0190,12,2026-08-02 10:14:00,2026-08-02 10:05:57,卓雪,L0606
IN202608060033,SKU0190,12,2026-08-06 11:01:00,2026-08-06 11:10:37,宋超,L0606
IN202608100046,SKU0190,12,2026-08-10 11:46:00,2026-08-10 13:53:11,徐萍,L0606
IN202608140045,SKU0190,12,2026-08-14 08:25:00,2026-08-14 08:48:39,郑婷婷,L0606
IN202608180035,SKU0190,12,2026-08-18 09:14:00,2026-08-18 09:05:13,李敏,L0606
IN202608220035,SKU0190,12,2026-08-22 11:20:00,2026-08-22 11:30:59,姚佳,L0606
IN202608260038,SKU0190,12,2026-08-26 11:11:00,2026-08-26 11:13:22,宋超,L0606
IN202606020044,SKU0191,27,2026-06-02 08:28:00,2026-06-02 08:43:56,刘旭,L0432
IN202606080042,SKU0191,27,2026-06-08 09:27:00,2026-06-08 09:23:50,宋超,L0432
IN202606140051,SKU0191,27,2026-06-14 10:36:00,2026-06-14 13:27:54,宋超,L0432
IN202606200045,SKU0191,27,2026-06-20 09:36:00,2026-06-20 09:39:21,徐萍,L0432
IN202606260051,SKU0191,27,2026-06-26 08:13:00,2026-06-26 08:12:24,毛燕,L0432
IN202607020042,SKU0191,27,2026-07-02 08:10:00,2026-07-02 08:07:51,李敏,L0432
IN202607080040,SKU0191,27,2026-07-08 11:12:00,2026-07-08 11:23:00,徐萍,L0432
IN202607140044,SKU0191,27,2026-07-14 11:54:00,2026-07-14 11:45:22,姚佳,L0432
IN202607200053,SKU0191,27,2026-07-20 08:53:00,2026-07-20 09:42:21,李帆,L0432
IN202607260047,SKU0191,27,2026-07-26 09:18:00,2026-07-26 09:18:35,廖晨,L0432
IN202608010046,SKU0191,27,2026-08-01 11:00:00,2026-08-01 10:53:17,杨建军,L0432
IN202608070038,SKU0191,27,2026-08-07 08:36:00,2026-08-07 08:29:26,姚佳,L0432
IN202608130052,SKU0191,27,2026-08-13 10:29:00,2026-08-13 10:26:36,郑婷婷,L0432
IN202608190041,SKU0191,27,2026-08-19 10:40:00,2026-08-19 11:00:05,廖晨,L0432
IN202608250050,SKU0191,27,2026-08-25 11:00:00,2026-08-25 10:58:22,李敏,L0432
IN202606050040,SKU0192,39,2026-06-05 10:42:00,2026-06-05 10:47:48,毛燕,L0475
IN202606120041,SKU0192,39,2026-06-12 11:05:00,2026-06-12 13:22:42,徐萍,L0475
IN202606190037,SKU0192,39,2026-06-19 08:44:00,2026-06-19 08:57:48,姚佳,L0475
IN202606260052,SKU0192,39,2026-06-26 10:10:00,2026-06-26 10:10:57,廖晨,L0475
IN202607030039,SKU0192,39,2026-07-03 10:58:00,2026-07-03 14:11:09,徐萍,L0475
IN202607100038,SKU0192,39,2026-07-10 11:32:00,2026-07-10 11:39:42,杨建军,L0475
IN202607170037,SKU0192,39,2026-07-17 08:09:00,2026-07-17 08:22:38,宋超,L0475
IN202607240051,SKU0192,39,2026-07-24 10:55:00,2026-07-24 11:06:08,杨建军,L0475
IN202607310037,SKU0192,39,2026-07-31 11:12:00,2026-07-31 15:03:33,徐萍,L0475
IN202608070039,SKU0192,39,2026-08-07 11:51:00,2026-08-07 11:51:18,毛燕,L0475
IN202608140046,SKU0192,39,2026-08-14 10:19:00,2026-08-14 13:28:36,李帆,L0475
IN202608210039,SKU0192,39,2026-08-21 11:28:00,2026-08-21 11:23:36,刘旭,L0475
IN202608280041,SKU0192,39,2026-08-28 08:17:00,2026-08-28 08:13:31,李敏,L0475
IN202606030037,SKU0193,11,2026-06-03 09:13:00,2026-06-03 09:20:01,宋超,L0343
IN202606060053,SKU0193,11,2026-06-06 09:02:00,2026-06-06 09:40:52,徐萍,L0343
IN202606090045,SKU0193,11,2026-06-09 08:26:00,2026-06-09 09:22:06,郑婷婷,L0343
IN202606120042,SKU0193,11,2026-06-12 09:16:00,2026-06-12 09:08:20,宋超,L0343
IN202606150050,SKU0193,11,2026-06-15 10:28:00,2026-06-15 10:24:26,卓雪,L0343
IN202606180046,SKU0193,11,2026-06-18 11:10:00,2026-06-18 11:34:10,毛燕,L0343
IN202606210048,SKU0193,11,2026-06-21 08:29:00,2026-06-21 08:47:31,李帆,L0343
IN202606240043,SKU0193,11,2026-06-24 08:50:00,2026-06-24 12:36:57,刘旭,L0343
IN202606270043,SKU0193,11,2026-06-27 11:06:00,2026-06-27 11:21:19,刘旭,L0343
IN202606300049,SKU0193,11,2026-06-30 08:22:00,2026-06-30 08:29:55,王丹,L0343
IN202607030040,SKU0193,11,2026-07-03 08:45:00,2026-07-03 10:00:13,毛燕,L0343
IN202607060051,SKU0193,11,2026-07-06 08:18:00,2026-07-06 08:12:17,卓雪,L0343
IN202607090049,SKU0193,11,2026-07-09 11:14:00,2026-07-09 11:11:46,宋超,L0343
IN202607120047,SKU0193,11,2026-07-12 10:41:00,2026-07-12 11:00:14,杨建军,L0343
IN202607150042,SKU0193,11,2026-07-15 09:09:00,2026-07-15 09:29:19,杨建军,L0343
IN202607180040,SKU0193,11,2026-07-18 09:27:00,2026-07-18 09:31:33,李帆,L0343
IN202607210047,SKU0193,11,2026-07-21 10:56:00,2026-07-21 13:04:15,廖晨,L0343
IN202607240052,SKU0193,11,2026-07-24 08:22:00,2026-07-24 08:33:16,徐萍,L0343
IN202607270045,SKU0193,11,2026-07-27 08:18:00,2026-07-27 08:19:01,李敏,L0343
IN202607300047,SKU0193,11,2026-07-30 09:06:00,2026-07-30 11:39:21,姚佳,L0343
IN202608020041,SKU0193,11,2026-08-02 11:22:00,2026-08-02 11:12:08,李敏,L0343
IN202608050049,SKU0193,11,2026-08-05 10:15:00,2026-08-05 10:05:32,宋超,L0343
IN202608080047,SKU0193,11,2026-08-08 08:49:00,2026-08-08 08:59:04,杨建军,L0343
IN202608110040,SKU0193,11,2026-08-11 08:50:00,2026-08-11 08:59:07,卓雪,L0343
IN202608140047,SKU0193,11,2026-08-14 10:04:00,2026-08-14 10:08:50,刘旭,L0343
IN202608170048,SKU0193,11,2026-08-17 09:42:00,2026-08-17 09:41:48,王丹,L0343
IN202608200049,SKU0193,11,2026-08-20 10:18:00,2026-08-20 10:33:45,刘旭,L0343
IN202608230047,SKU0193,11,2026-08-23 08:23:00,2026-08-23 08:13:11,廖晨,L0343
IN202608260039,SKU0193,11,2026-08-26 10:40:00,2026-08-26 10:59:25,李敏,L0343
IN202608290051,SKU0193,11,2026-08-29 09:54:00,2026-08-29 10:14:56,王丹,L0343
IN202606020045,SKU0194,16,2026-06-02 11:13:00,2026-06-02 11:13:24,毛燕,L0073
IN202606080043,SKU0194,16,2026-06-08 09:11:00,2026-06-08 09:02:53,李帆,L0073
IN202606140052,SKU0194,16,2026-06-14 09:18:00,2026-06-14 09:19:33,姚佳,L0073
IN202606200046,SKU0194,16,2026-06-20 11:48:00,2026-06-20 13:35:25,廖晨,L0073
IN202606260053,SKU0194,16,2026-06-26 09:05:00,2026-06-26 09:26:27,毛燕,L0073
IN202607020043,SKU0194,16,2026-07-02 11:19:00,2026-07-02 13:52:56,王丹,L0073
IN202607080041,SKU0194,16,2026-07-08 08:51:00,2026-07-08 08:45:20,宋超,L0073
IN202607140045,SKU0194,16,2026-07-14 09:52:00,2026-07-14 10:11:53,毛燕,L0073
IN202607200054,SKU0194,16,2026-07-20 08:51:00,2026-07-20 09:09:48,廖晨,L0073
IN202607260048,SKU0194,16,2026-07-26 09:03:00,2026-07-26 09:02:22,杨建军,L0073
IN202608010047,SKU0194,16,2026-08-01 09:32:00,2026-08-01 12:27:50,李敏,L0073
IN202608070040,SKU0194,16,2026-08-07 10:13:00,2026-08-07 10:11:25,卓雪,L0073
IN202608130053,SKU0194,16,2026-08-13 09:26:00,2026-08-13 13:14:57,宋超,L0073
IN202608190042,SKU0194,16,2026-08-19 10:52:00,2026-08-19 11:08:10,徐萍,L0073
IN202608250051,SKU0194,16,2026-08-25 08:33:00,2026-08-25 08:52:00,宋超,L0073
IN202606010041,SKU0195,9,2026-06-01 08:02:00,2026-06-01 07:59:00,杨建军,L0055
IN202606040041,SKU0195,9,2026-06-04 08:03:00,2026-06-04 08:06:46,廖晨,L0055
IN202606070033,SKU0195,9,2026-06-07 11:31:00,2026-06-07 11:22:15,王丹,L0055
IN202606100040,SKU0195,9,2026-06-10 11:09:00,2026-06-10 11:31:31,李帆,L0055
IN202606130030,SKU0195,9,2026-06-13 11:12:00,2026-06-13 11:15:21,徐萍,L0055
IN202606160039,SKU0195,9,2026-06-16 10:01:00,2026-06-16 10:12:32,郑婷婷,L0055
IN202606190038,SKU0195,9,2026-06-19 09:15:00,2026-06-19 09:29:30,徐萍,L0055
IN202606220043,SKU0195,9,2026-06-22 11:37:00,2026-06-22 11:45:04,李敏,L0055
IN202606250037,SKU0195,9,2026-06-25 09:55:00,2026-06-25 09:54:17,李敏,L0055
IN202606280033,SKU0195,9,2026-06-28 10:38:00,2026-06-28 10:32:01,李敏,L0055
IN202607010035,SKU0195,9,2026-07-01 08:50:00,2026-07-01 09:07:12,徐萍,L0055
IN202607040045,SKU0195,9,2026-07-04 09:25:00,2026-07-04 09:38:34,郑婷婷,L0055
IN202607070030,SKU0195,9,2026-07-07 10:14:00,2026-07-07 10:05:53,宋超,L0055
IN202607100039,SKU0195,9,2026-07-10 08:13:00,2026-07-10 08:04:30,李帆,L0055
IN202607130034,SKU0195,9,2026-07-13 08:30:00,2026-07-13 08:27:48,廖晨,L0055
IN202607160047,SKU0195,9,2026-07-16 10:37:00,2026-07-16 10:45:21,郑婷婷,L0055
IN202607190037,SKU0195,9,2026-07-19 10:07:00,2026-07-19 10:25:01,徐萍,L0055
IN202607220031,SKU0195,9,2026-07-22 09:12:00,2026-07-22 10:30:54,刘旭,L0055
IN202607250037,SKU0195,9,2026-07-25 10:20:00,2026-07-25 11:15:37,廖晨,L0055
IN202607280036,SKU0195,9,2026-07-28 08:28:00,2026-07-28 08:30:19,李帆,L0055
IN202607310038,SKU0195,9,2026-07-31 11:35:00,2026-07-31 11:27:04,宋超,L0055
IN202608030043,SKU0195,9,2026-08-03 09:39:00,2026-08-03 09:52:32,毛燕,L0055
IN202608060034,SKU0195,9,2026-08-06 10:52:00,2026-08-06 10:54:18,卓雪,L0055
IN202608090044,SKU0195,9,2026-08-09 10:22:00,2026-08-09 10:26:34,刘旭,L0055
IN202608120026,SKU0195,9,2026-08-12 11:59:00,2026-08-12 15:17:12,徐萍,L0055
IN202608150041,SKU0195,9,2026-08-15 10:45:00,2026-08-15 12:26:56,姚佳,L0055
IN202608180036,SKU0195,9,2026-08-18 08:20:00,2026-08-18 08:44:56,毛燕,L0055
IN202608210040,SKU0195,9,2026-08-21 08:39:00,2026-08-21 08:48:58,郑婷婷,L0055
IN202608240039,SKU0195,9,2026-08-24 10:16:00,2026-08-24 10:32:16,杨建军,L0055
IN202608270034,SKU0195,9,2026-08-27 10:29:00,2026-08-27 10:23:27,刘旭,L0055
IN202606030038,SKU0196,17,2026-06-03 10:41:00,2026-06-03 10:58:55,郑婷婷,L0580
IN202606070034,SKU0196,17,2026-06-07 09:08:00,2026-06-07 09:31:02,廖晨,L0580
IN202606110045,SKU0196,17,2026-06-11 08:22:00,2026-06-11 08:39:08,徐萍,L0580
IN202606150051,SKU0196,17,2026-06-15 10:04:00,2026-06-15 12:39:42,刘旭,L0580
IN202606190039,SKU0196,17,2026-06-19 11:43:00,2026-06-19 11:50:48,杨建军,L0580
IN202606230034,SKU0196,17,2026-06-23 10:09:00,2026-06-23 10:06:32,宋超,L0580
IN202606270044,SKU0196,17,2026-06-27 10:12:00,2026-06-27 10:28:10,杨建军,L0580
IN202607010036,SKU0196,17,2026-07-01 10:47:00,2026-07-01 10:57:58,卓雪,L0580
IN202607050042,SKU0196,17,2026-07-05 10:36:00,2026-07-05 10:46:08,杨建军,L0580
IN202607090050,SKU0196,17,2026-07-09 08:59:00,2026-07-09 12:51:18,毛燕,L0580
IN202607130035,SKU0196,17,2026-07-13 08:14:00,2026-07-13 08:25:25,徐萍,L0580
IN202607170038,SKU0196,17,2026-07-17 10:15:00,2026-07-17 10:30:14,姚佳,L0580
IN202607210048,SKU0196,17,2026-07-21 10:06:00,2026-07-21 09:56:06,卓雪,L0580
IN202607250038,SKU0196,17,2026-07-25 11:48:00,2026-07-25 12:04:18,李敏,L0580
IN202607290039,SKU0196,17,2026-07-29 10:02:00,2026-07-29 10:26:41,宋超,L0580
IN202608020042,SKU0196,17,2026-08-02 10:19:00,2026-08-02 10:11:40,王丹,L0580
IN202608060035,SKU0196,17,2026-08-06 08:51:00,2026-08-06 08:44:47,刘旭,L0580
IN202608100047,SKU0196,17,2026-08-10 10:30:00,2026-08-10 12:03:47,李帆,L0580
IN202608140048,SKU0196,17,2026-08-14 08:32:00,2026-08-14 08:40:39,杨建军,L0580
IN202608180037,SKU0196,17,2026-08-18 10:10:00,2026-08-18 10:22:30,王丹,L0580
IN202608220036,SKU0196,17,2026-08-22 08:08:00,2026-08-22 09:54:37,王丹,L0580
IN202608260040,SKU0196,17,2026-08-26 10:39:00,2026-08-26 10:36:33,卓雪,L0580
IN202606050041,SKU0197,39,2026-06-05 08:06:00,2026-06-05 08:10:50,姚佳,L0399
IN202606120043,SKU0197,39,2026-06-12 10:04:00,2026-06-12 10:13:45,宋超,L0399
IN202606190040,SKU0197,39,2026-06-19 08:35:00,2026-06-19 08:42:51,卓雪,L0399
IN202606260054,SKU0197,39,2026-06-26 10:26:00,2026-06-26 10:49:27,王丹,L0399
IN202607030041,SKU0197,39,2026-07-03 08:48:00,2026-07-03 08:48:40,李敏,L0399
IN202607100040,SKU0197,39,2026-07-10 09:37:00,2026-07-10 09:52:56,毛燕,L0399
IN202607170039,SKU0197,39,2026-07-17 08:09:00,2026-07-17 08:14:45,李帆,L0399
IN202607240053,SKU0197,39,2026-07-24 10:55:00,2026-07-24 11:07:16,杨建军,L0399
IN202607310039,SKU0197,39,2026-07-31 10:05:00,2026-07-31 13:40:45,卓雪,L0399
IN202608070041,SKU0197,39,2026-08-07 11:41:00,2026-08-07 11:39:34,李帆,L0399
IN202608140049,SKU0197,39,2026-08-14 09:43:00,2026-08-14 09:34:15,徐萍,L0399
IN202608210041,SKU0197,39,2026-08-21 09:22:00,2026-08-21 12:50:39,郑婷婷,L0399
IN202608280042,SKU0197,39,2026-08-28 08:34:00,2026-08-28 08:51:27,李敏,L0399
IN202606040042,SKU0198,43,2026-06-04 10:28:00,2026-06-04 10:47:55,宋超,L0478
IN202606100041,SKU0198,43,2026-06-10 09:16:00,2026-06-10 11:55:37,廖晨,L0478
IN202606160040,SKU0198,43,2026-06-16 11:07:00,2026-06-16 11:24:03,宋超,L0478
IN202606220044,SKU0198,43,2026-06-22 11:52:00,2026-06-22 12:13:39,宋超,L0478
IN202606280034,SKU0198,43,2026-06-28 08:43:00,2026-06-28 08:57:16,杨建军,L0478
IN202607040046,SKU0198,43,2026-07-04 11:54:00,2026-07-04 11:55:39,宋超,L0478
IN202607100041,SKU0198,43,2026-07-10 08:15:00,2026-07-10 08:23:44,李帆,L0478
IN202607160048,SKU0198,43,2026-07-16 08:40:00,2026-07-16 12:01:05,徐萍,L0478
IN202607220032,SKU0198,43,2026-07-22 10:59:00,2026-07-22 11:11:44,王丹,L0478
IN202607280037,SKU0198,43,2026-07-28 09:38:00,2026-07-28 12:57:21,宋超,L0478
IN202608030044,SKU0198,43,2026-08-03 09:07:00,2026-08-03 09:07:33,刘旭,L0478
IN202608090045,SKU0198,43,2026-08-09 09:01:00,2026-08-09 08:54:00,毛燕,L0478
IN202608150042,SKU0198,43,2026-08-15 09:45:00,2026-08-15 10:05:57,刘旭,L0478
IN202608210042,SKU0198,43,2026-08-21 11:01:00,2026-08-21 10:51:35,郑婷婷,L0478
IN202608270035,SKU0198,43,2026-08-27 08:27:00,2026-08-27 08:49:44,杨建军,L0478
IN202606030039,SKU0199,54,2026-06-03 11:18:00,2026-06-03 11:11:31,郑婷婷,L0594
IN202606100042,SKU0199,54,2026-06-10 11:54:00,2026-06-10 11:44:02,杨建军,L0594
IN202606170033,SKU0199,54,2026-06-17 11:54:00,2026-06-17 11:59:04,杨建军,L0594
IN202606240044,SKU0199,54,2026-06-24 10:25:00,2026-06-24 10:18:29,卓雪,L0594
IN202607010037,SKU0199,54,2026-07-01 11:18:00,2026-07-01 11:31:32,王丹,L0594
IN202607080042,SKU0199,54,2026-07-08 08:04:00,2026-07-08 08:20:18,毛燕,L0594
IN202607150043,SKU0199,54,2026-07-15 11:47:00,2026-07-15 11:48:17,廖晨,L0594
IN202607220033,SKU0199,54,2026-07-22 11:42:00,2026-07-22 11:46:35,杨建军,L0594
IN202607290040,SKU0199,54,2026-07-29 10:09:00,2026-07-29 13:06:15,姚佳,L0594
IN202608050050,SKU0199,54,2026-08-05 11:11:00,2026-08-05 11:34:42,毛燕,L0594
IN202608120027,SKU0199,54,2026-08-12 08:28:00,2026-08-12 08:37:24,毛燕,L0594
IN202608190043,SKU0199,54,2026-08-19 11:01:00,2026-08-19 10:53:41,廖晨,L0594
IN202608260041,SKU0199,54,2026-08-26 08:43:00,2026-08-26 08:57:18,李敏,L0594
IN202606020046,SKU0200,12,2026-06-02 08:12:00,2026-06-02 08:19:24,郑婷婷,L0403
IN202606070035,SKU0200,12,2026-06-07 10:09:00,2026-06-07 10:08:17,廖晨,L0403
IN202606120044,SKU0200,12,2026-06-12 08:15:00,2026-06-12 08:14:30,李敏,L0403
IN202606170034,SKU0200,12,2026-06-17 09:11:00,2026-06-17 09:14:30,徐萍,L0403
IN202606220045,SKU0200,12,2026-06-22 09:32:00,2026-06-22 09:22:12,廖晨,L0403
IN202606270045,SKU0200,12,2026-06-27 11:25:00,2026-06-27 11:40:11,杨建军,L0403
IN202607020044,SKU0200,12,2026-07-02 08:00:00,2026-07-02 07:54:09,姚佳,L0403
IN202607070031,SKU0200,12,2026-07-07 09:49:00,2026-07-07 09:41:30,宋超,L0403
IN202607120048,SKU0200,12,2026-07-12 10:19:00,2026-07-12 10:09:40,姚佳,L0403
IN202607170040,SKU0200,12,2026-07-17 10:20:00,2026-07-17 10:17:32,刘旭,L0403
IN202607220034,SKU0200,12,2026-07-22 08:03:00,2026-07-22 08:04:37,徐萍,L0403
IN202607270046,SKU0200,12,2026-07-27 09:55:00,2026-07-27 10:09:56,郑婷婷,L0403
IN202608010048,SKU0200,12,2026-08-01 11:45:00,2026-08-01 11:48:39,毛燕,L0403
IN202608060036,SKU0200,12,2026-08-06 10:44:00,2026-08-06 13:45:58,刘旭,L0403
IN202608110041,SKU0200,12,2026-08-11 11:39:00,2026-08-11 11:48:47,王丹,L0403
IN202608160037,SKU0200,12,2026-08-16 09:42:00,2026-08-16 09:57:46,李帆,L0403
IN202608210043,SKU0200,12,2026-08-21 11:18:00,2026-08-21 12:04:12,李帆,L0403
IN202608260042,SKU0200,12,2026-08-26 08:47:00,2026-08-26 08:58:50,卓雪,L0403
IN202606040043,SKU0201,21,2026-06-04 08:22:00,2026-06-04 08:28:49,姚佳,L0548
IN202606080044,SKU0201,21,2026-06-08 09:40:00,2026-06-08 12:44:11,刘旭,L0548
IN202606120045,SKU0201,21,2026-06-12 09:16:00,2026-06-12 09:27:13,李帆,L0548
IN202606160041,SKU0201,21,2026-06-16 09:28:00,2026-06-16 09:33:11,姚佳,L0548
IN202606200047,SKU0201,21,2026-06-20 10:52:00,2026-06-20 14:10:55,毛燕,L0548
IN202606240045,SKU0201,21,2026-06-24 09:21:00,2026-06-24 09:32:07,王丹,L0548
IN202606280035,SKU0201,21,2026-06-28 10:56:00,2026-06-28 14:30:50,王丹,L0548
IN202607020045,SKU0201,21,2026-07-02 11:47:00,2026-07-02 11:55:39,李帆,L0548
IN202607060052,SKU0201,21,2026-07-06 09:42:00,2026-07-06 13:27:24,杨建军,L0548
IN202607100042,SKU0201,21,2026-07-10 09:19:00,2026-07-10 09:15:41,王丹,L0548
IN202607140046,SKU0201,21,2026-07-14 11:46:00,2026-07-14 11:45:06,姚佳,L0548
IN202607180041,SKU0201,21,2026-07-18 11:13:00,2026-07-18 11:36:52,李敏,L0548
IN202607220035,SKU0201,21,2026-07-22 11:02:00,2026-07-22 14:00:56,毛燕,L0548
IN202607260049,SKU0201,21,2026-07-26 11:56:00,2026-07-26 12:16:51,刘旭,L0548
IN202607300048,SKU0201,21,2026-07-30 11:53:00,2026-07-30 11:46:22,郑婷婷,L0548
IN202608030045,SKU0201,21,2026-08-03 09:54:00,2026-08-03 11:49:59,刘旭,L0548
IN202608070042,SKU0201,21,2026-08-07 08:55:00,2026-08-07 08:48:29,毛燕,L0548
IN202608110042,SKU0201,21,2026-08-11 10:39:00,2026-08-11 10:51:53,郑婷婷,L0548
IN202608150043,SKU0201,21,2026-08-15 11:57:00,2026-08-15 12:14:22,毛燕,L0548
IN202608190044,SKU0201,21,2026-08-19 08:07:00,2026-08-19 08:07:05,郑婷婷,L0548
IN202608230048,SKU0201,21,2026-08-23 10:42:00,2026-08-23 11:04:36,李帆,L0548
IN202608270036,SKU0201,21,2026-08-27 08:21:00,2026-08-27 08:14:31,姚佳,L0548
IN202606040044,SKU0202,18,2026-06-04 09:21:00,2026-06-04 09:38:08,杨建军,L0733
IN202606080045,SKU0202,18,2026-06-08 11:18:00,2026-06-08 12:30:19,王丹,L0733
IN202606120046,SKU0202,18,2026-06-12 09:57:00,2026-06-12 11:37:18,王丹,L0733
IN202606160042,SKU0202,18,2026-06-16 11:21:00,2026-06-16 11:39:46,徐萍,L0733
IN202606200048,SKU0202,18,2026-06-20 10:16:00,2026-06-20 12:08:01,王丹,L0733
IN202606240046,SKU0202,18,2026-06-24 09:42:00,2026-06-24 09:54:10,毛燕,L0733
IN202606280036,SKU0202,18,2026-06-28 10:34:00,2026-06-28 10:26:04,李敏,L0733
IN202607020046,SKU0202,18,2026-07-02 11:15:00,2026-07-02 11:10:21,刘旭,L0733
IN202607060053,SKU0202,18,2026-07-06 08:00:00,2026-07-06 07:53:03,毛燕,L0733
IN202607100043,SKU0202,18,2026-07-10 10:28:00,2026-07-10 10:48:11,王丹,L0733
IN202607140047,SKU0202,18,2026-07-14 10:44:00,2026-07-14 10:39:49,李帆,L0733
IN202607180042,SKU0202,18,2026-07-18 10:32:00,2026-07-18 10:24:43,毛燕,L0733
IN202607220036,SKU0202,18,2026-07-22 09:15:00,2026-07-22 12:54:50,姚佳,L0733
IN202607260050,SKU0202,18,2026-07-26 10:18:00,2026-07-26 10:13:20,卓雪,L0733
IN202607300049,SKU0202,18,2026-07-30 10:34:00,2026-07-30 10:48:33,郑婷婷,L0733
IN202608030046,SKU0202,18,2026-08-03 08:56:00,2026-08-03 08:46:24,李帆,L0733
IN202608070043,SKU0202,18,2026-08-07 08:59:00,2026-08-07 09:08:56,李敏,L0733
IN202608110043,SKU0202,18,2026-08-11 08:42:00,2026-08-11 08:39:53,宋超,L0733
IN202608150044,SKU0202,18,2026-08-15 11:33:00,2026-08-15 11:45:47,徐萍,L0733
IN202608190045,SKU0202,18,2026-08-19 09:07:00,2026-08-19 12:16:21,郑婷婷,L0733
IN202608230049,SKU0202,18,2026-08-23 10:29:00,2026-08-23 10:31:11,廖晨,L0733
IN202608270037,SKU0202,18,2026-08-27 11:12:00,2026-08-27 11:10:14,宋超,L0733
IN202606010042,SKU0203,59,2026-06-01 09:11:00,2026-06-01 09:25:31,杨建军,L0640
IN202606040045,SKU0203,59,2026-06-04 09:49:00,2026-06-04 10:00:55,郑婷婷,L0640
IN202606070036,SKU0203,59,2026-06-07 11:30:00,2026-06-07 15:25:51,徐萍,L0640
IN202606100043,SKU0203,59,2026-06-10 08:08:00,2026-06-10 08:22:47,李敏,L0640
IN202606130031,SKU0203,59,2026-06-13 09:02:00,2026-06-13 12:05:19,刘旭,L0640
IN202606160043,SKU0203,59,2026-06-16 10:18:00,2026-06-16 12:27:19,姚佳,L0640
IN202606190041,SKU0203,59,2026-06-19 11:52:00,2026-06-19 14:29:36,宋超,L0640
IN202606220046,SKU0203,59,2026-06-22 09:55:00,2026-06-22 10:18:28,姚佳,L0640
IN202606250038,SKU0203,59,2026-06-25 10:59:00,2026-06-25 11:12:07,郑婷婷,L0640
IN202606280037,SKU0203,59,2026-06-28 09:27:00,2026-06-28 09:19:55,李帆,L0640
IN202607010038,SKU0203,59,2026-07-01 11:50:00,2026-07-01 11:48:34,刘旭,L0640
IN202607040047,SKU0203,59,2026-07-04 10:06:00,2026-07-04 10:08:20,徐萍,L0640
IN202607070032,SKU0203,59,2026-07-07 10:52:00,2026-07-07 11:00:25,徐萍,L0640
IN202607100044,SKU0203,59,2026-07-10 08:50:00,2026-07-10 11:46:30,卓雪,L0640
IN202607130036,SKU0203,59,2026-07-13 11:58:00,2026-07-13 12:13:53,卓雪,L0640
IN202607160049,SKU0203,59,2026-07-16 11:47:00,2026-07-16 12:10:42,廖晨,L0640
IN202607190038,SKU0203,59,2026-07-19 11:12:00,2026-07-19 11:23:54,姚佳,L0640
IN202607220037,SKU0203,59,2026-07-22 09:59:00,2026-07-22 10:18:05,毛燕,L0640
IN202607250039,SKU0203,59,2026-07-25 09:12:00,2026-07-25 09:31:56,刘旭,L0640
IN202607280038,SKU0203,59,2026-07-28 08:55:00,2026-07-28 09:03:09,王丹,L0640
IN202607310040,SKU0203,59,2026-07-31 11:50:00,2026-07-31 11:46:39,王丹,L0640
IN202608030047,SKU0203,59,2026-08-03 09:04:00,2026-08-03 09:16:11,毛燕,L0640
IN202608060037,SKU0203,59,2026-08-06 09:19:00,2026-08-06 09:36:02,徐萍,L0640
IN202608090046,SKU0203,59,2026-08-09 10:52:00,2026-08-09 11:16:20,廖晨,L0640
IN202608120028,SKU0203,59,2026-08-12 09:41:00,2026-08-12 10:02:21,卓雪,L0640
IN202608150045,SKU0203,59,2026-08-15 10:57:00,2026-08-15 11:01:49,卓雪,L0640
IN202608180038,SKU0203,59,2026-08-18 08:45:00,2026-08-18 08:47:56,廖晨,L0640
IN202608210044,SKU0203,59,2026-08-21 09:23:00,2026-08-21 09:18:46,宋超,L0640
IN202608240040,SKU0203,59,2026-08-24 09:07:00,2026-08-24 09:50:17,李帆,L0640
IN202608270038,SKU0203,59,2026-08-27 09:43:00,2026-08-27 09:44:12,刘旭,L0640
IN202606060054,SKU0204,32,2026-06-06 08:17:00,2026-06-06 08:10:34,徐萍,L0740
IN202606120047,SKU0204,32,2026-06-12 08:15:00,2026-06-12 08:29:31,郑婷婷,L0740
IN202606180047,SKU0204,32,2026-06-18 11:26:00,2026-06-18 11:34:44,卓雪,L0740
IN202606240047,SKU0204,32,2026-06-24 09:15:00,2026-06-24 12:02:39,王丹,L0740
IN202606300050,SKU0204,32,2026-06-30 09:00:00,2026-06-30 08:56:05,李敏,L0740
IN202607060054,SKU0204,32,2026-07-06 08:07:00,2026-07-06 08:07:42,王丹,L0740
IN202607120049,SKU0204,32,2026-07-12 08:19:00,2026-07-12 08:43:01,郑婷婷,L0740
IN202607180043,SKU0204,32,2026-07-18 10:46:00,2026-07-18 10:46:45,王丹,L0740
IN202607240054,SKU0204,32,2026-07-24 10:26:00,2026-07-24 10:21:19,郑婷婷,L0740
IN202607300050,SKU0204,32,2026-07-30 10:47:00,2026-07-30 11:08:33,杨建军,L0740
IN202608050051,SKU0204,32,2026-08-05 10:07:00,2026-08-05 10:29:25,毛燕,L0740
IN202608110044,SKU0204,32,2026-08-11 08:05:00,2026-08-11 08:02:08,王丹,L0740
IN202608170049,SKU0204,32,2026-08-17 11:43:00,2026-08-17 11:43:21,姚佳,L0740
IN202608230050,SKU0204,32,2026-08-23 11:48:00,2026-08-23 13:01:32,宋超,L0740
IN202608290052,SKU0204,32,2026-08-29 11:10:00,2026-08-29 11:10:31,杨建军,L0740
IN202606030040,SKU0205,201,2026-06-03 09:49:00,2026-06-03 13:21:06,李帆,L0795
IN202606090046,SKU0205,201,2026-06-09 08:47:00,2026-06-09 09:01:52,郑婷婷,L0795
IN202606150052,SKU0205,201,2026-06-15 11:29:00,2026-06-15 11:25:02,李敏,L0795
IN202606210049,SKU0205,201,2026-06-21 10:12:00,2026-06-21 10:08:58,姚佳,L0795
IN202606270046,SKU0205,201,2026-06-27 11:58:00,2026-06-27 11:55:37,姚佳,L0795
IN202607030042,SKU0205,201,2026-07-03 08:47:00,2026-07-03 08:40:53,刘旭,L0795
IN202607090051,SKU0205,201,2026-07-09 08:55:00,2026-07-09 10:47:26,杨建军,L0795
IN202607150044,SKU0205,201,2026-07-15 09:49:00,2026-07-15 09:47:53,徐萍,L0795
IN202607210049,SKU0205,201,2026-07-21 11:32:00,2026-07-21 11:55:35,杨建军,L0795
IN202607270047,SKU0205,201,2026-07-27 08:58:00,2026-07-27 08:52:55,宋超,L0795
IN202608020043,SKU0205,201,2026-08-02 08:20:00,2026-08-02 10:59:15,卓雪,L0795
IN202608080048,SKU0205,201,2026-08-08 09:02:00,2026-08-08 09:19:43,李帆,L0795
IN202608140050,SKU0205,201,2026-08-14 08:18:00,2026-08-14 08:10:22,宋超,L0795
IN202608200050,SKU0205,201,2026-08-20 10:58:00,2026-08-20 11:11:53,毛燕,L0795
IN202608260043,SKU0205,201,2026-08-26 09:08:00,2026-08-26 09:30:17,王丹,L0795
IN202606030041,SKU0206,538,2026-06-03 08:11:00,2026-06-03 09:14:19,徐萍,L0760
IN202606090047,SKU0206,538,2026-06-09 10:22:00,2026-06-09 10:45:11,徐萍,L0760
IN202606150053,SKU0206,538,2026-06-15 09:06:00,2026-06-15 13:03:45,宋超,L0760
IN202606210050,SKU0206,538,2026-06-21 11:07:00,2026-06-21 11:17:08,李敏,L0760
IN202606270047,SKU0206,538,2026-06-27 09:01:00,2026-06-27 09:01:23,廖晨,L0760
IN202607030043,SKU0206,538,2026-07-03 08:59:00,2026-07-03 08:59:47,廖晨,L0760
IN202607090052,SKU0206,538,2026-07-09 10:16:00,2026-07-09 10:39:17,卓雪,L0760
IN202607150045,SKU0206,538,2026-07-15 09:17:00,2026-07-15 09:07:00,卓雪,L0760
IN202607210050,SKU0206,538,2026-07-21 10:00:00,2026-07-21 09:50:03,卓雪,L0760
IN202607270048,SKU0206,538,2026-07-27 10:49:00,2026-07-27 11:02:17,李帆,L0760
IN202608020044,SKU0206,538,2026-08-02 10:33:00,2026-08-02 10:31:21,徐萍,L0760
IN202608080049,SKU0206,538,2026-08-08 10:04:00,2026-08-08 10:22:49,廖晨,L0760
IN202608140051,SKU0206,538,2026-08-14 09:44:00,2026-08-14 10:05:18,徐萍,L0760
IN202608200051,SKU0206,538,2026-08-20 08:58:00,2026-08-20 08:52:49,姚佳,L0760
IN202608260044,SKU0206,538,2026-08-26 08:43:00,2026-08-26 09:07:26,毛燕,L0760
IN202606010043,SKU0207,18,2026-06-01 11:21:00,2026-06-01 11:14:53,姚佳,L0573
IN202606070037,SKU0207,18,2026-06-07 10:11:00,2026-06-07 10:31:25,姚佳,L0573
IN202606130032,SKU0207,18,2026-06-13 08:03:00,2026-06-13 08:04:47,郑婷婷,L0573
IN202606190042,SKU0207,18,2026-06-19 08:17:00,2026-06-19 08:35:30,廖晨,L0573
IN202606250039,SKU0207,18,2026-06-25 08:41:00,2026-06-25 08:47:06,李敏,L0573
IN202607010039,SKU0207,18,2026-07-01 08:42:00,2026-07-01 11:24:02,王丹,L0573
IN202607070033,SKU0207,18,2026-07-07 08:20:00,2026-07-07 08:38:13,李敏,L0573
IN202607130037,SKU0207,18,2026-07-13 11:33:00,2026-07-13 11:24:31,王丹,L0573
IN202607190039,SKU0207,18,2026-07-19 11:48:00,2026-07-19 12:01:16,毛燕,L0573
IN202607250040,SKU0207,18,2026-07-25 11:16:00,2026-07-25 11:40:14,宋超,L0573
IN202607310041,SKU0207,18,2026-07-31 11:58:00,2026-07-31 14:47:52,宋超,L0573
IN202608060038,SKU0207,18,2026-08-06 08:30:00,2026-08-06 12:16:58,李敏,L0573
IN202608120029,SKU0207,18,2026-08-12 10:44:00,2026-08-12 14:40:46,徐萍,L0573
IN202608180039,SKU0207,18,2026-08-18 09:14:00,2026-08-18 09:29:25,李帆,L0573
IN202608240041,SKU0207,18,2026-08-24 10:42:00,2026-08-24 10:49:56,李敏,L0573
IN202606020047,SKU0208,13,2026-06-02 09:21:00,2026-06-02 09:20:26,廖晨,L0540
IN202606050042,SKU0208,13,2026-06-05 10:35:00,2026-06-05 10:39:54,李帆,L0540
IN202606080046,SKU0208,13,2026-06-08 11:50:00,2026-06-08 11:54:12,刘旭,L0540
IN202606110046,SKU0208,13,2026-06-11 08:45:00,2026-06-11 08:50:15,王丹,L0540
IN202606140053,SKU0208,13,2026-06-14 11:30:00,2026-06-14 11:38:11,郑婷婷,L0540
IN202606170035,SKU0208,13,2026-06-17 09:52:00,2026-06-17 10:15:28,毛燕,L0540
IN202606200049,SKU0208,13,2026-06-20 11:02:00,2026-06-20 11:25:45,卓雪,L0540
IN202606230035,SKU0208,13,2026-06-23 08:19:00,2026-06-23 08:33:36,杨建军,L0540
IN202606260055,SKU0208,13,2026-06-26 09:39:00,2026-06-26 09:57:08,杨建军,L0540
IN202606290045,SKU0208,13,2026-06-29 10:37:00,2026-06-29 10:48:20,宋超,L0540
IN202607020047,SKU0208,13,2026-07-02 09:59:00,2026-07-02 10:11:14,刘旭,L0540
IN202607050043,SKU0208,13,2026-07-05 08:34:00,2026-07-05 10:02:02,李帆,L0540
IN202607080043,SKU0208,13,2026-07-08 11:43:00,2026-07-08 11:59:05,杨建军,L0540
IN202607110043,SKU0208,13,2026-07-11 09:19:00,2026-07-11 12:56:50,刘旭,L0540
IN202607140048,SKU0208,13,2026-07-14 08:24:00,2026-07-14 08:37:38,廖晨,L0540
IN202607170041,SKU0208,13,2026-07-17 09:16:00,2026-07-17 11:58:25,郑婷婷,L0540
IN202607200055,SKU0208,13,2026-07-20 09:43:00,2026-07-20 10:07:57,王丹,L0540
IN202607230036,SKU0208,13,2026-07-23 09:28:00,2026-07-23 11:44:02,杨建军,L0540
IN202607260051,SKU0208,13,2026-07-26 11:34:00,2026-07-26 11:38:09,李敏,L0540
IN202607290041,SKU0208,13,2026-07-29 11:02:00,2026-07-29 11:10:15,姚佳,L0540
IN202608010049,SKU0208,13,2026-08-01 08:48:00,2026-08-01 09:08:59,姚佳,L0540
IN202608040039,SKU0208,13,2026-08-04 09:50:00,2026-08-04 09:41:18,姚佳,L0540
IN202608070044,SKU0208,13,2026-08-07 10:00:00,2026-08-07 09:59:42,徐萍,L0540
IN202608100048,SKU0208,13,2026-08-10 09:28:00,2026-08-10 09:49:11,姚佳,L0540
IN202608130054,SKU0208,13,2026-08-13 10:35:00,2026-08-13 10:30:46,杨建军,L0540
IN202608160038,SKU0208,13,2026-08-16 09:12:00,2026-08-16 10:58:40,李敏,L0540
IN202608190046,SKU0208,13,2026-08-19 09:19:00,2026-08-19 09:12:00,姚佳,L0540
IN202608220037,SKU0208,13,2026-08-22 09:50:00,2026-08-22 09:47:03,杨建军,L0540
IN202608250052,SKU0208,13,2026-08-25 10:36:00,2026-08-25 10:55:33,郑婷婷,L0540
IN202608280043,SKU0208,13,2026-08-28 11:37:00,2026-08-28 12:01:21,王丹,L0540
IN202606010044,SKU0209,11,2026-06-01 09:40:00,2026-06-01 09:49:06,李敏,L0337
IN202606040046,SKU0209,11,2026-06-04 10:16:00,2026-06-04 10:15:42,姚佳,L0337
IN202606070038,SKU0209,11,2026-06-07 10:13:00,2026-06-07 10:13:28,李帆,L0337
IN202606100044,SKU0209,11,2026-06-10 09:12:00,2026-06-10 09:28:43,刘旭,L0337
IN202606130033,SKU0209,11,2026-06-13 08:36:00,2026-06-13 08:49:13,徐萍,L0337
IN202606160044,SKU0209,11,2026-06-16 11:47:00,2026-06-16 11:59:54,徐萍,L0337
IN202606190043,SKU0209,11,2026-06-19 10:43:00,2026-06-19 10:37:49,徐萍,L0337
IN202606220047,SKU0209,11,2026-06-22 11:56:00,2026-06-22 12:07:18,杨建军,L0337
IN202606250040,SKU0209,11,2026-06-25 10:50:00,2026-06-25 12:31:51,徐萍,L0337
IN202606280038,SKU0209,11,2026-06-28 08:29:00,2026-06-28 09:08:22,李敏,L0337
IN202607010040,SKU0209,11,2026-07-01 08:54:00,2026-07-01 09:15:39,李帆,L0337
IN202607040048,SKU0209,11,2026-07-04 08:40:00,2026-07-04 08:46:06,郑婷婷,L0337
IN202607070034,SKU0209,11,2026-07-07 09:56:00,2026-07-07 09:56:18,姚佳,L0337
IN202607100045,SKU0209,11,2026-07-10 11:36:00,2026-07-10 11:54:58,杨建军,L0337
IN202607130038,SKU0209,11,2026-07-13 10:34:00,2026-07-13 10:27:39,宋超,L0337
IN202607160050,SKU0209,11,2026-07-16 08:30:00,2026-07-16 08:46:49,徐萍,L0337
IN202607190040,SKU0209,11,2026-07-19 08:49:00,2026-07-19 08:42:23,卓雪,L0337
IN202607220038,SKU0209,11,2026-07-22 10:51:00,2026-07-22 11:12:16,宋超,L0337
IN202607250041,SKU0209,11,2026-07-25 09:21:00,2026-07-25 09:42:22,毛燕,L0337
IN202607280039,SKU0209,11,2026-07-28 08:35:00,2026-07-28 10:14:25,李帆,L0337
IN202607310042,SKU0209,11,2026-07-31 10:46:00,2026-07-31 10:48:35,李帆,L0337
IN202608030048,SKU0209,11,2026-08-03 09:06:00,2026-08-03 09:23:22,杨建军,L0337
IN202608060039,SKU0209,11,2026-08-06 11:47:00,2026-08-06 12:04:24,宋超,L0337
IN202608090047,SKU0209,11,2026-08-09 11:18:00,2026-08-09 11:33:56,郑婷婷,L0337
IN202608120030,SKU0209,11,2026-08-12 11:14:00,2026-08-12 11:23:49,郑婷婷,L0337
IN202608150046,SKU0209,11,2026-08-15 08:52:00,2026-08-15 09:15:08,郑婷婷,L0337
IN202608180040,SKU0209,11,2026-08-18 11:56:00,2026-08-18 11:59:08,杨建军,L0337
IN202608210045,SKU0209,11,2026-08-21 09:50:00,2026-08-21 12:17:34,李帆,L0337
IN202608240042,SKU0209,11,2026-08-24 08:26:00,2026-08-24 08:41:14,杨建军,L0337
IN202608270039,SKU0209,11,2026-08-27 11:10:00,2026-08-27 11:08:51,郑婷婷,L0337
IN202606050043,SKU0210,23,2026-06-05 08:31:00,2026-06-05 08:36:36,宋超,L0730
IN202606120048,SKU0210,23,2026-06-12 11:10:00,2026-06-12 11:07:27,李帆,L0730
IN202606190044,SKU0210,23,2026-06-19 08:27:00,2026-06-19 08:22:49,廖晨,L0730
IN202606260056,SKU0210,23,2026-06-26 09:16:00,2026-06-26 09:10:13,李敏,L0730
IN202607030044,SKU0210,23,2026-07-03 10:20:00,2026-07-03 10:26:56,杨建军,L0730
IN202607100046,SKU0210,23,2026-07-10 10:39:00,2026-07-10 10:34:40,宋超,L0730
IN202607170042,SKU0210,23,2026-07-17 08:14:00,2026-07-17 08:21:54,李帆,L0730
IN202607240055,SKU0210,23,2026-07-24 08:47:00,2026-07-24 09:37:21,王丹,L0730
IN202607310043,SKU0210,23,2026-07-31 10:17:00,2026-07-31 13:37:47,王丹,L0730
IN202608070045,SKU0210,23,2026-08-07 11:35:00,2026-08-07 11:30:45,毛燕,L0730
IN202608140052,SKU0210,23,2026-08-14 11:31:00,2026-08-14 11:24:47,郑婷婷,L0730
IN202608210046,SKU0210,23,2026-08-21 11:56:00,2026-08-21 11:57:58,郑婷婷,L0730
IN202608280044,SKU0210,23,2026-08-28 11:42:00,2026-08-28 11:42:44,毛燕,L0730
IN202606040047,SKU0211,15,2026-06-04 08:52:00,2026-06-04 08:50:01,李敏,L0329
IN202606110047,SKU0211,15,2026-06-11 11:02:00,2026-06-11 11:21:29,杨建军,L0329
IN202606180048,SKU0211,15,2026-06-18 08:20:00,2026-06-18 08:28:36,李帆,L0329
IN202606250041,SKU0211,15,2026-06-25 08:03:00,2026-06-25 08:05:31,李敏,L0329
IN202607020048,SKU0211,15,2026-07-02 08:15:00,2026-07-02 08:39:12,廖晨,L0329
IN202607090053,SKU0211,15,2026-07-09 08:38:00,2026-07-09 08:59:33,卓雪,L0329
IN202607160051,SKU0211,15,2026-07-16 08:13:00,2026-07-16 08:28:14,廖晨,L0329
IN202607230037,SKU0211,15,2026-07-23 08:36:00,2026-07-23 08:37:16,卓雪,L0329
IN202607300051,SKU0211,15,2026-07-30 08:12:00,2026-07-30 10:20:48,郑婷婷,L0329
IN202608060040,SKU0211,15,2026-08-06 11:07:00,2026-08-06 10:57:28,王丹,L0329
IN202608130055,SKU0211,15,2026-08-13 11:14:00,2026-08-13 11:05:03,李敏,L0329
IN202608200052,SKU0211,15,2026-08-20 11:59:00,2026-08-20 12:06:41,卓雪,L0329
IN202608270040,SKU0211,15,2026-08-27 11:32:00,2026-08-27 11:32:14,毛燕,L0329
IN202606020048,SKU0212,11,2026-06-02 09:29:00,2026-06-02 09:25:13,廖晨,L0024
IN202606060055,SKU0212,11,2026-06-06 11:22:00,2026-06-06 11:23:35,卓雪,L0024
IN202606100045,SKU0212,11,2026-06-10 08:30:00,2026-06-10 11:13:13,宋超,L0024
IN202606140054,SKU0212,11,2026-06-14 08:26:00,2026-06-14 08:25:46,李敏,L0024
IN202606180049,SKU0212,11,2026-06-18 11:25:00,2026-06-18 11:27:00,王丹,L0024
IN202606220048,SKU0212,11,2026-06-22 08:28:00,2026-06-22 08:30:33,李敏,L0024
IN202606260057,SKU0212,11,2026-06-26 10:31:00,2026-06-26 10:42:47,李帆,L0024
IN202606300051,SKU0212,11,2026-06-30 11:07:00,2026-06-30 11:13:11,王丹,L0024
IN202607040049,SKU0212,11,2026-07-04 10:39:00,2026-07-04 13:37:13,卓雪,L0024
IN202607080044,SKU0212,11,2026-07-08 09:02:00,2026-07-08 08:55:53,李敏,L0024
IN202607120050,SKU0212,11,2026-07-12 08:03:00,2026-07-12 08:42:04,王丹,L0024
IN202607160052,SKU0212,11,2026-07-16 08:31:00,2026-07-16 08:35:00,刘旭,L0024
IN202607200056,SKU0212,11,2026-07-20 11:14:00,2026-07-20 13:14:26,姚佳,L0024
IN202607240056,SKU0212,11,2026-07-24 09:43:00,2026-07-24 09:50:20,刘旭,L0024
IN202607280040,SKU0212,11,2026-07-28 10:33:00,2026-07-28 10:47:40,卓雪,L0024
IN202608010050,SKU0212,11,2026-08-01 09:09:00,2026-08-01 09:32:45,李帆,L0024
IN202608050052,SKU0212,11,2026-08-05 11:08:00,2026-08-05 11:15:10,李敏,L0024
IN202608090048,SKU0212,11,2026-08-09 08:21:00,2026-08-09 08:25:15,廖晨,L0024
IN202608130056,SKU0212,11,2026-08-13 10:30:00,2026-08-13 10:23:03,宋超,L0024
IN202608170050,SKU0212,11,2026-08-17 11:56:00,2026-08-17 12:03:53,刘旭,L0024
IN202608210047,SKU0212,11,2026-08-21 08:27:00,2026-08-21 08:39:41,卓雪,L0024
IN202608250053,SKU0212,11,2026-08-25 09:58:00,2026-08-25 10:21:25,王丹,L0024
IN202608290053,SKU0212,11,2026-08-29 08:26:00,2026-08-29 08:34:05,毛燕,L0024
IN202606040048,SKU0213,14,2026-06-04 11:15:00,2026-06-04 11:36:01,姚佳,L0040
IN202606080047,SKU0213,14,2026-06-08 09:05:00,2026-06-08 09:07:27,郑婷婷,L0040
IN202606120049,SKU0213,14,2026-06-12 10:29:00,2026-06-12 10:46:51,毛燕,L0040
IN202606160045,SKU0213,14,2026-06-16 09:04:00,2026-06-16 09:19:21,姚佳,L0040
IN202606200050,SKU0213,14,2026-06-20 08:38:00,2026-06-20 08:48:24,刘旭,L0040
IN202606240048,SKU0213,14,2026-06-24 11:28:00,2026-06-24 11:24:10,刘旭,L0040
IN202606280039,SKU0213,14,2026-06-28 08:46:00,2026-06-28 09:08:45,李帆,L0040
IN202607020049,SKU0213,14,2026-07-02 08:18:00,2026-07-02 11:07:10,郑婷婷,L0040
IN202607060055,SKU0213,14,2026-07-06 09:28:00,2026-07-06 09:29:47,姚佳,L0040
IN202607100047,SKU0213,14,2026-07-10 10:34:00,2026-07-10 10:29:44,徐萍,L0040
IN202607140049,SKU0213,14,2026-07-14 09:57:00,2026-07-14 10:06:06,姚佳,L0040
IN202607180044,SKU0213,14,2026-07-18 08:36:00,2026-07-18 08:35:38,刘旭,L0040
IN202607220039,SKU0213,14,2026-07-22 10:30:00,2026-07-22 10:27:43,刘旭,L0040
IN202607260052,SKU0213,14,2026-07-26 09:34:00,2026-07-26 12:54:48,杨建军,L0040
IN202607300052,SKU0213,14,2026-07-30 09:43:00,2026-07-30 09:39:46,徐萍,L0040
IN202608030049,SKU0213,14,2026-08-03 11:15:00,2026-08-03 13:38:59,毛燕,L0040
IN202608070046,SKU0213,14,2026-08-07 10:36:00,2026-08-07 10:39:39,杨建军,L0040
IN202608110045,SKU0213,14,2026-08-11 10:48:00,2026-08-11 11:07:37,姚佳,L0040
IN202608150047,SKU0213,14,2026-08-15 11:16:00,2026-08-15 11:28:36,郑婷婷,L0040
IN202608190047,SKU0213,14,2026-08-19 10:27:00,2026-08-19 13:01:25,毛燕,L0040
IN202608230051,SKU0213,14,2026-08-23 08:24:00,2026-08-23 08:36:38,郑婷婷,L0040
IN202608270041,SKU0213,14,2026-08-27 08:47:00,2026-08-27 08:48:59,廖晨,L0040
IN202606050044,SKU0214,90,2026-06-05 10:25:00,2026-06-05 10:23:50,宋超,L0676
IN202606110048,SKU0214,90,2026-06-11 09:50:00,2026-06-11 10:11:18,廖晨,L0676
IN202606170036,SKU0214,90,2026-06-17 11:02:00,2026-06-17 10:53:19,李帆,L0676
IN202606230036,SKU0214,90,2026-06-23 11:58:00,2026-06-23 14:53:33,姚佳,L0676
IN202606290046,SKU0214,90,2026-06-29 09:42:00,2026-06-29 13:41:36,杨建军,L0676
IN202607050044,SKU0214,90,2026-07-05 11:55:00,2026-07-05 14:10:50,姚佳,L0676
IN202607110044,SKU0214,90,2026-07-11 11:34:00,2026-07-11 11:39:12,杨建军,L0676
IN202607170043,SKU0214,90,2026-07-17 08:09:00,2026-07-17 08:29:05,廖晨,L0676
IN202607230038,SKU0214,90,2026-07-23 08:00:00,2026-07-23 10:21:11,徐萍,L0676
IN202607290042,SKU0214,90,2026-07-29 09:22:00,2026-07-29 12:29:26,廖晨,L0676
IN202608040040,SKU0214,90,2026-08-04 08:58:00,2026-08-04 09:07:34,王丹,L0676
IN202608100049,SKU0214,90,2026-08-10 10:21:00,2026-08-10 10:31:01,徐萍,L0676
IN202608160039,SKU0214,90,2026-08-16 10:13:00,2026-08-16 10:18:03,刘旭,L0676
IN202608220038,SKU0214,90,2026-08-22 09:48:00,2026-08-22 09:45:21,徐萍,L0676
IN202608280045,SKU0214,90,2026-08-28 10:53:00,2026-08-28 14:34:17,李敏,L0676
IN202606040049,SKU0215,15,2026-06-04 10:38:00,2026-06-04 11:00:32,王丹,L0146
IN202606100046,SKU0215,15,2026-06-10 11:44:00,2026-06-10 11:53:52,郑婷婷,L0146
IN202606160046,SKU0215,15,2026-06-16 10:35:00,2026-06-16 10:30:36,姚佳,L0146
IN202606220049,SKU0215,15,2026-06-22 11:37:00,2026-06-22 11:37:36,卓雪,L0146
IN202606280040,SKU0215,15,2026-06-28 10:44:00,2026-06-28 10:34:11,姚佳,L0146
IN202607040050,SKU0215,15,2026-07-04 10:12:00,2026-07-04 10:02:28,刘旭,L0146
IN202607100048,SKU0215,15,2026-07-10 10:36:00,2026-07-10 10:50:06,李帆,L0146
IN202607160053,SKU0215,15,2026-07-16 08:31:00,2026-07-16 08:51:19,廖晨,L0146
IN202607220040,SKU0215,15,2026-07-22 10:01:00,2026-07-22 10:03:05,徐萍,L0146
IN202607280041,SKU0215,15,2026-07-28 11:29:00,2026-07-28 11:33:05,李帆,L0146
IN202608030050,SKU0215,15,2026-08-03 10:37:00,2026-08-03 10:32:45,李敏,L0146
IN202608090049,SKU0215,15,2026-08-09 09:01:00,2026-08-09 10:08:50,郑婷婷,L0146
IN202608150048,SKU0215,15,2026-08-15 11:06:00,2026-08-15 10:57:51,郑婷婷,L0146
IN202608210048,SKU0215,15,2026-08-21 10:30:00,2026-08-21 10:33:46,王丹,L0146
IN202608270042,SKU0215,15,2026-08-27 11:03:00,2026-08-27 14:25:11,宋超,L0146
IN202606040050,SKU0216,16,2026-06-04 11:33:00,2026-06-04 12:30:05,李敏,L0464
IN202606080048,SKU0216,16,2026-06-08 09:54:00,2026-06-08 10:04:03,毛燕,L0464
IN202606120050,SKU0216,16,2026-06-12 08:14:00,2026-06-12 08:37:04,卓雪,L0464
IN202606160047,SKU0216,16,2026-06-16 09:51:00,2026-06-16 10:05:05,卓雪,L0464
IN202606200051,SKU0216,16,2026-06-20 08:13:00,2026-06-20 08:05:05,姚佳,L0464
IN202606240049,SKU0216,16,2026-06-24 10:27:00,2026-06-24 10:18:20,李敏,L0464
IN202606280041,SKU0216,16,2026-06-28 10:28:00,2026-06-28 10:36:39,毛燕,L0464
IN202607020050,SKU0216,16,2026-07-02 10:44:00,2026-07-02 10:37:01,李敏,L0464
IN202607060056,SKU0216,16,2026-07-06 11:08:00,2026-07-06 12:50:31,李敏,L0464
IN202607100049,SKU0216,16,2026-07-10 08:49:00,2026-07-10 12:01:32,郑婷婷,L0464
IN202607140050,SKU0216,16,2026-07-14 11:10:00,2026-07-14 11:32:42,毛燕,L0464
IN202607180045,SKU0216,16,2026-07-18 08:32:00,2026-07-18 10:55:57,徐萍,L0464
IN202607220041,SKU0216,16,2026-07-22 11:26:00,2026-07-22 11:22:57,宋超,L0464
IN202607260053,SKU0216,16,2026-07-26 11:34:00,2026-07-26 11:49:17,徐萍,L0464
IN202607300053,SKU0216,16,2026-07-30 09:51:00,2026-07-30 09:56:25,王丹,L0464
IN202608030051,SKU0216,16,2026-08-03 11:01:00,2026-08-03 11:00:21,李帆,L0464
IN202608070047,SKU0216,16,2026-08-07 08:33:00,2026-08-07 09:31:13,刘旭,L0464
IN202608110046,SKU0216,16,2026-08-11 10:45:00,2026-08-11 11:00:47,刘旭,L0464
IN202608150049,SKU0216,16,2026-08-15 10:53:00,2026-08-15 11:16:41,卓雪,L0464
IN202608190048,SKU0216,16,2026-08-19 08:34:00,2026-08-19 12:12:35,李敏,L0464
IN202608230052,SKU0216,16,2026-08-23 08:24:00,2026-08-23 08:32:33,王丹,L0464
IN202608270043,SKU0216,16,2026-08-27 10:22:00,2026-08-27 10:32:00,杨建军,L0464
IN202606060056,SKU0217,25,2026-06-06 08:20:00,2026-06-06 08:30:39,廖晨,L0238
IN202606130034,SKU0217,25,2026-06-13 11:54:00,2026-06-13 12:13:36,宋超,L0238
IN202606200052,SKU0217,25,2026-06-20 11:38:00,2026-06-20 11:35:58,刘旭,L0238
IN202606270048,SKU0217,25,2026-06-27 11:29:00,2026-06-27 11:53:19,宋超,L0238
IN202607040051,SKU0217,25,2026-07-04 11:23:00,2026-07-04 11:17:58,王丹,L0238
IN202607110045,SKU0217,25,2026-07-11 09:53:00,2026-07-11 09:49:03,刘旭,L0238
IN202607180046,SKU0217,25,2026-07-18 11:39:00,2026-07-18 11:39:55,徐萍,L0238
IN202607250042,SKU0217,25,2026-07-25 10:23:00,2026-07-25 10:26:29,毛燕,L0238
IN202608010051,SKU0217,25,2026-08-01 09:34:00,2026-08-01 11:59:16,姚佳,L0238
IN202608080050,SKU0217,25,2026-08-08 11:52:00,2026-08-08 11:45:02,李帆,L0238
IN202608150050,SKU0217,25,2026-08-15 11:55:00,2026-08-15 12:38:25,郑婷婷,L0238
IN202608220039,SKU0217,25,2026-08-22 11:37:00,2026-08-22 11:55:52,卓雪,L0238
IN202608290054,SKU0217,25,2026-08-29 08:49:00,2026-08-29 09:36:05,徐萍,L0238
IN202606030042,SKU0218,23,2026-06-03 08:26:00,2026-06-03 08:35:51,徐萍,L0318
IN202606080049,SKU0218,23,2026-06-08 10:53:00,2026-06-08 10:54:08,卓雪,L0318
IN202606130035,SKU0218,23,2026-06-13 10:44:00,2026-06-13 10:34:41,杨建军,L0318
IN202606180050,SKU0218,23,2026-06-18 11:46:00,2026-06-18 11:43:02,徐萍,L0318
IN202606230037,SKU0218,23,2026-06-23 10:22:00,2026-06-23 11:36:17,廖晨,L0318
IN202606280042,SKU0218,23,2026-06-28 11:49:00,2026-06-28 11:45:42,姚佳,L0318
IN202607030045,SKU0218,23,2026-07-03 09:52:00,2026-07-03 09:52:24,李帆,L0318
IN202607080045,SKU0218,23,2026-07-08 08:13:00,2026-07-08 12:07:28,王丹,L0318
IN202607130039,SKU0218,23,2026-07-13 11:19:00,2026-07-13 14:30:55,杨建军,L0318
IN202607180047,SKU0218,23,2026-07-18 09:56:00,2026-07-18 09:58:32,李敏,L0318
IN202607230039,SKU0218,23,2026-07-23 08:08:00,2026-07-23 11:26:45,杨建军,L0318
IN202607280042,SKU0218,23,2026-07-28 08:29:00,2026-07-28 12:11:03,王丹,L0318
IN202608020045,SKU0218,23,2026-08-02 10:19:00,2026-08-02 10:35:06,李敏,L0318
IN202608070048,SKU0218,23,2026-08-07 08:11:00,2026-08-07 08:19:57,郑婷婷,L0318
IN202608120031,SKU0218,23,2026-08-12 11:00:00,2026-08-12 10:55:09,郑婷婷,L0318
IN202608170051,SKU0218,23,2026-08-17 08:34:00,2026-08-17 08:39:54,姚佳,L0318
IN202608220040,SKU0218,23,2026-08-22 08:33:00,2026-08-22 11:31:04,李帆,L0318
IN202608270044,SKU0218,23,2026-08-27 11:58:00,2026-08-27 15:30:11,刘旭,L0318
IN202606040051,SKU0219,13,2026-06-04 10:02:00,2026-06-04 10:16:16,王丹,L0492
IN202606080050,SKU0219,13,2026-06-08 09:09:00,2026-06-08 09:06:01,廖晨,L0492
IN202606120051,SKU0219,13,2026-06-12 11:42:00,2026-06-12 11:47:42,李帆,L0492
IN202606160048,SKU0219,13,2026-06-16 11:55:00,2026-06-16 15:15:46,毛燕,L0492
IN202606200053,SKU0219,13,2026-06-20 11:31:00,2026-06-20 11:31:21,廖晨,L0492
IN202606240050,SKU0219,13,2026-06-24 09:18:00,2026-06-24 10:27:49,杨建军,L0492
IN202606280043,SKU0219,13,2026-06-28 08:59:00,2026-06-28 10:31:06,姚佳,L0492
IN202607020051,SKU0219,13,2026-07-02 09:38:00,2026-07-02 09:30:23,姚佳,L0492
IN202607060057,SKU0219,13,2026-07-06 11:18:00,2026-07-06 11:35:56,李帆,L0492
IN202607100050,SKU0219,13,2026-07-10 09:26:00,2026-07-10 09:48:46,李敏,L0492
IN202607140051,SKU0219,13,2026-07-14 09:30:00,2026-07-14 09:30:01,毛燕,L0492
IN202607180048,SKU0219,13,2026-07-18 10:03:00,2026-07-18 09:56:14,徐萍,L0492
IN202607220042,SKU0219,13,2026-07-22 10:52:00,2026-07-22 14:25:08,姚佳,L0492
IN202607260054,SKU0219,13,2026-07-26 10:58:00,2026-07-26 11:06:15,廖晨,L0492
IN202607300054,SKU0219,13,2026-07-30 11:52:00,2026-07-30 12:04:46,毛燕,L0492
IN202608030052,SKU0219,13,2026-08-03 11:26:00,2026-08-03 11:18:28,卓雪,L0492
IN202608070049,SKU0219,13,2026-08-07 11:29:00,2026-08-07 13:33:37,廖晨,L0492
IN202608110047,SKU0219,13,2026-08-11 10:20:00,2026-08-11 10:35:38,杨建军,L0492
IN202608150051,SKU0219,13,2026-08-15 11:08:00,2026-08-15 11:26:50,王丹,L0492
IN202608190049,SKU0219,13,2026-08-19 09:40:00,2026-08-19 13:32:36,杨建军,L0492
IN202608230053,SKU0219,13,2026-08-23 09:23:00,2026-08-23 09:33:36,李帆,L0492
IN202608270045,SKU0219,13,2026-08-27 11:56:00,2026-08-27 12:19:11,李帆,L0492
IN202606040052,SKU0220,11,2026-06-04 09:31:00,2026-06-04 13:17:55,卓雪,L0282
IN202606080051,SKU0220,11,2026-06-08 08:39:00,2026-06-08 08:32:36,毛燕,L0282
IN202606120052,SKU0220,11,2026-06-12 11:41:00,2026-06-12 11:37:37,李敏,L0282
IN202606160049,SKU0220,11,2026-06-16 10:22:00,2026-06-16 10:42:36,姚佳,L0282
IN202606200054,SKU0220,11,2026-06-20 10:07:00,2026-06-20 13:04:28,王丹,L0282
IN202606240051,SKU0220,11,2026-06-24 11:44:00,2026-06-24 11:47:00,李敏,L0282
IN202606280044,SKU0220,11,2026-06-28 08:29:00,2026-06-28 08:21:50,宋超,L0282
IN202607020052,SKU0220,11,2026-07-02 10:30:00,2026-07-02 10:54:51,王丹,L0282
IN202607060058,SKU0220,11,2026-07-06 10:11:00,2026-07-06 10:34:56,廖晨,L0282
IN202607100051,SKU0220,11,2026-07-10 10:20:00,2026-07-10 10:32:13,刘旭,L0282
IN202607140052,SKU0220,11,2026-07-14 08:13:00,2026-07-14 08:27:30,徐萍,L0282
IN202607180049,SKU0220,11,2026-07-18 08:28:00,2026-07-18 08:43:37,杨建军,L0282
IN202607220043,SKU0220,11,2026-07-22 10:45:00,2026-07-22 10:47:22,刘旭,L0282
IN202607260055,SKU0220,11,2026-07-26 09:01:00,2026-07-26 09:03:34,廖晨,L0282
IN202607300055,SKU0220,11,2026-07-30 10:58:00,2026-07-30 10:49:02,杨建军,L0282
IN202608030053,SKU0220,11,2026-08-03 10:54:00,2026-08-03 11:13:21,毛燕,L0282
IN202608070050,SKU0220,11,2026-08-07 10:12:00,2026-08-07 10:13:25,王丹,L0282
IN202608110048,SKU0220,11,2026-08-11 11:52:00,2026-08-11 12:54:57,郑婷婷,L0282
IN202608150052,SKU0220,11,2026-08-15 10:03:00,2026-08-15 10:03:38,杨建军,L0282
IN202608190050,SKU0220,11,2026-08-19 08:37:00,2026-08-19 08:46:55,廖晨,L0282
IN202608230054,SKU0220,11,2026-08-23 09:34:00,2026-08-23 09:55:02,宋超,L0282
IN202608270046,SKU0220,11,2026-08-27 08:16:00,2026-08-27 08:11:21,李敏,L0282
IN202606030043,SKU0221,18,2026-06-03 11:34:00,2026-06-03 15:08:09,毛燕,L0315
IN202606070039,SKU0221,18,2026-06-07 10:54:00,2026-06-07 11:11:42,廖晨,L0315
IN202606110049,SKU0221,18,2026-06-11 11:47:00,2026-06-11 11:54:40,廖晨,L0315
IN202606150054,SKU0221,18,2026-06-15 09:16:00,2026-06-15 09:08:53,李敏,L0315
IN202606190045,SKU0221,18,2026-06-19 11:05:00,2026-06-19 11:03:25,徐萍,L0315
IN202606230038,SKU0221,18,2026-06-23 09:03:00,2026-06-23 09:03:02,郑婷婷,L0315
IN202606270049,SKU0221,18,2026-06-27 10:10:00,2026-06-27 10:27:48,郑婷婷,L0315
IN202607010041,SKU0221,18,2026-07-01 08:44:00,2026-07-01 09:03:34,杨建军,L0315
IN202607050045,SKU0221,18,2026-07-05 10:04:00,2026-07-05 13:04:51,卓雪,L0315
IN202607090054,SKU0221,18,2026-07-09 10:04:00,2026-07-09 09:54:20,宋超,L0315
IN202607130040,SKU0221,18,2026-07-13 10:25:00,2026-07-13 13:14:21,宋超,L0315
IN202607170044,SKU0221,18,2026-07-17 11:16:00,2026-07-17 11:08:52,宋超,L0315
IN202607210051,SKU0221,18,2026-07-21 09:25:00,2026-07-21 09:37:11,刘旭,L0315
IN202607250043,SKU0221,18,2026-07-25 11:28:00,2026-07-25 11:25:05,宋超,L0315
IN202607290043,SKU0221,18,2026-07-29 09:51:00,2026-07-29 09:52:23,卓雪,L0315
IN202608020046,SKU0221,18,2026-08-02 09:22:00,2026-08-02 09:33:43,廖晨,L0315
IN202608060041,SKU0221,18,2026-08-06 08:28:00,2026-08-06 08:43:52,李敏,L0315
IN202608100050,SKU0221,18,2026-08-10 10:14:00,2026-08-10 11:46:52,王丹,L0315
IN202608140053,SKU0221,18,2026-08-14 10:58:00,2026-08-14 13:09:24,李帆,L0315
IN202608180041,SKU0221,18,2026-08-18 09:44:00,2026-08-18 09:38:22,徐萍,L0315
IN202608220041,SKU0221,18,2026-08-22 11:47:00,2026-08-22 11:48:48,杨建军,L0315
IN202608260045,SKU0221,18,2026-08-26 08:06:00,2026-08-26 11:51:58,王丹,L0315
IN202606070040,SKU0222,30,2026-06-07 11:36:00,2026-06-07 14:06:04,王丹,L0508
IN202606140055,SKU0222,30,2026-06-14 10:42:00,2026-06-14 10:50:30,姚佳,L0508
IN202606210051,SKU0222,30,2026-06-21 08:46:00,2026-06-21 08:43:08,杨建军,L0508
IN202606280045,SKU0222,30,2026-06-28 08:02:00,2026-06-28 08:07:01,李敏,L0508
IN202607050046,SKU0222,30,2026-07-05 09:06:00,2026-07-05 10:35:14,郑婷婷,L0508
IN202607120051,SKU0222,30,2026-07-12 09:34:00,2026-07-12 09:40:01,刘旭,L0508
IN202607190041,SKU0222,30,2026-07-19 11:38:00,2026-07-19 12:01:35,毛燕,L0508
IN202607260056,SKU0222,30,2026-07-26 11:27:00,2026-07-26 11:41:43,李帆,L0508
IN202608020047,SKU0222,30,2026-08-02 08:46:00,2026-08-02 08:53:44,宋超,L0508
IN202608090050,SKU0222,30,2026-08-09 11:33:00,2026-08-09 11:30:26,姚佳,L0508
IN202608160040,SKU0222,30,2026-08-16 11:52:00,2026-08-16 14:53:29,郑婷婷,L0508
IN202608230055,SKU0222,30,2026-08-23 11:54:00,2026-08-23 13:24:45,李帆,L0508
IN202606010045,SKU0223,14,2026-06-01 10:01:00,2026-06-01 11:02:04,毛燕,L0565
IN202606060057,SKU0223,14,2026-06-06 09:30:00,2026-06-06 09:27:41,郑婷婷,L0565
IN202606110050,SKU0223,14,2026-06-11 08:06:00,2026-06-11 08:28:15,毛燕,L0565
IN202606160050,SKU0223,14,2026-06-16 10:31:00,2026-06-16 10:26:12,郑婷婷,L0565
IN202606210052,SKU0223,14,2026-06-21 09:30:00,2026-06-21 09:40:24,廖晨,L0565
IN202606260058,SKU0223,14,2026-06-26 08:00:00,2026-06-26 08:12:57,徐萍,L0565
IN202607010042,SKU0223,14,2026-07-01 08:34:00,2026-07-01 10:04:26,徐萍,L0565
IN202607060059,SKU0223,14,2026-07-06 10:11:00,2026-07-06 10:05:35,毛燕,L0565
IN202607110046,SKU0223,14,2026-07-11 11:59:00,2026-07-11 12:07:28,杨建军,L0565
IN202607160054,SKU0223,14,2026-07-16 10:29:00,2026-07-16 10:52:06,宋超,L0565
IN202607210052,SKU0223,14,2026-07-21 08:49:00,2026-07-21 12:02:19,王丹,L0565
IN202607260057,SKU0223,14,2026-07-26 08:10:00,2026-07-26 08:00:43,姚佳,L0565
IN202607310044,SKU0223,14,2026-07-31 09:06:00,2026-07-31 09:11:27,杨建军,L0565
IN202608050053,SKU0223,14,2026-08-05 10:59:00,2026-08-05 11:03:44,杨建军,L0565
IN202608100051,SKU0223,14,2026-08-10 11:42:00,2026-08-10 11:57:47,卓雪,L0565
IN202608150053,SKU0223,14,2026-08-15 09:57:00,2026-08-15 10:04:01,毛燕,L0565
IN202608200053,SKU0223,14,2026-08-20 11:12:00,2026-08-20 11:56:38,姚佳,L0565
IN202608250054,SKU0223,14,2026-08-25 10:57:00,2026-08-25 11:08:04,卓雪,L0565
IN202606030044,SKU0224,20,2026-06-03 09:23:00,2026-06-03 09:13:59,廖晨,L0422
IN202606100047,SKU0224,20,2026-06-10 10:19:00,2026-06-10 10:09:09,徐萍,L0422
IN202606170037,SKU0224,20,2026-06-17 11:12:00,2026-06-17 14:40:36,毛燕,L0422
IN202606240052,SKU0224,20,2026-06-24 11:03:00,2026-06-24 11:01:34,王丹,L0422
IN202607010043,SKU0224,20,2026-07-01 10:26:00,2026-07-01 10:27:23,李敏,L0422
IN202607080046,SKU0224,20,2026-07-08 11:43:00,2026-07-08 11:58:45,王丹,L0422
IN202607150046,SKU0224,20,2026-07-15 08:01:00,2026-07-15 08:14:01,姚佳,L0422
IN202607220044,SKU0224,20,2026-07-22 09:45:00,2026-07-22 13:00:09,郑婷婷,L0422
IN202607290044,SKU0224,20,2026-07-29 10:10:00,2026-07-29 10:22:15,王丹,L0422
IN202608050054,SKU0224,20,2026-08-05 09:15:00,2026-08-05 12:52:14,王丹,L0422
IN202608120032,SKU0224,20,2026-08-12 09:55:00,2026-08-12 12:29:04,姚佳,L0422
IN202608190051,SKU0224,20,2026-08-19 09:15:00,2026-08-19 09:10:54,毛燕,L0422
IN202608260046,SKU0224,20,2026-08-26 09:19:00,2026-08-26 09:38:16,宋超,L0422
IN202606030045,SKU0225,11,2026-06-03 09:42:00,2026-06-03 13:16:33,姚佳,L0005
IN202606080052,SKU0225,11,2026-06-08 08:57:00,2026-06-08 09:11:34,王丹,L0005
IN202606130036,SKU0225,11,2026-06-13 11:12:00,2026-06-13 11:14:08,郑婷婷,L0005
IN202606180051,SKU0225,11,2026-06-18 10:16:00,2026-06-18 10:17:28,李敏,L0005
IN202606230039,SKU0225,11,2026-06-23 08:04:00,2026-06-23 07:56:07,廖晨,L0005
IN202606280046,SKU0225,11,2026-06-28 11:41:00,2026-06-28 11:51:14,李敏,L0005
IN202607030046,SKU0225,11,2026-07-03 10:38:00,2026-07-03 13:58:46,郑婷婷,L0005
IN202607080047,SKU0225,11,2026-07-08 11:49:00,2026-07-08 12:00:53,李敏,L0005
IN202607130041,SKU0225,11,2026-07-13 10:10:00,2026-07-13 11:59:24,宋超,L0005
IN202607180050,SKU0225,11,2026-07-18 08:51:00,2026-07-18 08:51:20,李帆,L0005
IN202607230040,SKU0225,11,2026-07-23 10:30:00,2026-07-23 10:36:28,卓雪,L0005
IN202607280043,SKU0225,11,2026-07-28 10:58:00,2026-07-28 11:07:35,杨建军,L0005
IN202608020048,SKU0225,11,2026-08-02 10:25:00,2026-08-02 10:17:28,李帆,L0005
IN202608070051,SKU0225,11,2026-08-07 10:25:00,2026-08-07 10:15:54,刘旭,L0005
IN202608120033,SKU0225,11,2026-08-12 10:10:00,2026-08-12 10:19:39,卓雪,L0005
IN202608170052,SKU0225,11,2026-08-17 10:56:00,2026-08-17 11:13:15,卓雪,L0005
IN202608220042,SKU0225,11,2026-08-22 08:17:00,2026-08-22 08:16:09,李敏,L0005
IN202608270047,SKU0225,11,2026-08-27 11:07:00,2026-08-27 12:31:51,姚佳,L0005
IN202606040053,SKU0226,15,2026-06-04 11:51:00,2026-06-04 14:22:26,杨建军,L0293
IN202606110051,SKU0226,15,2026-06-11 10:35:00,2026-06-11 10:33:25,郑婷婷,L0293
IN202606180052,SKU0226,15,2026-06-18 11:08:00,2026-06-18 14:30:43,徐萍,L0293
IN202606250042,SKU0226,15,2026-06-25 10:21:00,2026-06-25 10:32:20,宋超,L0293
IN202607020053,SKU0226,15,2026-07-02 09:04:00,2026-07-02 08:54:17,李敏,L0293
IN202607090055,SKU0226,15,2026-07-09 11:18:00,2026-07-09 11:25:28,郑婷婷,L0293
IN202607160055,SKU0226,15,2026-07-16 10:29:00,2026-07-16 10:49:20,卓雪,L0293
IN202607230041,SKU0226,15,2026-07-23 11:46:00,2026-07-23 11:50:44,郑婷婷,L0293
IN202607300056,SKU0226,15,2026-07-30 09:27:00,2026-07-30 09:43:26,宋超,L0293
IN202608060042,SKU0226,15,2026-08-06 08:57:00,2026-08-06 12:07:56,宋超,L0293
IN202608130057,SKU0226,15,2026-08-13 10:51:00,2026-08-13 10:59:47,刘旭,L0293
IN202608200054,SKU0226,15,2026-08-20 11:47:00,2026-08-20 13:24:23,李帆,L0293
IN202608270048,SKU0226,15,2026-08-27 09:23:00,2026-08-27 09:17:46,廖晨,L0293
IN202606010046,SKU0227,15,2026-06-01 10:10:00,2026-06-01 12:04:37,李帆,L0621
IN202606040054,SKU0227,15,2026-06-04 08:32:00,2026-06-04 08:36:00,徐萍,L0621
IN202606070041,SKU0227,15,2026-06-07 08:14:00,2026-06-07 08:35:04,刘旭,L0621
IN202606100048,SKU0227,15,2026-06-10 08:00:00,2026-06-10 07:53:16,卓雪,L0621
IN202606130037,SKU0227,15,2026-06-13 11:31:00,2026-06-13 11:42:27,李帆,L0621
IN202606160051,SKU0227,15,2026-06-16 09:29:00,2026-06-16 09:36:28,卓雪,L0621
IN202606190046,SKU0227,15,2026-06-19 10:41:00,2026-06-19 10:37:12,刘旭,L0621
IN202606220050,SKU0227,15,2026-06-22 10:21:00,2026-06-22 10:31:36,王丹,L0621
IN202606250043,SKU0227,15,2026-06-25 11:23:00,2026-06-25 14:04:25,廖晨,L0621
IN202606280047,SKU0227,15,2026-06-28 09:38:00,2026-06-28 10:02:17,毛燕,L0621
IN202607010044,SKU0227,15,2026-07-01 09:20:00,2026-07-01 13:19:32,郑婷婷,L0621
IN202607040052,SKU0227,15,2026-07-04 11:25:00,2026-07-04 13:55:58,刘旭,L0621
IN202607070035,SKU0227,15,2026-07-07 10:51:00,2026-07-07 10:44:51,刘旭,L0621
IN202607100052,SKU0227,15,2026-07-10 10:13:00,2026-07-10 10:14:56,毛燕,L0621
IN202607130042,SKU0227,15,2026-07-13 11:46:00,2026-07-13 13:58:23,王丹,L0621
IN202607160056,SKU0227,15,2026-07-16 10:10:00,2026-07-16 10:06:12,刘旭,L0621
IN202607190042,SKU0227,15,2026-07-19 08:16:00,2026-07-19 08:35:28,刘旭,L0621
IN202607220045,SKU0227,15,2026-07-22 08:30:00,2026-07-22 08:34:26,郑婷婷,L0621
IN202607250044,SKU0227,15,2026-07-25 10:08:00,2026-07-25 10:19:11,王丹,L0621
IN202607280044,SKU0227,15,2026-07-28 09:23:00,2026-07-28 09:45:08,廖晨,L0621
IN202607310045,SKU0227,15,2026-07-31 11:45:00,2026-07-31 11:37:28,宋超,L0621
IN202608030054,SKU0227,15,2026-08-03 08:46:00,2026-08-03 08:59:42,刘旭,L0621
IN202608060043,SKU0227,15,2026-08-06 10:50:00,2026-08-06 11:11:14,姚佳,L0621
IN202608090051,SKU0227,15,2026-08-09 11:49:00,2026-08-09 11:58:28,毛燕,L0621
IN202608120034,SKU0227,15,2026-08-12 08:42:00,2026-08-12 09:06:59,李帆,L0621
IN202608150054,SKU0227,15,2026-08-15 10:39:00,2026-08-15 10:34:03,郑婷婷,L0621
IN202608180042,SKU0227,15,2026-08-18 11:29:00,2026-08-18 11:52:13,姚佳,L0621
IN202608210049,SKU0227,15,2026-08-21 10:00:00,2026-08-21 09:55:41,杨建军,L0621
IN202608240043,SKU0227,15,2026-08-24 10:02:00,2026-08-24 10:07:08,宋超,L0621
IN202608270049,SKU0227,15,2026-08-27 11:11:00,2026-08-27 14:13:46,廖晨,L0621
IN202606010047,SKU0228,14,2026-06-01 08:48:00,2026-06-01 08:58:42,毛燕,L0276
IN202606040055,SKU0228,14,2026-06-04 09:32:00,2026-06-04 09:24:00,卓雪,L0276
IN202606070042,SKU0228,14,2026-06-07 08:48:00,2026-06-07 11:54:23,郑婷婷,L0276
IN202606100049,SKU0228,14,2026-06-10 08:51:00,2026-06-10 08:52:55,姚佳,L0276
IN202606130038,SKU0228,14,2026-06-13 10:03:00,2026-06-13 10:13:35,徐萍,L0276
IN202606160052,SKU0228,14,2026-06-16 09:55:00,2026-06-16 09:54:18,李帆,L0276
IN202606190047,SKU0228,14,2026-06-19 09:16:00,2026-06-19 09:26:30,卓雪,L0276
IN202606220051,SKU0228,14,2026-06-22 10:32:00,2026-06-22 10:54:29,郑婷婷,L0276
IN202606250044,SKU0228,14,2026-06-25 09:42:00,2026-06-25 09:53:10,徐萍,L0276
IN202606280048,SKU0228,14,2026-06-28 09:47:00,2026-06-28 09:45:34,徐萍,L0276
IN202607010045,SKU0228,14,2026-07-01 09:07:00,2026-07-01 09:45:59,李帆,L0276
IN202607040053,SKU0228,14,2026-07-04 11:54:00,2026-07-04 12:01:06,杨建军,L0276
IN202607070036,SKU0228,14,2026-07-07 09:24:00,2026-07-07 09:39:15,姚佳,L0276
IN202607100053,SKU0228,14,2026-07-10 09:54:00,2026-07-10 10:17:48,郑婷婷,L0276
IN202607130043,SKU0228,14,2026-07-13 08:04:00,2026-07-13 08:08:07,宋超,L0276
IN202607160057,SKU0228,14,2026-07-16 10:10:00,2026-07-16 10:29:27,徐萍,L0276
IN202607190043,SKU0228,14,2026-07-19 11:48:00,2026-07-19 12:12:10,卓雪,L0276
IN202607220046,SKU0228,14,2026-07-22 10:02:00,2026-07-22 10:15:35,李帆,L0276
IN202607250045,SKU0228,14,2026-07-25 10:15:00,2026-07-25 10:17:40,徐萍,L0276
IN202607280045,SKU0228,14,2026-07-28 10:48:00,2026-07-28 13:46:35,杨建军,L0276
IN202607310046,SKU0228,14,2026-07-31 09:05:00,2026-07-31 09:02:31,李敏,L0276
IN202608030055,SKU0228,14,2026-08-03 11:50:00,2026-08-03 11:56:02,徐萍,L0276
IN202608060044,SKU0228,14,2026-08-06 08:18:00,2026-08-06 08:13:41,郑婷婷,L0276
IN202608090052,SKU0228,14,2026-08-09 11:43:00,2026-08-09 11:37:17,廖晨,L0276
IN202608120035,SKU0228,14,2026-08-12 09:51:00,2026-08-12 09:47:17,卓雪,L0276
IN202608150055,SKU0228,14,2026-08-15 10:53:00,2026-08-15 14:29:29,李帆,L0276
IN202608180043,SKU0228,14,2026-08-18 10:32:00,2026-08-18 10:47:49,徐萍,L0276
IN202608210050,SKU0228,14,2026-08-21 10:09:00,2026-08-21 10:15:10,姚佳,L0276
IN202608240044,SKU0228,14,2026-08-24 11:47:00,2026-08-24 11:51:19,郑婷婷,L0276
IN202608270050,SKU0228,14,2026-08-27 11:06:00,2026-08-27 11:27:01,姚佳,L0276
IN202606010048,SKU0229,14,2026-06-01 10:30:00,2026-06-01 10:52:39,王丹,L0459
IN202606050045,SKU0229,14,2026-06-05 09:41:00,2026-06-05 11:23:35,宋超,L0459
IN202606090048,SKU0229,14,2026-06-09 10:19:00,2026-06-09 10:28:15,郑婷婷,L0459
IN202606130039,SKU0229,14,2026-06-13 11:37:00,2026-06-13 11:49:48,李帆,L0459
IN202606170038,SKU0229,14,2026-06-17 11:12:00,2026-06-17 11:22:17,宋超,L0459
IN202606210053,SKU0229,14,2026-06-21 09:12:00,2026-06-21 10:52:31,廖晨,L0459
IN202606250045,SKU0229,14,2026-06-25 11:34:00,2026-06-25 11:58:06,宋超,L0459
IN202606290047,SKU0229,14,2026-06-29 09:58:00,2026-06-29 10:01:41,卓雪,L0459
IN202607030047,SKU0229,14,2026-07-03 11:20:00,2026-07-03 14:54:04,宋超,L0459
IN202607070037,SKU0229,14,2026-07-07 08:11:00,2026-07-07 08:05:53,李帆,L0459
IN202607110047,SKU0229,14,2026-07-11 10:02:00,2026-07-11 10:04:48,卓雪,L0459
IN202607150047,SKU0229,14,2026-07-15 08:09:00,2026-07-15 08:19:16,廖晨,L0459
IN202607190044,SKU0229,14,2026-07-19 09:42:00,2026-07-19 09:37:59,李帆,L0459
IN202607230042,SKU0229,14,2026-07-23 11:59:00,2026-07-23 15:24:06,刘旭,L0459
IN202607270049,SKU0229,14,2026-07-27 11:07:00,2026-07-27 11:27:40,宋超,L0459
IN202607310047,SKU0229,14,2026-07-31 09:54:00,2026-07-31 10:13:10,姚佳,L0459
IN202608040041,SKU0229,14,2026-08-04 10:29:00,2026-08-04 10:34:36,廖晨,L0459
IN202608080051,SKU0229,14,2026-08-08 09:28:00,2026-08-08 09:24:52,廖晨,L0459
IN202608120036,SKU0229,14,2026-08-12 11:23:00,2026-08-12 11:44:21,郑婷婷,L0459
IN202608160041,SKU0229,14,2026-08-16 08:55:00,2026-08-16 09:02:30,宋超,L0459
IN202608200055,SKU0229,14,2026-08-20 10:44:00,2026-08-20 13:05:28,郑婷婷,L0459
IN202608240045,SKU0229,14,2026-08-24 08:33:00,2026-08-24 08:52:03,廖晨,L0459
IN202608280046,SKU0229,14,2026-08-28 09:49:00,2026-08-28 10:04:12,王丹,L0459
IN202606010049,SKU0230,17,2026-06-01 09:37:00,2026-06-01 09:45:37,姚佳,L0699
IN202606040056,SKU0230,17,2026-06-04 09:27:00,2026-06-04 09:19:42,卓雪,L0699
IN202606070043,SKU0230,17,2026-06-07 08:21:00,2026-06-07 08:27:28,王丹,L0699
IN202606100050,SKU0230,17,2026-06-10 08:54:00,2026-06-10 09:10:13,杨建军,L0699
IN202606130040,SKU0230,17,2026-06-13 09:10:00,2026-06-13 09:22:25,徐萍,L0699
IN202606160053,SKU0230,17,2026-06-16 10:50:00,2026-06-16 11:08:34,王丹,L0699
IN202606190048,SKU0230,17,2026-06-19 08:02:00,2026-06-19 08:23:58,姚佳,L0699
IN202606220052,SKU0230,17,2026-06-22 09:09:00,2026-06-22 09:22:58,杨建军,L0699
IN202606250046,SKU0230,17,2026-06-25 11:05:00,2026-06-25 11:26:42,杨建军,L0699
IN202606280049,SKU0230,17,2026-06-28 10:24:00,2026-06-28 11:18:21,郑婷婷,L0699
IN202607010046,SKU0230,17,2026-07-01 08:17:00,2026-07-01 08:12:20,廖晨,L0699
IN202607040054,SKU0230,17,2026-07-04 09:43:00,2026-07-04 09:51:49,徐萍,L0699
IN202607070038,SKU0230,17,2026-07-07 08:00:00,2026-07-07 08:06:46,徐萍,L0699
IN202607100054,SKU0230,17,2026-07-10 10:48:00,2026-07-10 10:51:10,李帆,L0699
IN202607130044,SKU0230,17,2026-07-13 08:33:00,2026-07-13 08:56:42,刘旭,L0699
IN202607160058,SKU0230,17,2026-07-16 08:41:00,2026-07-16 09:04:14,宋超,L0699
IN202607190045,SKU0230,17,2026-07-19 08:35:00,2026-07-19 08:40:02,李帆,L0699
IN202607220047,SKU0230,17,2026-07-22 09:59:00,2026-07-22 09:55:27,徐萍,L0699
IN202607250046,SKU0230,17,2026-07-25 11:05:00,2026-07-25 13:48:51,卓雪,L0699
IN202607280046,SKU0230,17,2026-07-28 11:00:00,2026-07-28 11:16:23,杨建军,L0699
IN202607310048,SKU0230,17,2026-07-31 10:55:00,2026-07-31 11:19:44,王丹,L0699
IN202608030056,SKU0230,17,2026-08-03 09:40:00,2026-08-03 09:43:47,徐萍,L0699
IN202608060045,SKU0230,17,2026-08-06 10:22:00,2026-08-06 10:20:23,王丹,L0699
IN202608090053,SKU0230,17,2026-08-09 11:42:00,2026-08-09 12:05:40,姚佳,L0699
IN202608120037,SKU0230,17,2026-08-12 09:39:00,2026-08-12 10:01:05,王丹,L0699
IN202608150056,SKU0230,17,2026-08-15 11:03:00,2026-08-15 11:07:14,杨建军,L0699
IN202608180044,SKU0230,17,2026-08-18 08:19:00,2026-08-18 08:16:58,李帆,L0699
IN202608210051,SKU0230,17,2026-08-21 08:27:00,2026-08-21 08:30:40,徐萍,L0699
IN202608240046,SKU0230,17,2026-08-24 11:04:00,2026-08-24 10:58:31,刘旭,L0699
IN202608270051,SKU0230,17,2026-08-27 08:50:00,2026-08-27 09:08:59,王丹,L0699
IN202606020049,SKU0231,13,2026-06-02 10:08:00,2026-06-02 10:28:48,廖晨,L0272
IN202606050046,SKU0231,13,2026-06-05 11:00:00,2026-06-05 13:04:36,姚佳,L0272
IN202606080053,SKU0231,13,2026-06-08 11:57:00,2026-06-08 12:10:27,姚佳,L0272
IN202606110052,SKU0231,13,2026-06-11 11:05:00,2026-06-11 11:12:44,姚佳,L0272
IN202606140056,SKU0231,13,2026-06-14 11:42:00,2026-06-14 12:03:32,姚佳,L0272
IN202606170039,SKU0231,13,2026-06-17 11:01:00,2026-06-17 11:10:16,徐萍,L0272
IN202606200055,SKU0231,13,2026-06-20 09:14:00,2026-06-20 12:34:53,刘旭,L0272
IN202606230040,SKU0231,13,2026-06-23 09:03:00,2026-06-23 09:25:12,杨建军,L0272
IN202606260059,SKU0231,13,2026-06-26 11:32:00,2026-06-26 11:56:10,郑婷婷,L0272
IN202606290048,SKU0231,13,2026-06-29 08:25:00,2026-06-29 08:34:12,毛燕,L0272
IN202607020054,SKU0231,13,2026-07-02 11:40:00,2026-07-02 11:52:39,卓雪,L0272
IN202607050047,SKU0231,13,2026-07-05 08:06:00,2026-07-05 08:20:00,李敏,L0272
IN202607080048,SKU0231,13,2026-07-08 11:27:00,2026-07-08 12:44:38,杨建军,L0272
IN202607110048,SKU0231,13,2026-07-11 09:08:00,2026-07-11 09:59:47,卓雪,L0272
IN202607140053,SKU0231,13,2026-07-14 10:33:00,2026-07-14 10:53:03,郑婷婷,L0272
IN202607170045,SKU0231,13,2026-07-17 08:32:00,2026-07-17 08:56:35,李敏,L0272
IN202607200057,SKU0231,13,2026-07-20 09:26:00,2026-07-20 09:42:41,廖晨,L0272
IN202607230043,SKU0231,13,2026-07-23 09:41:00,2026-07-23 10:40:15,毛燕,L0272
IN202607260058,SKU0231,13,2026-07-26 11:03:00,2026-07-26 11:08:59,王丹,L0272
IN202607290045,SKU0231,13,2026-07-29 08:16:00,2026-07-29 08:38:09,王丹,L0272
IN202608010052,SKU0231,13,2026-08-01 09:35:00,2026-08-01 09:43:58,李敏,L0272
IN202608040042,SKU0231,13,2026-08-04 11:19:00,2026-08-04 11:32:42,毛燕,L0272
IN202608070052,SKU0231,13,2026-08-07 11:23:00,2026-08-07 11:33:38,王丹,L0272
IN202608100052,SKU0231,13,2026-08-10 10:13:00,2026-08-10 10:12:32,宋超,L0272
IN202608130058,SKU0231,13,2026-08-13 11:53:00,2026-08-13 12:14:53,徐萍,L0272
IN202608160042,SKU0231,13,2026-08-16 08:00:00,2026-08-16 08:11:59,徐萍,L0272
IN202608190052,SKU0231,13,2026-08-19 11:28:00,2026-08-19 11:21:17,卓雪,L0272
IN202608220043,SKU0231,13,2026-08-22 10:15:00,2026-08-22 10:36:27,姚佳,L0272
IN202608250055,SKU0231,13,2026-08-25 08:29:00,2026-08-25 10:53:40,宋超,L0272
IN202608280047,SKU0231,13,2026-08-28 10:02:00,2026-08-28 10:01:11,杨建军,L0272
IN202606040057,SKU0232,29,2026-06-04 08:04:00,2026-06-04 09:17:03,李敏,L0630
IN202606080054,SKU0232,29,2026-06-08 09:45:00,2026-06-08 10:03:43,王丹,L0630
IN202606120053,SKU0232,29,2026-06-12 10:58:00,2026-06-12 14:30:28,毛燕,L0630
IN202606160054,SKU0232,29,2026-06-16 10:55:00,2026-06-16 10:51:12,郑婷婷,L0630
IN202606200056,SKU0232,29,2026-06-20 10:03:00,2026-06-20 10:02:12,毛燕,L0630
IN202606240053,SKU0232,29,2026-06-24 11:49:00,2026-06-24 11:52:34,卓雪,L0630
IN202606280050,SKU0232,29,2026-06-28 09:48:00,2026-06-28 09:53:22,毛燕,L0630
IN202607020055,SKU0232,29,2026-07-02 08:53:00,2026-07-02 09:14:13,徐萍,L0630
IN202607060060,SKU0232,29,2026-07-06 10:24:00,2026-07-06 10:38:02,王丹,L0630
IN202607100055,SKU0232,29,2026-07-10 08:38:00,2026-07-10 08:58:58,姚佳,L0630
IN202607140054,SKU0232,29,2026-07-14 09:40:00,2026-07-14 09:56:24,李敏,L0630
IN202607180051,SKU0232,29,2026-07-18 09:22:00,2026-07-18 09:26:17,杨建军,L0630
IN202607220048,SKU0232,29,2026-07-22 08:30:00,2026-07-22 08:38:48,刘旭,L0630
IN202607260059,SKU0232,29,2026-07-26 09:40:00,2026-07-26 09:52:46,李帆,L0630
IN202607300057,SKU0232,29,2026-07-30 08:37:00,2026-07-30 08:34:17,姚佳,L0630
IN202608030057,SKU0232,29,2026-08-03 08:26:00,2026-08-03 08:36:51,杨建军,L0630
IN202608070053,SKU0232,29,2026-08-07 11:20:00,2026-08-07 11:43:00,郑婷婷,L0630
IN202608110049,SKU0232,29,2026-08-11 09:23:00,2026-08-11 09:14:58,卓雪,L0630
IN202608150057,SKU0232,29,2026-08-15 09:06:00,2026-08-15 10:56:41,姚佳,L0630
IN202608190053,SKU0232,29,2026-08-19 10:46:00,2026-08-19 10:53:47,卓雪,L0630
IN202608230056,SKU0232,29,2026-08-23 08:52:00,2026-08-23 08:59:51,廖晨,L0630
IN202608270052,SKU0232,29,2026-08-27 09:02:00,2026-08-27 09:10:47,李敏,L0630
IN202606030046,SKU0233,15,2026-06-03 08:01:00,2026-06-03 08:03:28,卓雪,L0075
IN202606080055,SKU0233,15,2026-06-08 08:42:00,2026-06-08 09:06:39,姚佳,L0075
IN202606130041,SKU0233,15,2026-06-13 09:55:00,2026-06-13 10:07:12,姚佳,L0075
IN202606180053,SKU0233,15,2026-06-18 11:49:00,2026-06-18 15:06:03,徐萍,L0075
IN202606230041,SKU0233,15,2026-06-23 09:06:00,2026-06-23 09:25:40,宋超,L0075
IN202606280051,SKU0233,15,2026-06-28 11:28:00,2026-06-28 11:22:59,毛燕,L0075
IN202607030048,SKU0233,15,2026-07-03 08:12:00,2026-07-03 08:19:19,李帆,L0075
IN202607080049,SKU0233,15,2026-07-08 10:58:00,2026-07-08 11:22:01,李敏,L0075
IN202607130045,SKU0233,15,2026-07-13 09:36:00,2026-07-13 09:51:56,徐萍,L0075
IN202607180052,SKU0233,15,2026-07-18 11:05:00,2026-07-18 10:55:32,姚佳,L0075
IN202607230044,SKU0233,15,2026-07-23 11:52:00,2026-07-23 12:10:26,王丹,L0075
IN202607280047,SKU0233,15,2026-07-28 10:56:00,2026-07-28 11:18:31,李帆,L0075
IN202608020049,SKU0233,15,2026-08-02 11:39:00,2026-08-02 11:30:05,王丹,L0075
IN202608070054,SKU0233,15,2026-08-07 09:47:00,2026-08-07 10:06:39,王丹,L0075
IN202608120038,SKU0233,15,2026-08-12 09:37:00,2026-08-12 09:44:43,王丹,L0075
IN202608170053,SKU0233,15,2026-08-17 10:32:00,2026-08-17 12:21:15,李帆,L0075
IN202608220044,SKU0233,15,2026-08-22 10:13:00,2026-08-22 10:32:04,姚佳,L0075
IN202608270053,SKU0233,15,2026-08-27 08:24:00,2026-08-27 08:27:43,姚佳,L0075
IN202606020050,SKU0234,14,2026-06-02 09:37:00,2026-06-02 10:25:31,姚佳,L0682
IN202606070044,SKU0234,14,2026-06-07 08:24:00,2026-06-07 08:24:43,毛燕,L0682
IN202606120054,SKU0234,14,2026-06-12 09:14:00,2026-06-12 09:51:43,毛燕,L0682
IN202606170040,SKU0234,14,2026-06-17 11:20:00,2026-06-17 11:12:09,郑婷婷,L0682
IN202606220053,SKU0234,14,2026-06-22 08:07:00,2026-06-22 11:19:05,杨建军,L0682
IN202606270050,SKU0234,14,2026-06-27 08:55:00,2026-06-27 09:15:37,宋超,L0682
IN202607020056,SKU0234,14,2026-07-02 10:40:00,2026-07-02 12:33:08,廖晨,L0682
IN202607070039,SKU0234,14,2026-07-07 10:41:00,2026-07-07 10:35:58,宋超,L0682
IN202607120052,SKU0234,14,2026-07-12 11:35:00,2026-07-12 11:52:49,姚佳,L0682
IN202607170046,SKU0234,14,2026-07-17 09:26:00,2026-07-17 12:28:17,王丹,L0682
IN202607220049,SKU0234,14,2026-07-22 08:19:00,2026-07-22 08:36:21,卓雪,L0682
IN202607270050,SKU0234,14,2026-07-27 10:33:00,2026-07-27 10:45:47,卓雪,L0682
IN202608010053,SKU0234,14,2026-08-01 10:33:00,2026-08-01 10:23:59,徐萍,L0682
IN202608060046,SKU0234,14,2026-08-06 08:10:00,2026-08-06 08:16:14,徐萍,L0682
IN202608110050,SKU0234,14,2026-08-11 08:42:00,2026-08-11 08:56:38,刘旭,L0682
IN202608160043,SKU0234,14,2026-08-16 11:42:00,2026-08-16 11:41:10,廖晨,L0682
IN202608210052,SKU0234,14,2026-08-21 08:44:00,2026-08-21 08:41:11,毛燕,L0682
IN202608260047,SKU0234,14,2026-08-26 09:13:00,2026-08-26 09:21:31,毛燕,L0682
IN202606030047,SKU0235,17,2026-06-03 10:57:00,2026-06-03 11:13:37,卓雪,L0642
IN202606100051,SKU0235,17,2026-06-10 09:50:00,2026-06-10 10:05:04,杨建军,L0642
IN202606170041,SKU0235,17,2026-06-17 09:30:00,2026-06-17 09:25:43,李敏,L0642
IN202606240054,SKU0235,17,2026-06-24 08:18:00,2026-06-24 08:13:01,卓雪,L0642
IN202607010047,SKU0235,17,2026-07-01 09:31:00,2026-07-01 09:31:10,宋超,L0642
IN202607080050,SKU0235,17,2026-07-08 10:52:00,2026-07-08 12:21:05,李敏,L0642
IN202607150048,SKU0235,17,2026-07-15 08:24:00,2026-07-15 08:46:56,廖晨,L0642
IN202607220050,SKU0235,17,2026-07-22 11:06:00,2026-07-22 11:11:44,郑婷婷,L0642
IN202607290046,SKU0235,17,2026-07-29 11:17:00,2026-07-29 14:49:18,郑婷婷,L0642
IN202608050055,SKU0235,17,2026-08-05 09:24:00,2026-08-05 09:25:53,徐萍,L0642
IN202608120039,SKU0235,17,2026-08-12 11:54:00,2026-08-12 11:53:22,廖晨,L0642
IN202608190054,SKU0235,17,2026-08-19 11:14:00,2026-08-19 11:29:37,郑婷婷,L0642
IN202608260048,SKU0235,17,2026-08-26 08:30:00,2026-08-26 08:37:31,郑婷婷,L0642
IN202606050047,SKU0236,14,2026-06-05 10:26:00,2026-06-05 10:30:32,卓雪,L0442
IN202606110053,SKU0236,14,2026-06-11 08:59:00,2026-06-11 09:00:18,宋超,L0442
IN202606170042,SKU0236,14,2026-06-17 08:49:00,2026-06-17 11:45:57,杨建军,L0442
IN202606230042,SKU0236,14,2026-06-23 08:05:00,2026-06-23 08:07:15,毛燕,L0442
IN202606290049,SKU0236,14,2026-06-29 11:32:00,2026-06-29 11:50:36,王丹,L0442
IN202607050048,SKU0236,14,2026-07-05 09:44:00,2026-07-05 09:56:55,李帆,L0442
IN202607110049,SKU0236,14,2026-07-11 10:13:00,2026-07-11 10:14:38,郑婷婷,L0442
IN202607170047,SKU0236,14,2026-07-17 08:19:00,2026-07-17 08:21:12,李敏,L0442
IN202607230045,SKU0236,14,2026-07-23 09:02:00,2026-07-23 09:02:41,姚佳,L0442
IN202607290047,SKU0236,14,2026-07-29 10:46:00,2026-07-29 10:53:02,王丹,L0442
IN202608040043,SKU0236,14,2026-08-04 10:58:00,2026-08-04 11:08:58,郑婷婷,L0442
IN202608100053,SKU0236,14,2026-08-10 10:56:00,2026-08-10 11:08:56,李敏,L0442
IN202608160044,SKU0236,14,2026-08-16 08:28:00,2026-08-16 08:32:13,卓雪,L0442
IN202608220045,SKU0236,14,2026-08-22 11:06:00,2026-08-22 11:11:44,毛燕,L0442
IN202608280048,SKU0236,14,2026-08-28 08:00:00,2026-08-28 09:24:17,李敏,L0442
IN202606010050,SKU0237,16,2026-06-01 08:28:00,2026-06-01 08:39:11,李帆,L0184
IN202606080056,SKU0237,16,2026-06-08 10:22:00,2026-06-08 12:14:19,王丹,L0184
IN202606150055,SKU0237,16,2026-06-15 11:57:00,2026-06-15 11:48:11,郑婷婷,L0184
IN202606220054,SKU0237,16,2026-06-22 10:41:00,2026-06-22 11:04:45,郑婷婷,L0184
IN202606290050,SKU0237,16,2026-06-29 09:42:00,2026-06-29 12:07:48,徐萍,L0184
IN202607060061,SKU0237,16,2026-07-06 09:49:00,2026-07-06 10:10:34,卓雪,L0184
IN202607130046,SKU0237,16,2026-07-13 08:33:00,2026-07-13 10:12:01,王丹,L0184
IN202607200058,SKU0237,16,2026-07-20 10:24:00,2026-07-20 10:47:17,杨建军,L0184
IN202607270051,SKU0237,16,2026-07-27 09:13:00,2026-07-27 09:32:07,王丹,L0184
IN202608030058,SKU0237,16,2026-08-03 08:55:00,2026-08-03 09:17:11,刘旭,L0184
IN202608100054,SKU0237,16,2026-08-10 09:24:00,2026-08-10 09:30:43,姚佳,L0184
IN202608170054,SKU0237,16,2026-08-17 11:36:00,2026-08-17 11:52:04,徐萍,L0184
IN202608240047,SKU0237,16,2026-08-24 09:41:00,2026-08-24 10:26:53,毛燕,L0184
IN202606030048,SKU0238,14,2026-06-03 09:29:00,2026-06-03 09:22:33,卓雪,L0421
IN202606070045,SKU0238,14,2026-06-07 10:29:00,2026-06-07 10:40:51,杨建军,L0421
IN202606110054,SKU0238,14,2026-06-11 08:03:00,2026-06-11 10:20:30,姚佳,L0421
IN202606150056,SKU0238,14,2026-06-15 09:03:00,2026-06-15 09:20:45,刘旭,L0421
IN202606190049,SKU0238,14,2026-06-19 11:40:00,2026-06-19 14:36:07,刘旭,L0421
IN202606230043,SKU0238,14,2026-06-23 09:32:00,2026-06-23 09:25:25,卓雪,L0421
IN202606270051,SKU0238,14,2026-06-27 11:44:00,2026-06-27 11:51:50,姚佳,L0421
IN202607010048,SKU0238,14,2026-07-01 10:32:00,2026-07-01 10:41:01,廖晨,L0421
IN202607050049,SKU0238,14,2026-07-05 11:26:00,2026-07-05 11:22:51,杨建军,L0421
IN202607090056,SKU0238,14,2026-07-09 11:39:00,2026-07-09 11:34:46,王丹,L0421
IN202607130047,SKU0238,14,2026-07-13 08:51:00,2026-07-13 11:21:12,姚佳,L0421
IN202607170048,SKU0238,14,2026-07-17 11:18:00,2026-07-17 13:33:28,姚佳,L0421
IN202607210053,SKU0238,14,2026-07-21 09:42:00,2026-07-21 09:36:47,王丹,L0421
IN202607250047,SKU0238,14,2026-07-25 11:43:00,2026-07-25 12:02:30,李帆,L0421
IN202607290048,SKU0238,14,2026-07-29 11:43:00,2026-07-29 11:43:44,毛燕,L0421
IN202608020050,SKU0238,14,2026-08-02 11:18:00,2026-08-02 11:17:30,廖晨,L0421
IN202608060047,SKU0238,14,2026-08-06 09:12:00,2026-08-06 09:29:20,郑婷婷,L0421
IN202608100055,SKU0238,14,2026-08-10 09:56:00,2026-08-10 09:49:03,廖晨,L0421
IN202608140054,SKU0238,14,2026-08-14 09:40:00,2026-08-14 09:56:43,毛燕,L0421
IN202608180045,SKU0238,14,2026-08-18 11:23:00,2026-08-18 11:35:07,徐萍,L0421
IN202608220046,SKU0238,14,2026-08-22 11:44:00,2026-08-22 11:59:11,宋超,L0421
IN202608260049,SKU0238,14,2026-08-26 08:27:00,2026-08-26 08:29:54,廖晨,L0421
IN202606030049,SKU0239,15,2026-06-03 11:11:00,2026-06-03 11:31:33,卓雪,L0342
IN202606080057,SKU0239,15,2026-06-08 08:52:00,2026-06-08 08:47:17,李帆,L0342
IN202606130042,SKU0239,15,2026-06-13 11:34:00,2026-06-13 15:16:42,李敏,L0342
IN202606180054,SKU0239,15,2026-06-18 09:18:00,2026-06-18 09:11:12,杨建军,L0342
IN202606230044,SKU0239,15,2026-06-23 11:38:00,2026-06-23 11:40:40,杨建军,L0342
IN202606280052,SKU0239,15,2026-06-28 11:10:00,2026-06-28 11:04:07,李帆,L0342
IN202607030049,SKU0239,15,2026-07-03 10:39:00,2026-07-03 10:40:04,杨建军,L0342
IN202607080051,SKU0239,15,2026-07-08 09:36:00,2026-07-08 09:46:04,徐萍,L0342
IN202607130048,SKU0239,15,2026-07-13 11:56:00,2026-07-13 11:59:55,廖晨,L0342
IN202607180053,SKU0239,15,2026-07-18 11:02:00,2026-07-18 11:25:50,廖晨,L0342
IN202607230046,SKU0239,15,2026-07-23 09:15:00,2026-07-23 09:08:08,杨建军,L0342
IN202607280048,SKU0239,15,2026-07-28 11:41:00,2026-07-28 14:07:52,王丹,L0342
IN202608020051,SKU0239,15,2026-08-02 08:32:00,2026-08-02 08:44:10,郑婷婷,L0342
IN202608070055,SKU0239,15,2026-08-07 08:07:00,2026-08-07 08:28:49,刘旭,L0342
IN202608120040,SKU0239,15,2026-08-12 11:28:00,2026-08-12 11:20:21,刘旭,L0342
IN202608170055,SKU0239,15,2026-08-17 09:13:00,2026-08-17 09:26:18,王丹,L0342
IN202608220047,SKU0239,15,2026-08-22 10:52:00,2026-08-22 11:08:00,宋超,L0342
IN202608270054,SKU0239,15,2026-08-27 10:09:00,2026-08-27 10:21:26,李帆,L0342
IN202606030050,SKU0240,10,2026-06-03 09:17:00,2026-06-03 09:30:37,李帆,L0287
IN202606060058,SKU0240,10,2026-06-06 09:20:00,2026-06-06 12:17:27,王丹,L0287
IN202606090049,SKU0240,10,2026-06-09 11:21:00,2026-06-09 11:18:57,毛燕,L0287
IN202606120055,SKU0240,10,2026-06-12 09:15:00,2026-06-12 09:19:22,卓雪,L0287
IN202606150057,SKU0240,10,2026-06-15 09:14:00,2026-06-15 11:52:42,卓雪,L0287
IN202606180055,SKU0240,10,2026-06-18 10:24:00,2026-06-18 10:23:23,李敏,L0287
IN202606210054,SKU0240,10,2026-06-21 09:56:00,2026-06-21 10:07:23,李帆,L0287
IN202606240055,SKU0240,10,2026-06-24 09:39:00,2026-06-24 09:49:07,杨建军,L0287
IN202606270052,SKU0240,10,2026-06-27 10:35:00,2026-06-27 14:16:36,廖晨,L0287
IN202606300052,SKU0240,10,2026-06-30 09:20:00,2026-06-30 09:37:00,宋超,L0287
IN202607030050,SKU0240,10,2026-07-03 11:58:00,2026-07-03 11:58:22,宋超,L0287
IN202607060062,SKU0240,10,2026-07-06 08:14:00,2026-07-06 09:08:30,刘旭,L0287
IN202607090057,SKU0240,10,2026-07-09 09:18:00,2026-07-09 09:23:03,王丹,L0287
IN202607120053,SKU0240,10,2026-07-12 08:55:00,2026-07-12 09:44:35,王丹,L0287
IN202607150049,SKU0240,10,2026-07-15 09:15:00,2026-07-15 11:04:50,宋超,L0287
IN202607180054,SKU0240,10,2026-07-18 11:41:00,2026-07-18 11:36:53,李帆,L0287
IN202607210054,SKU0240,10,2026-07-21 09:57:00,2026-07-21 13:13:30,杨建军,L0287
IN202607240057,SKU0240,10,2026-07-24 10:51:00,2026-07-24 11:13:50,毛燕,L0287
IN202607270052,SKU0240,10,2026-07-27 10:44:00,2026-07-27 11:05:05,杨建军,L0287
IN202607300058,SKU0240,10,2026-07-30 10:12:00,2026-07-30 10:02:19,李敏,L0287
IN202608020052,SKU0240,10,2026-08-02 10:06:00,2026-08-02 10:02:32,杨建军,L0287
IN202608050056,SKU0240,10,2026-08-05 11:15:00,2026-08-05 13:50:23,卓雪,L0287
IN202608080052,SKU0240,10,2026-08-08 09:19:00,2026-08-08 09:16:49,郑婷婷,L0287
IN202608110051,SKU0240,10,2026-08-11 08:44:00,2026-08-11 08:41:58,徐萍,L0287
IN202608140055,SKU0240,10,2026-08-14 10:50:00,2026-08-14 14:25:37,卓雪,L0287
IN202608170056,SKU0240,10,2026-08-17 11:09:00,2026-08-17 11:27:19,王丹,L0287
IN202608200056,SKU0240,10,2026-08-20 11:58:00,2026-08-20 12:47:49,廖晨,L0287
IN202608230057,SKU0240,10,2026-08-23 10:49:00,2026-08-23 11:00:17,郑婷婷,L0287
IN202608260050,SKU0240,10,2026-08-26 09:20:00,2026-08-26 09:14:58,郑婷婷,L0287
IN202608290055,SKU0240,10,2026-08-29 08:45:00,2026-08-29 09:02:23,李敏,L0287
IN202606020051,SKU0241,18,2026-06-02 11:31:00,2026-06-02 11:49:48,宋超,L0112
IN202606090050,SKU0241,18,2026-06-09 08:16:00,2026-06-09 08:24:22,刘旭,L0112
IN202606160055,SKU0241,18,2026-06-16 08:23:00,2026-06-16 08:36:17,廖晨,L0112
IN202606230045,SKU0241,18,2026-06-23 09:26:00,2026-06-23 09:26:14,毛燕,L0112
IN202606300053,SKU0241,18,2026-06-30 10:23:00,2026-06-30 10:46:03,毛燕,L0112
IN202607070040,SKU0241,18,2026-07-07 10:39:00,2026-07-07 10:51:27,郑婷婷,L0112
IN202607140055,SKU0241,18,2026-07-14 08:05:00,2026-07-14 08:00:29,姚佳,L0112
IN202607210055,SKU0241,18,2026-07-21 11:15:00,2026-07-21 11:37:47,毛燕,L0112
IN202607280049,SKU0241,18,2026-07-28 08:04:00,2026-07-28 08:25:37,卓雪,L0112
IN202608040044,SKU0241,18,2026-08-04 08:55:00,2026-08-04 11:57:34,姚佳,L0112
IN202608110052,SKU0241,18,2026-08-11 08:11:00,2026-08-11 08:12:26,廖晨,L0112
IN202608180046,SKU0241,18,2026-08-18 10:40:00,2026-08-18 10:47:03,杨建军,L0112
IN202608250056,SKU0241,18,2026-08-25 09:06:00,2026-08-25 09:08:51,李帆,L0112
IN202606030051,SKU0242,20,2026-06-03 10:13:00,2026-06-03 10:36:04,徐萍,L0154
IN202606100052,SKU0242,20,2026-06-10 08:24:00,2026-06-10 08:33:08,李敏,L0154
IN202606170043,SKU0242,20,2026-06-17 08:54:00,2026-06-17 09:11:57,徐萍,L0154
IN202606240056,SKU0242,20,2026-06-24 09:48:00,2026-06-24 12:13:03,徐萍,L0154
IN202607010049,SKU0242,20,2026-07-01 10:22:00,2026-07-01 10:29:32,廖晨,L0154
IN202607080052,SKU0242,20,2026-07-08 08:43:00,2026-07-08 12:30:23,刘旭,L0154
IN202607150050,SKU0242,20,2026-07-15 11:10:00,2026-07-15 11:29:24,李敏,L0154
IN202607220051,SKU0242,20,2026-07-22 10:48:00,2026-07-22 10:45:52,刘旭,L0154
IN202607290049,SKU0242,20,2026-07-29 09:57:00,2026-07-29 10:18:24,刘旭,L0154
IN202608050057,SKU0242,20,2026-08-05 11:34:00,2026-08-05 11:56:19,刘旭,L0154
IN202608120041,SKU0242,20,2026-08-12 08:01:00,2026-08-12 08:15:11,宋超,L0154
IN202608190055,SKU0242,20,2026-08-19 08:14:00,2026-08-19 08:05:00,李敏,L0154
IN202608260051,SKU0242,20,2026-08-26 09:47:00,2026-08-26 09:52:24,徐萍,L0154
IN202606020052,SKU0243,21,2026-06-02 09:23:00,2026-06-02 11:11:24,郑婷婷,L0156
IN202606090051,SKU0243,21,2026-06-09 09:20:00,2026-06-09 09:42:11,刘旭,L0156
IN202606160056,SKU0243,21,2026-06-16 08:23:00,2026-06-16 08:29:57,王丹,L0156
IN202606230046,SKU0243,21,2026-06-23 09:11:00,2026-06-23 09:08:51,刘旭,L0156
IN202606300054,SKU0243,21,2026-06-30 08:04:00,2026-06-30 08:04:30,廖晨,L0156
IN202607070041,SKU0243,21,2026-07-07 09:42:00,2026-07-07 09:39:23,王丹,L0156
IN202607140056,SKU0243,21,2026-07-14 10:43:00,2026-07-14 10:49:38,毛燕,L0156
IN202607210056,SKU0243,21,2026-07-21 09:43:00,2026-07-21 09:52:04,廖晨,L0156
IN202607280050,SKU0243,21,2026-07-28 09:40:00,2026-07-28 11:10:59,杨建军,L0156
IN202608040045,SKU0243,21,2026-08-04 08:03:00,2026-08-04 08:13:19,杨建军,L0156
IN202608110053,SKU0243,21,2026-08-11 08:42:00,2026-08-11 10:17:44,姚佳,L0156
IN202608180047,SKU0243,21,2026-08-18 08:37:00,2026-08-18 08:27:12,王丹,L0156
IN202608250057,SKU0243,21,2026-08-25 11:25:00,2026-08-25 11:47:13,姚佳,L0156
IN202606040058,SKU0244,13,2026-06-04 11:58:00,2026-06-04 12:22:53,毛燕,L0125
IN202606100053,SKU0244,13,2026-06-10 09:24:00,2026-06-10 09:26:58,宋超,L0125
IN202606160057,SKU0244,13,2026-06-16 08:50:00,2026-06-16 09:55:32,姚佳,L0125
IN202606220055,SKU0244,13,2026-06-22 09:41:00,2026-06-22 09:59:28,郑婷婷,L0125
IN202606280053,SKU0244,13,2026-06-28 08:03:00,2026-06-28 08:13:12,徐萍,L0125
IN202607040055,SKU0244,13,2026-07-04 11:01:00,2026-07-04 10:54:16,李帆,L0125
IN202607100056,SKU0244,13,2026-07-10 10:17:00,2026-07-10 10:32:10,刘旭,L0125
IN202607160059,SKU0244,13,2026-07-16 10:27:00,2026-07-16 10:26:37,刘旭,L0125
IN202607220052,SKU0244,13,2026-07-22 10:31:00,2026-07-22 10:39:20,姚佳,L0125
IN202607280051,SKU0244,13,2026-07-28 10:11:00,2026-07-28 10:15:05,宋超,L0125
IN202608030059,SKU0244,13,2026-08-03 10:43:00,2026-08-03 11:03:42,杨建军,L0125
IN202608090054,SKU0244,13,2026-08-09 11:13:00,2026-08-09 11:09:52,李帆,L0125
IN202608150058,SKU0244,13,2026-08-15 10:53:00,2026-08-15 13:14:06,郑婷婷,L0125
IN202608210053,SKU0244,13,2026-08-21 10:06:00,2026-08-21 10:10:40,王丹,L0125
IN202608270055,SKU0244,13,2026-08-27 09:40:00,2026-08-27 11:16:52,郑婷婷,L0125
IN202606030052,SKU0245,26,2026-06-03 11:35:00,2026-06-03 11:28:30,毛燕,L0359
IN202606080058,SKU0245,26,2026-06-08 09:11:00,2026-06-08 09:23:27,廖晨,L0359
IN202606130043,SKU0245,26,2026-06-13 11:08:00,2026-06-13 11:17:28,卓雪,L0359
IN202606180056,SKU0245,26,2026-06-18 11:50:00,2026-06-18 12:08:07,李敏,L0359
IN202606230047,SKU0245,26,2026-06-23 08:33:00,2026-06-23 08:52:56,卓雪,L0359
IN202606280054,SKU0245,26,2026-06-28 11:07:00,2026-06-28 12:10:37,杨建军,L0359
IN202607030051,SKU0245,26,2026-07-03 08:25:00,2026-07-03 10:22:03,卓雪,L0359
IN202607080053,SKU0245,26,2026-07-08 08:01:00,2026-07-08 08:09:54,李敏,L0359
IN202607130049,SKU0245,26,2026-07-13 10:10:00,2026-07-13 10:59:29,王丹,L0359
IN202607180055,SKU0245,26,2026-07-18 09:56:00,2026-07-18 09:57:51,王丹,L0359
IN202607230047,SKU0245,26,2026-07-23 09:32:00,2026-07-23 09:34:14,杨建军,L0359
IN202607280052,SKU0245,26,2026-07-28 10:51:00,2026-07-28 10:46:36,李敏,L0359
IN202608020053,SKU0245,26,2026-08-02 11:08:00,2026-08-02 13:48:02,卓雪,L0359
IN202608070056,SKU0245,26,2026-08-07 11:09:00,2026-08-07 14:48:50,郑婷婷,L0359
IN202608120042,SKU0245,26,2026-08-12 10:57:00,2026-08-12 11:21:38,郑婷婷,L0359
IN202608170057,SKU0245,26,2026-08-17 10:20:00,2026-08-17 10:18:48,毛燕,L0359
IN202608220048,SKU0245,26,2026-08-22 11:24:00,2026-08-22 11:42:47,李敏,L0359
IN202608270056,SKU0245,26,2026-08-27 08:12:00,2026-08-27 08:07:57,刘旭,L0359
IN202606010051,SKU0246,20,2026-06-01 09:22:00,2026-06-01 09:39:47,王丹,L0352
IN202606060059,SKU0246,20,2026-06-06 11:02:00,2026-06-06 12:51:44,卓雪,L0352
IN202606110055,SKU0246,20,2026-06-11 08:05:00,2026-06-11 08:27:30,卓雪,L0352
IN202606160058,SKU0246,20,2026-06-16 08:19:00,2026-06-16 08:15:48,卓雪,L0352
IN202606210055,SKU0246,20,2026-06-21 08:46:00,2026-06-21 08:57:07,宋超,L0352
IN202606260060,SKU0246,20,2026-06-26 11:00:00,2026-06-26 11:20:33,王丹,L0352
IN202607010050,SKU0246,20,2026-07-01 10:23:00,2026-07-01 10:40:04,廖晨,L0352
IN202607060063,SKU0246,20,2026-07-06 10:43:00,2026-07-06 14:15:40,刘旭,L0352
IN202607110050,SKU0246,20,2026-07-11 11:59:00,2026-07-11 11:53:11,李敏,L0352
IN202607160060,SKU0246,20,2026-07-16 09:15:00,2026-07-16 09:18:42,姚佳,L0352
IN202607210057,SKU0246,20,2026-07-21 10:43:00,2026-07-21 10:51:51,李帆,L0352
IN202607260060,SKU0246,20,2026-07-26 11:09:00,2026-07-26 11:12:49,郑婷婷,L0352
IN202607310049,SKU0246,20,2026-07-31 08:08:00,2026-07-31 08:25:22,姚佳,L0352
IN202608050058,SKU0246,20,2026-08-05 09:42:00,2026-08-05 12:37:50,徐萍,L0352
IN202608100056,SKU0246,20,2026-08-10 08:36:00,2026-08-10 11:48:40,郑婷婷,L0352
IN202608150059,SKU0246,20,2026-08-15 08:44:00,2026-08-15 09:07:57,姚佳,L0352
IN202608200057,SKU0246,20,2026-08-20 10:11:00,2026-08-20 10:06:51,李帆,L0352
IN202608250058,SKU0246,20,2026-08-25 09:47:00,2026-08-25 10:39:08,宋超,L0352
IN202606010052,SKU0247,9,2026-06-01 08:46:00,2026-06-01 12:18:45,杨建军,L0048
IN202606040059,SKU0247,9,2026-06-04 08:29:00,2026-06-04 08:33:35,徐萍,L0048
IN202606070046,SKU0247,9,2026-06-07 08:05:00,2026-06-07 11:27:32,廖晨,L0048
IN202606100054,SKU0247,9,2026-06-10 09:54:00,2026-06-10 11:39:24,毛燕,L0048
IN202606130044,SKU0247,9,2026-06-13 08:32:00,2026-06-13 08:40:30,廖晨,L0048
IN202606160059,SKU0247,9,2026-06-16 10:24:00,2026-06-16 10:28:26,李帆,L0048
IN202606190050,SKU0247,9,2026-06-19 09:53:00,2026-06-19 10:05:56,毛燕,L0048
IN202606220056,SKU0247,9,2026-06-22 10:28:00,2026-06-22 14:24:23,杨建军,L0048
IN202606250047,SKU0247,9,2026-06-25 09:07:00,2026-06-25 09:23:58,姚佳,L0048
IN202606280055,SKU0247,9,2026-06-28 11:40:00,2026-06-28 11:30:39,李帆,L0048
IN202607010051,SKU0247,9,2026-07-01 08:22:00,2026-07-01 08:32:33,卓雪,L0048
IN202607040056,SKU0247,9,2026-07-04 10:33:00,2026-07-04 10:40:16,廖晨,L0048
IN202607070042,SKU0247,9,2026-07-07 09:12:00,2026-07-07 09:09:47,杨建军,L0048
IN202607100057,SKU0247,9,2026-07-10 11:25:00,2026-07-10 11:38:08,杨建军,L0048
IN202607130050,SKU0247,9,2026-07-13 11:20:00,2026-07-13 11:13:15,廖晨,L0048
IN202607160061,SKU0247,9,2026-07-16 08:47:00,2026-07-16 12:12:27,郑婷婷,L0048
IN202607190046,SKU0247,9,2026-07-19 11:02:00,2026-07-19 11:20:51,杨建军,L0048
IN202607220053,SKU0247,9,2026-07-22 11:56:00,2026-07-22 11:54:49,徐萍,L0048
IN202607250048,SKU0247,9,2026-07-25 10:21:00,2026-07-25 10:30:39,刘旭,L0048
IN202607280053,SKU0247,9,2026-07-28 09:12:00,2026-07-28 09:17:40,徐萍,L0048
IN202607310050,SKU0247,9,2026-07-31 11:21:00,2026-07-31 11:20:55,李敏,L0048
IN202608030060,SKU0247,9,2026-08-03 09:18:00,2026-08-03 09:22:48,李帆,L0048
IN202608060048,SKU0247,9,2026-08-06 10:26:00,2026-08-06 10:16:00,刘旭,L0048
IN202608090055,SKU0247,9,2026-08-09 10:08:00,2026-08-09 10:09:37,卓雪,L0048
IN202608120043,SKU0247,9,2026-08-12 09:16:00,2026-08-12 09:34:25,郑婷婷,L0048
IN202608150060,SKU0247,9,2026-08-15 09:52:00,2026-08-15 09:55:09,廖晨,L0048
IN202608180048,SKU0247,9,2026-08-18 10:11:00,2026-08-18 10:32:05,卓雪,L0048
IN202608210054,SKU0247,9,2026-08-21 10:02:00,2026-08-21 10:24:59,王丹,L0048
IN202608240048,SKU0247,9,2026-08-24 11:59:00,2026-08-24 12:34:43,姚佳,L0048
IN202608270057,SKU0247,9,2026-08-27 09:44:00,2026-08-27 09:36:32,姚佳,L0048
IN202606040060,SKU0248,12,2026-06-04 08:51:00,2026-06-04 08:49:02,廖晨,L0373
IN202606080059,SKU0248,12,2026-06-08 11:21:00,2026-06-08 11:31:57,徐萍,L0373
IN202606120056,SKU0248,12,2026-06-12 09:11:00,2026-06-12 09:30:36,廖晨,L0373
IN202606160060,SKU0248,12,2026-06-16 10:11:00,2026-06-16 13:12:10,刘旭,L0373
IN202606200057,SKU0248,12,2026-06-20 09:56:00,2026-06-20 10:03:01,宋超,L0373
IN202606240057,SKU0248,12,2026-06-24 08:07:00,2026-06-24 07:58:46,王丹,L0373
IN202606280056,SKU0248,12,2026-06-28 10:29:00,2026-06-28 10:21:15,郑婷婷,L0373
IN202607020057,SKU0248,12,2026-07-02 08:28:00,2026-07-02 08:36:35,徐萍,L0373
IN202607060064,SKU0248,12,2026-07-06 08:49:00,2026-07-06 10:38:12,毛燕,L0373
IN202607100058,SKU0248,12,2026-07-10 10:32:00,2026-07-10 10:25:27,郑婷婷,L0373
IN202607140057,SKU0248,12,2026-07-14 10:42:00,2026-07-14 10:55:25,王丹,L0373
IN202607180056,SKU0248,12,2026-07-18 09:10:00,2026-07-18 09:07:20,李敏,L0373
IN202607220054,SKU0248,12,2026-07-22 08:03:00,2026-07-22 11:29:26,姚佳,L0373
IN202607260061,SKU0248,12,2026-07-26 08:33:00,2026-07-26 08:32:11,廖晨,L0373
IN202607300059,SKU0248,12,2026-07-30 09:38:00,2026-07-30 09:54:09,卓雪,L0373
IN202608030061,SKU0248,12,2026-08-03 10:07:00,2026-08-03 10:24:44,徐萍,L0373
IN202608070057,SKU0248,12,2026-08-07 11:20:00,2026-08-07 14:18:04,毛燕,L0373
IN202608110054,SKU0248,12,2026-08-11 10:48:00,2026-08-11 10:47:13,王丹,L0373
IN202608150061,SKU0248,12,2026-08-15 10:45:00,2026-08-15 10:59:15,李帆,L0373
IN202608190056,SKU0248,12,2026-08-19 11:24:00,2026-08-19 11:19:31,卓雪,L0373
IN202608230058,SKU0248,12,2026-08-23 11:15:00,2026-08-23 14:00:46,郑婷婷,L0373
IN202608270058,SKU0248,12,2026-08-27 11:57:00,2026-08-27 12:10:29,廖晨,L0373
IN202606060060,SKU0249,87,2026-06-06 09:59:00,2026-06-06 10:16:23,刘旭,L0790
IN202606120057,SKU0249,87,2026-06-12 09:07:00,2026-06-12 12:05:06,卓雪,L0790
IN202606180057,SKU0249,87,2026-06-18 11:22:00,2026-06-18 11:41:37,徐萍,L0790
IN202606240058,SKU0249,87,2026-06-24 10:01:00,2026-06-24 10:16:13,姚佳,L0790
IN202606300055,SKU0249,87,2026-06-30 09:14:00,2026-06-30 09:12:05,李敏,L0790
IN202607060065,SKU0249,87,2026-07-06 10:47:00,2026-07-06 13:56:48,徐萍,L0790
IN202607120054,SKU0249,87,2026-07-12 10:22:00,2026-07-12 10:19:07,宋超,L0790
IN202607180057,SKU0249,87,2026-07-18 09:57:00,2026-07-18 10:10:49,郑婷婷,L0790
IN202607240058,SKU0249,87,2026-07-24 11:08:00,2026-07-24 11:17:42,姚佳,L0790
IN202607300060,SKU0249,87,2026-07-30 11:44:00,2026-07-30 11:48:05,刘旭,L0790
IN202608050059,SKU0249,87,2026-08-05 11:45:00,2026-08-05 11:39:48,毛燕,L0790
IN202608110055,SKU0249,87,2026-08-11 10:26:00,2026-08-11 10:29:04,杨建军,L0790
IN202608170058,SKU0249,87,2026-08-17 10:07:00,2026-08-17 10:19:01,卓雪,L0790
IN202608230059,SKU0249,87,2026-08-23 09:33:00,2026-08-23 09:23:06,李敏,L0790
IN202608290056,SKU0249,87,2026-08-29 09:13:00,2026-08-29 09:29:34,李帆,L0790
IN202606010053,SKU0250,11,2026-06-01 11:54:00,2026-06-01 12:02:18,王丹,L0223
IN202606040061,SKU0250,11,2026-06-04 11:40:00,2026-06-04 12:04:14,毛燕,L0223
IN202606070047,SKU0250,11,2026-06-07 09:18:00,2026-06-07 09:09:01,毛燕,L0223
IN202606100055,SKU0250,11,2026-06-10 10:24:00,2026-06-10 10:34:17,郑婷婷,L0223
IN202606130045,SKU0250,11,2026-06-13 08:11:00,2026-06-13 08:27:10,杨建军,L0223
IN202606160061,SKU0250,11,2026-06-16 10:51:00,2026-06-16 11:00:54,刘旭,L0223
IN202606190051,SKU0250,11,2026-06-19 11:32:00,2026-06-19 11:23:12,杨建军,L0223
IN202606220057,SKU0250,11,2026-06-22 08:56:00,2026-06-22 09:07:48,卓雪,L0223
IN202606250048,SKU0250,11,2026-06-25 10:50:00,2026-06-25 11:04:41,杨建军,L0223
IN202606280057,SKU0250,11,2026-06-28 10:23:00,2026-06-28 11:02:23,李帆,L0223
IN202607010052,SKU0250,11,2026-07-01 10:07:00,2026-07-01 10:00:48,徐萍,L0223
IN202607040057,SKU0250,11,2026-07-04 09:01:00,2026-07-04 09:04:40,徐萍,L0223
IN202607070043,SKU0250,11,2026-07-07 08:48:00,2026-07-07 10:28:54,徐萍,L0223
IN202607100059,SKU0250,11,2026-07-10 11:43:00,2026-07-10 11:50:55,廖晨,L0223
IN202607130051,SKU0250,11,2026-07-13 10:15:00,2026-07-13 10:16:29,李敏,L0223
IN202607160062,SKU0250,11,2026-07-16 11:41:00,2026-07-16 11:46:20,刘旭,L0223
IN202607190047,SKU0250,11,2026-07-19 10:19:00,2026-07-19 11:03:40,杨建军,L0223
IN202607220055,SKU0250,11,2026-07-22 10:57:00,2026-07-22 10:53:27,王丹,L0223
IN202607250049,SKU0250,11,2026-07-25 08:02:00,2026-07-25 10:00:06,宋超,L0223
IN202607280054,SKU0250,11,2026-07-28 10:18:00,2026-07-28 10:24:05,廖晨,L0223
IN202607310051,SKU0250,11,2026-07-31 11:00:00,2026-07-31 10:58:19,李帆,L0223
IN202608030062,SKU0250,11,2026-08-03 10:45:00,2026-08-03 10:44:38,毛燕,L0223
IN202608060049,SKU0250,11,2026-08-06 08:32:00,2026-08-06 12:01:44,徐萍,L0223
IN202608090056,SKU0250,11,2026-08-09 08:10:00,2026-08-09 09:42:18,杨建军,L0223
IN202608120044,SKU0250,11,2026-08-12 09:03:00,2026-08-12 09:06:58,李敏,L0223
IN202608150062,SKU0250,11,2026-08-15 10:52:00,2026-08-15 11:12:11,毛燕,L0223
IN202608180049,SKU0250,11,2026-08-18 11:41:00,2026-08-18 11:41:54,刘旭,L0223
IN202608210055,SKU0250,11,2026-08-21 08:39:00,2026-08-21 08:52:50,宋超,L0223
IN202608240049,SKU0250,11,2026-08-24 08:21:00,2026-08-24 08:38:24,廖晨,L0223
IN202608270059,SKU0250,11,2026-08-27 09:44:00,2026-08-27 12:02:38,杨建军,L0223
IN202606020053,SKU0251,22,2026-06-02 10:25:00,2026-06-02 10:23:39,李帆,L0538
IN202606090052,SKU0251,22,2026-06-09 10:19:00,2026-06-09 10:42:43,徐萍,L0538
IN202606160062,SKU0251,22,2026-06-16 08:01:00,2026-06-16 07:51:01,宋超,L0538
IN202606230048,SKU0251,22,2026-06-23 11:59:00,2026-06-23 12:11:33,宋超,L0538
IN202606300056,SKU0251,22,2026-06-30 10:54:00,2026-06-30 11:11:26,廖晨,L0538
IN202607070044,SKU0251,22,2026-07-07 11:10:00,2026-07-07 11:30:01,刘旭,L0538
IN202607140058,SKU0251,22,2026-07-14 10:57:00,2026-07-14 11:05:14,宋超,L0538
IN202607210058,SKU0251,22,2026-07-21 11:27:00,2026-07-21 11:32:13,郑婷婷,L0538
IN202607280055,SKU0251,22,2026-07-28 11:08:00,2026-07-28 14:29:41,卓雪,L0538
IN202608040046,SKU0251,22,2026-08-04 08:54:00,2026-08-04 11:55:18,李帆,L0538
IN202608110056,SKU0251,22,2026-08-11 08:47:00,2026-08-11 08:37:19,郑婷婷,L0538
IN202608180050,SKU0251,22,2026-08-18 08:10:00,2026-08-18 08:20:15,宋超,L0538
IN202608250059,SKU0251,22,2026-08-25 11:23:00,2026-08-25 11:34:21,李帆,L0538
IN202606010054,SKU0252,14,2026-06-01 11:27:00,2026-06-01 11:48:16,刘旭,L0650
IN202606050048,SKU0252,14,2026-06-05 11:30:00,2026-06-05 11:41:08,徐萍,L0650
IN202606090053,SKU0252,14,2026-06-09 11:01:00,2026-06-09 11:06:15,姚佳,L0650
IN202606130046,SKU0252,14,2026-06-13 09:56:00,2026-06-13 10:19:07,杨建军,L0650
IN202606170044,SKU0252,14,2026-06-17 11:07:00,2026-06-17 14:36:44,杨建军,L0650
IN202606210056,SKU0252,14,2026-06-21 09:40:00,2026-06-21 09:31:24,姚佳,L0650
IN202606250049,SKU0252,14,2026-06-25 10:38:00,2026-06-25 10:38:37,毛燕,L0650
IN202606290051,SKU0252,14,2026-06-29 09:14:00,2026-06-29 09:08:35,郑婷婷,L0650
IN202607030052,SKU0252,14,2026-07-03 09:48:00,2026-07-03 10:02:36,徐萍,L0650
IN202607070045,SKU0252,14,2026-07-07 09:40:00,2026-07-07 13:09:40,李敏,L0650
IN202607110051,SKU0252,14,2026-07-11 10:37:00,2026-07-11 10:53:51,徐萍,L0650
IN202607150051,SKU0252,14,2026-07-15 10:09:00,2026-07-15 10:28:44,李帆,L0650
IN202607190048,SKU0252,14,2026-07-19 08:42:00,2026-07-19 09:02:18,李帆,L0650
IN202607230048,SKU0252,14,2026-07-23 11:12:00,2026-07-23 13:16:19,王丹,L0650
IN202607270053,SKU0252,14,2026-07-27 09:01:00,2026-07-27 09:07:40,廖晨,L0650
IN202607310052,SKU0252,14,2026-07-31 09:11:00,2026-07-31 09:30:59,郑婷婷,L0650
IN202608040047,SKU0252,14,2026-08-04 11:14:00,2026-08-04 11:37:19,毛燕,L0650
IN202608080053,SKU0252,14,2026-08-08 09:58:00,2026-08-08 13:17:00,卓雪,L0650
IN202608120045,SKU0252,14,2026-08-12 09:31:00,2026-08-12 09:32:51,杨建军,L0650
IN202608160045,SKU0252,14,2026-08-16 11:37:00,2026-08-16 11:28:16,李帆,L0650
IN202608200058,SKU0252,14,2026-08-20 11:02:00,2026-08-20 11:13:30,毛燕,L0650
IN202608240050,SKU0252,14,2026-08-24 08:52:00,2026-08-24 08:43:01,毛燕,L0650
IN202608280049,SKU0252,14,2026-08-28 09:20:00,2026-08-28 09:14:34,刘旭,L0650
IN202606030053,SKU0253,14,2026-06-03 09:03:00,2026-06-03 09:26:10,刘旭,L0148
IN202606080060,SKU0253,14,2026-06-08 11:14:00,2026-06-08 14:18:22,姚佳,L0148
IN202606130047,SKU0253,14,2026-06-13 08:42:00,2026-06-13 09:03:16,徐萍,L0148
IN202606180058,SKU0253,14,2026-06-18 11:42:00,2026-06-18 11:42:32,郑婷婷,L0148
IN202606230049,SKU0253,14,2026-06-23 08:22:00,2026-06-23 08:28:01,李敏,L0148
IN202606280058,SKU0253,14,2026-06-28 08:24:00,2026-06-28 08:22:30,王丹,L0148
IN202607030053,SKU0253,14,2026-07-03 11:51:00,2026-07-03 11:51:31,徐萍,L0148
IN202607080054,SKU0253,14,2026-07-08 11:06:00,2026-07-08 10:58:36,郑婷婷,L0148
IN202607130052,SKU0253,14,2026-07-13 08:55:00,2026-07-13 09:09:21,李敏,L0148
IN202607180058,SKU0253,14,2026-07-18 08:58:00,2026-07-18 09:15:36,廖晨,L0148
IN202607230049,SKU0253,14,2026-07-23 08:19:00,2026-07-23 08:39:05,廖晨,L0148
IN202607280056,SKU0253,14,2026-07-28 11:28:00,2026-07-28 11:41:19,李敏,L0148
IN202608020054,SKU0253,14,2026-08-02 08:33:00,2026-08-02 08:38:45,李敏,L0148
IN202608070058,SKU0253,14,2026-08-07 09:11:00,2026-08-07 09:34:45,李帆,L0148
IN202608120046,SKU0253,14,2026-08-12 09:59:00,2026-08-12 13:25:19,杨建军,L0148
IN202608170059,SKU0253,14,2026-08-17 11:30:00,2026-08-17 11:22:32,宋超,L0148
IN202608220049,SKU0253,14,2026-08-22 10:19:00,2026-08-22 10:41:34,王丹,L0148
IN202608270060,SKU0253,14,2026-08-27 10:43:00,2026-08-27 10:40:06,廖晨,L0148
IN202606050049,SKU0254,14,2026-06-05 09:19:00,2026-06-05 09:23:41,郑婷婷,L0363
IN202606120058,SKU0254,14,2026-06-12 08:57:00,2026-06-12 08:47:15,毛燕,L0363
IN202606190052,SKU0254,14,2026-06-19 08:37:00,2026-06-19 08:42:11,李帆,L0363
IN202606260061,SKU0254,14,2026-06-26 11:51:00,2026-06-26 14:05:15,宋超,L0363
IN202607030054,SKU0254,14,2026-07-03 11:13:00,2026-07-03 11:09:37,杨建军,L0363
IN202607100060,SKU0254,14,2026-07-10 10:29:00,2026-07-10 10:28:18,卓雪,L0363
IN202607170049,SKU0254,14,2026-07-17 11:14:00,2026-07-17 11:29:22,刘旭,L0363
IN202607240059,SKU0254,14,2026-07-24 11:25:00,2026-07-24 11:25:08,姚佳,L0363
IN202607310053,SKU0254,14,2026-07-31 08:12:00,2026-07-31 08:03:12,郑婷婷,L0363
IN202608070059,SKU0254,14,2026-08-07 10:56:00,2026-08-07 10:51:53,卓雪,L0363
IN202608140056,SKU0254,14,2026-08-14 11:30:00,2026-08-14 11:38:01,卓雪,L0363
IN202608210056,SKU0254,14,2026-08-21 08:19:00,2026-08-21 08:11:07,廖晨,L0363
IN202608280050,SKU0254,14,2026-08-28 10:18:00,2026-08-28 11:35:34,徐萍,L0363
IN202606020054,SKU0255,11,2026-06-02 11:34:00,2026-06-02 11:25:05,王丹,L0027
IN202606060061,SKU0255,11,2026-06-06 08:13:00,2026-06-06 08:03:14,宋超,L0027
IN202606100056,SKU0255,11,2026-06-10 08:25:00,2026-06-10 08:49:56,徐萍,L0027
IN202606140057,SKU0255,11,2026-06-14 08:41:00,2026-06-14 09:01:17,李帆,L0027
IN202606180059,SKU0255,11,2026-06-18 11:03:00,2026-06-18 11:13:48,姚佳,L0027
IN202606220058,SKU0255,11,2026-06-22 11:28:00,2026-06-22 14:35:02,郑婷婷,L0027
IN202606260062,SKU0255,11,2026-06-26 08:14:00,2026-06-26 08:11:33,杨建军,L0027
IN202606300057,SKU0255,11,2026-06-30 09:37:00,2026-06-30 09:36:37,徐萍,L0027
IN202607040058,SKU0255,11,2026-07-04 10:23:00,2026-07-04 11:47:25,李敏,L0027
IN202607080055,SKU0255,11,2026-07-08 09:16:00,2026-07-08 09:07:19,徐萍,L0027
IN202607120055,SKU0255,11,2026-07-12 09:12:00,2026-07-12 09:21:25,姚佳,L0027
IN202607160063,SKU0255,11,2026-07-16 11:24:00,2026-07-16 11:22:42,李帆,L0027
IN202607200059,SKU0255,11,2026-07-20 09:55:00,2026-07-20 10:19:26,廖晨,L0027
IN202607240060,SKU0255,11,2026-07-24 11:59:00,2026-07-24 11:51:22,卓雪,L0027
IN202607280057,SKU0255,11,2026-07-28 11:48:00,2026-07-28 11:45:32,廖晨,L0027
IN202608010054,SKU0255,11,2026-08-01 08:45:00,2026-08-01 12:08:03,王丹,L0027
IN202608050060,SKU0255,11,2026-08-05 09:21:00,2026-08-05 09:20:38,徐萍,L0027
IN202608090057,SKU0255,11,2026-08-09 11:31:00,2026-08-09 11:29:32,姚佳,L0027
IN202608130059,SKU0255,11,2026-08-13 10:32:00,2026-08-13 10:50:46,卓雪,L0027
IN202608170060,SKU0255,11,2026-08-17 08:24:00,2026-08-17 09:09:21,王丹,L0027
IN202608210057,SKU0255,11,2026-08-21 11:44:00,2026-08-21 12:01:20,卓雪,L0027
IN202608250060,SKU0255,11,2026-08-25 10:55:00,2026-08-25 11:01:28,宋超,L0027
IN202608290057,SKU0255,11,2026-08-29 11:03:00,2026-08-29 11:17:45,刘旭,L0027
IN202606040062,SKU0256,11,2026-06-04 09:29:00,2026-06-04 09:28:14,徐萍,L0104
IN202606080061,SKU0256,11,2026-06-08 08:58:00,2026-06-08 09:40:22,徐萍,L0104
IN202606120059,SKU0256,11,2026-06-12 10:41:00,2026-06-12 10:42:00,宋超,L0104
IN202606160063,SKU0256,11,2026-06-16 08:00:00,2026-06-16 07:59:50,徐萍,L0104
IN202606200058,SKU0256,11,2026-06-20 10:17:00,2026-06-20 10:24:42,杨建军,L0104
IN202606240059,SKU0256,11,2026-06-24 10:49:00,2026-06-24 12:35:02,卓雪,L0104
IN202606280059,SKU0256,11,2026-06-28 08:27:00,2026-06-28 08:48:03,姚佳,L0104
IN202607020058,SKU0256,11,2026-07-02 09:49:00,2026-07-02 09:49:51,徐萍,L0104
IN202607060066,SKU0256,11,2026-07-06 11:44:00,2026-07-06 11:59:35,杨建军,L0104
IN202607100061,SKU0256,11,2026-07-10 08:30:00,2026-07-10 08:51:32,王丹,L0104
IN202607140059,SKU0256,11,2026-07-14 08:52:00,2026-07-14 08:47:51,卓雪,L0104
IN202607180059,SKU0256,11,2026-07-18 10:20:00,2026-07-18 10:20:01,杨建军,L0104
IN202607220056,SKU0256,11,2026-07-22 08:38:00,2026-07-22 08:47:55,李敏,L0104
IN202607260062,SKU0256,11,2026-07-26 09:39:00,2026-07-26 11:51:27,宋超,L0104
IN202607300061,SKU0256,11,2026-07-30 09:41:00,2026-07-30 11:47:05,李敏,L0104
IN202608030063,SKU0256,11,2026-08-03 11:42:00,2026-08-03 11:49:35,杨建军,L0104
IN202608070060,SKU0256,11,2026-08-07 11:04:00,2026-08-07 11:17:24,毛燕,L0104
IN202608110057,SKU0256,11,2026-08-11 08:17:00,2026-08-11 08:13:44,王丹,L0104
IN202608150063,SKU0256,11,2026-08-15 10:45:00,2026-08-15 10:37:13,李帆,L0104
IN202608190057,SKU0256,11,2026-08-19 10:27:00,2026-08-19 10:45:33,郑婷婷,L0104
IN202608230060,SKU0256,11,2026-08-23 09:19:00,2026-08-23 09:21:23,徐萍,L0104
IN202608270061,SKU0256,11,2026-08-27 10:26:00,2026-08-27 10:20:21,王丹,L0104
IN202606020055,SKU0257,94,2026-06-02 11:18:00,2026-06-02 11:41:39,李敏,L0715
IN202606080062,SKU0257,94,2026-06-08 09:49:00,2026-06-08 09:50:07,李敏,L0715
IN202606140058,SKU0257,94,2026-06-14 09:32:00,2026-06-14 09:42:01,李帆,L0715
IN202606200059,SKU0257,94,2026-06-20 09:16:00,2026-06-20 12:21:51,杨建军,L0715
IN202606260063,SKU0257,94,2026-06-26 10:27:00,2026-06-26 10:28:00,徐萍,L0715
IN202607020059,SKU0257,94,2026-07-02 10:31:00,2026-07-02 10:43:23,姚佳,L0715
IN202607080056,SKU0257,94,2026-07-08 11:49:00,2026-07-08 11:48:49,李帆,L0715
IN202607140060,SKU0257,94,2026-07-14 11:12:00,2026-07-14 12:29:23,郑婷婷,L0715
IN202607200060,SKU0257,94,2026-07-20 08:54:00,2026-07-20 09:06:27,徐萍,L0715
IN202607260063,SKU0257,94,2026-07-26 09:06:00,2026-07-26 08:57:06,郑婷婷,L0715
IN202608010055,SKU0257,94,2026-08-01 10:57:00,2026-08-01 11:18:35,姚佳,L0715
IN202608070061,SKU0257,94,2026-08-07 10:34:00,2026-08-07 12:01:02,郑婷婷,L0715
IN202608130060,SKU0257,94,2026-08-13 10:48:00,2026-08-13 11:04:58,李帆,L0715
IN202608190058,SKU0257,94,2026-08-19 10:16:00,2026-08-19 10:20:51,廖晨,L0715
IN202608250061,SKU0257,94,2026-08-25 11:34:00,2026-08-25 11:35:30,郑婷婷,L0715
IN202606020056,SKU0258,13,2026-06-02 08:41:00,2026-06-02 11:00:58,王丹,L0084
IN202606080063,SKU0258,13,2026-06-08 10:30:00,2026-06-08 11:38:06,毛燕,L0084
IN202606140059,SKU0258,13,2026-06-14 09:10:00,2026-06-14 10:20:26,李敏,L0084
IN202606200060,SKU0258,13,2026-06-20 11:23:00,2026-06-20 11:23:21,李帆,L0084
IN202606260064,SKU0258,13,2026-06-26 08:19:00,2026-06-26 08:22:55,李敏,L0084
IN202607020060,SKU0258,13,2026-07-02 11:37:00,2026-07-02 11:43:46,王丹,L0084
IN202607080057,SKU0258,13,2026-07-08 10:37:00,2026-07-08 10:29:43,刘旭,L0084
IN202607140061,SKU0258,13,2026-07-14 11:23:00,2026-07-14 11:37:32,刘旭,L0084
IN202607200061,SKU0258,13,2026-07-20 10:24:00,2026-07-20 10:32:57,宋超,L0084
IN202607260064,SKU0258,13,2026-07-26 10:24:00,2026-07-26 10:37:53,卓雪,L0084
IN202608010056,SKU0258,13,2026-08-01 10:48:00,2026-08-01 13:41:47,王丹,L0084
IN202608070062,SKU0258,13,2026-08-07 08:29:00,2026-08-07 08:32:32,卓雪,L0084
IN202608130061,SKU0258,13,2026-08-13 10:31:00,2026-08-13 13:29:40,姚佳,L0084
IN202608190059,SKU0258,13,2026-08-19 08:46:00,2026-08-19 08:49:14,徐萍,L0084
IN202608250062,SKU0258,13,2026-08-25 11:46:00,2026-08-25 11:41:58,李帆,L0084
IN202606010055,SKU0259,24,2026-06-01 11:18:00,2026-06-01 11:28:23,刘旭,L0695
IN202606070048,SKU0259,24,2026-06-07 08:44:00,2026-06-07 09:04:21,姚佳,L0695
IN202606130048,SKU0259,24,2026-06-13 10:35:00,2026-06-13 10:47:06,李帆,L0695
IN202606190053,SKU0259,24,2026-06-19 11:13:00,2026-06-19 11:35:40,李敏,L0695
IN202606250050,SKU0259,24,2026-06-25 09:54:00,2026-06-25 09:55:20,宋超,L0695
IN202607010053,SKU0259,24,2026-07-01 11:59:00,2026-07-01 12:07:32,李敏,L0695
IN202607070046,SKU0259,24,2026-07-07 11:49:00,2026-07-07 12:08:44,宋超,L0695
IN202607130053,SKU0259,24,2026-07-13 10:52:00,2026-07-13 11:04:15,杨建军,L0695
IN202607190049,SKU0259,24,2026-07-19 11:24:00,2026-07-19 11:43:43,杨建军,L0695
IN202607250050,SKU0259,24,2026-07-25 08:47:00,2026-07-25 09:03:15,宋超,L0695
IN202607310054,SKU0259,24,2026-07-31 11:36:00,2026-07-31 11:27:57,李敏,L0695
IN202608060050,SKU0259,24,2026-08-06 11:30:00,2026-08-06 11:50:01,廖晨,L0695
IN202608120047,SKU0259,24,2026-08-12 09:57:00,2026-08-12 09:54:29,刘旭,L0695
IN202608180051,SKU0259,24,2026-08-18 10:16:00,2026-08-18 10:26:21,姚佳,L0695
IN202608240051,SKU0259,24,2026-08-24 11:08:00,2026-08-24 11:01:33,李敏,L0695
IN202606060062,SKU0260,19,2026-06-06 10:32:00,2026-06-06 13:18:53,姚佳,L0119
IN202606120060,SKU0260,19,2026-06-12 08:27:00,2026-06-12 08:18:06,宋超,L0119
IN202606180060,SKU0260,19,2026-06-18 09:17:00,2026-06-18 10:55:21,徐萍,L0119
IN202606240060,SKU0260,19,2026-06-24 10:35:00,2026-06-24 10:30:00,宋超,L0119
IN202606300058,SKU0260,19,2026-06-30 11:00:00,2026-06-30 11:06:31,廖晨,L0119
IN202607060067,SKU0260,19,2026-07-06 10:50:00,2026-07-06 11:03:33,姚佳,L0119
IN202607120056,SKU0260,19,2026-07-12 08:14:00,2026-07-12 08:15:11,廖晨,L0119
IN202607180060,SKU0260,19,2026-07-18 09:34:00,2026-07-18 09:31:18,李帆,L0119
IN202607240061,SKU0260,19,2026-07-24 11:57:00,2026-07-24 11:54:18,廖晨,L0119
IN202607300062,SKU0260,19,2026-07-30 11:50:00,2026-07-30 11:41:40,姚佳,L0119
IN202608050061,SKU0260,19,2026-08-05 08:57:00,2026-08-05 08:54:41,徐萍,L0119
IN202608110058,SKU0260,19,2026-08-11 11:16:00,2026-08-11 15:01:28,杨建军,L0119
IN202608170061,SKU0260,19,2026-08-17 11:45:00,2026-08-17 15:18:52,王丹,L0119
IN202608230061,SKU0260,19,2026-08-23 11:19:00,2026-08-23 11:10:15,宋超,L0119
IN202608290058,SKU0260,19,2026-08-29 10:28:00,2026-08-29 10:40:06,杨建军,L0119
IN202606070049,SKU0261,44,2026-06-07 11:58:00,2026-06-07 11:51:12,刘旭,L0591
IN202606140060,SKU0261,44,2026-06-14 10:52:00,2026-06-14 10:57:15,刘旭,L0591
IN202606210057,SKU0261,44,2026-06-21 08:23:00,2026-06-21 08:26:28,郑婷婷,L0591
IN202606280060,SKU0261,44,2026-06-28 10:44:00,2026-06-28 12:28:06,姚佳,L0591
IN202607050050,SKU0261,44,2026-07-05 08:11:00,2026-07-05 08:24:32,卓雪,L0591
IN202607120057,SKU0261,44,2026-07-12 09:20:00,2026-07-12 09:38:56,王丹,L0591
IN202607190050,SKU0261,44,2026-07-19 10:17:00,2026-07-19 10:41:44,徐萍,L0591
IN202607260065,SKU0261,44,2026-07-26 11:48:00,2026-07-26 13:06:29,卓雪,L0591
IN202608020055,SKU0261,44,2026-08-02 08:07:00,2026-08-02 08:21:17,王丹,L0591
IN202608090058,SKU0261,44,2026-08-09 11:53:00,2026-08-09 11:50:51,宋超,L0591
IN202608160046,SKU0261,44,2026-08-16 10:35:00,2026-08-16 10:25:08,姚佳,L0591
IN202608230062,SKU0261,44,2026-08-23 08:53:00,2026-08-23 09:12:20,卓雪,L0591
IN202606050050,SKU0262,12,2026-06-05 11:01:00,2026-06-05 12:49:54,刘旭,L0136
IN202606100057,SKU0262,12,2026-06-10 09:17:00,2026-06-10 09:18:45,卓雪,L0136
IN202606150058,SKU0262,12,2026-06-15 08:42:00,2026-06-15 08:56:01,廖晨,L0136
IN202606200061,SKU0262,12,2026-06-20 10:34:00,2026-06-20 10:51:14,廖晨,L0136
IN202606250051,SKU0262,12,2026-06-25 10:35:00,2026-06-25 10:40:14,宋超,L0136
IN202606300059,SKU0262,12,2026-06-30 08:12:00,2026-06-30 08:09:09,廖晨,L0136
IN202607050051,SKU0262,12,2026-07-05 11:26:00,2026-07-05 11:34:28,李帆,L0136
IN202607100062,SKU0262,12,2026-07-10 10:40:00,2026-07-10 13:46:51,毛燕,L0136
IN202607150052,SKU0262,12,2026-07-15 11:58:00,2026-07-15 13:23:12,李帆,L0136
IN202607200062,SKU0262,12,2026-07-20 09:39:00,2026-07-20 09:49:31,杨建军,L0136
IN202607250051,SKU0262,12,2026-07-25 11:09:00,2026-07-25 13:14:19,廖晨,L0136
IN202607300063,SKU0262,12,2026-07-30 09:27:00,2026-07-30 09:17:45,毛燕,L0136
IN202608040048,SKU0262,12,2026-08-04 08:53:00,2026-08-04 08:56:57,李敏,L0136
IN202608090059,SKU0262,12,2026-08-09 10:26:00,2026-08-09 10:45:55,卓雪,L0136
IN202608140057,SKU0262,12,2026-08-14 08:57:00,2026-08-14 12:27:09,李帆,L0136
IN202608190060,SKU0262,12,2026-08-19 09:23:00,2026-08-19 12:20:03,李敏,L0136
IN202608240052,SKU0262,12,2026-08-24 09:07:00,2026-08-24 11:25:11,李敏,L0136
IN202608290059,SKU0262,12,2026-08-29 09:04:00,2026-08-29 09:10:10,李帆,L0136
IN202606020057,SKU0263,19,2026-06-02 09:26:00,2026-06-02 11:09:11,王丹,L0735
IN202606060063,SKU0263,19,2026-06-06 08:24:00,2026-06-06 08:17:45,毛燕,L0735
IN202606100058,SKU0263,19,2026-06-10 09:26:00,2026-06-10 09:45:19,毛燕,L0735
IN202606140061,SKU0263,19,2026-06-14 08:33:00,2026-06-14 08:33:14,刘旭,L0735
IN202606180061,SKU0263,19,2026-06-18 10:34:00,2026-06-18 10:26:41,李敏,L0735
IN202606220059,SKU0263,19,2026-06-22 08:09:00,2026-06-22 08:33:08,毛燕,L0735
IN202606260065,SKU0263,19,2026-06-26 10:40:00,2026-06-26 10:58:46,刘旭,L0735
IN202606300060,SKU0263,19,2026-06-30 08:00:00,2026-06-30 10:07:38,王丹,L0735
IN202607040059,SKU0263,19,2026-07-04 10:29:00,2026-07-04 10:42:41,卓雪,L0735
IN202607080058,SKU0263,19,2026-07-08 08:10:00,2026-07-08 08:34:44,徐萍,L0735
IN202607120058,SKU0263,19,2026-07-12 09:23:00,2026-07-12 09:18:20,姚佳,L0735
IN202607160064,SKU0263,19,2026-07-16 08:55:00,2026-07-16 08:46:28,姚佳,L0735
IN202607200063,SKU0263,19,2026-07-20 08:15:00,2026-07-20 08:27:13,刘旭,L0735
IN202607240062,SKU0263,19,2026-07-24 08:55:00,2026-07-24 09:04:32,卓雪,L0735
IN202607280058,SKU0263,19,2026-07-28 11:52:00,2026-07-28 13:50:02,李帆,L0735
IN202608010057,SKU0263,19,2026-08-01 11:01:00,2026-08-01 11:08:01,郑婷婷,L0735
IN202608050062,SKU0263,19,2026-08-05 08:03:00,2026-08-05 08:48:18,刘旭,L0735
IN202608090060,SKU0263,19,2026-08-09 09:09:00,2026-08-09 10:56:36,毛燕,L0735
IN202608130062,SKU0263,19,2026-08-13 08:18:00,2026-08-13 08:19:01,卓雪,L0735
IN202608170062,SKU0263,19,2026-08-17 10:43:00,2026-08-17 10:49:38,姚佳,L0735
IN202608210058,SKU0263,19,2026-08-21 10:44:00,2026-08-21 10:34:22,毛燕,L0735
IN202608250063,SKU0263,19,2026-08-25 09:28:00,2026-08-25 09:32:13,毛燕,L0735
IN202608290060,SKU0263,19,2026-08-29 10:44:00,2026-08-29 10:47:05,徐萍,L0735
IN202606030054,SKU0264,24,2026-06-03 08:35:00,2026-06-03 08:36:42,郑婷婷,L0592
IN202606060064,SKU0264,24,2026-06-06 11:50:00,2026-06-06 12:06:27,毛燕,L0592
IN202606090054,SKU0264,24,2026-06-09 08:57:00,2026-06-09 08:48:25,姚佳,L0592
IN202606120061,SKU0264,24,2026-06-12 08:24:00,2026-06-12 08:37:53,杨建军,L0592
IN202606150059,SKU0264,24,2026-06-15 09:01:00,2026-06-15 08:58:51,李帆,L0592
IN202606180062,SKU0264,24,2026-06-18 08:01:00,2026-06-18 10:36:02,李帆,L0592
IN202606210058,SKU0264,24,2026-06-21 09:04:00,2026-06-21 11:35:26,徐萍,L0592
IN202606240061,SKU0264,24,2026-06-24 11:16:00,2026-06-24 14:21:58,郑婷婷,L0592
IN202606270053,SKU0264,24,2026-06-27 09:55:00,2026-06-27 13:39:19,杨建军,L0592
IN202606300061,SKU0264,24,2026-06-30 09:54:00,2026-06-30 10:14:09,卓雪,L0592
IN202607030055,SKU0264,24,2026-07-03 10:54:00,2026-07-03 10:48:21,毛燕,L0592
IN202607060068,SKU0264,24,2026-07-06 11:02:00,2026-07-06 11:22:21,郑婷婷,L0592
IN202607090058,SKU0264,24,2026-07-09 08:13:00,2026-07-09 08:29:29,郑婷婷,L0592
IN202607120059,SKU0264,24,2026-07-12 10:00:00,2026-07-12 09:51:14,徐萍,L0592
IN202607150053,SKU0264,24,2026-07-15 10:15:00,2026-07-15 10:28:48,宋超,L0592
IN202607180061,SKU0264,24,2026-07-18 11:51:00,2026-07-18 11:55:36,卓雪,L0592
IN202607210059,SKU0264,24,2026-07-21 11:39:00,2026-07-21 11:57:06,廖晨,L0592
IN202607240063,SKU0264,24,2026-07-24 09:12:00,2026-07-24 09:06:52,李帆,L0592
IN202607270054,SKU0264,24,2026-07-27 11:31:00,2026-07-27 11:25:04,卓雪,L0592
IN202607300064,SKU0264,24,2026-07-30 11:19:00,2026-07-30 13:32:04,李帆,L0592
IN202608020056,SKU0264,24,2026-08-02 09:56:00,2026-08-02 10:09:56,卓雪,L0592
IN202608050063,SKU0264,24,2026-08-05 10:38:00,2026-08-05 10:46:29,宋超,L0592
IN202608080054,SKU0264,24,2026-08-08 09:36:00,2026-08-08 12:01:10,卓雪,L0592
IN202608110059,SKU0264,24,2026-08-11 10:53:00,2026-08-11 10:47:55,王丹,L0592
IN202608140058,SKU0264,24,2026-08-14 11:27:00,2026-08-14 11:44:31,毛燕,L0592
IN202608170063,SKU0264,24,2026-08-17 11:52:00,2026-08-17 11:50:32,杨建军,L0592
IN202608200059,SKU0264,24,2026-08-20 11:39:00,2026-08-20 11:29:55,杨建军,L0592
IN202608230063,SKU0264,24,2026-08-23 11:40:00,2026-08-23 11:44:03,李帆,L0592
IN202608260052,SKU0264,24,2026-08-26 10:53:00,2026-08-26 11:16:00,姚佳,L0592
IN202608290061,SKU0264,24,2026-08-29 08:09:00,2026-08-29 08:12:31,宋超,L0592
IN202606060065,SKU0265,14,2026-06-06 11:18:00,2026-06-06 11:35:47,毛燕,L0244
IN202606130049,SKU0265,14,2026-06-13 09:11:00,2026-06-13 09:05:01,卓雪,L0244
IN202606200062,SKU0265,14,2026-06-20 10:35:00,2026-06-20 10:33:36,李帆,L0244
IN202606270054,SKU0265,14,2026-06-27 10:27:00,2026-06-27 10:51:50,杨建军,L0244
IN202607040060,SKU0265,14,2026-07-04 10:06:00,2026-07-04 10:01:45,毛燕,L0244
IN202607110052,SKU0265,14,2026-07-11 08:24:00,2026-07-11 08:39:26,卓雪,L0244
IN202607180062,SKU0265,14,2026-07-18 08:48:00,2026-07-18 08:40:11,王丹,L0244
IN202607250052,SKU0265,14,2026-07-25 09:41:00,2026-07-25 10:03:15,刘旭,L0244
IN202608010058,SKU0265,14,2026-08-01 08:40:00,2026-08-01 09:39:55,李敏,L0244
IN202608080055,SKU0265,14,2026-08-08 11:00:00,2026-08-08 10:56:57,郑婷婷,L0244
IN202608150064,SKU0265,14,2026-08-15 11:09:00,2026-08-15 12:39:08,姚佳,L0244
IN202608220050,SKU0265,14,2026-08-22 11:23:00,2026-08-22 11:46:05,毛燕,L0244
IN202608290062,SKU0265,14,2026-08-29 11:06:00,2026-08-29 12:50:00,王丹,L0244
IN202606040063,SKU0266,12,2026-06-04 10:50:00,2026-06-04 12:06:23,李敏,L0164
IN202606090055,SKU0266,12,2026-06-09 08:30:00,2026-06-09 08:26:26,李帆,L0164
IN202606140062,SKU0266,12,2026-06-14 08:26:00,2026-06-14 08:18:08,王丹,L0164
IN202606190054,SKU0266,12,2026-06-19 10:46:00,2026-06-19 13:30:51,廖晨,L0164
IN202606240062,SKU0266,12,2026-06-24 09:20:00,2026-06-24 09:37:55,姚佳,L0164
IN202606290052,SKU0266,12,2026-06-29 09:35:00,2026-06-29 09:47:02,李帆,L0164
IN202607040061,SKU0266,12,2026-07-04 09:30:00,2026-07-04 10:18:41,王丹,L0164
IN202607090059,SKU0266,12,2026-07-09 09:11:00,2026-07-09 09:35:59,李敏,L0164
IN202607140062,SKU0266,12,2026-07-14 08:34:00,2026-07-14 08:48:43,杨建军,L0164
IN202607190051,SKU0266,12,2026-07-19 11:49:00,2026-07-19 11:59:46,徐萍,L0164
IN202607240064,SKU0266,12,2026-07-24 08:50:00,2026-07-24 09:11:54,杨建军,L0164
IN202607290050,SKU0266,12,2026-07-29 08:07:00,2026-07-29 08:13:49,宋超,L0164
IN202608030064,SKU0266,12,2026-08-03 09:31:00,2026-08-03 09:35:39,姚佳,L0164
IN202608080056,SKU0266,12,2026-08-08 10:22:00,2026-08-08 10:17:36,毛燕,L0164
IN202608130063,SKU0266,12,2026-08-13 09:05:00,2026-08-13 09:22:17,李帆,L0164
IN202608180052,SKU0266,12,2026-08-18 11:38:00,2026-08-18 11:31:55,徐萍,L0164
IN202608230064,SKU0266,12,2026-08-23 10:25:00,2026-08-23 10:43:17,毛燕,L0164
IN202608280051,SKU0266,12,2026-08-28 08:53:00,2026-08-28 08:51:48,刘旭,L0164
IN202606010056,SKU0267,17,2026-06-01 10:30:00,2026-06-01 10:25:25,姚佳,L0581
IN202606050051,SKU0267,17,2026-06-05 08:14:00,2026-06-05 08:31:44,杨建军,L0581
IN202606090056,SKU0267,17,2026-06-09 11:33:00,2026-06-09 11:53:04,杨建军,L0581
IN202606130050,SKU0267,17,2026-06-13 10:25:00,2026-06-13 10:23:36,毛燕,L0581
IN202606170045,SKU0267,17,2026-06-17 08:16:00,2026-06-17 08:23:10,李敏,L0581
IN202606210059,SKU0267,17,2026-06-21 08:13:00,2026-06-21 09:06:35,郑婷婷,L0581
IN202606250052,SKU0267,17,2026-06-25 08:44:00,2026-06-25 08:43:50,卓雪,L0581
IN202606290053,SKU0267,17,2026-06-29 08:04:00,2026-06-29 08:25:43,李帆,L0581
IN202607030056,SKU0267,17,2026-07-03 08:44:00,2026-07-03 09:02:55,李敏,L0581
IN202607070047,SKU0267,17,2026-07-07 08:12:00,2026-07-07 08:16:10,刘旭,L0581
IN202607110053,SKU0267,17,2026-07-11 10:37:00,2026-07-11 11:57:08,刘旭,L0581
IN202607150054,SKU0267,17,2026-07-15 10:42:00,2026-07-15 11:02:57,徐萍,L0581
IN202607190052,SKU0267,17,2026-07-19 11:07:00,2026-07-19 11:13:04,廖晨,L0581
IN202607230050,SKU0267,17,2026-07-23 10:55:00,2026-07-23 14:24:47,杨建军,L0581
IN202607270055,SKU0267,17,2026-07-27 09:57:00,2026-07-27 10:20:26,卓雪,L0581
IN202607310055,SKU0267,17,2026-07-31 09:32:00,2026-07-31 09:40:53,王丹,L0581
IN202608040049,SKU0267,17,2026-08-04 11:17:00,2026-08-04 13:59:36,刘旭,L0581
IN202608080057,SKU0267,17,2026-08-08 11:59:00,2026-08-08 15:53:22,姚佳,L0581
IN202608120048,SKU0267,17,2026-08-12 08:29:00,2026-08-12 08:27:37,宋超,L0581
IN202608160047,SKU0267,17,2026-08-16 08:08:00,2026-08-16 08:08:31,杨建军,L0581
IN202608200060,SKU0267,17,2026-08-20 11:39:00,2026-08-20 11:53:47,姚佳,L0581
IN202608240053,SKU0267,17,2026-08-24 09:34:00,2026-08-24 10:30:56,卓雪,L0581
IN202608280052,SKU0267,17,2026-08-28 09:50:00,2026-08-28 09:48:42,姚佳,L0581
IN202606010057,SKU0268,13,2026-06-01 11:37:00,2026-06-01 11:59:35,李帆,L0175
IN202606070050,SKU0268,13,2026-06-07 10:25:00,2026-06-07 10:42:14,廖晨,L0175
IN202606130051,SKU0268,13,2026-06-13 11:15:00,2026-06-13 11:32:58,宋超,L0175
IN202606190055,SKU0268,13,2026-06-19 11:25:00,2026-06-19 11:16:17,卓雪,L0175
IN202606250053,SKU0268,13,2026-06-25 11:30:00,2026-06-25 11:51:09,李敏,L0175
IN202607010054,SKU0268,13,2026-07-01 09:32:00,2026-07-01 09:52:11,刘旭,L0175
IN202607070048,SKU0268,13,2026-07-07 09:30:00,2026-07-07 13:05:28,李帆,L0175
IN202607130054,SKU0268,13,2026-07-13 11:08:00,2026-07-13 11:17:07,李帆,L0175
IN202607190053,SKU0268,13,2026-07-19 09:38:00,2026-07-19 10:56:10,宋超,L0175
IN202607250053,SKU0268,13,2026-07-25 11:23:00,2026-07-25 11:41:30,杨建军,L0175
IN202607310056,SKU0268,13,2026-07-31 08:16:00,2026-07-31 08:11:32,徐萍,L0175
IN202608060051,SKU0268,13,2026-08-06 10:46:00,2026-08-06 11:02:42,刘旭,L0175
IN202608120049,SKU0268,13,2026-08-12 11:26:00,2026-08-12 11:35:54,李帆,L0175
IN202608180053,SKU0268,13,2026-08-18 10:51:00,2026-08-18 10:43:28,卓雪,L0175
IN202608240054,SKU0268,13,2026-08-24 10:53:00,2026-08-24 11:16:23,卓雪,L0175
IN202606010058,SKU0269,16,2026-06-01 10:56:00,2026-06-01 10:56:49,廖晨,L0147
IN202606080064,SKU0269,16,2026-06-08 11:18:00,2026-06-08 11:41:22,毛燕,L0147
IN202606150060,SKU0269,16,2026-06-15 10:36:00,2026-06-15 10:49:38,毛燕,L0147
IN202606220060,SKU0269,16,2026-06-22 09:17:00,2026-06-22 11:09:29,郑婷婷,L0147
IN202606290054,SKU0269,16,2026-06-29 11:12:00,2026-06-29 11:36:07,廖晨,L0147
IN202607060069,SKU0269,16,2026-07-06 10:17:00,2026-07-06 10:13:09,宋超,L0147
IN202607130055,SKU0269,16,2026-07-13 10:19:00,2026-07-13 10:41:59,毛燕,L0147
IN202607200064,SKU0269,16,2026-07-20 11:20:00,2026-07-20 11:35:45,李敏,L0147
IN202607270056,SKU0269,16,2026-07-27 08:51:00,2026-07-27 09:14:59,王丹,L0147
IN202608030065,SKU0269,16,2026-08-03 08:28:00,2026-08-03 08:45:11,王丹,L0147
IN202608100057,SKU0269,16,2026-08-10 10:59:00,2026-08-10 13:14:13,郑婷婷,L0147
IN202608170064,SKU0269,16,2026-08-17 09:18:00,2026-08-17 09:08:22,毛燕,L0147
IN202608240055,SKU0269,16,2026-08-24 10:29:00,2026-08-24 10:49:13,徐萍,L0147
IN202606010059,SKU0270,28,2026-06-01 11:50:00,2026-06-01 12:03:58,刘旭,L0553
IN202606050052,SKU0270,28,2026-06-05 11:42:00,2026-06-05 13:51:22,毛燕,L0553
IN202606090057,SKU0270,28,2026-06-09 09:54:00,2026-06-09 10:13:34,宋超,L0553
IN202606130052,SKU0270,28,2026-06-13 08:00:00,2026-06-13 08:24:47,王丹,L0553
IN202606170046,SKU0270,28,2026-06-17 09:11:00,2026-06-17 09:12:17,杨建军,L0553
IN202606210060,SKU0270,28,2026-06-21 09:47:00,2026-06-21 09:54:44,卓雪,L0553
IN202606250054,SKU0270,28,2026-06-25 10:03:00,2026-06-25 10:49:09,徐萍,L0553
IN202606290055,SKU0270,28,2026-06-29 09:29:00,2026-06-29 09:46:40,廖晨,L0553
IN202607030057,SKU0270,28,2026-07-03 09:58:00,2026-07-03 10:04:50,刘旭,L0553
IN202607070049,SKU0270,28,2026-07-07 10:47:00,2026-07-07 10:40:22,王丹,L0553
IN202607110054,SKU0270,28,2026-07-11 10:02:00,2026-07-11 09:57:50,廖晨,L0553
IN202607150055,SKU0270,28,2026-07-15 10:33:00,2026-07-15 13:39:55,杨建军,L0553
IN202607190054,SKU0270,28,2026-07-19 09:19:00,2026-07-19 09:38:00,杨建军,L0553
IN202607230051,SKU0270,28,2026-07-23 10:09:00,2026-07-23 10:28:03,李帆,L0553
IN202607270057,SKU0270,28,2026-07-27 10:21:00,2026-07-27 10:33:51,刘旭,L0553
IN202607310057,SKU0270,28,2026-07-31 11:45:00,2026-07-31 11:37:42,郑婷婷,L0553
IN202608040050,SKU0270,28,2026-08-04 11:09:00,2026-08-04 10:59:56,徐萍,L0553
IN202608080058,SKU0270,28,2026-08-08 09:12:00,2026-08-08 09:05:00,李帆,L0553
IN202608120050,SKU0270,28,2026-08-12 08:31:00,2026-08-12 08:25:57,郑婷婷,L0553
IN202608160048,SKU0270,28,2026-08-16 08:26:00,2026-08-16 08:21:31,李敏,L0553
IN202608200061,SKU0270,28,2026-08-20 10:22:00,2026-08-20 11:03:45,刘旭,L0553
IN202608240056,SKU0270,28,2026-08-24 09:43:00,2026-08-24 09:52:03,郑婷婷,L0553
IN202608280053,SKU0270,28,2026-08-28 09:44:00,2026-08-28 10:06:10,姚佳,L0553
IN202606030055,SKU0271,12,2026-06-03 11:07:00,2026-06-03 11:19:18,徐萍,L0246
IN202606080065,SKU0271,12,2026-06-08 08:00:00,2026-06-08 08:07:25,姚佳,L0246
IN202606130053,SKU0271,12,2026-06-13 10:25:00,2026-06-13 10:24:07,毛燕,L0246
IN202606180063,SKU0271,12,2026-06-18 11:46:00,2026-06-18 12:06:34,王丹,L0246
IN202606230050,SKU0271,12,2026-06-23 09:09:00,2026-06-23 09:10:45,徐萍,L0246
IN202606280061,SKU0271,12,2026-06-28 09:59:00,2026-06-28 10:19:39,宋超,L0246
IN202607030058,SKU0271,12,2026-07-03 09:58:00,2026-07-03 10:09:24,王丹,L0246
IN202607080059,SKU0271,12,2026-07-08 10:44:00,2026-07-08 10:34:56,杨建军,L0246
IN202607130056,SKU0271,12,2026-07-13 08:18:00,2026-07-13 08:34:07,王丹,L0246
IN202607180063,SKU0271,12,2026-07-18 09:21:00,2026-07-18 09:22:16,姚佳,L0246
IN202607230052,SKU0271,12,2026-07-23 11:38:00,2026-07-23 11:52:17,刘旭,L0246
IN202607280059,SKU0271,12,2026-07-28 08:25:00,2026-07-28 10:48:32,宋超,L0246
IN202608020057,SKU0271,12,2026-08-02 11:22:00,2026-08-02 11:33:47,李敏,L0246
IN202608070063,SKU0271,12,2026-08-07 11:08:00,2026-08-07 14:28:55,廖晨,L0246
IN202608120051,SKU0271,12,2026-08-12 11:02:00,2026-08-12 10:52:48,卓雪,L0246
IN202608170065,SKU0271,12,2026-08-17 09:28:00,2026-08-17 09:40:20,宋超,L0246
IN202608220051,SKU0271,12,2026-08-22 10:02:00,2026-08-22 10:19:17,郑婷婷,L0246
IN202608270062,SKU0271,12,2026-08-27 08:22:00,2026-08-27 08:23:30,李敏,L0246
IN202606020058,SKU0272,13,2026-06-02 09:49:00,2026-06-02 10:11:15,毛燕,L0093
IN202606080066,SKU0272,13,2026-06-08 11:57:00,2026-06-08 11:58:00,毛燕,L0093
IN202606140063,SKU0272,13,2026-06-14 09:31:00,2026-06-14 09:21:33,杨建军,L0093
IN202606200063,SKU0272,13,2026-06-20 08:02:00,2026-06-20 08:15:24,姚佳,L0093
IN202606260066,SKU0272,13,2026-06-26 11:39:00,2026-06-26 11:49:53,毛燕,L0093
IN202607020061,SKU0272,13,2026-07-02 10:21:00,2026-07-02 10:29:02,李敏,L0093
IN202607080060,SKU0272,13,2026-07-08 11:07:00,2026-07-08 12:50:45,王丹,L0093
IN202607140063,SKU0272,13,2026-07-14 09:17:00,2026-07-14 09:25:11,姚佳,L0093
IN202607200065,SKU0272,13,2026-07-20 11:44:00,2026-07-20 13:20:22,杨建军,L0093
IN202607260066,SKU0272,13,2026-07-26 10:39:00,2026-07-26 10:42:49,毛燕,L0093
IN202608010059,SKU0272,13,2026-08-01 09:38:00,2026-08-01 09:51:29,徐萍,L0093
IN202608070064,SKU0272,13,2026-08-07 11:53:00,2026-08-07 12:04:20,姚佳,L0093
IN202608130064,SKU0272,13,2026-08-13 10:37:00,2026-08-13 10:50:04,毛燕,L0093
IN202608190061,SKU0272,13,2026-08-19 11:46:00,2026-08-19 12:06:26,刘旭,L0093
IN202608250064,SKU0272,13,2026-08-25 09:41:00,2026-08-25 09:55:06,李帆,L0093
IN202606030056,SKU0273,16,2026-06-03 09:37:00,2026-06-03 10:01:43,王丹,L0301
IN202606090058,SKU0273,16,2026-06-09 08:02:00,2026-06-09 08:08:16,王丹,L0301
IN202606150061,SKU0273,16,2026-06-15 08:06:00,2026-06-15 08:18:43,宋超,L0301
IN202606210061,SKU0273,16,2026-06-21 09:39:00,2026-06-21 10:03:29,刘旭,L0301
IN202606270055,SKU0273,16,2026-06-27 11:11:00,2026-06-27 11:30:03,徐萍,L0301
IN202607030059,SKU0273,16,2026-07-03 11:17:00,2026-07-03 11:29:57,李敏,L0301
IN202607090060,SKU0273,16,2026-07-09 09:46:00,2026-07-09 09:46:44,卓雪,L0301
IN202607150056,SKU0273,16,2026-07-15 09:56:00,2026-07-15 09:52:15,姚佳,L0301
IN202607210060,SKU0273,16,2026-07-21 08:34:00,2026-07-21 08:29:35,刘旭,L0301
IN202607270058,SKU0273,16,2026-07-27 08:45:00,2026-07-27 09:01:34,姚佳,L0301
IN202608020058,SKU0273,16,2026-08-02 11:55:00,2026-08-02 14:37:16,廖晨,L0301
IN202608080059,SKU0273,16,2026-08-08 10:25:00,2026-08-08 10:46:28,李敏,L0301
IN202608140059,SKU0273,16,2026-08-14 08:59:00,2026-08-14 09:55:57,廖晨,L0301
IN202608200062,SKU0273,16,2026-08-20 11:35:00,2026-08-20 11:56:44,姚佳,L0301
IN202608260053,SKU0273,16,2026-08-26 11:56:00,2026-08-26 11:50:04,刘旭,L0301
IN202606010060,SKU0274,38,2026-06-01 11:12:00,2026-06-01 12:40:44,卓雪,L0557
IN202606050053,SKU0274,38,2026-06-05 11:37:00,2026-06-05 11:58:08,李帆,L0557
IN202606090059,SKU0274,38,2026-06-09 10:14:00,2026-06-09 10:16:02,卓雪,L0557
IN202606130054,SKU0274,38,2026-06-13 10:43:00,2026-06-13 11:07:43,李帆,L0557
IN202606170047,SKU0274,38,2026-06-17 09:52:00,2026-06-17 09:59:50,卓雪,L0557
IN202606210062,SKU0274,38,2026-06-21 09:19:00,2026-06-21 09:22:43,李敏,L0557
IN202606250055,SKU0274,38,2026-06-25 10:43:00,2026-06-25 11:04:08,李帆,L0557
IN202606290056,SKU0274,38,2026-06-29 08:19:00,2026-06-29 08:33:55,李帆,L0557
IN202607030060,SKU0274,38,2026-07-03 08:38:00,2026-07-03 08:39:07,宋超,L0557
IN202607070050,SKU0274,38,2026-07-07 11:59:00,2026-07-07 12:15:09,王丹,L0557
IN202607110055,SKU0274,38,2026-07-11 08:48:00,2026-07-11 09:00:04,刘旭,L0557
IN202607150057,SKU0274,38,2026-07-15 08:10:00,2026-07-15 11:03:50,姚佳,L0557
IN202607190055,SKU0274,38,2026-07-19 11:37:00,2026-07-19 13:17:00,王丹,L0557
IN202607230053,SKU0274,38,2026-07-23 11:59:00,2026-07-23 12:21:19,杨建军,L0557
IN202607270059,SKU0274,38,2026-07-27 10:42:00,2026-07-27 10:49:44,杨建军,L0557
IN202607310058,SKU0274,38,2026-07-31 10:50:00,2026-07-31 10:56:59,刘旭,L0557
IN202608040051,SKU0274,38,2026-08-04 09:05:00,2026-08-04 09:23:42,廖晨,L0557
IN202608080060,SKU0274,38,2026-08-08 11:42:00,2026-08-08 11:35:45,郑婷婷,L0557
IN202608120052,SKU0274,38,2026-08-12 08:39:00,2026-08-12 08:31:47,廖晨,L0557
IN202608160049,SKU0274,38,2026-08-16 11:10:00,2026-08-16 11:31:16,卓雪,L0557
IN202608200063,SKU0274,38,2026-08-20 11:49:00,2026-08-20 11:42:07,杨建军,L0557
IN202608240057,SKU0274,38,2026-08-24 10:37:00,2026-08-24 10:50:58,宋超,L0557
IN202608280054,SKU0274,38,2026-08-28 10:40:00,2026-08-28 10:35:31,姚佳,L0557
IN202606020059,SKU0275,10,2026-06-02 11:17:00,2026-06-02 11:29:34,郑婷婷,L0049
IN202606060066,SKU0275,10,2026-06-06 10:41:00,2026-06-06 10:32:23,郑婷婷,L0049
IN202606100059,SKU0275,10,2026-06-10 08:33:00,2026-06-10 10:13:29,宋超,L0049
IN202606140064,SKU0275,10,2026-06-14 11:09:00,2026-06-14 12:06:50,徐萍,L0049
IN202606180064,SKU0275,10,2026-06-18 09:04:00,2026-06-18 08:54:29,刘旭,L0049
IN202606220061,SKU0275,10,2026-06-22 09:06:00,2026-06-22 09:07:46,李敏,L0049
IN202606260067,SKU0275,10,2026-06-26 09:58:00,2026-06-26 10:07:35,宋超,L0049
IN202606300062,SKU0275,10,2026-06-30 09:36:00,2026-06-30 09:58:28,李敏,L0049
IN202607040062,SKU0275,10,2026-07-04 08:51:00,2026-07-04 08:51:41,卓雪,L0049
IN202607080061,SKU0275,10,2026-07-08 11:11:00,2026-07-08 14:01:48,徐萍,L0049
IN202607120060,SKU0275,10,2026-07-12 09:55:00,2026-07-12 09:57:46,李敏,L0049
IN202607160065,SKU0275,10,2026-07-16 10:41:00,2026-07-16 10:39:32,李帆,L0049
IN202607200066,SKU0275,10,2026-07-20 11:25:00,2026-07-20 11:36:39,王丹,L0049
IN202607240065,SKU0275,10,2026-07-24 09:57:00,2026-07-24 10:08:56,徐萍,L0049
IN202607280060,SKU0275,10,2026-07-28 10:07:00,2026-07-28 10:00:21,王丹,L0049
IN202608010060,SKU0275,10,2026-08-01 10:59:00,2026-08-01 10:50:54,宋超,L0049
IN202608050064,SKU0275,10,2026-08-05 11:27:00,2026-08-05 11:41:03,李帆,L0049
IN202608090061,SKU0275,10,2026-08-09 08:01:00,2026-08-09 08:07:16,毛燕,L0049
IN202608130065,SKU0275,10,2026-08-13 09:34:00,2026-08-13 09:53:25,李帆,L0049
IN202608170066,SKU0275,10,2026-08-17 08:09:00,2026-08-17 08:13:25,廖晨,L0049
IN202608210059,SKU0275,10,2026-08-21 08:01:00,2026-08-21 08:04:14,杨建军,L0049
IN202608250065,SKU0275,10,2026-08-25 10:31:00,2026-08-25 10:36:25,王丹,L0049
IN202608290063,SKU0275,10,2026-08-29 09:51:00,2026-08-29 13:08:35,廖晨,L0049
IN202606050054,SKU0276,14,2026-06-05 11:14:00,2026-06-05 11:20:22,郑婷婷,L0034
IN202606100060,SKU0276,14,2026-06-10 08:40:00,2026-06-10 08:50:19,杨建军,L0034
IN202606150062,SKU0276,14,2026-06-15 09:02:00,2026-06-15 09:12:31,郑婷婷,L0034
IN202606200064,SKU0276,14,2026-06-20 11:04:00,2026-06-20 11:13:07,姚佳,L0034
IN202606250056,SKU0276,14,2026-06-25 10:04:00,2026-06-25 09:57:40,郑婷婷,L0034
IN202606300063,SKU0276,14,2026-06-30 11:56:00,2026-06-30 12:19:26,王丹,L0034
IN202607050052,SKU0276,14,2026-07-05 08:14:00,2026-07-05 08:35:33,郑婷婷,L0034
IN202607100063,SKU0276,14,2026-07-10 09:48:00,2026-07-10 10:08:47,刘旭,L0034
IN202607150058,SKU0276,14,2026-07-15 10:04:00,2026-07-15 10:12:21,杨建军,L0034
IN202607200067,SKU0276,14,2026-07-20 10:55:00,2026-07-20 11:06:01,刘旭,L0034
IN202607250054,SKU0276,14,2026-07-25 09:45:00,2026-07-25 09:37:17,徐萍,L0034
IN202607300065,SKU0276,14,2026-07-30 09:39:00,2026-07-30 09:42:09,姚佳,L0034
IN202608040052,SKU0276,14,2026-08-04 11:57:00,2026-08-04 11:50:21,刘旭,L0034
IN202608090062,SKU0276,14,2026-08-09 09:56:00,2026-08-09 10:20:54,杨建军,L0034
IN202608140060,SKU0276,14,2026-08-14 10:58:00,2026-08-14 11:05:35,徐萍,L0034
IN202608190062,SKU0276,14,2026-08-19 10:34:00,2026-08-19 10:31:57,郑婷婷,L0034
IN202608240058,SKU0276,14,2026-08-24 10:00:00,2026-08-24 11:19:21,毛燕,L0034
IN202608290064,SKU0276,14,2026-08-29 08:34:00,2026-08-29 08:37:02,毛燕,L0034
IN202606020060,SKU0277,9,2026-06-02 11:38:00,2026-06-02 11:56:54,徐萍,L0092
IN202606050055,SKU0277,9,2026-06-05 09:26:00,2026-06-05 09:43:12,李敏,L0092
IN202606080067,SKU0277,9,2026-06-08 11:09:00,2026-06-08 11:07:06,宋超,L0092
IN202606110056,SKU0277,9,2026-06-11 11:46:00,2026-06-11 12:02:24,李敏,L0092
IN202606140065,SKU0277,9,2026-06-14 10:23:00,2026-06-14 10:43:24,毛燕,L0092
IN202606170048,SKU0277,9,2026-06-17 11:32:00,2026-06-17 11:37:26,李敏,L0092
IN202606200065,SKU0277,9,2026-06-20 11:24:00,2026-06-20 11:24:10,郑婷婷,L0092
IN202606230051,SKU0277,9,2026-06-23 11:59:00,2026-06-23 14:57:43,卓雪,L0092
IN202606260068,SKU0277,9,2026-06-26 10:06:00,2026-06-26 10:22:14,徐萍,L0092
IN202606290057,SKU0277,9,2026-06-29 11:11:00,2026-06-29 11:35:28,廖晨,L0092
IN202607020062,SKU0277,9,2026-07-02 11:14:00,2026-07-02 14:28:48,毛燕,L0092
IN202607050053,SKU0277,9,2026-07-05 08:21:00,2026-07-05 08:37:16,杨建军,L0092
IN202607080062,SKU0277,9,2026-07-08 08:47:00,2026-07-08 08:55:59,杨建军,L0092
IN202607110056,SKU0277,9,2026-07-11 11:30:00,2026-07-11 14:43:10,郑婷婷,L0092
IN202607140064,SKU0277,9,2026-07-14 11:06:00,2026-07-14 11:14:52,卓雪,L0092
IN202607170050,SKU0277,9,2026-07-17 08:46:00,2026-07-17 08:43:51,刘旭,L0092
IN202607200068,SKU0277,9,2026-07-20 11:13:00,2026-07-20 11:04:58,廖晨,L0092
IN202607230054,SKU0277,9,2026-07-23 11:26:00,2026-07-23 11:41:11,郑婷婷,L0092
IN202607260067,SKU0277,9,2026-07-26 08:22:00,2026-07-26 08:27:43,卓雪,L0092
IN202607290051,SKU0277,9,2026-07-29 10:16:00,2026-07-29 10:31:23,徐萍,L0092
IN202608010061,SKU0277,9,2026-08-01 08:03:00,2026-08-01 09:16:42,李帆,L0092
IN202608040053,SKU0277,9,2026-08-04 11:33:00,2026-08-04 15:02:45,杨建军,L0092
IN202608070065,SKU0277,9,2026-08-07 11:16:00,2026-08-07 12:20:21,卓雪,L0092
IN202608100058,SKU0277,9,2026-08-10 08:27:00,2026-08-10 08:34:38,郑婷婷,L0092
IN202608130066,SKU0277,9,2026-08-13 09:38:00,2026-08-13 09:38:15,郑婷婷,L0092
IN202608160050,SKU0277,9,2026-08-16 10:36:00,2026-08-16 10:44:53,毛燕,L0092
IN202608190063,SKU0277,9,2026-08-19 09:02:00,2026-08-19 09:07:14,卓雪,L0092
IN202608220052,SKU0277,9,2026-08-22 11:54:00,2026-08-22 12:09:32,毛燕,L0092
IN202608250066,SKU0277,9,2026-08-25 10:17:00,2026-08-25 14:07:14,李敏,L0092
IN202608280055,SKU0277,9,2026-08-28 11:34:00,2026-08-28 11:27:40,徐萍,L0092
IN202606030057,SKU0278,16,2026-06-03 08:47:00,2026-06-03 11:48:35,李帆,L0068
IN202606100061,SKU0278,16,2026-06-10 11:51:00,2026-06-10 11:58:08,王丹,L0068
IN202606170049,SKU0278,16,2026-06-17 09:11:00,2026-06-17 11:46:35,宋超,L0068
IN202606240063,SKU0278,16,2026-06-24 10:29:00,2026-06-24 10:26:35,郑婷婷,L0068
IN202607010055,SKU0278,16,2026-07-01 09:50:00,2026-07-01 09:48:23,李帆,L0068
IN202607080063,SKU0278,16,2026-07-08 08:02:00,2026-07-08 08:10:35,李帆,L0068
IN202607150059,SKU0278,16,2026-07-15 09:54:00,2026-07-15 10:13:31,郑婷婷,L0068
IN202607220057,SKU0278,16,2026-07-22 10:03:00,2026-07-22 09:54:16,李帆,L0068
IN202607290052,SKU0278,16,2026-07-29 11:17:00,2026-07-29 11:18:14,徐萍,L0068
IN202608050065,SKU0278,16,2026-08-05 11:00:00,2026-08-05 10:55:14,杨建军,L0068
IN202608120053,SKU0278,16,2026-08-12 11:41:00,2026-08-12 15:34:45,王丹,L0068
IN202608190064,SKU0278,16,2026-08-19 11:47:00,2026-08-19 11:51:13,徐萍,L0068
IN202608260054,SKU0278,16,2026-08-26 11:12:00,2026-08-26 12:03:57,李帆,L0068
IN202606030058,SKU0279,21,2026-06-03 08:02:00,2026-06-03 08:26:08,杨建军,L0775
IN202606070051,SKU0279,21,2026-06-07 11:26:00,2026-06-07 11:34:28,杨建军,L0775
IN202606110057,SKU0279,21,2026-06-11 09:03:00,2026-06-11 09:27:55,宋超,L0775
IN202606150063,SKU0279,21,2026-06-15 08:58:00,2026-06-15 09:01:26,卓雪,L0775
IN202606190056,SKU0279,21,2026-06-19 08:21:00,2026-06-19 10:23:05,徐萍,L0775
IN202606230052,SKU0279,21,2026-06-23 08:56:00,2026-06-23 09:12:18,宋超,L0775
IN202606270056,SKU0279,21,2026-06-27 09:43:00,2026-06-27 09:38:48,廖晨,L0775
IN202607010056,SKU0279,21,2026-07-01 11:32:00,2026-07-01 15:16:17,李敏,L0775
IN202607050054,SKU0279,21,2026-07-05 11:14:00,2026-07-05 14:36:05,刘旭,L0775
IN202607090061,SKU0279,21,2026-07-09 10:20:00,2026-07-09 13:33:42,卓雪,L0775
IN202607130057,SKU0279,21,2026-07-13 10:09:00,2026-07-13 10:25:34,刘旭,L0775
IN202607170051,SKU0279,21,2026-07-17 11:24:00,2026-07-17 11:40:31,廖晨,L0775
IN202607210061,SKU0279,21,2026-07-21 10:45:00,2026-07-21 10:51:12,毛燕,L0775
IN202607250055,SKU0279,21,2026-07-25 08:55:00,2026-07-25 08:53:36,姚佳,L0775
IN202607290053,SKU0279,21,2026-07-29 10:26:00,2026-07-29 10:19:51,李帆,L0775
IN202608020059,SKU0279,21,2026-08-02 08:00:00,2026-08-02 08:08:58,徐萍,L0775
IN202608060052,SKU0279,21,2026-08-06 10:08:00,2026-08-06 10:22:26,姚佳,L0775
IN202608100059,SKU0279,21,2026-08-10 10:48:00,2026-08-10 13:45:11,宋超,L0775
IN202608140061,SKU0279,21,2026-08-14 09:01:00,2026-08-14 11:44:36,宋超,L0775
IN202608180054,SKU0279,21,2026-08-18 10:55:00,2026-08-18 11:12:44,廖晨,L0775
IN202608220053,SKU0279,21,2026-08-22 09:38:00,2026-08-22 11:10:26,李帆,L0775
IN202608260055,SKU0279,21,2026-08-26 08:39:00,2026-08-26 08:57:37,廖晨,L0775
IN202606020061,SKU0280,15,2026-06-02 09:04:00,2026-06-02 10:45:04,廖晨,L0772
IN202606050056,SKU0280,15,2026-06-05 08:30:00,2026-06-05 08:31:25,王丹,L0772
IN202606080068,SKU0280,15,2026-06-08 09:52:00,2026-06-08 09:54:57,郑婷婷,L0772
IN202606110058,SKU0280,15,2026-06-11 09:59:00,2026-06-11 10:22:45,王丹,L0772
IN202606140066,SKU0280,15,2026-06-14 10:20:00,2026-06-14 10:23:08,王丹,L0772
IN202606170050,SKU0280,15,2026-06-17 10:11:00,2026-06-17 10:35:13,毛燕,L0772
IN202606200066,SKU0280,15,2026-06-20 09:01:00,2026-06-20 08:58:45,徐萍,L0772
IN202606230053,SKU0280,15,2026-06-23 10:01:00,2026-06-23 10:05:07,李敏,L0772
IN202606260069,SKU0280,15,2026-06-26 08:28:00,2026-06-26 12:25:11,廖晨,L0772
IN202606290058,SKU0280,15,2026-06-29 08:42:00,2026-06-29 08:49:39,徐萍,L0772
IN202607020063,SKU0280,15,2026-07-02 08:23:00,2026-07-02 08:30:16,郑婷婷,L0772
IN202607050055,SKU0280,15,2026-07-05 09:45:00,2026-07-05 09:45:54,李敏,L0772
IN202607080064,SKU0280,15,2026-07-08 09:07:00,2026-07-08 09:30:13,姚佳,L0772
IN202607110057,SKU0280,15,2026-07-11 11:21:00,2026-07-11 11:24:50,宋超,L0772
IN202607140065,SKU0280,15,2026-07-14 08:20:00,2026-07-14 08:28:36,毛燕,L0772
IN202607170052,SKU0280,15,2026-07-17 11:18:00,2026-07-17 11:25:08,李敏,L0772
IN202607200069,SKU0280,15,2026-07-20 08:27:00,2026-07-20 08:21:26,姚佳,L0772
IN202607230055,SKU0280,15,2026-07-23 10:55:00,2026-07-23 10:54:15,郑婷婷,L0772
IN202607260068,SKU0280,15,2026-07-26 11:31:00,2026-07-26 11:21:13,廖晨,L0772
IN202607290054,SKU0280,15,2026-07-29 08:13:00,2026-07-29 08:26:43,李敏,L0772
IN202608010062,SKU0280,15,2026-08-01 08:58:00,2026-08-01 08:58:38,郑婷婷,L0772
IN202608040054,SKU0280,15,2026-08-04 08:17:00,2026-08-04 08:25:52,杨建军,L0772
IN202608070066,SKU0280,15,2026-08-07 10:22:00,2026-08-07 10:41:07,姚佳,L0772
IN202608100060,SKU0280,15,2026-08-10 09:09:00,2026-08-10 09:10:23,李帆,L0772
IN202608130067,SKU0280,15,2026-08-13 11:30:00,2026-08-13 11:21:22,毛燕,L0772
IN202608160051,SKU0280,15,2026-08-16 11:23:00,2026-08-16 11:24:42,毛燕,L0772
IN202608190065,SKU0280,15,2026-08-19 10:33:00,2026-08-19 10:50:18,徐萍,L0772
IN202608220054,SKU0280,15,2026-08-22 09:42:00,2026-08-22 09:38:30,王丹,L0772
IN202608250067,SKU0280,15,2026-08-25 11:09:00,2026-08-25 11:26:24,徐萍,L0772
IN202608280056,SKU0280,15,2026-08-28 10:02:00,2026-08-28 10:17:59,王丹,L0772
IN202606020062,SKU0281,10,2026-06-02 11:47:00,2026-06-02 12:07:56,姚佳,L0099
IN202606050057,SKU0281,10,2026-06-05 10:02:00,2026-06-05 10:20:42,李敏,L0099
IN202606080069,SKU0281,10,2026-06-08 11:23:00,2026-06-08 11:43:46,李敏,L0099
IN202606110059,SKU0281,10,2026-06-11 10:09:00,2026-06-11 10:16:15,姚佳,L0099
IN202606140067,SKU0281,10,2026-06-14 11:42:00,2026-06-14 11:39:42,杨建军,L0099
IN202606170051,SKU0281,10,2026-06-17 08:21:00,2026-06-17 08:32:23,王丹,L0099
IN202606200067,SKU0281,10,2026-06-20 08:08:00,2026-06-20 11:46:33,杨建军,L0099
IN202606230054,SKU0281,10,2026-06-23 10:46:00,2026-06-23 11:36:18,刘旭,L0099
IN202606260070,SKU0281,10,2026-06-26 11:13:00,2026-06-26 11:25:21,刘旭,L0099
IN202606290059,SKU0281,10,2026-06-29 10:33:00,2026-06-29 10:34:40,王丹,L0099
IN202607020064,SKU0281,10,2026-07-02 09:42:00,2026-07-02 09:51:25,李敏,L0099
IN202607050056,SKU0281,10,2026-07-05 10:11:00,2026-07-05 10:07:13,毛燕,L0099
IN202607080065,SKU0281,10,2026-07-08 10:33:00,2026-07-08 10:28:24,郑婷婷,L0099
IN202607110058,SKU0281,10,2026-07-11 09:48:00,2026-07-11 10:03:23,卓雪,L0099
IN202607140066,SKU0281,10,2026-07-14 09:01:00,2026-07-14 09:04:05,杨建军,L0099
IN202607170053,SKU0281,10,2026-07-17 09:01:00,2026-07-17 09:16:13,毛燕,L0099
IN202607200070,SKU0281,10,2026-07-20 08:41:00,2026-07-20 08:57:53,毛燕,L0099
IN202607230056,SKU0281,10,2026-07-23 08:39:00,2026-07-23 10:32:31,廖晨,L0099
IN202607260069,SKU0281,10,2026-07-26 08:18:00,2026-07-26 08:38:38,宋超,L0099
IN202607290055,SKU0281,10,2026-07-29 08:13:00,2026-07-29 08:22:42,姚佳,L0099
IN202608010063,SKU0281,10,2026-08-01 10:01:00,2026-08-01 10:45:43,廖晨,L0099
IN202608040055,SKU0281,10,2026-08-04 10:02:00,2026-08-04 10:06:16,姚佳,L0099
IN202608070067,SKU0281,10,2026-08-07 11:55:00,2026-08-07 12:11:57,徐萍,L0099
IN202608100061,SKU0281,10,2026-08-10 10:01:00,2026-08-10 10:11:20,刘旭,L0099
IN202608130068,SKU0281,10,2026-08-13 11:09:00,2026-08-13 11:32:21,杨建军,L0099
IN202608160052,SKU0281,10,2026-08-16 11:57:00,2026-08-16 11:54:46,王丹,L0099
IN202608190066,SKU0281,10,2026-08-19 09:17:00,2026-08-19 09:10:02,李帆,L0099
IN202608220055,SKU0281,10,2026-08-22 11:13:00,2026-08-22 11:06:17,郑婷婷,L0099
IN202608250068,SKU0281,10,2026-08-25 11:26:00,2026-08-25 12:51:35,卓雪,L0099
IN202608280057,SKU0281,10,2026-08-28 09:34:00,2026-08-28 09:41:16,宋超,L0099
IN202606010061,SKU0282,15,2026-06-01 09:52:00,2026-06-01 12:36:21,李敏,L0734
IN202606040064,SKU0282,15,2026-06-04 08:06:00,2026-06-04 08:21:41,宋超,L0734
IN202606070052,SKU0282,15,2026-06-07 08:37:00,2026-06-07 08:54:20,毛燕,L0734
IN202606100062,SKU0282,15,2026-06-10 10:03:00,2026-06-10 10:58:16,毛燕,L0734
IN202606130055,SKU0282,15,2026-06-13 09:59:00,2026-06-13 10:18:11,杨建军,L0734
IN202606160064,SKU0282,15,2026-06-16 10:53:00,2026-06-16 11:07:18,杨建军,L0734
IN202606190057,SKU0282,15,2026-06-19 08:18:00,2026-06-19 08:20:37,刘旭,L0734
IN202606220062,SKU0282,15,2026-06-22 11:41:00,2026-06-22 12:56:45,毛燕,L0734
IN202606250057,SKU0282,15,2026-06-25 11:23:00,2026-06-25 11:16:28,李帆,L0734
IN202606280062,SKU0282,15,2026-06-28 09:31:00,2026-06-28 09:53:09,廖晨,L0734
IN202607010057,SKU0282,15,2026-07-01 10:24:00,2026-07-01 13:32:11,宋超,L0734
IN202607040063,SKU0282,15,2026-07-04 08:30:00,2026-07-04 08:23:13,姚佳,L0734
IN202607070051,SKU0282,15,2026-07-07 11:06:00,2026-07-07 11:04:55,卓雪,L0734
IN202607100064,SKU0282,15,2026-07-10 10:23:00,2026-07-10 10:38:13,刘旭,L0734
IN202607130058,SKU0282,15,2026-07-13 08:41:00,2026-07-13 08:36:49,廖晨,L0734
IN202607160066,SKU0282,15,2026-07-16 10:15:00,2026-07-16 10:36:57,刘旭,L0734
IN202607190056,SKU0282,15,2026-07-19 08:57:00,2026-07-19 08:58:48,宋超,L0734
IN202607220058,SKU0282,15,2026-07-22 10:55:00,2026-07-22 10:54:18,廖晨,L0734
IN202607250056,SKU0282,15,2026-07-25 10:45:00,2026-07-25 10:47:56,郑婷婷,L0734
IN202607280061,SKU0282,15,2026-07-28 08:25:00,2026-07-28 08:37:03,李敏,L0734
IN202607310059,SKU0282,15,2026-07-31 11:31:00,2026-07-31 11:39:31,李帆,L0734
IN202608030066,SKU0282,15,2026-08-03 11:31:00,2026-08-03 11:40:35,廖晨,L0734
IN202608060053,SKU0282,15,2026-08-06 11:04:00,2026-08-06 11:03:59,廖晨,L0734
IN202608090063,SKU0282,15,2026-08-09 11:32:00,2026-08-09 11:55:11,李帆,L0734
IN202608120054,SKU0282,15,2026-08-12 11:56:00,2026-08-12 12:08:51,徐萍,L0734
IN202608150065,SKU0282,15,2026-08-15 09:43:00,2026-08-15 09:59:44,刘旭,L0734
IN202608180055,SKU0282,15,2026-08-18 11:59:00,2026-08-18 12:11:27,杨建军,L0734
IN202608210060,SKU0282,15,2026-08-21 09:17:00,2026-08-21 09:18:51,李敏,L0734
IN202608240059,SKU0282,15,2026-08-24 09:30:00,2026-08-24 10:13:10,郑婷婷,L0734
IN202608270063,SKU0282,15,2026-08-27 10:53:00,2026-08-27 10:43:44,卓雪,L0734
IN202606010062,SKU0283,16,2026-06-01 08:11:00,2026-06-01 08:20:53,宋超,L0698
IN202606040065,SKU0283,16,2026-06-04 09:34:00,2026-06-04 09:27:56,姚佳,L0698
IN202606070053,SKU0283,16,2026-06-07 11:52:00,2026-06-07 12:58:16,卓雪,L0698
IN202606100063,SKU0283,16,2026-06-10 10:30:00,2026-06-10 11:30:50,姚佳,L0698
IN202606130056,SKU0283,16,2026-06-13 10:28:00,2026-06-13 10:46:48,卓雪,L0698
IN202606160065,SKU0283,16,2026-06-16 08:25:00,2026-06-16 08:40:51,毛燕,L0698
IN202606190058,SKU0283,16,2026-06-19 10:24:00,2026-06-19 10:36:37,杨建军,L0698
IN202606220063,SKU0283,16,2026-06-22 11:29:00,2026-06-22 11:33:02,刘旭,L0698
IN202606250058,SKU0283,16,2026-06-25 09:02:00,2026-06-25 09:01:47,李帆,L0698
IN202606280063,SKU0283,16,2026-06-28 09:55:00,2026-06-28 10:06:58,宋超,L0698
IN202607010058,SKU0283,16,2026-07-01 09:47:00,2026-07-01 10:11:53,刘旭,L0698
IN202607040064,SKU0283,16,2026-07-04 09:52:00,2026-07-04 11:42:04,徐萍,L0698
IN202607070052,SKU0283,16,2026-07-07 08:17:00,2026-07-07 08:25:51,徐萍,L0698
IN202607100065,SKU0283,16,2026-07-10 09:39:00,2026-07-10 09:29:59,杨建军,L0698
IN202607130059,SKU0283,16,2026-07-13 09:54:00,2026-07-13 10:07:03,廖晨,L0698
IN202607160067,SKU0283,16,2026-07-16 09:38:00,2026-07-16 09:58:58,毛燕,L0698
IN202607190057,SKU0283,16,2026-07-19 09:35:00,2026-07-19 09:37:31,郑婷婷,L0698
IN202607220059,SKU0283,16,2026-07-22 09:45:00,2026-07-22 09:55:42,杨建军,L0698
IN202607250057,SKU0283,16,2026-07-25 09:52:00,2026-07-25 09:43:30,姚佳,L0698
IN202607280062,SKU0283,16,2026-07-28 08:47:00,2026-07-28 08:43:32,徐萍,L0698
IN202607310060,SKU0283,16,2026-07-31 09:07:00,2026-07-31 11:19:23,徐萍,L0698
IN202608030067,SKU0283,16,2026-08-03 10:35:00,2026-08-03 10:52:10,宋超,L0698
IN202608060054,SKU0283,16,2026-08-06 08:21:00,2026-08-06 08:43:15,刘旭,L0698
IN202608090064,SKU0283,16,2026-08-09 09:37:00,2026-08-09 09:56:47,毛燕,L0698
IN202608120055,SKU0283,16,2026-08-12 08:28:00,2026-08-12 09:29:52,廖晨,L0698
IN202608150066,SKU0283,16,2026-08-15 11:07:00,2026-08-15 11:07:29,宋超,L0698
IN202608180056,SKU0283,16,2026-08-18 08:29:00,2026-08-18 08:50:00,刘旭,L0698
IN202608210061,SKU0283,16,2026-08-21 10:07:00,2026-08-21 10:06:54,郑婷婷,L0698
IN202608240060,SKU0283,16,2026-08-24 09:45:00,2026-08-24 11:59:54,杨建军,L0698
IN202608270064,SKU0283,16,2026-08-27 11:23:00,2026-08-27 13:35:48,徐萍,L0698
IN202606050058,SKU0284,56,2026-06-05 09:58:00,2026-06-05 13:26:56,李帆,L0518
IN202606120062,SKU0284,56,2026-06-12 08:36:00,2026-06-12 08:30:20,王丹,L0518
IN202606190059,SKU0284,56,2026-06-19 10:31:00,2026-06-19 10:37:08,徐萍,L0518
IN202606260071,SKU0284,56,2026-06-26 11:52:00,2026-06-26 12:03:09,杨建军,L0518
IN202607030061,SKU0284,56,2026-07-03 08:45:00,2026-07-03 09:00:13,宋超,L0518
IN202607100066,SKU0284,56,2026-07-10 08:49:00,2026-07-10 08:51:28,王丹,L0518
IN202607170054,SKU0284,56,2026-07-17 08:53:00,2026-07-17 10:33:42,徐萍,L0518
IN202607240066,SKU0284,56,2026-07-24 11:28:00,2026-07-24 11:21:33,廖晨,L0518
IN202607310061,SKU0284,56,2026-07-31 09:58:00,2026-07-31 10:16:49,刘旭,L0518
IN202608070068,SKU0284,56,2026-08-07 09:56:00,2026-08-07 09:49:47,刘旭,L0518
IN202608140062,SKU0284,56,2026-08-14 11:04:00,2026-08-14 11:26:54,姚佳,L0518
IN202608210062,SKU0284,56,2026-08-21 09:52:00,2026-08-21 12:08:51,宋超,L0518
IN202608280058,SKU0284,56,2026-08-28 11:26:00,2026-08-28 11:41:37,李帆,L0518
IN202606010063,SKU0285,11,2026-06-01 08:55:00,2026-06-01 08:59:45,郑婷婷,L0071
IN202606040066,SKU0285,11,2026-06-04 11:02:00,2026-06-04 11:10:12,刘旭,L0071
IN202606070054,SKU0285,11,2026-06-07 08:45:00,2026-06-07 08:59:14,卓雪,L0071
IN202606100064,SKU0285,11,2026-06-10 08:42:00,2026-06-10 08:59:34,毛燕,L0071
IN202606130057,SKU0285,11,2026-06-13 11:15:00,2026-06-13 11:17:18,毛燕,L0071
IN202606160066,SKU0285,11,2026-06-16 09:55:00,2026-06-16 09:59:05,李帆,L0071
IN202606190060,SKU0285,11,2026-06-19 09:49:00,2026-06-19 10:10:24,李敏,L0071
IN202606220064,SKU0285,11,2026-06-22 09:08:00,2026-06-22 09:06:28,郑婷婷,L0071
IN202606250059,SKU0285,11,2026-06-25 08:02:00,2026-06-25 08:25:24,姚佳,L0071
IN202606280064,SKU0285,11,2026-06-28 09:37:00,2026-06-28 09:56:07,卓雪,L0071
IN202607010059,SKU0285,11,2026-07-01 11:32:00,2026-07-01 15:04:56,毛燕,L0071
IN202607040065,SKU0285,11,2026-07-04 08:07:00,2026-07-04 08:51:20,杨建军,L0071
IN202607070053,SKU0285,11,2026-07-07 11:47:00,2026-07-07 12:02:02,姚佳,L0071
IN202607100067,SKU0285,11,2026-07-10 11:10:00,2026-07-10 11:32:19,王丹,L0071
IN202607130060,SKU0285,11,2026-07-13 10:05:00,2026-07-13 10:17:01,李敏,L0071
IN202607160068,SKU0285,11,2026-07-16 11:47:00,2026-07-16 12:08:14,廖晨,L0071
IN202607190058,SKU0285,11,2026-07-19 08:08:00,2026-07-19 08:29:54,宋超,L0071
IN202607220060,SKU0285,11,2026-07-22 09:56:00,2026-07-22 10:14:22,毛燕,L0071
IN202607250058,SKU0285,11,2026-07-25 09:20:00,2026-07-25 09:18:46,宋超,L0071
IN202607280063,SKU0285,11,2026-07-28 11:05:00,2026-07-28 11:07:27,王丹,L0071
IN202607310062,SKU0285,11,2026-07-31 09:17:00,2026-07-31 09:27:00,郑婷婷,L0071
IN202608030068,SKU0285,11,2026-08-03 09:22:00,2026-08-03 09:19:24,姚佳,L0071
IN202608060055,SKU0285,11,2026-08-06 09:43:00,2026-08-06 10:18:06,廖晨,L0071
IN202608090065,SKU0285,11,2026-08-09 10:59:00,2026-08-09 11:07:07,徐萍,L0071
IN202608120056,SKU0285,11,2026-08-12 09:46:00,2026-08-12 10:03:08,宋超,L0071
IN202608150067,SKU0285,11,2026-08-15 11:21:00,2026-08-15 11:27:01,李帆,L0071
IN202608180057,SKU0285,11,2026-08-18 11:19:00,2026-08-18 11:28:00,徐萍,L0071
IN202608210063,SKU0285,11,2026-08-21 11:03:00,2026-08-21 11:07:54,徐萍,L0071
IN202608240061,SKU0285,11,2026-08-24 08:39:00,2026-08-24 08:53:51,刘旭,L0071
IN202608270065,SKU0285,11,2026-08-27 09:17:00,2026-08-27 09:32:36,刘旭,L0071
IN202606030059,SKU0286,13,2026-06-03 08:37:00,2026-06-03 08:53:02,卓雪,L0501
IN202606060067,SKU0286,13,2026-06-06 09:59:00,2026-06-06 10:00:52,刘旭,L0501
IN202606090060,SKU0286,13,2026-06-09 11:11:00,2026-06-09 14:25:22,刘旭,L0501
IN202606120063,SKU0286,13,2026-06-12 10:01:00,2026-06-12 09:58:04,杨建军,L0501
IN202606150064,SKU0286,13,2026-06-15 11:12:00,2026-06-15 11:36:39,刘旭,L0501
IN202606180065,SKU0286,13,2026-06-18 10:12:00,2026-06-18 12:10:38,王丹,L0501
IN202606210063,SKU0286,13,2026-06-21 08:35:00,2026-06-21 08:27:08,宋超,L0501
IN202606240064,SKU0286,13,2026-06-24 10:52:00,2026-06-24 10:43:35,王丹,L0501
IN202606270057,SKU0286,13,2026-06-27 11:45:00,2026-06-27 11:44:14,李帆,L0501
IN202606300064,SKU0286,13,2026-06-30 09:57:00,2026-06-30 10:17:00,徐萍,L0501
IN202607030062,SKU0286,13,2026-07-03 10:21:00,2026-07-03 10:36:26,刘旭,L0501
IN202607060070,SKU0286,13,2026-07-06 10:12:00,2026-07-06 10:27:49,姚佳,L0501
IN202607090062,SKU0286,13,2026-07-09 11:01:00,2026-07-09 12:02:07,廖晨,L0501
IN202607120061,SKU0286,13,2026-07-12 09:05:00,2026-07-12 09:20:17,宋超,L0501
IN202607150060,SKU0286,13,2026-07-15 08:34:00,2026-07-15 08:32:30,刘旭,L0501
IN202607180064,SKU0286,13,2026-07-18 11:40:00,2026-07-18 13:40:23,李帆,L0501
IN202607210062,SKU0286,13,2026-07-21 11:48:00,2026-07-21 12:08:23,杨建军,L0501
IN202607240067,SKU0286,13,2026-07-24 08:50:00,2026-07-24 08:44:48,郑婷婷,L0501
IN202607270060,SKU0286,13,2026-07-27 11:21:00,2026-07-27 11:21:40,李敏,L0501
IN202607300066,SKU0286,13,2026-07-30 11:11:00,2026-07-30 11:13:19,徐萍,L0501
IN202608020060,SKU0286,13,2026-08-02 11:09:00,2026-08-02 11:30:37,卓雪,L0501
IN202608050066,SKU0286,13,2026-08-05 08:36:00,2026-08-05 08:51:20,卓雪,L0501
IN202608080061,SKU0286,13,2026-08-08 10:58:00,2026-08-08 11:13:53,毛燕,L0501
IN202608110060,SKU0286,13,2026-08-11 09:23:00,2026-08-11 09:44:04,李帆,L0501
IN202608140063,SKU0286,13,2026-08-14 10:28:00,2026-08-14 10:48:47,宋超,L0501
IN202608170067,SKU0286,13,2026-08-17 11:14:00,2026-08-17 11:05:29,刘旭,L0501
IN202608200064,SKU0286,13,2026-08-20 11:53:00,2026-08-20 11:50:30,廖晨,L0501
IN202608230065,SKU0286,13,2026-08-23 11:44:00,2026-08-23 11:38:27,姚佳,L0501
IN202608260056,SKU0286,13,2026-08-26 08:44:00,2026-08-26 09:05:58,李敏,L0501
IN202608290065,SKU0286,13,2026-08-29 09:50:00,2026-08-29 12:02:59,宋超,L0501
IN202606030060,SKU0287,31,2026-06-03 08:04:00,2026-06-03 08:16:23,徐萍,L0479
IN202606070055,SKU0287,31,2026-06-07 11:34:00,2026-06-07 12:19:31,徐萍,L0479
IN202606110060,SKU0287,31,2026-06-11 09:58:00,2026-06-11 09:57:20,王丹,L0479
IN202606150065,SKU0287,31,2026-06-15 09:00:00,2026-06-15 09:18:23,姚佳,L0479
IN202606190061,SKU0287,31,2026-06-19 11:41:00,2026-06-19 11:31:40,徐萍,L0479
IN202606230055,SKU0287,31,2026-06-23 08:53:00,2026-06-23 09:06:53,郑婷婷,L0479
IN202606270058,SKU0287,31,2026-06-27 09:34:00,2026-06-27 09:50:35,郑婷婷,L0479
IN202607010060,SKU0287,31,2026-07-01 08:47:00,2026-07-01 08:38:17,宋超,L0479
IN202607050057,SKU0287,31,2026-07-05 08:36:00,2026-07-05 11:04:51,毛燕,L0479
IN202607090063,SKU0287,31,2026-07-09 10:07:00,2026-07-09 10:15:30,杨建军,L0479
IN202607130061,SKU0287,31,2026-07-13 08:46:00,2026-07-13 09:10:19,徐萍,L0479
IN202607170055,SKU0287,31,2026-07-17 09:29:00,2026-07-17 09:25:45,廖晨,L0479
IN202607210063,SKU0287,31,2026-07-21 09:16:00,2026-07-21 09:12:31,宋超,L0479
IN202607250059,SKU0287,31,2026-07-25 10:11:00,2026-07-25 10:21:54,刘旭,L0479
IN202607290056,SKU0287,31,2026-07-29 08:39:00,2026-07-29 08:37:28,廖晨,L0479
IN202608020061,SKU0287,31,2026-08-02 08:54:00,2026-08-02 11:25:24,姚佳,L0479
IN202608060056,SKU0287,31,2026-08-06 08:48:00,2026-08-06 08:46:01,刘旭,L0479
IN202608100062,SKU0287,31,2026-08-10 08:43:00,2026-08-10 08:37:46,徐萍,L0479
IN202608140064,SKU0287,31,2026-08-14 09:21:00,2026-08-14 09:39:33,宋超,L0479
IN202608180058,SKU0287,31,2026-08-18 08:40:00,2026-08-18 09:20:16,卓雪,L0479
IN202608220056,SKU0287,31,2026-08-22 08:54:00,2026-08-22 08:57:59,廖晨,L0479
IN202608260057,SKU0287,31,2026-08-26 11:10:00,2026-08-26 12:17:34,姚佳,L0479
IN202606010064,SKU0288,23,2026-06-01 08:33:00,2026-06-01 08:25:41,李帆,L0197
IN202606080070,SKU0288,23,2026-06-08 08:28:00,2026-06-08 08:18:40,王丹,L0197
IN202606150066,SKU0288,23,2026-06-15 11:52:00,2026-06-15 11:53:46,杨建军,L0197
IN202606220065,SKU0288,23,2026-06-22 10:04:00,2026-06-22 10:11:01,徐萍,L0197
IN202606290060,SKU0288,23,2026-06-29 09:21:00,2026-06-29 09:11:57,李敏,L0197
IN202607060071,SKU0288,23,2026-07-06 10:28:00,2026-07-06 10:50:56,卓雪,L0197
IN202607130062,SKU0288,23,2026-07-13 09:53:00,2026-07-13 09:58:32,王丹,L0197
IN202607200071,SKU0288,23,2026-07-20 10:31:00,2026-07-20 10:28:36,徐萍,L0197
IN202607270061,SKU0288,23,2026-07-27 10:02:00,2026-07-27 11:25:30,毛燕,L0197
IN202608030069,SKU0288,23,2026-08-03 09:51:00,2026-08-03 10:38:27,李帆,L0197
IN202608100063,SKU0288,23,2026-08-10 11:40:00,2026-08-10 11:52:26,卓雪,L0197
IN202608170068,SKU0288,23,2026-08-17 09:28:00,2026-08-17 09:45:28,宋超,L0197
IN202608240062,SKU0288,23,2026-08-24 10:08:00,2026-08-24 10:10:37,刘旭,L0197
IN202606010065,SKU0289,14,2026-06-01 09:40:00,2026-06-01 09:50:42,徐萍,L0083
IN202606080071,SKU0289,14,2026-06-08 11:34:00,2026-06-08 11:56:33,毛燕,L0083
IN202606150067,SKU0289,14,2026-06-15 09:17:00,2026-06-15 09:07:44,郑婷婷,L0083
IN202606220066,SKU0289,14,2026-06-22 11:23:00,2026-06-22 13:06:32,杨建军,L0083
IN202606290061,SKU0289,14,2026-06-29 10:58:00,2026-06-29 11:16:35,李敏,L0083
IN202607060072,SKU0289,14,2026-07-06 09:16:00,2026-07-06 09:14:38,毛燕,L0083
IN202607130063,SKU0289,14,2026-07-13 08:28:00,2026-07-13 08:46:28,姚佳,L0083
IN202607200072,SKU0289,14,2026-07-20 10:50:00,2026-07-20 10:51:52,杨建军,L0083
IN202607270062,SKU0289,14,2026-07-27 09:31:00,2026-07-27 09:47:07,李敏,L0083
IN202608030070,SKU0289,14,2026-08-03 09:54:00,2026-08-03 10:14:44,徐萍,L0083
IN202608100064,SKU0289,14,2026-08-10 08:52:00,2026-08-10 08:46:09,刘旭,L0083
IN202608170069,SKU0289,14,2026-08-17 10:45:00,2026-08-17 11:00:14,姚佳,L0083
IN202608240063,SKU0289,14,2026-08-24 11:22:00,2026-08-24 11:46:46,徐萍,L0083
IN202606050059,SKU0290,13,2026-06-05 10:53:00,2026-06-05 14:18:40,李帆,L0327
IN202606110061,SKU0290,13,2026-06-11 09:40:00,2026-06-11 09:41:35,李敏,L0327
IN202606170052,SKU0290,13,2026-06-17 08:26:00,2026-06-17 08:44:07,刘旭,L0327
IN202606230056,SKU0290,13,2026-06-23 11:46:00,2026-06-23 11:50:04,杨建军,L0327
IN202606290062,SKU0290,13,2026-06-29 11:08:00,2026-06-29 11:08:01,徐萍,L0327
IN202607050058,SKU0290,13,2026-07-05 11:42:00,2026-07-05 15:09:04,姚佳,L0327
IN202607110059,SKU0290,13,2026-07-11 08:18:00,2026-07-11 08:29:50,姚佳,L0327
IN202607170056,SKU0290,13,2026-07-17 11:16:00,2026-07-17 11:08:05,刘旭,L0327
IN202607230057,SKU0290,13,2026-07-23 11:11:00,2026-07-23 11:17:52,郑婷婷,L0327
IN202607290057,SKU0290,13,2026-07-29 08:09:00,2026-07-29 08:22:33,卓雪,L0327
IN202608040056,SKU0290,13,2026-08-04 08:55:00,2026-08-04 09:17:37,毛燕,L0327
IN202608100065,SKU0290,13,2026-08-10 10:13:00,2026-08-10 10:34:02,李帆,L0327
IN202608160053,SKU0290,13,2026-08-16 11:27:00,2026-08-16 13:37:26,郑婷婷,L0327
IN202608220057,SKU0290,13,2026-08-22 08:19:00,2026-08-22 08:30:22,宋超,L0327
IN202608280059,SKU0290,13,2026-08-28 11:10:00,2026-08-28 11:14:48,宋超,L0327
IN202606010066,SKU0291,12,2026-06-01 08:46:00,2026-06-01 12:41:03,刘旭,L0366
IN202606060068,SKU0291,12,2026-06-06 08:30:00,2026-06-06 08:31:07,毛燕,L0366
IN202606110062,SKU0291,12,2026-06-11 11:29:00,2026-06-11 11:27:24,廖晨,L0366
IN202606160067,SKU0291,12,2026-06-16 11:38:00,2026-06-16 11:56:10,毛燕,L0366
IN202606210064,SKU0291,12,2026-06-21 10:08:00,2026-06-21 10:27:21,王丹,L0366
IN202606260072,SKU0291,12,2026-06-26 11:21:00,2026-06-26 11:40:51,杨建军,L0366
IN202607010061,SKU0291,12,2026-07-01 08:56:00,2026-07-01 10:19:19,李敏,L0366
IN202607060073,SKU0291,12,2026-07-06 08:28:00,2026-07-06 08:23:04,李敏,L0366
IN202607110060,SKU0291,12,2026-07-11 08:30:00,2026-07-11 08:29:59,杨建军,L0366
IN202607160069,SKU0291,12,2026-07-16 09:14:00,2026-07-16 09:36:51,宋超,L0366
IN202607210064,SKU0291,12,2026-07-21 09:25:00,2026-07-21 09:36:25,姚佳,L0366
IN202607260070,SKU0291,12,2026-07-26 11:37:00,2026-07-26 12:18:48,郑婷婷,L0366
IN202607310063,SKU0291,12,2026-07-31 11:13:00,2026-07-31 12:24:11,王丹,L0366
IN202608050067,SKU0291,12,2026-08-05 10:20:00,2026-08-05 10:29:50,姚佳,L0366
IN202608100066,SKU0291,12,2026-08-10 08:45:00,2026-08-10 08:36:57,卓雪,L0366
IN202608150068,SKU0291,12,2026-08-15 09:07:00,2026-08-15 09:04:54,姚佳,L0366
IN202608200065,SKU0291,12,2026-08-20 10:42:00,2026-08-20 10:32:18,杨建军,L0366
IN202608250069,SKU0291,12,2026-08-25 08:17:00,2026-08-25 11:57:36,王丹,L0366
IN202606020063,SKU0292,15,2026-06-02 08:22:00,2026-06-02 08:40:23,刘旭,L0221
IN202606080072,SKU0292,15,2026-06-08 11:42:00,2026-06-08 14:04:03,李帆,L0221
IN202606140068,SKU0292,15,2026-06-14 11:10:00,2026-06-14 11:24:21,刘旭,L0221
IN202606200068,SKU0292,15,2026-06-20 08:07:00,2026-06-20 08:05:01,卓雪,L0221
IN202606260073,SKU0292,15,2026-06-26 08:44:00,2026-06-26 08:38:41,毛燕,L0221
IN202607020065,SKU0292,15,2026-07-02 10:39:00,2026-07-02 10:42:31,王丹,L0221
IN202607080066,SKU0292,15,2026-07-08 09:22:00,2026-07-08 09:34:09,宋超,L0221
IN202607140067,SKU0292,15,2026-07-14 08:10:00,2026-07-14 09:43:59,郑婷婷,L0221
IN202607200073,SKU0292,15,2026-07-20 08:42:00,2026-07-20 08:32:49,李敏,L0221
IN202607260071,SKU0292,15,2026-07-26 11:41:00,2026-07-26 11:45:06,王丹,L0221
IN202608010064,SKU0292,15,2026-08-01 10:28:00,2026-08-01 10:28:57,毛燕,L0221
IN202608070069,SKU0292,15,2026-08-07 10:39:00,2026-08-07 13:01:36,杨建军,L0221
IN202608130069,SKU0292,15,2026-08-13 09:46:00,2026-08-13 09:41:26,刘旭,L0221
IN202608190067,SKU0292,15,2026-08-19 08:53:00,2026-08-19 08:51:56,郑婷婷,L0221
IN202608250070,SKU0292,15,2026-08-25 09:19:00,2026-08-25 09:33:16,刘旭,L0221
IN202606030061,SKU0293,19,2026-06-03 11:21:00,2026-06-03 11:39:23,李帆,L0541
IN202606080073,SKU0293,19,2026-06-08 11:27:00,2026-06-08 11:26:16,杨建军,L0541
IN202606130058,SKU0293,19,2026-06-13 08:09:00,2026-06-13 10:29:03,姚佳,L0541
IN202606180066,SKU0293,19,2026-06-18 11:02:00,2026-06-18 11:15:13,姚佳,L0541
IN202606230057,SKU0293,19,2026-06-23 11:36:00,2026-06-23 11:35:02,卓雪,L0541
IN202606280065,SKU0293,19,2026-06-28 09:37:00,2026-06-28 10:57:35,徐萍,L0541
IN202607030063,SKU0293,19,2026-07-03 09:08:00,2026-07-03 10:27:32,毛燕,L0541
IN202607080067,SKU0293,19,2026-07-08 09:22:00,2026-07-08 09:14:15,毛燕,L0541
IN202607130064,SKU0293,19,2026-07-13 11:55:00,2026-07-13 12:16:44,廖晨,L0541
IN202607180065,SKU0293,19,2026-07-18 10:32:00,2026-07-18 10:37:07,廖晨,L0541
IN202607230058,SKU0293,19,2026-07-23 11:00:00,2026-07-23 11:42:29,廖晨,L0541
IN202607280064,SKU0293,19,2026-07-28 08:26:00,2026-07-28 08:22:59,毛燕,L0541
IN202608020062,SKU0293,19,2026-08-02 09:27:00,2026-08-02 09:34:09,李帆,L0541
IN202608070070,SKU0293,19,2026-08-07 11:30:00,2026-08-07 11:31:49,李帆,L0541
IN202608120057,SKU0293,19,2026-08-12 11:20:00,2026-08-12 12:18:57,李敏,L0541
IN202608170070,SKU0293,19,2026-08-17 11:09:00,2026-08-17 11:01:25,徐萍,L0541
IN202608220058,SKU0293,19,2026-08-22 11:52:00,2026-08-22 12:04:48,宋超,L0541
IN202608270066,SKU0293,19,2026-08-27 11:44:00,2026-08-27 12:01:35,卓雪,L0541
IN202606020064,SKU0294,14,2026-06-02 08:54:00,2026-06-02 09:07:57,毛燕,L0504
IN202606050060,SKU0294,14,2026-06-05 10:29:00,2026-06-05 10:28:27,李敏,L0504
IN202606080074,SKU0294,14,2026-06-08 11:04:00,2026-06-08 13:47:06,刘旭,L0504
IN202606110063,SKU0294,14,2026-06-11 11:27:00,2026-06-11 11:40:48,姚佳,L0504
IN202606140069,SKU0294,14,2026-06-14 09:50:00,2026-06-14 09:51:14,徐萍,L0504
IN202606170053,SKU0294,14,2026-06-17 10:09:00,2026-06-17 10:13:25,廖晨,L0504
IN202606200069,SKU0294,14,2026-06-20 09:24:00,2026-06-20 09:21:51,李帆,L0504
IN202606230058,SKU0294,14,2026-06-23 08:28:00,2026-06-23 08:20:26,徐萍,L0504
IN202606260074,SKU0294,14,2026-06-26 11:20:00,2026-06-26 11:39:51,毛燕,L0504
IN202606290063,SKU0294,14,2026-06-29 11:41:00,2026-06-29 11:55:32,卓雪,L0504
IN202607020066,SKU0294,14,2026-07-02 08:36:00,2026-07-02 08:37:53,卓雪,L0504
IN202607050059,SKU0294,14,2026-07-05 11:29:00,2026-07-05 11:42:30,毛燕,L0504
IN202607080068,SKU0294,14,2026-07-08 09:21:00,2026-07-08 09:32:29,卓雪,L0504
IN202607110061,SKU0294,14,2026-07-11 11:30:00,2026-07-11 11:47:54,廖晨,L0504
IN202607140068,SKU0294,14,2026-07-14 10:45:00,2026-07-14 10:49:45,郑婷婷,L0504
IN202607170057,SKU0294,14,2026-07-17 10:23:00,2026-07-17 10:17:07,王丹,L0504
IN202607200074,SKU0294,14,2026-07-20 08:31:00,2026-07-20 08:30:50,毛燕,L0504
IN202607230059,SKU0294,14,2026-07-23 10:33:00,2026-07-23 10:52:33,李敏,L0504
IN202607260072,SKU0294,14,2026-07-26 09:42:00,2026-07-26 09:45:55,郑婷婷,L0504
IN202607290058,SKU0294,14,2026-07-29 09:53:00,2026-07-29 10:16:20,李敏,L0504
IN202608010065,SKU0294,14,2026-08-01 08:10:00,2026-08-01 08:22:15,姚佳,L0504
IN202608040057,SKU0294,14,2026-08-04 11:19:00,2026-08-04 11:39:37,刘旭,L0504
IN202608070071,SKU0294,14,2026-08-07 10:12:00,2026-08-07 13:18:32,李帆,L0504
IN202608100067,SKU0294,14,2026-08-10 10:52:00,2026-08-10 11:02:08,刘旭,L0504
IN202608130070,SKU0294,14,2026-08-13 09:05:00,2026-08-13 09:13:28,杨建军,L0504
IN202608160054,SKU0294,14,2026-08-16 10:32:00,2026-08-16 10:48:32,杨建军,L0504
IN202608190068,SKU0294,14,2026-08-19 11:05:00,2026-08-19 11:04:31,李敏,L0504
IN202608220059,SKU0294,14,2026-08-22 09:43:00,2026-08-22 10:01:17,徐萍,L0504
IN202608250071,SKU0294,14,2026-08-25 11:27:00,2026-08-25 11:43:11,卓雪,L0504
IN202608280060,SKU0294,14,2026-08-28 08:39:00,2026-08-28 09:35:37,毛燕,L0504
IN202606040067,SKU0295,21,2026-06-04 09:41:00,2026-06-04 09:49:29,王丹,L0389
IN202606100065,SKU0295,21,2026-06-10 11:25:00,2026-06-10 11:45:59,李帆,L0389
IN202606160068,SKU0295,21,2026-06-16 10:25:00,2026-06-16 10:29:36,郑婷婷,L0389
IN202606220067,SKU0295,21,2026-06-22 11:34:00,2026-06-22 11:39:05,毛燕,L0389
IN202606280066,SKU0295,21,2026-06-28 09:07:00,2026-06-28 09:01:37,宋超,L0389
IN202607040066,SKU0295,21,2026-07-04 09:39:00,2026-07-04 13:14:31,王丹,L0389
IN202607100068,SKU0295,21,2026-07-10 10:35:00,2026-07-10 10:40:33,姚佳,L0389
IN202607160070,SKU0295,21,2026-07-16 09:09:00,2026-07-16 09:03:15,宋超,L0389
IN202607220061,SKU0295,21,2026-07-22 10:47:00,2026-07-22 10:49:21,郑婷婷,L0389
IN202607280065,SKU0295,21,2026-07-28 09:54:00,2026-07-28 13:25:13,王丹,L0389
IN202608030071,SKU0295,21,2026-08-03 08:23:00,2026-08-03 08:13:31,郑婷婷,L0389
IN202608090066,SKU0295,21,2026-08-09 10:33:00,2026-08-09 10:41:09,姚佳,L0389
IN202608150069,SKU0295,21,2026-08-15 11:28:00,2026-08-15 14:45:32,王丹,L0389
IN202608210064,SKU0295,21,2026-08-21 08:08:00,2026-08-21 10:35:09,李帆,L0389
IN202608270067,SKU0295,21,2026-08-27 08:21:00,2026-08-27 08:25:07,李敏,L0389
IN202606030062,SKU0296,10,2026-06-03 09:58:00,2026-06-03 10:04:36,卓雪,L0446
IN202606060069,SKU0296,10,2026-06-06 09:38:00,2026-06-06 09:59:28,徐萍,L0446
IN202606090061,SKU0296,10,2026-06-09 10:34:00,2026-06-09 10:45:44,郑婷婷,L0446
IN202606120064,SKU0296,10,2026-06-12 08:54:00,2026-06-12 11:30:07,廖晨,L0446
IN202606150068,SKU0296,10,2026-06-15 11:04:00,2026-06-15 10:54:07,卓雪,L0446
IN202606180067,SKU0296,10,2026-06-18 11:05:00,2026-06-18 11:29:35,姚佳,L0446
IN202606210065,SKU0296,10,2026-06-21 09:43:00,2026-06-21 09:54:33,李帆,L0446
IN202606240065,SKU0296,10,2026-06-24 09:20:00,2026-06-24 09:17:09,李敏,L0446
IN202606270059,SKU0296,10,2026-06-27 10:55:00,2026-06-27 11:11:26,刘旭,L0446
IN202606300065,SKU0296,10,2026-06-30 09:57:00,2026-06-30 10:12:53,李帆,L0446
IN202607030064,SKU0296,10,2026-07-03 09:43:00,2026-07-03 09:47:11,李帆,L0446
IN202607060074,SKU0296,10,2026-07-06 11:10:00,2026-07-06 11:08:13,刘旭,L0446
IN202607090064,SKU0296,10,2026-07-09 09:52:00,2026-07-09 09:55:23,杨建军,L0446
IN202607120062,SKU0296,10,2026-07-12 08:38:00,2026-07-12 08:50:30,杨建军,L0446
IN202607150061,SKU0296,10,2026-07-15 11:03:00,2026-07-15 11:18:17,宋超,L0446
IN202607180066,SKU0296,10,2026-07-18 10:20:00,2026-07-18 11:36:39,郑婷婷,L0446
IN202607210065,SKU0296,10,2026-07-21 11:01:00,2026-07-21 10:51:31,李帆,L0446
IN202607240068,SKU0296,10,2026-07-24 11:13:00,2026-07-24 11:27:16,刘旭,L0446
IN202607270063,SKU0296,10,2026-07-27 11:04:00,2026-07-27 11:02:52,李敏,L0446
IN202607300067,SKU0296,10,2026-07-30 11:08:00,2026-07-30 11:07:33,杨建军,L0446
IN202608020063,SKU0296,10,2026-08-02 10:55:00,2026-08-02 10:46:40,李敏,L0446
IN202608050068,SKU0296,10,2026-08-05 11:29:00,2026-08-05 11:45:32,廖晨,L0446
IN202608080062,SKU0296,10,2026-08-08 10:03:00,2026-08-08 09:54:07,杨建军,L0446
IN202608110061,SKU0296,10,2026-08-11 09:14:00,2026-08-11 09:37:02,毛燕,L0446
IN202608140065,SKU0296,10,2026-08-14 11:54:00,2026-08-14 12:00:58,郑婷婷,L0446
IN202608170071,SKU0296,10,2026-08-17 09:42:00,2026-08-17 12:23:06,毛燕,L0446
IN202608200066,SKU0296,10,2026-08-20 09:42:00,2026-08-20 10:05:28,王丹,L0446
IN202608230066,SKU0296,10,2026-08-23 09:27:00,2026-08-23 09:30:08,杨建军,L0446
IN202608260058,SKU0296,10,2026-08-26 09:24:00,2026-08-26 09:35:44,刘旭,L0446
IN202608290066,SKU0296,10,2026-08-29 09:44:00,2026-08-29 09:34:08,宋超,L0446
IN202606030063,SKU0297,15,2026-06-03 11:28:00,2026-06-03 11:46:40,王丹,L0481
IN202606100066,SKU0297,15,2026-06-10 08:04:00,2026-06-10 08:23:00,姚佳,L0481
IN202606170054,SKU0297,15,2026-06-17 09:26:00,2026-06-17 09:18:49,廖晨,L0481
IN202606240066,SKU0297,15,2026-06-24 09:59:00,2026-06-24 12:46:02,杨建军,L0481
IN202607010062,SKU0297,15,2026-07-01 08:45:00,2026-07-01 12:29:02,郑婷婷,L0481
IN202607080069,SKU0297,15,2026-07-08 10:13:00,2026-07-08 10:30:16,宋超,L0481
IN202607150062,SKU0297,15,2026-07-15 09:39:00,2026-07-15 09:37:50,杨建军,L0481
IN202607220062,SKU0297,15,2026-07-22 10:14:00,2026-07-22 10:36:06,卓雪,L0481
IN202607290059,SKU0297,15,2026-07-29 08:56:00,2026-07-29 08:49:09,廖晨,L0481
IN202608050069,SKU0297,15,2026-08-05 09:44:00,2026-08-05 10:00:52,郑婷婷,L0481
IN202608120058,SKU0297,15,2026-08-12 09:52:00,2026-08-12 09:42:23,卓雪,L0481
IN202608190069,SKU0297,15,2026-08-19 10:24:00,2026-08-19 10:14:11,卓雪,L0481
IN202608260059,SKU0297,15,2026-08-26 08:02:00,2026-08-26 07:52:08,刘旭,L0481
IN202606030064,SKU0298,19,2026-06-03 09:54:00,2026-06-03 09:50:58,李帆,L0236
IN202606080075,SKU0298,19,2026-06-08 11:15:00,2026-06-08 11:15:56,廖晨,L0236
IN202606130059,SKU0298,19,2026-06-13 10:10:00,2026-06-13 10:11:49,郑婷婷,L0236
IN202606180068,SKU0298,19,2026-06-18 09:32:00,2026-06-18 09:51:42,徐萍,L0236
IN202606230059,SKU0298,19,2026-06-23 09:36:00,2026-06-23 09:59:29,卓雪,L0236
IN202606280067,SKU0298,19,2026-06-28 11:58:00,2026-06-28 11:57:14,廖晨,L0236
IN202607030065,SKU0298,19,2026-07-03 08:54:00,2026-07-03 12:14:15,廖晨,L0236
IN202607080070,SKU0298,19,2026-07-08 10:42:00,2026-07-08 11:00:54,李敏,L0236
IN202607130065,SKU0298,19,2026-07-13 11:00:00,2026-07-13 12:44:22,郑婷婷,L0236
IN202607180067,SKU0298,19,2026-07-18 11:12:00,2026-07-18 11:21:13,廖晨,L0236
IN202607230060,SKU0298,19,2026-07-23 11:14:00,2026-07-23 11:05:56,郑婷婷,L0236
IN202607280066,SKU0298,19,2026-07-28 10:06:00,2026-07-28 10:09:43,毛燕,L0236
IN202608020064,SKU0298,19,2026-08-02 10:21:00,2026-08-02 10:25:20,杨建军,L0236
IN202608070072,SKU0298,19,2026-08-07 10:57:00,2026-08-07 10:57:33,刘旭,L0236
IN202608120059,SKU0298,19,2026-08-12 09:25:00,2026-08-12 09:35:09,杨建军,L0236
IN202608170072,SKU0298,19,2026-08-17 10:42:00,2026-08-17 10:48:51,卓雪,L0236
IN202608220060,SKU0298,19,2026-08-22 08:33:00,2026-08-22 08:53:41,徐萍,L0236
IN202608270068,SKU0298,19,2026-08-27 11:45:00,2026-08-27 14:51:03,徐萍,L0236
IN202606030065,SKU0299,9,2026-06-03 10:43:00,2026-06-03 10:33:46,宋超,L0204
IN202606060070,SKU0299,9,2026-06-06 09:59:00,2026-06-06 09:50:46,卓雪,L0204
IN202606090062,SKU0299,9,2026-06-09 08:45:00,2026-06-09 08:46:02,刘旭,L0204
IN202606120065,SKU0299,9,2026-06-12 08:45:00,2026-06-12 09:00:55,郑婷婷,L0204
IN202606150069,SKU0299,9,2026-06-15 11:41:00,2026-06-15 11:40:38,廖晨,L0204
IN202606180069,SKU0299,9,2026-06-18 09:03:00,2026-06-18 09:27:05,王丹,L0204
IN202606210066,SKU0299,9,2026-06-21 08:19:00,2026-06-21 08:32:21,杨建军,L0204
IN202606240067,SKU0299,9,2026-06-24 10:36:00,2026-06-24 10:35:20,廖晨,L0204
IN202606270060,SKU0299,9,2026-06-27 09:55:00,2026-06-27 10:09:49,李敏,L0204
IN202606300066,SKU0299,9,2026-06-30 09:59:00,2026-06-30 10:07:36,宋超,L0204
IN202607030066,SKU0299,9,2026-07-03 08:56:00,2026-07-03 08:54:32,刘旭,L0204
IN202607060075,SKU0299,9,2026-07-06 08:26:00,2026-07-06 08:22:19,李帆,L0204
IN202607090065,SKU0299,9,2026-07-09 09:34:00,2026-07-09 09:44:16,王丹,L0204
IN202607120063,SKU0299,9,2026-07-12 08:00:00,2026-07-12 09:31:17,李敏,L0204
IN202607150063,SKU0299,9,2026-07-15 10:06:00,2026-07-15 10:28:15,李敏,L0204
IN202607180068,SKU0299,9,2026-07-18 11:41:00,2026-07-18 11:46:37,李帆,L0204
IN202607210066,SKU0299,9,2026-07-21 10:15:00,2026-07-21 10:12:22,徐萍,L0204
IN202607240069,SKU0299,9,2026-07-24 10:43:00,2026-07-24 10:48:37,毛燕,L0204
IN202607270064,SKU0299,9,2026-07-27 08:54:00,2026-07-27 08:56:32,卓雪,L0204
IN202607300068,SKU0299,9,2026-07-30 10:06:00,2026-07-30 10:22:14,毛燕,L0204
IN202608020065,SKU0299,9,2026-08-02 11:37:00,2026-08-02 11:44:19,徐萍,L0204
IN202608050070,SKU0299,9,2026-08-05 10:38:00,2026-08-05 11:02:15,郑婷婷,L0204
IN202608080063,SKU0299,9,2026-08-08 09:49:00,2026-08-08 09:49:15,毛燕,L0204
IN202608110062,SKU0299,9,2026-08-11 09:00:00,2026-08-11 11:19:25,刘旭,L0204
IN202608140066,SKU0299,9,2026-08-14 09:29:00,2026-08-14 09:40:32,王丹,L0204
IN202608170073,SKU0299,9,2026-08-17 10:41:00,2026-08-17 10:31:12,宋超,L0204
IN202608200067,SKU0299,9,2026-08-20 11:52:00,2026-08-20 13:37:03,卓雪,L0204
IN202608230067,SKU0299,9,2026-08-23 09:28:00,2026-08-23 09:43:17,杨建军,L0204
IN202608260060,SKU0299,9,2026-08-26 10:24:00,2026-08-26 10:45:01,姚佳,L0204
IN202608290067,SKU0299,9,2026-08-29 09:52:00,2026-08-29 09:43:17,刘旭,L0204
IN202606050061,SKU0300,12,2026-06-05 10:56:00,2026-06-05 11:00:05,王丹,L0401
IN202606100067,SKU0300,12,2026-06-10 10:44:00,2026-06-10 11:06:11,宋超,L0401
IN202606150070,SKU0300,12,2026-06-15 08:49:00,2026-06-15 09:11:36,李敏,L0401
IN202606200070,SKU0300,12,2026-06-20 09:10:00,2026-06-20 09:30:55,毛燕,L0401
IN202606250060,SKU0300,12,2026-06-25 10:40:00,2026-06-25 10:53:07,卓雪,L0401
IN202606300067,SKU0300,12,2026-06-30 10:04:00,2026-06-30 10:10:32,姚佳,L0401
IN202607050060,SKU0300,12,2026-07-05 10:54:00,2026-07-05 10:54:57,宋超,L0401
IN202607100069,SKU0300,12,2026-07-10 09:48:00,2026-07-10 09:50:19,杨建军,L0401
IN202607150064,SKU0300,12,2026-07-15 10:52:00,2026-07-15 10:44:42,杨建军,L0401
IN202607200075,SKU0300,12,2026-07-20 08:06:00,2026-07-20 08:21:42,徐萍,L0401
IN202607250060,SKU0300,12,2026-07-25 08:12:00,2026-07-25 08:35:39,宋超,L0401
IN202607300069,SKU0300,12,2026-07-30 11:37:00,2026-07-30 12:13:21,李敏,L0401
IN202608040058,SKU0300,12,2026-08-04 10:07:00,2026-08-04 10:27:46,宋超,L0401
IN202608090067,SKU0300,12,2026-08-09 10:44:00,2026-08-09 10:57:45,卓雪,L0401
IN202608140067,SKU0300,12,2026-08-14 10:59:00,2026-08-14 11:18:11,卓雪,L0401
IN202608190070,SKU0300,12,2026-08-19 09:24:00,2026-08-19 09:29:24,廖晨,L0401
IN202608240064,SKU0300,12,2026-08-24 09:19:00,2026-08-24 09:22:28,姚佳,L0401
IN202608290068,SKU0300,12,2026-08-29 11:19:00,2026-08-29 11:20:48,刘旭,L0401
IN202606030066,SKU0301,31,2026-06-03 11:47:00,2026-06-03 11:38:01,杨建军,L0748
IN202606060071,SKU0301,31,2026-06-06 09:49:00,2026-06-06 10:01:13,郑婷婷,L0748
IN202606090063,SKU0301,31,2026-06-09 10:42:00,2026-06-09 11:05:11,李帆,L0748
IN202606120066,SKU0301,31,2026-06-12 11:36:00,2026-06-12 11:37:49,廖晨,L0748
IN202606150071,SKU0301,31,2026-06-15 11:15:00,2026-06-15 12:22:32,徐萍,L0748
IN202606180070,SKU0301,31,2026-06-18 09:42:00,2026-06-18 10:05:17,姚佳,L0748
IN202606210067,SKU0301,31,2026-06-21 09:26:00,2026-06-21 09:18:43,卓雪,L0748
IN202606240068,SKU0301,31,2026-06-24 08:47:00,2026-06-24 12:08:40,廖晨,L0748
IN202606270061,SKU0301,31,2026-06-27 09:18:00,2026-06-27 09:11:39,郑婷婷,L0748
IN202606300068,SKU0301,31,2026-06-30 10:31:00,2026-06-30 10:32:48,廖晨,L0748
IN202607030067,SKU0301,31,2026-07-03 09:14:00,2026-07-03 10:12:43,郑婷婷,L0748
IN202607060076,SKU0301,31,2026-07-06 08:33:00,2026-07-06 08:28:46,徐萍,L0748
IN202607090066,SKU0301,31,2026-07-09 11:12:00,2026-07-09 11:21:20,毛燕,L0748
IN202607120064,SKU0301,31,2026-07-12 09:35:00,2026-07-12 09:38:23,廖晨,L0748
IN202607150065,SKU0301,31,2026-07-15 10:08:00,2026-07-15 10:02:46,李敏,L0748
IN202607180069,SKU0301,31,2026-07-18 10:55:00,2026-07-18 14:35:40,毛燕,L0748
IN202607210067,SKU0301,31,2026-07-21 08:40:00,2026-07-21 09:50:30,毛燕,L0748
IN202607240070,SKU0301,31,2026-07-24 08:53:00,2026-07-24 09:05:30,姚佳,L0748
IN202607270065,SKU0301,31,2026-07-27 10:04:00,2026-07-27 09:57:15,郑婷婷,L0748
IN202607300070,SKU0301,31,2026-07-30 09:34:00,2026-07-30 09:25:48,卓雪,L0748
IN202608020066,SKU0301,31,2026-08-02 11:06:00,2026-08-02 11:14:31,杨建军,L0748
IN202608050071,SKU0301,31,2026-08-05 09:20:00,2026-08-05 09:12:23,徐萍,L0748
IN202608080064,SKU0301,31,2026-08-08 10:44:00,2026-08-08 11:19:17,徐萍,L0748
IN202608110063,SKU0301,31,2026-08-11 08:48:00,2026-08-11 09:01:50,王丹,L0748
IN202608140068,SKU0301,31,2026-08-14 09:40:00,2026-08-14 09:50:11,李帆,L0748
IN202608170074,SKU0301,31,2026-08-17 11:22:00,2026-08-17 11:40:49,杨建军,L0748
IN202608200068,SKU0301,31,2026-08-20 11:22:00,2026-08-20 11:31:26,卓雪,L0748
IN202608230068,SKU0301,31,2026-08-23 10:54:00,2026-08-23 10:56:36,杨建军,L0748
IN202608260061,SKU0301,31,2026-08-26 11:39:00,2026-08-26 11:30:48,郑婷婷,L0748
IN202608290069,SKU0301,31,2026-08-29 08:38:00,2026-08-29 08:47:04,郑婷婷,L0748
IN202606030067,SKU0302,14,2026-06-03 09:57:00,2026-06-03 12:03:14,李敏,L0150
IN202606080076,SKU0302,14,2026-06-08 09:37:00,2026-06-08 09:31:24,王丹,L0150
IN202606130060,SKU0302,14,2026-06-13 11:40:00,2026-06-13 11:37:36,毛燕,L0150
IN202606180071,SKU0302,14,2026-06-18 08:23:00,2026-06-18 12:05:45,郑婷婷,L0150
IN202606230060,SKU0302,14,2026-06-23 10:42:00,2026-06-23 10:53:46,宋超,L0150
IN202606280068,SKU0302,14,2026-06-28 11:35:00,2026-06-28 12:48:50,毛燕,L0150
IN202607030068,SKU0302,14,2026-07-03 09:34:00,2026-07-03 09:42:23,卓雪,L0150
IN202607080071,SKU0302,14,2026-07-08 11:11:00,2026-07-08 14:28:15,李敏,L0150
IN202607130066,SKU0302,14,2026-07-13 09:34:00,2026-07-13 13:02:38,廖晨,L0150
IN202607180070,SKU0302,14,2026-07-18 10:53:00,2026-07-18 10:44:12,徐萍,L0150
IN202607230061,SKU0302,14,2026-07-23 09:02:00,2026-07-23 09:57:05,王丹,L0150
IN202607280067,SKU0302,14,2026-07-28 11:13:00,2026-07-28 11:27:03,姚佳,L0150
IN202608020067,SKU0302,14,2026-08-02 11:40:00,2026-08-02 11:30:29,毛燕,L0150
IN202608070073,SKU0302,14,2026-08-07 10:53:00,2026-08-07 13:08:22,李帆,L0150
IN202608120060,SKU0302,14,2026-08-12 08:38:00,2026-08-12 08:50:39,刘旭,L0150
IN202608170075,SKU0302,14,2026-08-17 11:07:00,2026-08-17 11:21:43,李敏,L0150
IN202608220061,SKU0302,14,2026-08-22 10:33:00,2026-08-22 10:33:14,姚佳,L0150
IN202608270069,SKU0302,14,2026-08-27 10:59:00,2026-08-27 10:58:49,宋超,L0150
IN202606030068,SKU0303,15,2026-06-03 11:14:00,2026-06-03 12:22:19,刘旭,L0277
IN202606060072,SKU0303,15,2026-06-06 08:24:00,2026-06-06 08:36:19,廖晨,L0277
IN202606090064,SKU0303,15,2026-06-09 08:15:00,2026-06-09 08:12:46,徐萍,L0277
IN202606120067,SKU0303,15,2026-06-12 08:59:00,2026-06-12 09:14:14,徐萍,L0277
IN202606150072,SKU0303,15,2026-06-15 11:37:00,2026-06-15 11:40:29,徐萍,L0277
IN202606180072,SKU0303,15,2026-06-18 09:29:00,2026-06-18 09:53:30,李帆,L0277
IN202606210068,SKU0303,15,2026-06-21 11:05:00,2026-06-21 11:09:14,李敏,L0277
IN202606240069,SKU0303,15,2026-06-24 09:48:00,2026-06-24 09:42:28,杨建军,L0277
IN202606270062,SKU0303,15,2026-06-27 11:22:00,2026-06-27 11:32:21,徐萍,L0277
IN202606300069,SKU0303,15,2026-06-30 11:05:00,2026-06-30 11:16:38,毛燕,L0277
IN202607030069,SKU0303,15,2026-07-03 09:58:00,2026-07-03 09:49:25,李敏,L0277
IN202607060077,SKU0303,15,2026-07-06 11:07:00,2026-07-06 11:09:25,杨建军,L0277
IN202607090067,SKU0303,15,2026-07-09 09:35:00,2026-07-09 13:31:50,宋超,L0277
IN202607120065,SKU0303,15,2026-07-12 11:49:00,2026-07-12 11:46:20,毛燕,L0277
IN202607150066,SKU0303,15,2026-07-15 10:17:00,2026-07-15 10:19:10,宋超,L0277
IN202607180071,SKU0303,15,2026-07-18 08:17:00,2026-07-18 08:39:25,王丹,L0277
IN202607210068,SKU0303,15,2026-07-21 10:53:00,2026-07-21 10:51:12,廖晨,L0277
IN202607240071,SKU0303,15,2026-07-24 09:37:00,2026-07-24 11:32:56,卓雪,L0277
IN202607270066,SKU0303,15,2026-07-27 08:31:00,2026-07-27 08:50:24,杨建军,L0277
IN202607300071,SKU0303,15,2026-07-30 10:26:00,2026-07-30 10:21:23,李敏,L0277
IN202608020068,SKU0303,15,2026-08-02 10:35:00,2026-08-02 10:52:06,李敏,L0277
IN202608050072,SKU0303,15,2026-08-05 10:03:00,2026-08-05 10:56:29,刘旭,L0277
IN202608080065,SKU0303,15,2026-08-08 08:19:00,2026-08-08 10:02:25,刘旭,L0277
IN202608110064,SKU0303,15,2026-08-11 10:47:00,2026-08-11 10:41:54,郑婷婷,L0277
IN202608140069,SKU0303,15,2026-08-14 11:47:00,2026-08-14 11:41:20,王丹,L0277
IN202608170076,SKU0303,15,2026-08-17 08:40:00,2026-08-17 08:42:27,郑婷婷,L0277
IN202608200069,SKU0303,15,2026-08-20 08:23:00,2026-08-20 08:37:54,廖晨,L0277
IN202608230069,SKU0303,15,2026-08-23 09:17:00,2026-08-23 09:16:22,宋超,L0277
IN202608260062,SKU0303,15,2026-08-26 09:09:00,2026-08-26 09:25:18,卓雪,L0277
IN202608290070,SKU0303,15,2026-08-29 10:44:00,2026-08-29 10:46:16,卓雪,L0277
IN202606030069,SKU0304,11,2026-06-03 08:27:00,2026-06-03 09:27:53,徐萍,L0339
IN202606060073,SKU0304,11,2026-06-06 10:21:00,2026-06-06 10:27:40,卓雪,L0339
IN202606090065,SKU0304,11,2026-06-09 11:18:00,2026-06-09 13:11:33,刘旭,L0339
IN202606120068,SKU0304,11,2026-06-12 10:37:00,2026-06-12 10:34:51,李帆,L0339
IN202606150073,SKU0304,11,2026-06-15 11:47:00,2026-06-15 12:07:43,廖晨,L0339
IN202606180073,SKU0304,11,2026-06-18 11:26:00,2026-06-18 13:38:51,李帆,L0339
IN202606210069,SKU0304,11,2026-06-21 09:02:00,2026-06-21 09:01:26,徐萍,L0339
IN202606240070,SKU0304,11,2026-06-24 09:38:00,2026-06-24 09:38:30,郑婷婷,L0339
IN202606270063,SKU0304,11,2026-06-27 09:05:00,2026-06-27 09:19:01,卓雪,L0339
IN202606300070,SKU0304,11,2026-06-30 10:59:00,2026-06-30 11:09:10,王丹,L0339
IN202607030070,SKU0304,11,2026-07-03 11:02:00,2026-07-03 11:14:39,宋超,L0339
IN202607060078,SKU0304,11,2026-07-06 08:07:00,2026-07-06 08:29:26,姚佳,L0339
IN202607090068,SKU0304,11,2026-07-09 11:20:00,2026-07-09 11:18:01,刘旭,L0339
IN202607120066,SKU0304,11,2026-07-12 11:25:00,2026-07-12 11:24:59,李敏,L0339
IN202607150067,SKU0304,11,2026-07-15 08:31:00,2026-07-15 08:41:10,郑婷婷,L0339
IN202607180072,SKU0304,11,2026-07-18 09:37:00,2026-07-18 09:37:10,姚佳,L0339
IN202607210069,SKU0304,11,2026-07-21 09:55:00,2026-07-21 09:47:33,李帆,L0339
IN202607240072,SKU0304,11,2026-07-24 08:52:00,2026-07-24 08:50:14,李敏,L0339
IN202607270067,SKU0304,11,2026-07-27 09:50:00,2026-07-27 09:45:13,杨建军,L0339
IN202607300072,SKU0304,11,2026-07-30 11:23:00,2026-07-30 11:29:53,廖晨,L0339
IN202608020069,SKU0304,11,2026-08-02 11:21:00,2026-08-02 11:39:44,刘旭,L0339
IN202608050073,SKU0304,11,2026-08-05 10:26:00,2026-08-05 10:26:36,郑婷婷,L0339
IN202608080066,SKU0304,11,2026-08-08 09:44:00,2026-08-08 09:44:31,宋超,L0339
IN202608110065,SKU0304,11,2026-08-11 11:57:00,2026-08-11 11:51:17,毛燕,L0339
IN202608140070,SKU0304,11,2026-08-14 11:49:00,2026-08-14 15:02:09,杨建军,L0339
IN202608170077,SKU0304,11,2026-08-17 08:56:00,2026-08-17 08:56:24,王丹,L0339
IN202608200070,SKU0304,11,2026-08-20 11:40:00,2026-08-20 12:50:35,杨建军,L0339
IN202608230070,SKU0304,11,2026-08-23 11:48:00,2026-08-23 12:05:03,卓雪,L0339
IN202608260063,SKU0304,11,2026-08-26 08:07:00,2026-08-26 08:22:19,李帆,L0339
IN202608290071,SKU0304,11,2026-08-29 10:32:00,2026-08-29 10:35:38,毛燕,L0339
IN202606030070,SKU0305,11,2026-06-03 10:54:00,2026-06-03 11:16:13,王丹,L0142
IN202606070056,SKU0305,11,2026-06-07 11:27:00,2026-06-07 11:46:26,李帆,L0142
IN202606110064,SKU0305,11,2026-06-11 09:15:00,2026-06-11 09:05:50,姚佳,L0142
IN202606150074,SKU0305,11,2026-06-15 08:26:00,2026-06-15 08:28:43,杨建军,L0142
IN202606190062,SKU0305,11,2026-06-19 11:28:00,2026-06-19 11:30:52,郑婷婷,L0142
IN202606230061,SKU0305,11,2026-06-23 10:43:00,2026-06-23 10:45:00,李帆,L0142
IN202606270064,SKU0305,11,2026-06-27 08:50:00,2026-06-27 11:11:03,李敏,L0142
IN202607010063,SKU0305,11,2026-07-01 09:46:00,2026-07-01 09:36:28,廖晨,L0142
IN202607050061,SKU0305,11,2026-07-05 11:24:00,2026-07-05 11:40:33,毛燕,L0142
IN202607090069,SKU0305,11,2026-07-09 08:45:00,2026-07-09 09:01:03,廖晨,L0142
IN202607130067,SKU0305,11,2026-07-13 11:19:00,2026-07-13 11:28:24,李帆,L0142
IN202607170058,SKU0305,11,2026-07-17 10:33:00,2026-07-17 10:29:04,郑婷婷,L0142
IN202607210070,SKU0305,11,2026-07-21 08:41:00,2026-07-21 09:48:13,杨建军,L0142
IN202607250061,SKU0305,11,2026-07-25 08:17:00,2026-07-25 08:30:37,宋超,L0142
IN202607290060,SKU0305,11,2026-07-29 11:10:00,2026-07-29 11:02:56,郑婷婷,L0142
IN202608020070,SKU0305,11,2026-08-02 09:33:00,2026-08-02 09:39:28,李帆,L0142
IN202608060057,SKU0305,11,2026-08-06 11:52:00,2026-08-06 12:15:34,宋超,L0142
IN202608100068,SKU0305,11,2026-08-10 08:25:00,2026-08-10 11:38:37,李敏,L0142
IN202608140071,SKU0305,11,2026-08-14 10:09:00,2026-08-14 10:32:52,宋超,L0142
IN202608180059,SKU0305,11,2026-08-18 08:28:00,2026-08-18 08:25:16,廖晨,L0142
IN202608220062,SKU0305,11,2026-08-22 10:19:00,2026-08-22 10:25:41,姚佳,L0142
IN202608260064,SKU0305,11,2026-08-26 10:18:00,2026-08-26 11:56:03,李敏,L0142
IN202606020065,SKU0306,19,2026-06-02 09:00:00,2026-06-02 11:34:57,徐萍,L0398
IN202606050062,SKU0306,19,2026-06-05 09:33:00,2026-06-05 09:26:54,郑婷婷,L0398
IN202606080077,SKU0306,19,2026-06-08 08:37:00,2026-06-08 08:31:33,毛燕,L0398
IN202606110065,SKU0306,19,2026-06-11 10:41:00,2026-06-11 10:40:44,姚佳,L0398
IN202606140070,SKU0306,19,2026-06-14 09:26:00,2026-06-14 09:18:00,徐萍,L0398
IN202606170055,SKU0306,19,2026-06-17 11:18:00,2026-06-17 11:09:54,李帆,L0398
IN202606200071,SKU0306,19,2026-06-20 10:58:00,2026-06-20 10:48:27,卓雪,L0398
IN202606230062,SKU0306,19,2026-06-23 08:31:00,2026-06-23 08:23:28,毛燕,L0398
IN202606260075,SKU0306,19,2026-06-26 08:57:00,2026-06-26 08:51:48,王丹,L0398
IN202606290064,SKU0306,19,2026-06-29 08:02:00,2026-06-29 07:53:18,宋超,L0398
IN202607020067,SKU0306,19,2026-07-02 10:31:00,2026-07-02 10:38:53,王丹,L0398
IN202607050062,SKU0306,19,2026-07-05 09:11:00,2026-07-05 09:28:29,郑婷婷,L0398
IN202607080072,SKU0306,19,2026-07-08 11:41:00,2026-07-08 12:00:00,廖晨,L0398
IN202607110062,SKU0306,19,2026-07-11 09:48:00,2026-07-11 09:39:30,姚佳,L0398
IN202607140069,SKU0306,19,2026-07-14 08:25:00,2026-07-14 08:30:53,徐萍,L0398
IN202607170059,SKU0306,19,2026-07-17 10:08:00,2026-07-17 10:28:28,徐萍,L0398
IN202607200076,SKU0306,19,2026-07-20 09:23:00,2026-07-20 09:37:33,徐萍,L0398
IN202607230062,SKU0306,19,2026-07-23 11:19:00,2026-07-23 11:09:13,杨建军,L0398
IN202607260073,SKU0306,19,2026-07-26 11:46:00,2026-07-26 14:40:24,廖晨,L0398
IN202607290061,SKU0306,19,2026-07-29 09:41:00,2026-07-29 09:45:41,李敏,L0398
IN202608010066,SKU0306,19,2026-08-01 08:34:00,2026-08-01 08:24:42,徐萍,L0398
IN202608040059,SKU0306,19,2026-08-04 10:09:00,2026-08-04 10:20:42,李敏,L0398
IN202608070074,SKU0306,19,2026-08-07 09:31:00,2026-08-07 09:33:12,李帆,L0398
IN202608100069,SKU0306,19,2026-08-10 08:04:00,2026-08-10 08:06:32,毛燕,L0398
IN202608130071,SKU0306,19,2026-08-13 09:27:00,2026-08-13 09:30:35,宋超,L0398
IN202608160055,SKU0306,19,2026-08-16 11:36:00,2026-08-16 11:44:02,杨建军,L0398
IN202608190071,SKU0306,19,2026-08-19 10:51:00,2026-08-19 11:08:09,刘旭,L0398
IN202608220063,SKU0306,19,2026-08-22 08:10:00,2026-08-22 08:07:32,宋超,L0398
IN202608250072,SKU0306,19,2026-08-25 10:54:00,2026-08-25 11:30:44,姚佳,L0398
IN202608280061,SKU0306,19,2026-08-28 10:00:00,2026-08-28 09:58:39,卓雪,L0398
IN202606010067,SKU0307,14,2026-06-01 08:05:00,2026-06-01 07:58:31,姚佳,L0257
IN202606070057,SKU0307,14,2026-06-07 08:17:00,2026-06-07 08:25:55,李帆,L0257
IN202606130061,SKU0307,14,2026-06-13 10:47:00,2026-06-13 11:40:20,李敏,L0257
IN202606190063,SKU0307,14,2026-06-19 10:04:00,2026-06-19 10:05:32,郑婷婷,L0257
IN202606250061,SKU0307,14,2026-06-25 09:05:00,2026-06-25 09:04:32,郑婷婷,L0257
IN202607010064,SKU0307,14,2026-07-01 09:26:00,2026-07-01 09:30:45,刘旭,L0257
IN202607070054,SKU0307,14,2026-07-07 10:29:00,2026-07-07 10:43:26,王丹,L0257
IN202607130068,SKU0307,14,2026-07-13 08:11:00,2026-07-13 08:08:36,刘旭,L0257
IN202607190059,SKU0307,14,2026-07-19 09:15:00,2026-07-19 09:30:04,李敏,L0257
IN202607250062,SKU0307,14,2026-07-25 11:36:00,2026-07-25 12:00:23,刘旭,L0257
IN202607310064,SKU0307,14,2026-07-31 09:08:00,2026-07-31 09:11:11,李帆,L0257
IN202608060058,SKU0307,14,2026-08-06 09:50:00,2026-08-06 10:06:23,毛燕,L0257
IN202608120061,SKU0307,14,2026-08-12 10:20:00,2026-08-12 10:19:05,卓雪,L0257
IN202608180060,SKU0307,14,2026-08-18 11:42:00,2026-08-18 12:58:49,姚佳,L0257
IN202608240065,SKU0307,14,2026-08-24 08:25:00,2026-08-24 08:25:09,宋超,L0257
IN202606020066,SKU0308,27,2026-06-02 11:31:00,2026-06-02 11:30:51,刘旭,L0278
IN202606090066,SKU0308,27,2026-06-09 09:49:00,2026-06-09 09:46:11,王丹,L0278
IN202606160069,SKU0308,27,2026-06-16 10:19:00,2026-06-16 13:57:40,卓雪,L0278
IN202606230063,SKU0308,27,2026-06-23 09:12:00,2026-06-23 13:08:16,杨建军,L0278
IN202606300071,SKU0308,27,2026-06-30 08:14:00,2026-06-30 08:15:10,刘旭,L0278
IN202607070055,SKU0308,27,2026-07-07 09:44:00,2026-07-07 09:46:47,廖晨,L0278
IN202607140070,SKU0308,27,2026-07-14 08:01:00,2026-07-14 08:24:04,廖晨,L0278
IN202607210071,SKU0308,27,2026-07-21 11:05:00,2026-07-21 11:05:39,徐萍,L0278
IN202607280068,SKU0308,27,2026-07-28 11:22:00,2026-07-28 11:36:52,徐萍,L0278
IN202608040060,SKU0308,27,2026-08-04 09:49:00,2026-08-04 10:48:28,杨建军,L0278
IN202608110066,SKU0308,27,2026-08-11 09:26:00,2026-08-11 11:30:10,王丹,L0278
IN202608180061,SKU0308,27,2026-08-18 10:23:00,2026-08-18 10:32:26,廖晨,L0278
IN202608250073,SKU0308,27,2026-08-25 10:04:00,2026-08-25 10:09:33,宋超,L0278
IN202606050063,SKU0309,12,2026-06-05 09:31:00,2026-06-05 09:37:51,李敏,L0211
IN202606100068,SKU0309,12,2026-06-10 11:35:00,2026-06-10 11:51:30,卓雪,L0211
IN202606150075,SKU0309,12,2026-06-15 11:31:00,2026-06-15 11:21:51,杨建军,L0211
IN202606200072,SKU0309,12,2026-06-20 11:31:00,2026-06-20 11:54:32,王丹,L0211
IN202606250062,SKU0309,12,2026-06-25 09:10:00,2026-06-25 09:28:03,徐萍,L0211
IN202606300072,SKU0309,12,2026-06-30 10:46:00,2026-06-30 13:40:35,毛燕,L0211
IN202607050063,SKU0309,12,2026-07-05 10:25:00,2026-07-05 10:22:18,廖晨,L0211
IN202607100070,SKU0309,12,2026-07-10 08:34:00,2026-07-10 08:45:47,毛燕,L0211
IN202607150068,SKU0309,12,2026-07-15 11:53:00,2026-07-15 11:53:40,王丹,L0211
IN202607200077,SKU0309,12,2026-07-20 09:16:00,2026-07-20 09:34:40,王丹,L0211
IN202607250063,SKU0309,12,2026-07-25 09:30:00,2026-07-25 13:03:20,郑婷婷,L0211
IN202607300073,SKU0309,12,2026-07-30 08:00:00,2026-07-30 07:52:25,王丹,L0211
IN202608040061,SKU0309,12,2026-08-04 08:42:00,2026-08-04 09:01:33,王丹,L0211
IN202608090068,SKU0309,12,2026-08-09 10:40:00,2026-08-09 14:06:21,李帆,L0211
IN202608140072,SKU0309,12,2026-08-14 09:53:00,2026-08-14 11:29:39,刘旭,L0211
IN202608190072,SKU0309,12,2026-08-19 08:03:00,2026-08-19 08:04:45,廖晨,L0211
IN202608240066,SKU0309,12,2026-08-24 09:51:00,2026-08-24 12:21:54,李帆,L0211
IN202608290072,SKU0309,12,2026-08-29 10:23:00,2026-08-29 10:27:05,宋超,L0211
IN202606040068,SKU0310,12,2026-06-04 10:37:00,2026-06-04 13:01:41,李敏,L0127
IN202606090067,SKU0310,12,2026-06-09 08:49:00,2026-06-09 08:54:39,李帆,L0127
IN202606140071,SKU0310,12,2026-06-14 11:23:00,2026-06-14 11:46:02,李敏,L0127
IN202606190064,SKU0310,12,2026-06-19 10:14:00,2026-06-19 10:24:52,杨建军,L0127
IN202606240071,SKU0310,12,2026-06-24 08:31:00,2026-06-24 08:30:57,卓雪,L0127
IN202606290065,SKU0310,12,2026-06-29 11:03:00,2026-06-29 11:00:46,卓雪,L0127
IN202607040067,SKU0310,12,2026-07-04 11:32:00,2026-07-04 11:52:11,李帆,L0127
IN202607090070,SKU0310,12,2026-07-09 09:04:00,2026-07-09 09:14:59,卓雪,L0127
IN202607140071,SKU0310,12,2026-07-14 10:57:00,2026-07-14 10:52:30,徐萍,L0127
IN202607190060,SKU0310,12,2026-07-19 10:02:00,2026-07-19 10:23:03,李敏,L0127
IN202607240073,SKU0310,12,2026-07-24 08:03:00,2026-07-24 09:44:42,毛燕,L0127
IN202607290062,SKU0310,12,2026-07-29 09:37:00,2026-07-29 10:01:46,宋超,L0127
IN202608030072,SKU0310,12,2026-08-03 08:48:00,2026-08-03 09:04:54,卓雪,L0127
IN202608080067,SKU0310,12,2026-08-08 10:48:00,2026-08-08 11:07:55,李敏,L0127
IN202608130072,SKU0310,12,2026-08-13 08:08:00,2026-08-13 08:31:44,姚佳,L0127
IN202608180062,SKU0310,12,2026-08-18 09:59:00,2026-08-18 09:57:53,王丹,L0127
IN202608230071,SKU0310,12,2026-08-23 11:54:00,2026-08-23 13:23:01,卓雪,L0127
IN202608280062,SKU0310,12,2026-08-28 10:19:00,2026-08-28 10:30:46,王丹,L0127
IN202606040069,SKU0311,16,2026-06-04 08:15:00,2026-06-04 08:19:18,卓雪,L0649
IN202606090068,SKU0311,16,2026-06-09 10:20:00,2026-06-09 10:36:11,徐萍,L0649
IN202606140072,SKU0311,16,2026-06-14 10:44:00,2026-06-14 10:35:12,杨建军,L0649
IN202606190065,SKU0311,16,2026-06-19 10:38:00,2026-06-19 10:49:16,廖晨,L0649
IN202606240072,SKU0311,16,2026-06-24 09:12:00,2026-06-24 09:05:09,刘旭,L0649
IN202606290066,SKU0311,16,2026-06-29 11:52:00,2026-06-29 12:05:33,卓雪,L0649
IN202607040068,SKU0311,16,2026-07-04 10:46:00,2026-07-04 12:00:19,宋超,L0649
IN202607090071,SKU0311,16,2026-07-09 11:43:00,2026-07-09 14:08:56,宋超,L0649
IN202607140072,SKU0311,16,2026-07-14 09:30:00,2026-07-14 09:27:43,杨建军,L0649
IN202607190061,SKU0311,16,2026-07-19 09:19:00,2026-07-19 09:29:37,姚佳,L0649
IN202607240074,SKU0311,16,2026-07-24 09:39:00,2026-07-24 09:48:21,毛燕,L0649
IN202607290063,SKU0311,16,2026-07-29 10:49:00,2026-07-29 10:58:47,刘旭,L0649
IN202608030073,SKU0311,16,2026-08-03 10:57:00,2026-08-03 10:59:49,李帆,L0649
IN202608080068,SKU0311,16,2026-08-08 09:00:00,2026-08-08 09:00:29,李敏,L0649
IN202608130073,SKU0311,16,2026-08-13 08:28:00,2026-08-13 08:25:19,毛燕,L0649
IN202608180063,SKU0311,16,2026-08-18 11:23:00,2026-08-18 11:39:48,刘旭,L0649
IN202608230072,SKU0311,16,2026-08-23 09:24:00,2026-08-23 09:46:37,毛燕,L0649
IN202608280063,SKU0311,16,2026-08-28 08:16:00,2026-08-28 11:54:58,李敏,L0649
IN202606020067,SKU0312,31,2026-06-02 09:57:00,2026-06-02 10:20:36,刘旭,L0661
IN202606090069,SKU0312,31,2026-06-09 10:05:00,2026-06-09 10:02:02,李敏,L0661
IN202606160070,SKU0312,31,2026-06-16 10:23:00,2026-06-16 11:51:54,毛燕,L0661
IN202606230064,SKU0312,31,2026-06-23 09:19:00,2026-06-23 09:36:56,王丹,L0661
IN202606300073,SKU0312,31,2026-06-30 09:51:00,2026-06-30 10:05:13,李帆,L0661
IN202607070056,SKU0312,31,2026-07-07 09:12:00,2026-07-07 10:09:30,姚佳,L0661
IN202607140073,SKU0312,31,2026-07-14 11:25:00,2026-07-14 11:31:38,毛燕,L0661
IN202607210072,SKU0312,31,2026-07-21 10:06:00,2026-07-21 10:07:37,刘旭,L0661
IN202607280069,SKU0312,31,2026-07-28 08:19:00,2026-07-28 08:33:10,姚佳,L0661
IN202608040062,SKU0312,31,2026-08-04 08:45:00,2026-08-04 08:50:58,姚佳,L0661
IN202608110067,SKU0312,31,2026-08-11 10:39:00,2026-08-11 10:48:30,郑婷婷,L0661
IN202608180064,SKU0312,31,2026-08-18 09:03:00,2026-08-18 09:12:21,王丹,L0661
IN202608250074,SKU0312,31,2026-08-25 09:18:00,2026-08-25 09:17:23,李帆,L0661
IN202606030071,SKU0313,12,2026-06-03 09:36:00,2026-06-03 09:40:19,李帆,L0030
IN202606070058,SKU0313,12,2026-06-07 11:40:00,2026-06-07 11:36:28,毛燕,L0030
IN202606110066,SKU0313,12,2026-06-11 08:14:00,2026-06-11 08:51:15,郑婷婷,L0030
IN202606150076,SKU0313,12,2026-06-15 08:35:00,2026-06-15 08:31:52,李敏,L0030
IN202606190066,SKU0313,12,2026-06-19 10:49:00,2026-06-19 12:06:51,郑婷婷,L0030
IN202606230065,SKU0313,12,2026-06-23 11:59:00,2026-06-23 12:12:05,廖晨,L0030
IN202606270065,SKU0313,12,2026-06-27 11:51:00,2026-06-27 12:39:48,廖晨,L0030
IN202607010065,SKU0313,12,2026-07-01 11:15:00,2026-07-01 13:45:07,廖晨,L0030
IN202607050064,SKU0313,12,2026-07-05 09:23:00,2026-07-05 09:32:09,王丹,L0030
IN202607090072,SKU0313,12,2026-07-09 10:14:00,2026-07-09 11:49:25,李敏,L0030
IN202607130069,SKU0313,12,2026-07-13 08:05:00,2026-07-13 08:13:05,卓雪,L0030
IN202607170060,SKU0313,12,2026-07-17 09:22:00,2026-07-17 09:39:57,卓雪,L0030
IN202607210073,SKU0313,12,2026-07-21 08:19:00,2026-07-21 08:13:33,郑婷婷,L0030
IN202607250064,SKU0313,12,2026-07-25 11:11:00,2026-07-25 13:00:42,郑婷婷,L0030
IN202607290064,SKU0313,12,2026-07-29 08:07:00,2026-07-29 08:06:07,廖晨,L0030
IN202608020071,SKU0313,12,2026-08-02 10:09:00,2026-08-02 10:19:41,杨建军,L0030
IN202608060059,SKU0313,12,2026-08-06 09:20:00,2026-08-06 13:02:10,徐萍,L0030
IN202608100070,SKU0313,12,2026-08-10 10:22:00,2026-08-10 10:27:25,李帆,L0030
IN202608140073,SKU0313,12,2026-08-14 08:11:00,2026-08-14 10:13:14,郑婷婷,L0030
IN202608180065,SKU0313,12,2026-08-18 08:58:00,2026-08-18 11:24:55,王丹,L0030
IN202608220064,SKU0313,12,2026-08-22 09:41:00,2026-08-22 09:51:59,徐萍,L0030
IN202608260065,SKU0313,12,2026-08-26 08:00:00,2026-08-26 08:06:53,卓雪,L0030
IN202606040070,SKU0314,15,2026-06-04 08:26:00,2026-06-04 08:25:52,毛燕,L0570
IN202606090070,SKU0314,15,2026-06-09 08:08:00,2026-06-09 08:07:55,姚佳,L0570
IN202606140073,SKU0314,15,2026-06-14 09:58:00,2026-06-14 10:03:11,王丹,L0570
IN202606190067,SKU0314,15,2026-06-19 08:02:00,2026-06-19 08:08:27,廖晨,L0570
IN202606240073,SKU0314,15,2026-06-24 10:52:00,2026-06-24 10:42:58,徐萍,L0570
IN202606290067,SKU0314,15,2026-06-29 09:35:00,2026-06-29 09:46:53,杨建军,L0570
IN202607040069,SKU0314,15,2026-07-04 10:51:00,2026-07-04 10:43:39,姚佳,L0570
IN202607090073,SKU0314,15,2026-07-09 09:06:00,2026-07-09 09:14:17,卓雪,L0570
IN202607140074,SKU0314,15,2026-07-14 11:58:00,2026-07-14 12:02:59,李帆,L0570
IN202607190062,SKU0314,15,2026-07-19 11:28:00,2026-07-19 11:46:36,卓雪,L0570
IN202607240075,SKU0314,15,2026-07-24 11:58:00,2026-07-24 11:52:04,杨建军,L0570
IN202607290065,SKU0314,15,2026-07-29 08:31:00,2026-07-29 08:49:10,姚佳,L0570
IN202608030074,SKU0314,15,2026-08-03 10:26:00,2026-08-03 10:41:01,徐萍,L0570
IN202608080069,SKU0314,15,2026-08-08 08:36:00,2026-08-08 08:32:28,李敏,L0570
IN202608130074,SKU0314,15,2026-08-13 09:43:00,2026-08-13 09:50:50,徐萍,L0570
IN202608180066,SKU0314,15,2026-08-18 11:54:00,2026-08-18 11:54:17,徐萍,L0570
IN202608230073,SKU0314,15,2026-08-23 08:15:00,2026-08-23 08:12:46,刘旭,L0570
IN202608280064,SKU0314,15,2026-08-28 11:33:00,2026-08-28 11:31:03,李帆,L0570
IN202606020068,SKU0315,13,2026-06-02 09:30:00,2026-06-02 09:54:36,毛燕,L0020
IN202606080078,SKU0315,13,2026-06-08 11:52:00,2026-06-08 11:55:00,徐萍,L0020
IN202606140074,SKU0315,13,2026-06-14 11:58:00,2026-06-14 12:03:20,宋超,L0020
IN202606200073,SKU0315,13,2026-06-20 09:03:00,2026-06-20 08:56:51,杨建军,L0020
IN202606260076,SKU0315,13,2026-06-26 10:01:00,2026-06-26 10:03:42,李帆,L0020
IN202607020068,SKU0315,13,2026-07-02 10:19:00,2026-07-02 10:40:35,卓雪,L0020
IN202607080073,SKU0315,13,2026-07-08 09:46:00,2026-07-08 09:54:30,毛燕,L0020
IN202607140075,SKU0315,13,2026-07-14 10:33:00,2026-07-14 10:36:59,王丹,L0020
IN202607200078,SKU0315,13,2026-07-20 10:46:00,2026-07-20 11:02:08,徐萍,L0020
IN202607260074,SKU0315,13,2026-07-26 09:24:00,2026-07-26 09:43:19,李帆,L0020
IN202608010067,SKU0315,13,2026-08-01 08:57:00,2026-08-01 08:50:42,王丹,L0020
IN202608070075,SKU0315,13,2026-08-07 08:49:00,2026-08-07 08:39:54,宋超,L0020
IN202608130075,SKU0315,13,2026-08-13 08:08:00,2026-08-13 10:03:01,杨建军,L0020
IN202608190073,SKU0315,13,2026-08-19 11:51:00,2026-08-19 11:51:55,姚佳,L0020
IN202608250075,SKU0315,13,2026-08-25 10:16:00,2026-08-25 10:15:22,郑婷婷,L0020
IN202606020069,SKU0316,37,2026-06-02 09:58:00,2026-06-02 10:16:34,廖晨,L0590
IN202606080079,SKU0316,37,2026-06-08 10:46:00,2026-06-08 10:55:50,杨建军,L0590
IN202606140075,SKU0316,37,2026-06-14 10:32:00,2026-06-14 10:54:41,廖晨,L0590
IN202606200074,SKU0316,37,2026-06-20 10:25:00,2026-06-20 10:44:52,郑婷婷,L0590
IN202606260077,SKU0316,37,2026-06-26 08:27:00,2026-06-26 08:21:47,李敏,L0590
IN202607020069,SKU0316,37,2026-07-02 11:26:00,2026-07-02 11:37:24,刘旭,L0590
IN202607080074,SKU0316,37,2026-07-08 09:51:00,2026-07-08 10:08:22,姚佳,L0590
IN202607140076,SKU0316,37,2026-07-14 11:15:00,2026-07-14 11:26:32,郑婷婷,L0590
IN202607200079,SKU0316,37,2026-07-20 11:00:00,2026-07-20 11:12:59,徐萍,L0590
IN202607260075,SKU0316,37,2026-07-26 10:13:00,2026-07-26 10:08:04,李帆,L0590
IN202608010068,SKU0316,37,2026-08-01 09:25:00,2026-08-01 09:25:46,廖晨,L0590
IN202608070076,SKU0316,37,2026-08-07 11:05:00,2026-08-07 11:01:33,徐萍,L0590
IN202608130076,SKU0316,37,2026-08-13 08:41:00,2026-08-13 08:41:36,杨建军,L0590
IN202608190074,SKU0316,37,2026-08-19 11:20:00,2026-08-19 11:38:04,刘旭,L0590
IN202608250076,SKU0316,37,2026-08-25 11:53:00,2026-08-25 12:16:57,李帆,L0590
IN202606010068,SKU0317,56,2026-06-01 11:57:00,2026-06-01 11:55:02,杨建军,L0677
IN202606040071,SKU0317,56,2026-06-04 09:01:00,2026-06-04 09:24:00,杨建军,L0677
IN202606070059,SKU0317,56,2026-06-07 10:02:00,2026-06-07 10:04:38,宋超,L0677
IN202606100069,SKU0317,56,2026-06-10 09:37:00,2026-06-10 09:47:59,杨建军,L0677
IN202606130062,SKU0317,56,2026-06-13 09:45:00,2026-06-13 09:47:27,徐萍,L0677
IN202606160071,SKU0317,56,2026-06-16 11:01:00,2026-06-16 11:08:49,郑婷婷,L0677
IN202606190068,SKU0317,56,2026-06-19 08:07:00,2026-06-19 08:26:56,宋超,L0677
IN202606220068,SKU0317,56,2026-06-22 08:57:00,2026-06-22 08:59:31,郑婷婷,L0677
IN202606250063,SKU0317,56,2026-06-25 08:44:00,2026-06-25 08:36:09,卓雪,L0677
IN202606280069,SKU0317,56,2026-06-28 11:53:00,2026-06-28 13:33:05,姚佳,L0677
IN202607010066,SKU0317,56,2026-07-01 09:02:00,2026-07-01 09:08:02,李敏,L0677
IN202607040070,SKU0317,56,2026-07-04 08:28:00,2026-07-04 08:26:29,郑婷婷,L0677
IN202607070057,SKU0317,56,2026-07-07 08:05:00,2026-07-07 08:27:08,王丹,L0677
IN202607100071,SKU0317,56,2026-07-10 08:04:00,2026-07-10 08:03:06,宋超,L0677
IN202607130070,SKU0317,56,2026-07-13 10:48:00,2026-07-13 10:57:33,宋超,L0677
IN202607160071,SKU0317,56,2026-07-16 08:48:00,2026-07-16 11:54:08,杨建军,L0677
IN202607190063,SKU0317,56,2026-07-19 09:41:00,2026-07-19 09:57:40,杨建军,L0677
IN202607220063,SKU0317,56,2026-07-22 08:17:00,2026-07-22 08:31:05,杨建军,L0677
IN202607250065,SKU0317,56,2026-07-25 09:55:00,2026-07-25 10:05:41,宋超,L0677
IN202607280070,SKU0317,56,2026-07-28 11:36:00,2026-07-28 11:28:21,卓雪,L0677
IN202607310065,SKU0317,56,2026-07-31 10:30:00,2026-07-31 10:46:52,郑婷婷,L0677
IN202608030075,SKU0317,56,2026-08-03 08:45:00,2026-08-03 10:07:21,李敏,L0677
IN202608060060,SKU0317,56,2026-08-06 10:43:00,2026-08-06 10:43:30,毛燕,L0677
IN202608090069,SKU0317,56,2026-08-09 11:40:00,2026-08-09 11:43:58,卓雪,L0677
IN202608120062,SKU0317,56,2026-08-12 11:39:00,2026-08-12 11:40:30,李帆,L0677
IN202608150070,SKU0317,56,2026-08-15 10:10:00,2026-08-15 10:26:39,李敏,L0677
IN202608180067,SKU0317,56,2026-08-18 08:50:00,2026-08-18 09:03:29,廖晨,L0677
IN202608210065,SKU0317,56,2026-08-21 08:12:00,2026-08-21 08:02:33,李帆,L0677
IN202608240067,SKU0317,56,2026-08-24 08:28:00,2026-08-24 11:44:15,李帆,L0677
IN202608270070,SKU0317,56,2026-08-27 08:21:00,2026-08-27 08:24:17,宋超,L0677
IN202606010069,SKU0318,23,2026-06-01 08:20:00,2026-06-01 08:42:37,宋超,L0502
IN202606080080,SKU0318,23,2026-06-08 11:18:00,2026-06-08 11:15:12,王丹,L0502
IN202606150077,SKU0318,23,2026-06-15 08:53:00,2026-06-15 09:14:05,刘旭,L0502
IN202606220069,SKU0318,23,2026-06-22 08:04:00,2026-06-22 07:55:26,宋超,L0502
IN202606290068,SKU0318,23,2026-06-29 09:42:00,2026-06-29 13:00:47,李帆,L0502
IN202607060079,SKU0318,23,2026-07-06 09:01:00,2026-07-06 09:17:19,廖晨,L0502
IN202607130071,SKU0318,23,2026-07-13 11:19:00,2026-07-13 11:23:19,姚佳,L0502
IN202607200080,SKU0318,23,2026-07-20 10:47:00,2026-07-20 10:56:07,李敏,L0502
IN202607270068,SKU0318,23,2026-07-27 10:39:00,2026-07-27 10:30:55,宋超,L0502
IN202608030076,SKU0318,23,2026-08-03 11:52:00,2026-08-03 11:52:37,廖晨,L0502
IN202608100071,SKU0318,23,2026-08-10 10:56:00,2026-08-10 11:07:11,刘旭,L0502
IN202608170078,SKU0318,23,2026-08-17 11:06:00,2026-08-17 11:05:57,李帆,L0502
IN202608240068,SKU0318,23,2026-08-24 09:16:00,2026-08-24 09:11:27,王丹,L0502
IN202606070060,SKU0319,21,2026-06-07 10:53:00,2026-06-07 11:01:34,徐萍,L0461
IN202606140076,SKU0319,21,2026-06-14 09:31:00,2026-06-14 09:24:47,郑婷婷,L0461
IN202606210070,SKU0319,21,2026-06-21 08:51:00,2026-06-21 10:01:39,刘旭,L0461
IN202606280070,SKU0319,21,2026-06-28 11:59:00,2026-06-28 12:23:27,杨建军,L0461
IN202607050065,SKU0319,21,2026-07-05 10:18:00,2026-07-05 10:38:31,郑婷婷,L0461
IN202607120067,SKU0319,21,2026-07-12 08:24:00,2026-07-12 08:36:45,王丹,L0461
IN202607190064,SKU0319,21,2026-07-19 11:42:00,2026-07-19 14:54:29,王丹,L0461
IN202607260076,SKU0319,21,2026-07-26 09:22:00,2026-07-26 09:26:23,宋超,L0461
IN202608020072,SKU0319,21,2026-08-02 10:40:00,2026-08-02 11:00:28,毛燕,L0461
IN202608090070,SKU0319,21,2026-08-09 08:37:00,2026-08-09 08:46:41,王丹,L0461
IN202608160056,SKU0319,21,2026-08-16 09:55:00,2026-08-16 10:35:08,王丹,L0461
IN202608230074,SKU0319,21,2026-08-23 09:53:00,2026-08-23 09:50:42,姚佳,L0461
IN202606020070,SKU0320,14,2026-06-02 10:14:00,2026-06-02 10:14:06,刘旭,L0485
IN202606080081,SKU0320,14,2026-06-08 10:12:00,2026-06-08 12:04:38,李敏,L0485
IN202606140077,SKU0320,14,2026-06-14 10:13:00,2026-06-14 12:58:47,廖晨,L0485
IN202606200075,SKU0320,14,2026-06-20 10:52:00,2026-06-20 11:11:21,王丹,L0485
IN202606260078,SKU0320,14,2026-06-26 10:41:00,2026-06-26 10:41:45,卓雪,L0485
IN202607020070,SKU0320,14,2026-07-02 08:20:00,2026-07-02 08:10:51,徐萍,L0485
IN202607080075,SKU0320,14,2026-07-08 09:39:00,2026-07-08 09:51:45,杨建军,L0485
IN202607140077,SKU0320,14,2026-07-14 09:46:00,2026-07-14 10:08:18,郑婷婷,L0485
IN202607200081,SKU0320,14,2026-07-20 10:41:00,2026-07-20 11:00:39,廖晨,L0485
IN202607260077,SKU0320,14,2026-07-26 09:05:00,2026-07-26 11:11:38,王丹,L0485
IN202608010069,SKU0320,14,2026-08-01 10:32:00,2026-08-01 10:50:23,卓雪,L0485
IN202608070077,SKU0320,14,2026-08-07 08:55:00,2026-08-07 09:10:44,廖晨,L0485
IN202608130077,SKU0320,14,2026-08-13 10:00:00,2026-08-13 10:08:31,杨建军,L0485
IN202608190075,SKU0320,14,2026-08-19 09:14:00,2026-08-19 09:11:16,廖晨,L0485
IN202608250077,SKU0320,14,2026-08-25 08:07:00,2026-08-25 08:26:28,郑婷婷,L0485
IN202606030072,SKU0321,15,2026-06-03 11:54:00,2026-06-03 11:58:12,徐萍,L0452
IN202606090071,SKU0321,15,2026-06-09 10:21:00,2026-06-09 10:30:26,李帆,L0452
IN202606150078,SKU0321,15,2026-06-15 08:56:00,2026-06-15 10:57:49,姚佳,L0452
IN202606210071,SKU0321,15,2026-06-21 10:00:00,2026-06-21 10:23:25,徐萍,L0452
IN202606270066,SKU0321,15,2026-06-27 11:56:00,2026-06-27 11:53:18,卓雪,L0452
IN202607030071,SKU0321,15,2026-07-03 09:13:00,2026-07-03 09:09:31,刘旭,L0452
IN202607090074,SKU0321,15,2026-07-09 09:38:00,2026-07-09 09:50:37,宋超,L0452
IN202607150069,SKU0321,15,2026-07-15 11:33:00,2026-07-15 14:00:05,廖晨,L0452
IN202607210074,SKU0321,15,2026-07-21 08:53:00,2026-07-21 09:03:16,刘旭,L0452
IN202607270069,SKU0321,15,2026-07-27 10:13:00,2026-07-27 10:31:39,郑婷婷,L0452
IN202608020073,SKU0321,15,2026-08-02 10:58:00,2026-08-02 10:50:47,宋超,L0452
IN202608080070,SKU0321,15,2026-08-08 09:22:00,2026-08-08 10:15:29,李敏,L0452
IN202608140074,SKU0321,15,2026-08-14 08:58:00,2026-08-14 09:19:16,李敏,L0452
IN202608200071,SKU0321,15,2026-08-20 10:18:00,2026-08-20 10:42:59,刘旭,L0452
IN202608260066,SKU0321,15,2026-08-26 10:05:00,2026-08-26 10:27:13,郑婷婷,L0452
IN202606050064,SKU0322,15,2026-06-05 08:15:00,2026-06-05 08:13:49,郑婷婷,L0489
IN202606110067,SKU0322,15,2026-06-11 10:11:00,2026-06-11 10:06:34,李敏,L0489
IN202606170056,SKU0322,15,2026-06-17 09:15:00,2026-06-17 09:10:19,王丹,L0489
IN202606230066,SKU0322,15,2026-06-23 09:49:00,2026-06-23 09:41:48,毛燕,L0489
IN202606290069,SKU0322,15,2026-06-29 11:49:00,2026-06-29 11:45:39,杨建军,L0489
IN202607050066,SKU0322,15,2026-07-05 11:10:00,2026-07-05 13:43:22,杨建军,L0489
IN202607110063,SKU0322,15,2026-07-11 11:24:00,2026-07-11 11:46:19,姚佳,L0489
IN202607170061,SKU0322,15,2026-07-17 11:40:00,2026-07-17 11:35:27,王丹,L0489
IN202607230063,SKU0322,15,2026-07-23 09:43:00,2026-07-23 10:04:15,徐萍,L0489
IN202607290066,SKU0322,15,2026-07-29 09:20:00,2026-07-29 09:24:21,刘旭,L0489
IN202608040063,SKU0322,15,2026-08-04 10:25:00,2026-08-04 10:49:03,刘旭,L0489
IN202608100072,SKU0322,15,2026-08-10 11:47:00,2026-08-10 12:08:38,刘旭,L0489
IN202608160057,SKU0322,15,2026-08-16 08:28:00,2026-08-16 08:47:24,郑婷婷,L0489
IN202608220065,SKU0322,15,2026-08-22 08:02:00,2026-08-22 07:56:02,李帆,L0489
IN202608280065,SKU0322,15,2026-08-28 08:36:00,2026-08-28 08:59:28,郑婷婷,L0489
IN202606010070,SKU0323,13,2026-06-01 08:58:00,2026-06-01 08:52:23,刘旭,L0094
IN202606070061,SKU0323,13,2026-06-07 11:23:00,2026-06-07 11:17:32,刘旭,L0094
IN202606130063,SKU0323,13,2026-06-13 08:30:00,2026-06-13 08:38:02,卓雪,L0094
IN202606190069,SKU0323,13,2026-06-19 08:19:00,2026-06-19 08:25:48,宋超,L0094
IN202606250064,SKU0323,13,2026-06-25 08:52:00,2026-06-25 09:05:05,卓雪,L0094
IN202607010067,SKU0323,13,2026-07-01 08:08:00,2026-07-01 09:41:07,杨建军,L0094
IN202607070058,SKU0323,13,2026-07-07 08:09:00,2026-07-07 08:14:57,刘旭,L0094
IN202607130072,SKU0323,13,2026-07-13 10:08:00,2026-07-13 09:58:16,杨建军,L0094
IN202607190065,SKU0323,13,2026-07-19 10:53:00,2026-07-19 10:43:44,李帆,L0094
IN202607250066,SKU0323,13,2026-07-25 08:32:00,2026-07-25 08:33:33,宋超,L0094
IN202607310066,SKU0323,13,2026-07-31 09:12:00,2026-07-31 12:38:42,王丹,L0094
IN202608060061,SKU0323,13,2026-08-06 11:30:00,2026-08-06 11:33:29,姚佳,L0094
IN202608120063,SKU0323,13,2026-08-12 10:31:00,2026-08-12 10:38:52,李帆,L0094
IN202608180068,SKU0323,13,2026-08-18 11:50:00,2026-08-18 12:01:08,李帆,L0094
IN202608240069,SKU0323,13,2026-08-24 11:34:00,2026-08-24 11:37:49,李帆,L0094
IN202606040072,SKU0324,12,2026-06-04 09:09:00,2026-06-04 09:05:26,廖晨,L0098
IN202606090072,SKU0324,12,2026-06-09 11:40:00,2026-06-09 11:47:22,徐萍,L0098
IN202606140078,SKU0324,12,2026-06-14 08:35:00,2026-06-14 08:29:51,卓雪,L0098
IN202606190070,SKU0324,12,2026-06-19 11:37:00,2026-06-19 11:30:07,王丹,L0098
IN202606240074,SKU0324,12,2026-06-24 10:52:00,2026-06-24 12:48:12,姚佳,L0098
IN202606290070,SKU0324,12,2026-06-29 08:39:00,2026-06-29 08:54:11,宋超,L0098
IN202607040071,SKU0324,12,2026-07-04 09:56:00,2026-07-04 10:18:06,姚佳,L0098
IN202607090075,SKU0324,12,2026-07-09 11:49:00,2026-07-09 12:08:08,李帆,L0098
IN202607140078,SKU0324,12,2026-07-14 09:10:00,2026-07-14 12:14:02,王丹,L0098
IN202607190066,SKU0324,12,2026-07-19 11:17:00,2026-07-19 11:36:02,毛燕,L0098
IN202607240076,SKU0324,12,2026-07-24 10:49:00,2026-07-24 10:40:37,刘旭,L0098
IN202607290067,SKU0324,12,2026-07-29 08:08:00,2026-07-29 10:33:54,徐萍,L0098
IN202608030077,SKU0324,12,2026-08-03 08:11:00,2026-08-03 08:16:45,李帆,L0098
IN202608080071,SKU0324,12,2026-08-08 08:35:00,2026-08-08 08:41:43,卓雪,L0098
IN202608130078,SKU0324,12,2026-08-13 10:14:00,2026-08-13 10:22:53,杨建军,L0098
IN202608180069,SKU0324,12,2026-08-18 10:58:00,2026-08-18 10:58:42,廖晨,L0098
IN202608230075,SKU0324,12,2026-08-23 11:41:00,2026-08-23 11:40:31,王丹,L0098
IN202608280066,SKU0324,12,2026-08-28 09:26:00,2026-08-28 09:45:31,李敏,L0098
IN202606040073,SKU0325,15,2026-06-04 11:52:00,2026-06-04 14:32:51,杨建军,L0364
IN202606110068,SKU0325,15,2026-06-11 09:50:00,2026-06-11 10:03:49,刘旭,L0364
IN202606180074,SKU0325,15,2026-06-18 10:58:00,2026-06-18 10:54:46,王丹,L0364
IN202606250065,SKU0325,15,2026-06-25 08:58:00,2026-06-25 09:06:07,徐萍,L0364
IN202607020071,SKU0325,15,2026-07-02 11:18:00,2026-07-02 11:21:14,杨建军,L0364
IN202607090076,SKU0325,15,2026-07-09 11:06:00,2026-07-09 14:32:21,毛燕,L0364
IN202607160072,SKU0325,15,2026-07-16 09:55:00,2026-07-16 10:09:35,廖晨,L0364
IN202607230064,SKU0325,15,2026-07-23 11:02:00,2026-07-23 11:03:13,毛燕,L0364
IN202607300074,SKU0325,15,2026-07-30 11:53:00,2026-07-30 12:10:04,徐萍,L0364
IN202608060062,SKU0325,15,2026-08-06 08:29:00,2026-08-06 08:48:15,毛燕,L0364
IN202608130079,SKU0325,15,2026-08-13 11:41:00,2026-08-13 11:47:52,徐萍,L0364
IN202608200072,SKU0325,15,2026-08-20 10:06:00,2026-08-20 10:26:59,李敏,L0364
IN202608270071,SKU0325,15,2026-08-27 10:16:00,2026-08-27 10:23:26,毛燕,L0364
IN202606030073,SKU0326,34,2026-06-03 08:54:00,2026-06-03 09:00:17,杨建军,L0700
IN202606100070,SKU0326,34,2026-06-10 09:14:00,2026-06-10 09:13:23,王丹,L0700
IN202606170057,SKU0326,34,2026-06-17 09:45:00,2026-06-17 09:54:50,徐萍,L0700
IN202606240075,SKU0326,34,2026-06-24 10:43:00,2026-06-24 12:17:06,郑婷婷,L0700
IN202607010068,SKU0326,34,2026-07-01 11:37:00,2026-07-01 12:27:02,李帆,L0700
IN202607080076,SKU0326,34,2026-07-08 11:44:00,2026-07-08 15:39:45,毛燕,L0700
IN202607150070,SKU0326,34,2026-07-15 08:28:00,2026-07-15 12:23:20,李帆,L0700
IN202607220064,SKU0326,34,2026-07-22 09:01:00,2026-07-22 08:59:16,徐萍,L0700
IN202607290068,SKU0326,34,2026-07-29 11:21:00,2026-07-29 11:12:37,杨建军,L0700
IN202608050074,SKU0326,34,2026-08-05 10:22:00,2026-08-05 10:19:01,郑婷婷,L0700
IN202608120064,SKU0326,34,2026-08-12 10:30:00,2026-08-12 14:19:51,李帆,L0700
IN202608190076,SKU0326,34,2026-08-19 09:46:00,2026-08-19 09:39:01,李敏,L0700
IN202608260067,SKU0326,34,2026-08-26 09:13:00,2026-08-26 09:30:45,郑婷婷,L0700
IN202606040074,SKU0327,14,2026-06-04 08:31:00,2026-06-04 08:46:19,李敏,L0562
IN202606100071,SKU0327,14,2026-06-10 11:58:00,2026-06-10 11:50:02,廖晨,L0562
IN202606160072,SKU0327,14,2026-06-16 08:06:00,2026-06-16 08:13:25,李敏,L0562
IN202606220070,SKU0327,14,2026-06-22 10:15:00,2026-06-22 10:32:53,王丹,L0562
IN202606280071,SKU0327,14,2026-06-28 10:41:00,2026-06-28 10:56:33,姚佳,L0562
IN202607040072,SKU0327,14,2026-07-04 09:36:00,2026-07-04 09:29:29,徐萍,L0562
IN202607100072,SKU0327,14,2026-07-10 10:14:00,2026-07-10 10:08:09,廖晨,L0562
IN202607160073,SKU0327,14,2026-07-16 11:08:00,2026-07-16 11:12:54,李敏,L0562
IN202607220065,SKU0327,14,2026-07-22 08:38:00,2026-07-22 11:48:03,郑婷婷,L0562
IN202607280071,SKU0327,14,2026-07-28 09:08:00,2026-07-28 09:14:39,王丹,L0562
IN202608030078,SKU0327,14,2026-08-03 10:25:00,2026-08-03 10:21:51,杨建军,L0562
IN202608090071,SKU0327,14,2026-08-09 09:36:00,2026-08-09 09:34:11,郑婷婷,L0562
IN202608150071,SKU0327,14,2026-08-15 10:25:00,2026-08-15 11:26:28,廖晨,L0562
IN202608210066,SKU0327,14,2026-08-21 09:47:00,2026-08-21 09:37:56,廖晨,L0562
IN202608270072,SKU0327,14,2026-08-27 10:49:00,2026-08-27 10:57:20,李帆,L0562
IN202606070062,SKU0328,31,2026-06-07 08:18:00,2026-06-07 08:23:37,郑婷婷,L0623
IN202606140079,SKU0328,31,2026-06-14 11:27:00,2026-06-14 11:28:01,郑婷婷,L0623
IN202606210072,SKU0328,31,2026-06-21 09:00:00,2026-06-21 09:01:25,毛燕,L0623
IN202606280072,SKU0328,31,2026-06-28 11:48:00,2026-06-28 12:03:20,王丹,L0623
IN202607050067,SKU0328,31,2026-07-05 11:54:00,2026-07-05 12:11:46,廖晨,L0623
IN202607120068,SKU0328,31,2026-07-12 08:24:00,2026-07-12 08:43:54,李敏,L0623
IN202607190067,SKU0328,31,2026-07-19 11:30:00,2026-07-19 11:30:57,杨建军,L0623
IN202607260078,SKU0328,31,2026-07-26 08:46:00,2026-07-26 09:00:21,李帆,L0623
IN202608020074,SKU0328,31,2026-08-02 08:10:00,2026-08-02 08:01:33,徐萍,L0623
IN202608090072,SKU0328,31,2026-08-09 09:38:00,2026-08-09 09:45:36,刘旭,L0623
IN202608160058,SKU0328,31,2026-08-16 10:59:00,2026-08-16 11:13:25,刘旭,L0623
IN202608230076,SKU0328,31,2026-08-23 11:48:00,2026-08-23 11:43:37,廖晨,L0623
IN202606010071,SKU0329,12,2026-06-01 08:38:00,2026-06-01 08:48:56,卓雪,L0537
IN202606040075,SKU0329,12,2026-06-04 11:12:00,2026-06-04 11:27:43,刘旭,L0537
IN202606070063,SKU0329,12,2026-06-07 10:09:00,2026-06-07 10:07:20,徐萍,L0537
IN202606100072,SKU0329,12,2026-06-10 11:32:00,2026-06-10 11:48:07,毛燕,L0537
IN202606130064,SKU0329,12,2026-06-13 08:21:00,2026-06-13 11:08:38,宋超,L0537
IN202606160073,SKU0329,12,2026-06-16 08:36:00,2026-06-16 08:59:38,毛燕,L0537
IN202606190071,SKU0329,12,2026-06-19 10:54:00,2026-06-19 10:55:55,王丹,L0537
IN202606220071,SKU0329,12,2026-06-22 08:57:00,2026-06-22 09:18:16,姚佳,L0537
IN202606250066,SKU0329,12,2026-06-25 09:04:00,2026-06-25 09:12:15,王丹,L0537
IN202606280073,SKU0329,12,2026-06-28 08:21:00,2026-06-28 08:43:41,王丹,L0537
IN202607010069,SKU0329,12,2026-07-01 11:25:00,2026-07-01 11:35:42,郑婷婷,L0537
IN202607040073,SKU0329,12,2026-07-04 11:16:00,2026-07-04 11:25:10,郑婷婷,L0537
IN202607070059,SKU0329,12,2026-07-07 10:50:00,2026-07-07 12:14:50,李敏,L0537
IN202607100073,SKU0329,12,2026-07-10 09:55:00,2026-07-10 09:53:23,李帆,L0537
IN202607130073,SKU0329,12,2026-07-13 11:26:00,2026-07-13 11:29:12,宋超,L0537
IN202607160074,SKU0329,12,2026-07-16 11:22:00,2026-07-16 11:15:52,姚佳,L0537
IN202607190068,SKU0329,12,2026-07-19 09:13:00,2026-07-19 09:28:07,廖晨,L0537
IN202607220066,SKU0329,12,2026-07-22 08:02:00,2026-07-22 08:02:12,毛燕,L0537
IN202607250067,SKU0329,12,2026-07-25 08:26:00,2026-07-25 08:35:01,廖晨,L0537
IN202607280072,SKU0329,12,2026-07-28 08:50:00,2026-07-28 08:41:19,卓雪,L0537
IN202607310067,SKU0329,12,2026-07-31 10:00:00,2026-07-31 11:26:11,杨建军,L0537
IN202608030079,SKU0329,12,2026-08-03 08:18:00,2026-08-03 08:32:42,郑婷婷,L0537
IN202608060063,SKU0329,12,2026-08-06 08:26:00,2026-08-06 08:23:01,刘旭,L0537
IN202608090073,SKU0329,12,2026-08-09 09:12:00,2026-08-09 09:04:07,毛燕,L0537
IN202608120065,SKU0329,12,2026-08-12 08:05:00,2026-08-12 08:07:37,姚佳,L0537
IN202608150072,SKU0329,12,2026-08-15 08:36:00,2026-08-15 09:00:02,王丹,L0537
IN202608180070,SKU0329,12,2026-08-18 08:14:00,2026-08-18 08:09:01,廖晨,L0537
IN202608210067,SKU0329,12,2026-08-21 08:13:00,2026-08-21 11:37:23,姚佳,L0537
IN202608240070,SKU0329,12,2026-08-24 08:42:00,2026-08-24 08:53:24,刘旭,L0537
IN202608270073,SKU0329,12,2026-08-27 09:08:00,2026-08-27 09:06:30,杨建军,L0537
IN202606040076,SKU0330,14,2026-06-04 10:29:00,2026-06-04 10:31:11,郑婷婷,L0414
IN202606090073,SKU0330,14,2026-06-09 08:34:00,2026-06-09 08:50:32,廖晨,L0414
IN202606140080,SKU0330,14,2026-06-14 11:08:00,2026-06-14 11:26:52,李帆,L0414
IN202606190072,SKU0330,14,2026-06-19 11:52:00,2026-06-19 11:50:01,李敏,L0414
IN202606240076,SKU0330,14,2026-06-24 08:47:00,2026-06-24 10:23:46,杨建军,L0414
IN202606290071,SKU0330,14,2026-06-29 09:27:00,2026-06-29 09:29:42,宋超,L0414
IN202607040074,SKU0330,14,2026-07-04 11:40:00,2026-07-04 11:37:22,王丹,L0414
IN202607090077,SKU0330,14,2026-07-09 09:00:00,2026-07-09 12:40:50,毛燕,L0414
IN202607140079,SKU0330,14,2026-07-14 11:45:00,2026-07-14 12:02:58,宋超,L0414
IN202607190069,SKU0330,14,2026-07-19 08:02:00,2026-07-19 08:04:55,李敏,L0414
IN202607240077,SKU0330,14,2026-07-24 11:58:00,2026-07-24 11:56:57,郑婷婷,L0414
IN202607290069,SKU0330,14,2026-07-29 11:00:00,2026-07-29 14:44:48,徐萍,L0414
IN202608030080,SKU0330,14,2026-08-03 08:45:00,2026-08-03 08:40:25,徐萍,L0414
IN202608080072,SKU0330,14,2026-08-08 11:43:00,2026-08-08 11:37:59,姚佳,L0414
IN202608130080,SKU0330,14,2026-08-13 08:51:00,2026-08-13 11:43:01,李帆,L0414
IN202608180071,SKU0330,14,2026-08-18 08:01:00,2026-08-18 08:10:41,卓雪,L0414
IN202608230077,SKU0330,14,2026-08-23 09:53:00,2026-08-23 10:01:38,宋超,L0414
IN202608280067,SKU0330,14,2026-08-28 10:17:00,2026-08-28 10:23:18,刘旭,L0414
IN202606010072,SKU0331,14,2026-06-01 11:41:00,2026-06-01 12:00:16,王丹,L0369
IN202606070064,SKU0331,14,2026-06-07 09:58:00,2026-06-07 11:46:45,宋超,L0369
IN202606130065,SKU0331,14,2026-06-13 11:20:00,2026-06-13 11:23:17,姚佳,L0369
IN202606190073,SKU0331,14,2026-06-19 10:21:00,2026-06-19 10:33:40,杨建军,L0369
IN202606250067,SKU0331,14,2026-06-25 11:18:00,2026-06-25 11:21:30,李敏,L0369
IN202607010070,SKU0331,14,2026-07-01 10:38:00,2026-07-01 10:33:26,廖晨,L0369
IN202607070060,SKU0331,14,2026-07-07 09:05:00,2026-07-07 09:18:44,宋超,L0369
IN202607130074,SKU0331,14,2026-07-13 10:57:00,2026-07-13 11:21:34,卓雪,L0369
IN202607190070,SKU0331,14,2026-07-19 08:20:00,2026-07-19 08:41:47,毛燕,L0369
IN202607250068,SKU0331,14,2026-07-25 08:52:00,2026-07-25 09:15:08,姚佳,L0369
IN202607310068,SKU0331,14,2026-07-31 11:19:00,2026-07-31 11:14:59,李帆,L0369
IN202608060064,SKU0331,14,2026-08-06 10:47:00,2026-08-06 10:44:55,李帆,L0369
IN202608120066,SKU0331,14,2026-08-12 08:42:00,2026-08-12 08:56:18,王丹,L0369
IN202608180072,SKU0331,14,2026-08-18 11:34:00,2026-08-18 11:45:45,杨建军,L0369
IN202608240071,SKU0331,14,2026-08-24 11:44:00,2026-08-24 12:00:11,王丹,L0369
IN202606020071,SKU0332,261,2026-06-02 08:19:00,2026-06-02 11:41:00,王丹,L0759
IN202606070065,SKU0332,261,2026-06-07 11:17:00,2026-06-07 11:25:56,刘旭,L0759
IN202606120069,SKU0332,261,2026-06-12 09:02:00,2026-06-12 11:28:10,郑婷婷,L0759
IN202606170058,SKU0332,261,2026-06-17 09:44:00,2026-06-17 09:44:58,郑婷婷,L0759
IN202606220072,SKU0332,261,2026-06-22 10:15:00,2026-06-22 10:08:08,廖晨,L0759
IN202606270067,SKU0332,261,2026-06-27 08:21:00,2026-06-27 09:06:30,郑婷婷,L0759
IN202607020072,SKU0332,261,2026-07-02 10:22:00,2026-07-02 13:55:02,郑婷婷,L0759
IN202607070061,SKU0332,261,2026-07-07 08:02:00,2026-07-07 07:52:21,李帆,L0759
IN202607120069,SKU0332,261,2026-07-12 08:26:00,2026-07-12 08:31:59,郑婷婷,L0759
IN202607170062,SKU0332,261,2026-07-17 11:24:00,2026-07-17 11:33:11,王丹,L0759
IN202607220067,SKU0332,261,2026-07-22 10:49:00,2026-07-22 11:04:42,卓雪,L0759
IN202607270070,SKU0332,261,2026-07-27 11:19:00,2026-07-27 11:18:04,徐萍,L0759
IN202608010070,SKU0332,261,2026-08-01 08:00:00,2026-08-01 07:52:53,杨建军,L0759
IN202608060065,SKU0332,261,2026-08-06 09:52:00,2026-08-06 09:45:41,王丹,L0759
IN202608110068,SKU0332,261,2026-08-11 09:05:00,2026-08-11 09:09:03,卓雪,L0759
IN202608160059,SKU0332,261,2026-08-16 10:10:00,2026-08-16 10:05:38,李帆,L0759
IN202608210068,SKU0332,261,2026-08-21 09:24:00,2026-08-21 09:14:56,李帆,L0759
IN202608260068,SKU0332,261,2026-08-26 09:32:00,2026-08-26 09:39:50,宋超,L0759
IN202606050065,SKU0333,14,2026-06-05 10:54:00,2026-06-05 14:33:51,李敏,L0063
IN202606110069,SKU0333,14,2026-06-11 09:05:00,2026-06-11 09:05:47,李帆,L0063
IN202606170059,SKU0333,14,2026-06-17 11:37:00,2026-06-17 11:40:51,李帆,L0063
IN202606230067,SKU0333,14,2026-06-23 10:24:00,2026-06-23 13:07:20,毛燕,L0063
IN202606290072,SKU0333,14,2026-06-29 11:10:00,2026-06-29 11:18:26,李帆,L0063
IN202607050068,SKU0333,14,2026-07-05 10:02:00,2026-07-05 10:09:44,杨建军,L0063
IN202607110064,SKU0333,14,2026-07-11 10:34:00,2026-07-11 10:28:46,李敏,L0063
IN202607170063,SKU0333,14,2026-07-17 11:53:00,2026-07-17 11:56:45,王丹,L0063
IN202607230065,SKU0333,14,2026-07-23 08:04:00,2026-07-23 08:40:59,李帆,L0063
IN202607290070,SKU0333,14,2026-07-29 10:13:00,2026-07-29 12:59:10,郑婷婷,L0063
IN202608040064,SKU0333,14,2026-08-04 11:49:00,2026-08-04 12:08:09,李敏,L0063
IN202608100073,SKU0333,14,2026-08-10 10:11:00,2026-08-10 10:06:26,徐萍,L0063
IN202608160060,SKU0333,14,2026-08-16 11:25:00,2026-08-16 11:37:19,李敏,L0063
IN202608220066,SKU0333,14,2026-08-22 08:36:00,2026-08-22 08:32:16,宋超,L0063
IN202608280068,SKU0333,14,2026-08-28 08:17:00,2026-08-28 08:31:39,刘旭,L0063
IN202606030074,SKU0334,11,2026-06-03 11:09:00,2026-06-03 11:15:40,宋超,L0074
IN202606060074,SKU0334,11,2026-06-06 11:10:00,2026-06-06 11:24:36,毛燕,L0074
IN202606090074,SKU0334,11,2026-06-09 11:22:00,2026-06-09 11:21:56,廖晨,L0074
IN202606120070,SKU0334,11,2026-06-12 08:35:00,2026-06-12 08:26:08,王丹,L0074
IN202606150079,SKU0334,11,2026-06-15 09:54:00,2026-06-15 12:50:09,卓雪,L0074
IN202606180075,SKU0334,11,2026-06-18 09:55:00,2026-06-18 09:52:18,李帆,L0074
IN202606210073,SKU0334,11,2026-06-21 08:31:00,2026-06-21 08:43:49,王丹,L0074
IN202606240077,SKU0334,11,2026-06-24 09:27:00,2026-06-24 13:23:13,卓雪,L0074
IN202606270068,SKU0334,11,2026-06-27 09:25:00,2026-06-27 09:37:50,刘旭,L0074
IN202606300074,SKU0334,11,2026-06-30 09:16:00,2026-06-30 09:23:32,廖晨,L0074
IN202607030072,SKU0334,11,2026-07-03 08:01:00,2026-07-03 08:00:50,王丹,L0074
IN202607060080,SKU0334,11,2026-07-06 11:14:00,2026-07-06 12:19:07,杨建军,L0074
IN202607090078,SKU0334,11,2026-07-09 11:58:00,2026-07-09 13:07:21,毛燕,L0074
IN202607120070,SKU0334,11,2026-07-12 10:53:00,2026-07-12 10:57:12,杨建军,L0074
IN202607150071,SKU0334,11,2026-07-15 11:46:00,2026-07-15 13:15:22,宋超,L0074
IN202607180073,SKU0334,11,2026-07-18 09:17:00,2026-07-18 11:41:55,廖晨,L0074
IN202607210075,SKU0334,11,2026-07-21 10:25:00,2026-07-21 10:19:04,郑婷婷,L0074
IN202607240078,SKU0334,11,2026-07-24 11:29:00,2026-07-24 11:30:15,李帆,L0074
IN202607270071,SKU0334,11,2026-07-27 10:23:00,2026-07-27 10:35:45,王丹,L0074
IN202607300075,SKU0334,11,2026-07-30 11:09:00,2026-07-30 15:03:11,李帆,L0074
IN202608020075,SKU0334,11,2026-08-02 09:04:00,2026-08-02 08:54:10,宋超,L0074
IN202608050075,SKU0334,11,2026-08-05 09:46:00,2026-08-05 10:02:12,徐萍,L0074
IN202608080073,SKU0334,11,2026-08-08 10:27:00,2026-08-08 10:27:51,李帆,L0074
IN202608110069,SKU0334,11,2026-08-11 11:18:00,2026-08-11 11:25:22,王丹,L0074
IN202608140075,SKU0334,11,2026-08-14 08:52:00,2026-08-14 09:06:27,刘旭,L0074
IN202608170079,SKU0334,11,2026-08-17 11:22:00,2026-08-17 11:26:57,李帆,L0074
IN202608200073,SKU0334,11,2026-08-20 11:03:00,2026-08-20 11:11:55,徐萍,L0074
IN202608230078,SKU0334,11,2026-08-23 10:42:00,2026-08-23 10:41:47,毛燕,L0074
IN202608260069,SKU0334,11,2026-08-26 10:18:00,2026-08-26 10:15:17,郑婷婷,L0074
IN202608290073,SKU0334,11,2026-08-29 08:35:00,2026-08-29 08:56:00,毛燕,L0074
IN202606040077,SKU0335,22,2026-06-04 08:32:00,2026-06-04 10:49:19,李帆,L0386
IN202606110070,SKU0335,22,2026-06-11 10:05:00,2026-06-11 10:02:48,李敏,L0386
IN202606180076,SKU0335,22,2026-06-18 09:14:00,2026-06-18 09:34:14,姚佳,L0386
IN202606250068,SKU0335,22,2026-06-25 10:05:00,2026-06-25 10:21:12,毛燕,L0386
IN202607020073,SKU0335,22,2026-07-02 11:14:00,2026-07-02 11:16:43,李帆,L0386
IN202607090079,SKU0335,22,2026-07-09 11:12:00,2026-07-09 11:23:16,李帆,L0386
IN202607160075,SKU0335,22,2026-07-16 08:48:00,2026-07-16 09:11:56,郑婷婷,L0386
IN202607230066,SKU0335,22,2026-07-23 09:09:00,2026-07-23 09:03:34,杨建军,L0386
IN202607300076,SKU0335,22,2026-07-30 09:09:00,2026-07-30 09:03:43,徐萍,L0386
IN202608060066,SKU0335,22,2026-08-06 08:59:00,2026-08-06 09:42:30,杨建军,L0386
IN202608130081,SKU0335,22,2026-08-13 11:37:00,2026-08-13 11:57:16,李帆,L0386
IN202608200074,SKU0335,22,2026-08-20 08:20:00,2026-08-20 08:26:18,李帆,L0386
IN202608270074,SKU0335,22,2026-08-27 10:27:00,2026-08-27 10:26:16,李帆,L0386
IN202606010073,SKU0336,15,2026-06-01 09:39:00,2026-06-01 10:03:24,李敏,L0185
IN202606070066,SKU0336,15,2026-06-07 10:21:00,2026-06-07 10:11:48,王丹,L0185
IN202606130066,SKU0336,15,2026-06-13 09:19:00,2026-06-13 09:26:17,郑婷婷,L0185
IN202606190074,SKU0336,15,2026-06-19 08:08:00,2026-06-19 08:27:16,宋超,L0185
IN202606250069,SKU0336,15,2026-06-25 11:13:00,2026-06-25 11:25:37,卓雪,L0185
IN202607010071,SKU0336,15,2026-07-01 08:41:00,2026-07-01 09:20:32,姚佳,L0185
IN202607070062,SKU0336,15,2026-07-07 08:41:00,2026-07-07 08:59:29,毛燕,L0185
IN202607130075,SKU0336,15,2026-07-13 09:20:00,2026-07-13 09:16:49,廖晨,L0185
IN202607190071,SKU0336,15,2026-07-19 08:33:00,2026-07-19 12:02:31,李帆,L0185
IN202607250069,SKU0336,15,2026-07-25 10:29:00,2026-07-25 10:24:01,卓雪,L0185
IN202607310069,SKU0336,15,2026-07-31 09:32:00,2026-07-31 09:54:05,徐萍,L0185
IN202608060067,SKU0336,15,2026-08-06 08:29:00,2026-08-06 08:32:49,廖晨,L0185
IN202608120067,SKU0336,15,2026-08-12 09:16:00,2026-08-12 09:53:35,刘旭,L0185
IN202608180073,SKU0336,15,2026-08-18 10:26:00,2026-08-18 10:21:40,杨建军,L0185
IN202608240072,SKU0336,15,2026-08-24 10:06:00,2026-08-24 10:06:37,刘旭,L0185
IN202606020072,SKU0337,24,2026-06-02 11:56:00,2026-06-02 12:10:26,毛燕,L0589
IN202606060075,SKU0337,24,2026-06-06 11:27:00,2026-06-06 15:08:09,宋超,L0589
IN202606100073,SKU0337,24,2026-06-10 10:13:00,2026-06-10 10:11:30,徐萍,L0589
IN202606140081,SKU0337,24,2026-06-14 11:07:00,2026-06-14 11:00:21,姚佳,L0589
IN202606180077,SKU0337,24,2026-06-18 11:49:00,2026-06-18 12:00:54,廖晨,L0589
IN202606220073,SKU0337,24,2026-06-22 08:47:00,2026-06-22 08:42:15,姚佳,L0589
IN202606260079,SKU0337,24,2026-06-26 11:06:00,2026-06-26 10:58:13,李帆,L0589
IN202606300075,SKU0337,24,2026-06-30 11:51:00,2026-06-30 12:04:36,廖晨,L0589
IN202607040075,SKU0337,24,2026-07-04 09:45:00,2026-07-04 09:40:24,毛燕,L0589
IN202607080077,SKU0337,24,2026-07-08 08:07:00,2026-07-08 11:03:46,王丹,L0589
IN202607120071,SKU0337,24,2026-07-12 08:12:00,2026-07-12 11:03:22,郑婷婷,L0589
IN202607160076,SKU0337,24,2026-07-16 11:45:00,2026-07-16 12:02:13,徐萍,L0589
IN202607200082,SKU0337,24,2026-07-20 10:49:00,2026-07-20 11:00:33,姚佳,L0589
IN202607240079,SKU0337,24,2026-07-24 11:54:00,2026-07-24 12:11:24,徐萍,L0589
IN202607280073,SKU0337,24,2026-07-28 08:37:00,2026-07-28 08:56:01,郑婷婷,L0589
IN202608010071,SKU0337,24,2026-08-01 11:27:00,2026-08-01 11:43:04,刘旭,L0589
IN202608050076,SKU0337,24,2026-08-05 11:45:00,2026-08-05 11:37:42,廖晨,L0589
IN202608090074,SKU0337,24,2026-08-09 09:43:00,2026-08-09 09:56:47,王丹,L0589
IN202608130082,SKU0337,24,2026-08-13 08:06:00,2026-08-13 08:17:00,李帆,L0589
IN202608170080,SKU0337,24,2026-08-17 11:48:00,2026-08-17 11:59:35,李帆,L0589
IN202608210069,SKU0337,24,2026-08-21 10:03:00,2026-08-21 10:48:12,李帆,L0589
IN202608250078,SKU0337,24,2026-08-25 08:26:00,2026-08-25 08:38:23,郑婷婷,L0589
IN202608290074,SKU0337,24,2026-08-29 10:51:00,2026-08-29 11:53:56,廖晨,L0589
IN202606050066,SKU0338,30,2026-06-05 11:07:00,2026-06-05 11:23:05,宋超,L0625
IN202606110071,SKU0338,30,2026-06-11 11:46:00,2026-06-11 11:47:10,姚佳,L0625
IN202606170060,SKU0338,30,2026-06-17 08:03:00,2026-06-17 08:08:05,刘旭,L0625
IN202606230068,SKU0338,30,2026-06-23 08:51:00,2026-06-23 08:43:19,刘旭,L0625
IN202606290073,SKU0338,30,2026-06-29 11:08:00,2026-06-29 11:22:05,郑婷婷,L0625
IN202607050069,SKU0338,30,2026-07-05 11:23:00,2026-07-05 11:22:41,王丹,L0625
IN202607110065,SKU0338,30,2026-07-11 10:31:00,2026-07-11 13:31:04,徐萍,L0625
IN202607170064,SKU0338,30,2026-07-17 10:05:00,2026-07-17 10:10:19,毛燕,L0625
IN202607230067,SKU0338,30,2026-07-23 11:25:00,2026-07-23 11:18:05,李帆,L0625
IN202607290071,SKU0338,30,2026-07-29 11:38:00,2026-07-29 11:55:46,毛燕,L0625
IN202608040065,SKU0338,30,2026-08-04 08:53:00,2026-08-04 10:10:37,李帆,L0625
IN202608100074,SKU0338,30,2026-08-10 08:13:00,2026-08-10 12:02:50,徐萍,L0625
IN202608160061,SKU0338,30,2026-08-16 09:58:00,2026-08-16 09:55:13,李帆,L0625
IN202608220067,SKU0338,30,2026-08-22 11:07:00,2026-08-22 11:13:05,刘旭,L0625
IN202608280069,SKU0338,30,2026-08-28 11:58:00,2026-08-28 12:04:33,毛燕,L0625
IN202606020073,SKU0339,18,2026-06-02 10:51:00,2026-06-02 10:47:07,刘旭,L0383
IN202606080082,SKU0339,18,2026-06-08 09:43:00,2026-06-08 09:55:25,郑婷婷,L0383
IN202606140082,SKU0339,18,2026-06-14 11:03:00,2026-06-14 11:26:56,姚佳,L0383
IN202606200076,SKU0339,18,2026-06-20 11:09:00,2026-06-20 12:07:54,刘旭,L0383
IN202606260080,SKU0339,18,2026-06-26 08:20:00,2026-06-26 08:21:55,宋超,L0383
IN202607020074,SKU0339,18,2026-07-02 11:53:00,2026-07-02 11:50:25,宋超,L0383
IN202607080078,SKU0339,18,2026-07-08 10:03:00,2026-07-08 10:54:34,姚佳,L0383
IN202607140080,SKU0339,18,2026-07-14 10:42:00,2026-07-14 10:53:50,毛燕,L0383
IN202607200083,SKU0339,18,2026-07-20 10:43:00,2026-07-20 10:58:59,毛燕,L0383
IN202607260079,SKU0339,18,2026-07-26 10:41:00,2026-07-26 12:54:58,刘旭,L0383
IN202608010072,SKU0339,18,2026-08-01 10:09:00,2026-08-01 10:20:42,徐萍,L0383
IN202608070078,SKU0339,18,2026-08-07 09:34:00,2026-08-07 09:37:49,刘旭,L0383
IN202608130083,SKU0339,18,2026-08-13 09:29:00,2026-08-13 09:40:28,毛燕,L0383
IN202608190077,SKU0339,18,2026-08-19 09:32:00,2026-08-19 09:54:27,李帆,L0383
IN202608250079,SKU0339,18,2026-08-25 11:47:00,2026-08-25 12:08:58,李帆,L0383
IN202606040078,SKU0340,12,2026-06-04 11:02:00,2026-06-04 11:17:33,姚佳,L0604
IN202606080083,SKU0340,12,2026-06-08 10:12:00,2026-06-08 10:25:15,廖晨,L0604
IN202606120071,SKU0340,12,2026-06-12 09:17:00,2026-06-12 09:24:40,廖晨,L0604
IN202606160074,SKU0340,12,2026-06-16 08:35:00,2026-06-16 08:47:24,郑婷婷,L0604
IN202606200077,SKU0340,12,2026-06-20 09:28:00,2026-06-20 11:10:35,李帆,L0604
IN202606240078,SKU0340,12,2026-06-24 08:56:00,2026-06-24 09:10:40,郑婷婷,L0604
IN202606280074,SKU0340,12,2026-06-28 10:59:00,2026-06-28 10:53:07,刘旭,L0604
IN202607020075,SKU0340,12,2026-07-02 08:18:00,2026-07-02 08:08:34,李敏,L0604
IN202607060081,SKU0340,12,2026-07-06 08:49:00,2026-07-06 08:51:33,廖晨,L0604
IN202607100074,SKU0340,12,2026-07-10 10:33:00,2026-07-10 10:36:45,廖晨,L0604
IN202607140081,SKU0340,12,2026-07-14 09:06:00,2026-07-14 08:58:26,姚佳,L0604
IN202607180074,SKU0340,12,2026-07-18 09:48:00,2026-07-18 09:38:15,王丹,L0604
IN202607220068,SKU0340,12,2026-07-22 10:43:00,2026-07-22 10:38:10,毛燕,L0604
IN202607260080,SKU0340,12,2026-07-26 11:56:00,2026-07-26 12:11:34,廖晨,L0604
IN202607300077,SKU0340,12,2026-07-30 08:38:00,2026-07-30 08:28:00,宋超,L0604
IN202608030081,SKU0340,12,2026-08-03 11:54:00,2026-08-03 11:51:24,李敏,L0604
IN202608070079,SKU0340,12,2026-08-07 11:09:00,2026-08-07 11:16:03,姚佳,L0604
IN202608110070,SKU0340,12,2026-08-11 09:02:00,2026-08-11 08:57:38,刘旭,L0604
IN202608150073,SKU0340,12,2026-08-15 09:14:00,2026-08-15 10:10:38,郑婷婷,L0604
IN202608190078,SKU0340,12,2026-08-19 09:35:00,2026-08-19 10:39:45,廖晨,L0604
IN202608230079,SKU0340,12,2026-08-23 08:09:00,2026-08-23 09:20:35,郑婷婷,L0604
IN202608270075,SKU0340,12,2026-08-27 08:03:00,2026-08-27 08:12:46,卓雪,L0604
IN202606030075,SKU0341,10,2026-06-03 10:42:00,2026-06-03 10:41:38,宋超,L0162
IN202606070067,SKU0341,10,2026-06-07 08:09:00,2026-06-07 12:03:55,王丹,L0162
IN202606110072,SKU0341,10,2026-06-11 10:16:00,2026-06-11 10:40:28,杨建军,L0162
IN202606150080,SKU0341,10,2026-06-15 09:37:00,2026-06-15 09:42:10,毛燕,L0162
IN202606190075,SKU0341,10,2026-06-19 08:27:00,2026-06-19 08:49:03,郑婷婷,L0162
IN202606230069,SKU0341,10,2026-06-23 09:36:00,2026-06-23 09:42:14,李帆,L0162
IN202606270069,SKU0341,10,2026-06-27 10:44:00,2026-06-27 10:40:48,廖晨,L0162
IN202607010072,SKU0341,10,2026-07-01 11:30:00,2026-07-01 11:29:14,李敏,L0162
IN202607050070,SKU0341,10,2026-07-05 08:39:00,2026-07-05 11:48:31,徐萍,L0162
IN202607090080,SKU0341,10,2026-07-09 10:13:00,2026-07-09 11:04:37,廖晨,L0162
IN202607130076,SKU0341,10,2026-07-13 11:39:00,2026-07-13 11:36:40,李帆,L0162
IN202607170065,SKU0341,10,2026-07-17 08:57:00,2026-07-17 09:42:12,宋超,L0162
IN202607210076,SKU0341,10,2026-07-21 10:52:00,2026-07-21 10:55:27,李帆,L0162
IN202607250070,SKU0341,10,2026-07-25 09:16:00,2026-07-25 09:36:16,廖晨,L0162
IN202607290072,SKU0341,10,2026-07-29 08:58:00,2026-07-29 08:57:14,卓雪,L0162
IN202608020076,SKU0341,10,2026-08-02 08:17:00,2026-08-02 08:21:24,宋超,L0162
IN202608060068,SKU0341,10,2026-08-06 11:04:00,2026-08-06 13:42:41,郑婷婷,L0162
IN202608100075,SKU0341,10,2026-08-10 08:56:00,2026-08-10 08:47:57,王丹,L0162
IN202608140076,SKU0341,10,2026-08-14 09:30:00,2026-08-14 09:45:27,李敏,L0162
IN202608180074,SKU0341,10,2026-08-18 08:35:00,2026-08-18 10:27:09,卓雪,L0162
IN202608220068,SKU0341,10,2026-08-22 08:57:00,2026-08-22 08:58:59,王丹,L0162
IN202608260070,SKU0341,10,2026-08-26 10:04:00,2026-08-26 11:40:05,郑婷婷,L0162
IN202606020074,SKU0342,21,2026-06-02 08:56:00,2026-06-02 08:54:47,宋超,L0727
IN202606090075,SKU0342,21,2026-06-09 11:24:00,2026-06-09 11:20:26,刘旭,L0727
IN202606160075,SKU0342,21,2026-06-16 11:00:00,2026-06-16 11:23:05,李帆,L0727
IN202606230070,SKU0342,21,2026-06-23 10:46:00,2026-06-23 13:00:03,毛燕,L0727
IN202606300076,SKU0342,21,2026-06-30 08:28:00,2026-06-30 08:50:05,杨建军,L0727
IN202607070063,SKU0342,21,2026-07-07 11:30:00,2026-07-07 11:25:17,王丹,L0727
IN202607140082,SKU0342,21,2026-07-14 11:25:00,2026-07-14 11:30:41,毛燕,L0727
IN202607210077,SKU0342,21,2026-07-21 08:35:00,2026-07-21 11:25:37,徐萍,L0727
IN202607280074,SKU0342,21,2026-07-28 11:31:00,2026-07-28 11:50:25,宋超,L0727
IN202608040066,SKU0342,21,2026-08-04 08:07:00,2026-08-04 08:24:01,毛燕,L0727
IN202608110071,SKU0342,21,2026-08-11 09:23:00,2026-08-11 09:39:05,李帆,L0727
IN202608180075,SKU0342,21,2026-08-18 11:57:00,2026-08-18 12:14:38,姚佳,L0727
IN202608250080,SKU0342,21,2026-08-25 09:51:00,2026-08-25 10:03:44,刘旭,L0727
IN202606020075,SKU0343,19,2026-06-02 09:19:00,2026-06-02 09:33:14,姚佳,L0267
IN202606090076,SKU0343,19,2026-06-09 08:57:00,2026-06-09 11:52:11,李敏,L0267
IN202606160076,SKU0343,19,2026-06-16 08:55:00,2026-06-16 08:46:04,宋超,L0267
IN202606230071,SKU0343,19,2026-06-23 09:39:00,2026-06-23 09:29:57,杨建军,L0267
IN202606300077,SKU0343,19,2026-06-30 08:38:00,2026-06-30 08:41:40,杨建军,L0267
IN202607070064,SKU0343,19,2026-07-07 11:14:00,2026-07-07 11:34:43,刘旭,L0267
IN202607140083,SKU0343,19,2026-07-14 09:56:00,2026-07-14 12:20:25,廖晨,L0267
IN202607210078,SKU0343,19,2026-07-21 10:05:00,2026-07-21 09:59:35,王丹,L0267
IN202607280075,SKU0343,19,2026-07-28 09:48:00,2026-07-28 10:01:07,廖晨,L0267
IN202608040067,SKU0343,19,2026-08-04 09:26:00,2026-08-04 09:29:49,杨建军,L0267
IN202608110072,SKU0343,19,2026-08-11 11:11:00,2026-08-11 11:10:05,李帆,L0267
IN202608180076,SKU0343,19,2026-08-18 10:42:00,2026-08-18 10:32:22,廖晨,L0267
IN202608250081,SKU0343,19,2026-08-25 09:13:00,2026-08-25 09:08:01,徐萍,L0267
IN202606050067,SKU0344,13,2026-06-05 10:38:00,2026-06-05 11:02:39,郑婷婷,L0047
IN202606110073,SKU0344,13,2026-06-11 10:47:00,2026-06-11 11:06:33,徐萍,L0047
IN202606170061,SKU0344,13,2026-06-17 10:04:00,2026-06-17 13:59:46,刘旭,L0047
IN202606230072,SKU0344,13,2026-06-23 11:50:00,2026-06-23 11:57:14,王丹,L0047
IN202606290074,SKU0344,13,2026-06-29 11:48:00,2026-06-29 11:58:29,毛燕,L0047
IN202607050071,SKU0344,13,2026-07-05 09:10:00,2026-07-05 11:45:11,李敏,L0047
IN202607110066,SKU0344,13,2026-07-11 09:43:00,2026-07-11 09:46:26,李敏,L0047
IN202607170066,SKU0344,13,2026-07-17 11:23:00,2026-07-17 11:47:17,姚佳,L0047
IN202607230068,SKU0344,13,2026-07-23 09:50:00,2026-07-23 09:53:34,刘旭,L0047
IN202607290073,SKU0344,13,2026-07-29 09:04:00,2026-07-29 09:27:37,毛燕,L0047
IN202608040068,SKU0344,13,2026-08-04 10:56:00,2026-08-04 11:11:54,李帆,L0047
IN202608100076,SKU0344,13,2026-08-10 08:21:00,2026-08-10 08:19:42,卓雪,L0047
IN202608160062,SKU0344,13,2026-08-16 08:31:00,2026-08-16 08:21:58,李敏,L0047
IN202608220069,SKU0344,13,2026-08-22 09:14:00,2026-08-22 09:38:13,王丹,L0047
IN202608280070,SKU0344,13,2026-08-28 08:28:00,2026-08-28 08:43:42,姚佳,L0047
IN202606040079,SKU0345,16,2026-06-04 09:19:00,2026-06-04 09:10:14,宋超,L0379
IN202606100074,SKU0345,16,2026-06-10 11:01:00,2026-06-10 11:19:59,毛燕,L0379
IN202606160077,SKU0345,16,2026-06-16 10:34:00,2026-06-16 10:26:37,卓雪,L0379
IN202606220074,SKU0345,16,2026-06-22 09:02:00,2026-06-22 09:19:12,刘旭,L0379
IN202606280075,SKU0345,16,2026-06-28 09:31:00,2026-06-28 09:28:42,毛燕,L0379
IN202607040076,SKU0345,16,2026-07-04 08:19:00,2026-07-04 08:40:36,李敏,L0379
IN202607100075,SKU0345,16,2026-07-10 09:55:00,2026-07-10 09:45:21,廖晨,L0379
IN202607160077,SKU0345,16,2026-07-16 08:28:00,2026-07-16 09:27:56,卓雪,L0379
IN202607220069,SKU0345,16,2026-07-22 09:07:00,2026-07-22 09:26:21,徐萍,L0379
IN202607280076,SKU0345,16,2026-07-28 11:41:00,2026-07-28 11:48:35,杨建军,L0379
IN202608030082,SKU0345,16,2026-08-03 08:57:00,2026-08-03 09:01:47,王丹,L0379
IN202608090075,SKU0345,16,2026-08-09 10:45:00,2026-08-09 10:37:05,杨建军,L0379
IN202608150074,SKU0345,16,2026-08-15 08:10:00,2026-08-15 08:22:19,姚佳,L0379
IN202608210070,SKU0345,16,2026-08-21 08:10:00,2026-08-21 08:09:02,廖晨,L0379
IN202608270076,SKU0345,16,2026-08-27 08:54:00,2026-08-27 08:54:55,李帆,L0379
IN202606030076,SKU0346,15,2026-06-03 09:04:00,2026-06-03 09:22:00,姚佳,L0619
IN202606060076,SKU0346,15,2026-06-06 08:18:00,2026-06-06 08:31:41,宋超,L0619
IN202606090077,SKU0346,15,2026-06-09 11:16:00,2026-06-09 11:36:31,李帆,L0619
IN202606120072,SKU0346,15,2026-06-12 11:07:00,2026-06-12 11:59:52,毛燕,L0619
IN202606150081,SKU0346,15,2026-06-15 11:59:00,2026-06-15 12:10:56,卓雪,L0619
IN202606180078,SKU0346,15,2026-06-18 08:09:00,2026-06-18 08:21:54,毛燕,L0619
IN202606210074,SKU0346,15,2026-06-21 11:23:00,2026-06-21 11:29:58,宋超,L0619
IN202606240079,SKU0346,15,2026-06-24 11:38:00,2026-06-24 11:40:28,王丹,L0619
IN202606270070,SKU0346,15,2026-06-27 11:56:00,2026-06-27 11:58:58,毛燕,L0619
IN202606300078,SKU0346,15,2026-06-30 10:40:00,2026-06-30 11:01:04,姚佳,L0619
IN202607030073,SKU0346,15,2026-07-03 10:08:00,2026-07-03 10:27:39,毛燕,L0619
IN202607060082,SKU0346,15,2026-07-06 10:15:00,2026-07-06 10:05:20,廖晨,L0619
IN202607090081,SKU0346,15,2026-07-09 08:11:00,2026-07-09 08:28:48,姚佳,L0619
IN202607120072,SKU0346,15,2026-07-12 08:45:00,2026-07-12 09:01:53,徐萍,L0619
IN202607150072,SKU0346,15,2026-07-15 08:26:00,2026-07-15 08:40:34,李敏,L0619
IN202607180075,SKU0346,15,2026-07-18 10:24:00,2026-07-18 10:21:26,郑婷婷,L0619
IN202607210079,SKU0346,15,2026-07-21 08:32:00,2026-07-21 11:35:52,郑婷婷,L0619
IN202607240080,SKU0346,15,2026-07-24 10:45:00,2026-07-24 10:59:47,毛燕,L0619
IN202607270072,SKU0346,15,2026-07-27 09:09:00,2026-07-27 09:22:20,卓雪,L0619
IN202607300078,SKU0346,15,2026-07-30 10:05:00,2026-07-30 10:09:34,卓雪,L0619
IN202608020077,SKU0346,15,2026-08-02 09:23:00,2026-08-02 09:39:09,宋超,L0619
IN202608050077,SKU0346,15,2026-08-05 09:13:00,2026-08-05 09:13:35,李帆,L0619
IN202608080074,SKU0346,15,2026-08-08 09:13:00,2026-08-08 09:36:55,郑婷婷,L0619
IN202608110073,SKU0346,15,2026-08-11 08:26:00,2026-08-11 08:42:35,姚佳,L0619
IN202608140077,SKU0346,15,2026-08-14 11:13:00,2026-08-14 11:03:33,姚佳,L0619
IN202608170081,SKU0346,15,2026-08-17 08:07:00,2026-08-17 08:19:59,廖晨,L0619
IN202608200075,SKU0346,15,2026-08-20 08:32:00,2026-08-20 08:43:44,刘旭,L0619
IN202608230080,SKU0346,15,2026-08-23 09:29:00,2026-08-23 09:38:21,徐萍,L0619
IN202608260071,SKU0346,15,2026-08-26 11:33:00,2026-08-26 11:43:48,毛燕,L0619
IN202608290075,SKU0346,15,2026-08-29 08:29:00,2026-08-29 08:51:05,姚佳,L0619
IN202606020076,SKU0347,11,2026-06-02 09:05:00,2026-06-02 08:58:34,杨建军,L0328
IN202606060077,SKU0347,11,2026-06-06 11:09:00,2026-06-06 11:14:27,杨建军,L0328
IN202606100075,SKU0347,11,2026-06-10 08:10:00,2026-06-10 08:28:05,王丹,L0328
IN202606140083,SKU0347,11,2026-06-14 09:21:00,2026-06-14 09:14:59,宋超,L0328
IN202606180079,SKU0347,11,2026-06-18 11:16:00,2026-06-18 11:16:47,刘旭,L0328
IN202606220075,SKU0347,11,2026-06-22 11:12:00,2026-06-22 11:35:55,姚佳,L0328
IN202606260081,SKU0347,11,2026-06-26 09:17:00,2026-06-26 09:10:26,杨建军,L0328
IN202606300079,SKU0347,11,2026-06-30 10:12:00,2026-06-30 13:18:09,徐萍,L0328
IN202607040077,SKU0347,11,2026-07-04 09:54:00,2026-07-04 10:04:21,李帆,L0328
IN202607080079,SKU0347,11,2026-07-08 08:48:00,2026-07-08 09:11:19,刘旭,L0328
IN202607120073,SKU0347,11,2026-07-12 11:05:00,2026-07-12 11:18:04,姚佳,L0328
IN202607160078,SKU0347,11,2026-07-16 09:02:00,2026-07-16 11:30:45,杨建军,L0328
IN202607200084,SKU0347,11,2026-07-20 09:03:00,2026-07-20 09:01:15,刘旭,L0328
IN202607240081,SKU0347,11,2026-07-24 09:40:00,2026-07-24 10:03:16,廖晨,L0328
IN202607280077,SKU0347,11,2026-07-28 09:38:00,2026-07-28 12:28:35,毛燕,L0328
IN202608010073,SKU0347,11,2026-08-01 08:25:00,2026-08-01 08:18:35,刘旭,L0328
IN202608050078,SKU0347,11,2026-08-05 08:30:00,2026-08-05 08:35:49,毛燕,L0328
IN202608090076,SKU0347,11,2026-08-09 09:06:00,2026-08-09 09:20:45,毛燕,L0328
IN202608130084,SKU0347,11,2026-08-13 11:18:00,2026-08-13 11:30:05,卓雪,L0328
IN202608170082,SKU0347,11,2026-08-17 09:12:00,2026-08-17 12:06:54,杨建军,L0328
IN202608210071,SKU0347,11,2026-08-21 09:04:00,2026-08-21 09:14:01,刘旭,L0328
IN202608250082,SKU0347,11,2026-08-25 08:57:00,2026-08-25 09:17:44,刘旭,L0328
IN202608290076,SKU0347,11,2026-08-29 11:05:00,2026-08-29 11:05:34,李敏,L0328
IN202606070068,SKU0348,45,2026-06-07 10:44:00,2026-06-07 11:40:31,杨建军,L0439
IN202606140084,SKU0348,45,2026-06-14 09:10:00,2026-06-14 09:31:52,徐萍,L0439
IN202606210075,SKU0348,45,2026-06-21 10:51:00,2026-06-21 11:11:45,宋超,L0439
IN202606280076,SKU0348,45,2026-06-28 09:50:00,2026-06-28 10:13:28,李敏,L0439
IN202607050072,SKU0348,45,2026-07-05 09:00:00,2026-07-05 09:08:38,李敏,L0439
IN202607120074,SKU0348,45,2026-07-12 08:25:00,2026-07-12 08:48:01,毛燕,L0439
IN202607190072,SKU0348,45,2026-07-19 11:51:00,2026-07-19 12:08:43,廖晨,L0439
IN202607260081,SKU0348,45,2026-07-26 10:25:00,2026-07-26 10:34:25,杨建军,L0439
IN202608020078,SKU0348,45,2026-08-02 11:42:00,2026-08-02 12:03:46,宋超,L0439
IN202608090077,SKU0348,45,2026-08-09 09:34:00,2026-08-09 09:50:48,徐萍,L0439
IN202608160063,SKU0348,45,2026-08-16 09:45:00,2026-08-16 09:53:04,杨建军,L0439
IN202608230081,SKU0348,45,2026-08-23 08:03:00,2026-08-23 07:55:12,卓雪,L0439
IN202606030077,SKU0349,12,2026-06-03 08:58:00,2026-06-03 08:51:58,宋超,L0053
IN202606080084,SKU0349,12,2026-06-08 11:01:00,2026-06-08 10:57:49,李帆,L0053
IN202606130067,SKU0349,12,2026-06-13 08:48:00,2026-06-13 09:05:40,姚佳,L0053
IN202606180080,SKU0349,12,2026-06-18 11:03:00,2026-06-18 11:22:22,廖晨,L0053
IN202606230073,SKU0349,12,2026-06-23 09:53:00,2026-06-23 09:55:45,姚佳,L0053
IN202606280077,SKU0349,12,2026-06-28 09:24:00,2026-06-28 09:20:53,李帆,L0053
IN202607030074,SKU0349,12,2026-07-03 08:39:00,2026-07-03 10:44:05,卓雪,L0053
IN202607080080,SKU0349,12,2026-07-08 08:18:00,2026-07-08 08:26:12,杨建军,L0053
IN202607130077,SKU0349,12,2026-07-13 08:59:00,2026-07-13 11:35:45,刘旭,L0053
IN202607180076,SKU0349,12,2026-07-18 09:10:00,2026-07-18 09:22:02,卓雪,L0053
IN202607230069,SKU0349,12,2026-07-23 08:05:00,2026-07-23 08:06:22,郑婷婷,L0053
IN202607280078,SKU0349,12,2026-07-28 09:19:00,2026-07-28 09:14:45,廖晨,L0053
IN202608020079,SKU0349,12,2026-08-02 11:19:00,2026-08-02 11:25:23,李敏,L0053
IN202608070080,SKU0349,12,2026-08-07 10:09:00,2026-08-07 13:29:38,姚佳,L0053
IN202608120068,SKU0349,12,2026-08-12 09:54:00,2026-08-12 09:59:31,杨建军,L0053
IN202608170083,SKU0349,12,2026-08-17 10:56:00,2026-08-17 13:14:53,李敏,L0053
IN202608220070,SKU0349,12,2026-08-22 11:05:00,2026-08-22 11:26:37,王丹,L0053
IN202608270077,SKU0349,12,2026-08-27 09:54:00,2026-08-27 09:56:36,徐萍,L0053
IN202606040080,SKU0350,39,2026-06-04 09:26:00,2026-06-04 09:28:04,郑婷婷,L0593
IN202606090078,SKU0350,39,2026-06-09 11:14:00,2026-06-09 11:32:44,李敏,L0593
IN202606140085,SKU0350,39,2026-06-14 10:39:00,2026-06-14 13:09:00,毛燕,L0593
IN202606190076,SKU0350,39,2026-06-19 11:19:00,2026-06-19 11:18:53,王丹,L0593
IN202606240080,SKU0350,39,2026-06-24 09:41:00,2026-06-24 11:04:43,李敏,L0593
IN202606290075,SKU0350,39,2026-06-29 10:35:00,2026-06-29 10:33:39,宋超,L0593
IN202607040078,SKU0350,39,2026-07-04 09:10:00,2026-07-04 10:25:51,姚佳,L0593
IN202607090082,SKU0350,39,2026-07-09 09:11:00,2026-07-09 09:03:19,李敏,L0593
IN202607140084,SKU0350,39,2026-07-14 11:30:00,2026-07-14 11:47:08,毛燕,L0593
IN202607190073,SKU0350,39,2026-07-19 10:23:00,2026-07-19 10:22:41,杨建军,L0593
IN202607240082,SKU0350,39,2026-07-24 08:17:00,2026-07-24 11:51:18,杨建军,L0593
IN202607290074,SKU0350,39,2026-07-29 09:10:00,2026-07-29 09:08:06,徐萍,L0593
IN202608030083,SKU0350,39,2026-08-03 09:32:00,2026-08-03 12:11:38,毛燕,L0593
IN202608080075,SKU0350,39,2026-08-08 08:49:00,2026-08-08 09:02:32,卓雪,L0593
IN202608130085,SKU0350,39,2026-08-13 11:01:00,2026-08-13 12:40:04,姚佳,L0593
IN202608180077,SKU0350,39,2026-08-18 11:11:00,2026-08-18 11:26:54,宋超,L0593
IN202608230082,SKU0350,39,2026-08-23 11:32:00,2026-08-23 11:54:42,徐萍,L0593
IN202608280071,SKU0350,39,2026-08-28 09:37:00,2026-08-28 09:33:49,王丹,L0593
IN202606010074,SKU0351,27,2026-06-01 08:03:00,2026-06-01 07:59:02,李敏,L0549
IN202606060078,SKU0351,27,2026-06-06 11:50:00,2026-06-06 12:05:53,郑婷婷,L0549
IN202606110074,SKU0351,27,2026-06-11 09:02:00,2026-06-11 08:59:09,徐萍,L0549
IN202606160078,SKU0351,27,2026-06-16 10:12:00,2026-06-16 10:08:33,王丹,L0549
IN202606210076,SKU0351,27,2026-06-21 08:30:00,2026-06-21 08:20:39,王丹,L0549
IN202606260082,SKU0351,27,2026-06-26 09:36:00,2026-06-26 10:33:05,宋超,L0549
IN202607010073,SKU0351,27,2026-07-01 11:59:00,2026-07-01 11:57:02,卓雪,L0549
IN202607060083,SKU0351,27,2026-07-06 09:11:00,2026-07-06 09:18:42,徐萍,L0549
IN202607110067,SKU0351,27,2026-07-11 10:11:00,2026-07-11 10:02:13,廖晨,L0549
IN202607160079,SKU0351,27,2026-07-16 08:37:00,2026-07-16 08:44:04,卓雪,L0549
IN202607210080,SKU0351,27,2026-07-21 11:34:00,2026-07-21 11:56:37,刘旭,L0549
IN202607260082,SKU0351,27,2026-07-26 11:45:00,2026-07-26 12:04:51,李敏,L0549
IN202607310070,SKU0351,27,2026-07-31 09:26:00,2026-07-31 09:49:20,卓雪,L0549
IN202608050079,SKU0351,27,2026-08-05 11:03:00,2026-08-05 11:00:45,宋超,L0549
IN202608100077,SKU0351,27,2026-08-10 09:33:00,2026-08-10 09:46:43,李帆,L0549
IN202608150075,SKU0351,27,2026-08-15 10:03:00,2026-08-15 13:00:58,毛燕,L0549
IN202608200076,SKU0351,27,2026-08-20 09:03:00,2026-08-20 11:45:05,宋超,L0549
IN202608250083,SKU0351,27,2026-08-25 08:28:00,2026-08-25 08:49:07,郑婷婷,L0549
IN202606040081,SKU0352,12,2026-06-04 09:58:00,2026-06-04 13:08:34,毛燕,L0061
IN202606090079,SKU0352,12,2026-06-09 09:24:00,2026-06-09 09:23:10,廖晨,L0061
IN202606140086,SKU0352,12,2026-06-14 09:58:00,2026-06-14 09:54:24,李帆,L0061
IN202606190077,SKU0352,12,2026-06-19 10:32:00,2026-06-19 13:52:07,卓雪,L0061
IN202606240081,SKU0352,12,2026-06-24 09:42:00,2026-06-24 09:48:44,宋超,L0061
IN202606290076,SKU0352,12,2026-06-29 11:06:00,2026-06-29 11:00:33,姚佳,L0061
IN202607040079,SKU0352,12,2026-07-04 09:41:00,2026-07-04 09:38:34,李帆,L0061
IN202607090083,SKU0352,12,2026-07-09 09:41:00,2026-07-09 10:03:25,王丹,L0061
IN202607140085,SKU0352,12,2026-07-14 10:48:00,2026-07-14 12:53:44,姚佳,L0061
IN202607190074,SKU0352,12,2026-07-19 08:46:00,2026-07-19 08:41:38,李帆,L0061
IN202607240083,SKU0352,12,2026-07-24 08:46:00,2026-07-24 12:13:55,姚佳,L0061
IN202607290075,SKU0352,12,2026-07-29 08:48:00,2026-07-29 11:15:21,李敏,L0061
IN202608030084,SKU0352,12,2026-08-03 09:04:00,2026-08-03 09:02:18,姚佳,L0061
IN202608080076,SKU0352,12,2026-08-08 10:13:00,2026-08-08 10:23:41,徐萍,L0061
IN202608130086,SKU0352,12,2026-08-13 11:42:00,2026-08-13 11:55:53,徐萍,L0061
IN202608180078,SKU0352,12,2026-08-18 09:56:00,2026-08-18 09:56:59,卓雪,L0061
IN202608230083,SKU0352,12,2026-08-23 08:46:00,2026-08-23 10:37:20,廖晨,L0061
IN202608280072,SKU0352,12,2026-08-28 08:31:00,2026-08-28 08:39:43,刘旭,L0061
IN202606020077,SKU0353,13,2026-06-02 11:09:00,2026-06-02 15:08:23,宋超,L0361
IN202606080085,SKU0353,13,2026-06-08 10:04:00,2026-06-08 10:16:46,徐萍,L0361
IN202606140087,SKU0353,13,2026-06-14 09:37:00,2026-06-14 10:01:13,徐萍,L0361
IN202606200078,SKU0353,13,2026-06-20 11:26:00,2026-06-20 11:45:16,宋超,L0361
IN202606260083,SKU0353,13,2026-06-26 10:07:00,2026-06-26 10:08:22,刘旭,L0361
IN202607020076,SKU0353,13,2026-07-02 11:40:00,2026-07-02 12:01:44,李敏,L0361
IN202607080081,SKU0353,13,2026-07-08 09:30:00,2026-07-08 09:23:47,杨建军,L0361
IN202607140086,SKU0353,13,2026-07-14 11:24:00,2026-07-14 14:46:44,徐萍,L0361
IN202607200085,SKU0353,13,2026-07-20 08:21:00,2026-07-20 10:28:44,卓雪,L0361
IN202607260083,SKU0353,13,2026-07-26 09:11:00,2026-07-26 09:07:44,卓雪,L0361
IN202608010074,SKU0353,13,2026-08-01 09:02:00,2026-08-01 10:30:14,徐萍,L0361
IN202608070081,SKU0353,13,2026-08-07 11:26:00,2026-08-07 11:47:59,刘旭,L0361
IN202608130087,SKU0353,13,2026-08-13 08:57:00,2026-08-13 11:13:30,郑婷婷,L0361
IN202608190079,SKU0353,13,2026-08-19 08:09:00,2026-08-19 10:47:57,王丹,L0361
IN202608250084,SKU0353,13,2026-08-25 10:14:00,2026-08-25 10:29:20,刘旭,L0361
IN202606020078,SKU0354,31,2026-06-02 10:49:00,2026-06-02 10:42:25,杨建军,L0476
IN202606070069,SKU0354,31,2026-06-07 08:01:00,2026-06-07 08:16:54,李敏,L0476
IN202606120073,SKU0354,31,2026-06-12 11:08:00,2026-06-12 11:01:41,李帆,L0476
IN202606170062,SKU0354,31,2026-06-17 11:56:00,2026-06-17 12:01:01,宋超,L0476
IN202606220076,SKU0354,31,2026-06-22 08:18:00,2026-06-22 08:23:41,毛燕,L0476
IN202606270071,SKU0354,31,2026-06-27 09:53:00,2026-06-27 09:59:33,刘旭,L0476
IN202607020077,SKU0354,31,2026-07-02 11:52:00,2026-07-02 12:00:01,李帆,L0476
IN202607070065,SKU0354,31,2026-07-07 11:14:00,2026-07-07 11:30:59,姚佳,L0476
IN202607120075,SKU0354,31,2026-07-12 10:01:00,2026-07-12 10:09:13,廖晨,L0476
IN202607170067,SKU0354,31,2026-07-17 11:40:00,2026-07-17 11:52:28,李帆,L0476
IN202607220070,SKU0354,31,2026-07-22 10:30:00,2026-07-22 10:35:39,杨建军,L0476
IN202607270073,SKU0354,31,2026-07-27 08:48:00,2026-07-27 09:43:38,宋超,L0476
IN202608010075,SKU0354,31,2026-08-01 09:12:00,2026-08-01 12:45:34,李帆,L0476
IN202608060069,SKU0354,31,2026-08-06 09:28:00,2026-08-06 09:28:32,郑婷婷,L0476
IN202608110074,SKU0354,31,2026-08-11 10:51:00,2026-08-11 10:53:36,廖晨,L0476
IN202608160064,SKU0354,31,2026-08-16 09:17:00,2026-08-16 09:27:19,徐萍,L0476
IN202608210072,SKU0354,31,2026-08-21 09:23:00,2026-08-21 09:30:22,徐萍,L0476
IN202608260072,SKU0354,31,2026-08-26 08:39:00,2026-08-26 08:29:05,王丹,L0476
IN202606040082,SKU0355,24,2026-06-04 11:37:00,2026-06-04 11:37:59,李敏,L0357
IN202606090080,SKU0355,24,2026-06-09 10:36:00,2026-06-09 11:00:12,徐萍,L0357
IN202606140088,SKU0355,24,2026-06-14 09:58:00,2026-06-14 10:00:40,李帆,L0357
IN202606190078,SKU0355,24,2026-06-19 10:31:00,2026-06-19 10:46:20,姚佳,L0357
IN202606240082,SKU0355,24,2026-06-24 11:51:00,2026-06-24 12:14:14,卓雪,L0357
IN202606290077,SKU0355,24,2026-06-29 11:22:00,2026-06-29 11:30:23,毛燕,L0357
IN202607040080,SKU0355,24,2026-07-04 10:58:00,2026-07-04 11:15:10,李敏,L0357
IN202607090084,SKU0355,24,2026-07-09 11:02:00,2026-07-09 11:19:52,李帆,L0357
IN202607140087,SKU0355,24,2026-07-14 11:30:00,2026-07-14 11:35:54,宋超,L0357
IN202607190075,SKU0355,24,2026-07-19 11:06:00,2026-07-19 11:16:17,毛燕,L0357
IN202607240084,SKU0355,24,2026-07-24 10:44:00,2026-07-24 10:44:53,李敏,L0357
IN202607290076,SKU0355,24,2026-07-29 11:32:00,2026-07-29 11:36:04,李敏,L0357
IN202608030085,SKU0355,24,2026-08-03 11:39:00,2026-08-03 11:34:51,李帆,L0357
IN202608080077,SKU0355,24,2026-08-08 08:11:00,2026-08-08 11:58:54,卓雪,L0357
IN202608130088,SKU0355,24,2026-08-13 10:04:00,2026-08-13 10:10:48,李帆,L0357
IN202608180079,SKU0355,24,2026-08-18 10:33:00,2026-08-18 10:36:33,廖晨,L0357
IN202608230084,SKU0355,24,2026-08-23 10:11:00,2026-08-23 10:33:14,李敏,L0357
IN202608280073,SKU0355,24,2026-08-28 11:29:00,2026-08-28 11:30:51,郑婷婷,L0357
IN202606010075,SKU0356,10,2026-06-01 10:25:00,2026-06-01 10:16:52,毛燕,L0450
IN202606040083,SKU0356,10,2026-06-04 10:42:00,2026-06-04 10:35:01,宋超,L0450
IN202606070070,SKU0356,10,2026-06-07 09:27:00,2026-06-07 09:50:46,毛燕,L0450
IN202606100076,SKU0356,10,2026-06-10 09:54:00,2026-06-10 10:02:49,卓雪,L0450
IN202606130068,SKU0356,10,2026-06-13 11:38:00,2026-06-13 11:28:57,卓雪,L0450
IN202606160079,SKU0356,10,2026-06-16 08:49:00,2026-06-16 08:57:39,徐萍,L0450
IN202606190079,SKU0356,10,2026-06-19 09:09:00,2026-06-19 09:17:26,李敏,L0450
IN202606220077,SKU0356,10,2026-06-22 08:43:00,2026-06-22 08:56:03,廖晨,L0450
IN202606250070,SKU0356,10,2026-06-25 11:25:00,2026-06-25 11:32:36,徐萍,L0450
IN202606280078,SKU0356,10,2026-06-28 10:40:00,2026-06-28 14:32:06,王丹,L0450
IN202607010074,SKU0356,10,2026-07-01 08:59:00,2026-07-01 09:08:18,徐萍,L0450
IN202607040081,SKU0356,10,2026-07-04 10:37:00,2026-07-04 10:53:31,廖晨,L0450
IN202607070066,SKU0356,10,2026-07-07 11:37:00,2026-07-07 11:45:41,姚佳,L0450
IN202607100076,SKU0356,10,2026-07-10 09:07:00,2026-07-10 08:57:19,毛燕,L0450
IN202607130078,SKU0356,10,2026-07-13 10:57:00,2026-07-13 10:56:41,李敏,L0450
IN202607160080,SKU0356,10,2026-07-16 08:10:00,2026-07-16 08:06:46,刘旭,L0450
IN202607190076,SKU0356,10,2026-07-19 11:10:00,2026-07-19 11:27:11,刘旭,L0450
IN202607220071,SKU0356,10,2026-07-22 11:57:00,2026-07-22 12:06:51,毛燕,L0450
IN202607250071,SKU0356,10,2026-07-25 11:14:00,2026-07-25 11:19:08,徐萍,L0450
IN202607280079,SKU0356,10,2026-07-28 10:34:00,2026-07-28 10:48:15,王丹,L0450
IN202607310071,SKU0356,10,2026-07-31 09:36:00,2026-07-31 09:54:27,李帆,L0450
IN202608030086,SKU0356,10,2026-08-03 09:57:00,2026-08-03 10:00:53,李帆,L0450
IN202608060070,SKU0356,10,2026-08-06 11:37:00,2026-08-06 15:08:54,郑婷婷,L0450
IN202608090078,SKU0356,10,2026-08-09 11:55:00,2026-08-09 12:10:40,宋超,L0450
IN202608120069,SKU0356,10,2026-08-12 10:55:00,2026-08-12 11:12:37,毛燕,L0450
IN202608150076,SKU0356,10,2026-08-15 09:05:00,2026-08-15 09:19:27,王丹,L0450
IN202608180080,SKU0356,10,2026-08-18 10:43:00,2026-08-18 11:00:46,李帆,L0450
IN202608210073,SKU0356,10,2026-08-21 09:22:00,2026-08-21 09:38:03,李敏,L0450
IN202608240073,SKU0356,10,2026-08-24 08:02:00,2026-08-24 08:16:13,刘旭,L0450
IN202608270078,SKU0356,10,2026-08-27 08:56:00,2026-08-27 09:16:32,杨建军,L0450
IN202606030078,SKU0357,27,2026-06-03 09:10:00,2026-06-03 09:14:34,郑婷婷,L0743
IN202606070071,SKU0357,27,2026-06-07 10:50:00,2026-06-07 11:08:44,李敏,L0743
IN202606110075,SKU0357,27,2026-06-11 09:51:00,2026-06-11 10:14:10,杨建军,L0743
IN202606150082,SKU0357,27,2026-06-15 08:40:00,2026-06-15 08:47:23,徐萍,L0743
IN202606190080,SKU0357,27,2026-06-19 11:07:00,2026-06-19 11:21:56,郑婷婷,L0743
IN202606230074,SKU0357,27,2026-06-23 09:04:00,2026-06-23 09:04:11,姚佳,L0743
IN202606270072,SKU0357,27,2026-06-27 10:41:00,2026-06-27 10:34:05,刘旭,L0743
IN202607010075,SKU0357,27,2026-07-01 09:15:00,2026-07-01 09:17:33,姚佳,L0743
IN202607050073,SKU0357,27,2026-07-05 08:38:00,2026-07-05 10:15:36,杨建军,L0743
IN202607090085,SKU0357,27,2026-07-09 11:14:00,2026-07-09 11:29:47,郑婷婷,L0743
IN202607130079,SKU0357,27,2026-07-13 10:56:00,2026-07-13 11:18:08,王丹,L0743
IN202607170068,SKU0357,27,2026-07-17 08:24:00,2026-07-17 09:37:18,徐萍,L0743
IN202607210081,SKU0357,27,2026-07-21 11:19:00,2026-07-21 11:13:54,宋超,L0743
IN202607250072,SKU0357,27,2026-07-25 11:33:00,2026-07-25 11:29:00,刘旭,L0743
IN202607290077,SKU0357,27,2026-07-29 11:35:00,2026-07-29 11:41:43,宋超,L0743
IN202608020080,SKU0357,27,2026-08-02 10:41:00,2026-08-02 11:05:59,徐萍,L0743
IN202608060071,SKU0357,27,2026-08-06 11:08:00,2026-08-06 11:22:03,宋超,L0743
IN202608100078,SKU0357,27,2026-08-10 08:02:00,2026-08-10 11:17:55,姚佳,L0743
IN202608140078,SKU0357,27,2026-08-14 08:50:00,2026-08-14 08:57:37,廖晨,L0743
IN202608180081,SKU0357,27,2026-08-18 08:55:00,2026-08-18 08:50:59,李敏,L0743
IN202608220071,SKU0357,27,2026-08-22 08:38:00,2026-08-22 08:32:10,王丹,L0743
IN202608260073,SKU0357,27,2026-08-26 11:58:00,2026-08-26 12:09:06,杨建军,L0743
IN202606030079,SKU0358,12,2026-06-03 11:57:00,2026-06-03 12:15:43,王丹,L0004
IN202606090081,SKU0358,12,2026-06-09 08:29:00,2026-06-09 09:57:01,宋超,L0004
IN202606150083,SKU0358,12,2026-06-15 08:19:00,2026-06-15 08:15:28,李敏,L0004
IN202606210077,SKU0358,12,2026-06-21 11:33:00,2026-06-21 11:30:45,宋超,L0004
IN202606270073,SKU0358,12,2026-06-27 09:10:00,2026-06-27 09:33:57,毛燕,L0004
IN202607030075,SKU0358,12,2026-07-03 09:46:00,2026-07-03 10:03:18,杨建军,L0004
IN202607090086,SKU0358,12,2026-07-09 08:27:00,2026-07-09 08:47:00,刘旭,L0004
IN202607150073,SKU0358,12,2026-07-15 08:36:00,2026-07-15 08:49:21,卓雪,L0004
IN202607210082,SKU0358,12,2026-07-21 09:03:00,2026-07-21 09:04:00,廖晨,L0004
IN202607270074,SKU0358,12,2026-07-27 08:44:00,2026-07-27 08:52:34,姚佳,L0004
IN202608020081,SKU0358,12,2026-08-02 11:31:00,2026-08-02 11:54:38,徐萍,L0004
IN202608080078,SKU0358,12,2026-08-08 09:39:00,2026-08-08 09:40:10,毛燕,L0004
IN202608140079,SKU0358,12,2026-08-14 10:36:00,2026-08-14 10:41:13,郑婷婷,L0004
IN202608200077,SKU0358,12,2026-08-20 11:05:00,2026-08-20 12:49:05,王丹,L0004
IN202608260074,SKU0358,12,2026-08-26 10:21:00,2026-08-26 10:42:15,毛燕,L0004
IN202606010076,SKU0359,14,2026-06-01 09:12:00,2026-06-01 12:19:22,李帆,L0217
IN202606070072,SKU0359,14,2026-06-07 08:36:00,2026-06-07 08:59:00,王丹,L0217
IN202606130069,SKU0359,14,2026-06-13 11:02:00,2026-06-13 11:02:27,李敏,L0217
IN202606190081,SKU0359,14,2026-06-19 09:43:00,2026-06-19 10:07:34,廖晨,L0217
IN202606250071,SKU0359,14,2026-06-25 10:49:00,2026-06-25 10:47:47,李敏,L0217
IN202607010076,SKU0359,14,2026-07-01 10:31:00,2026-07-01 10:46:06,宋超,L0217
IN202607070067,SKU0359,14,2026-07-07 08:25:00,2026-07-07 08:25:10,姚佳,L0217
IN202607130080,SKU0359,14,2026-07-13 11:16:00,2026-07-13 12:27:02,李敏,L0217
IN202607190077,SKU0359,14,2026-07-19 09:25:00,2026-07-19 09:49:56,李帆,L0217
IN202607250073,SKU0359,14,2026-07-25 09:50:00,2026-07-25 10:14:08,杨建军,L0217
IN202607310072,SKU0359,14,2026-07-31 08:47:00,2026-07-31 08:55:03,卓雪,L0217
IN202608060072,SKU0359,14,2026-08-06 11:08:00,2026-08-06 11:05:57,刘旭,L0217
IN202608120070,SKU0359,14,2026-08-12 08:00:00,2026-08-12 08:18:39,李帆,L0217
IN202608180082,SKU0359,14,2026-08-18 11:52:00,2026-08-18 13:56:42,李敏,L0217
IN202608240074,SKU0359,14,2026-08-24 09:29:00,2026-08-24 09:39:54,宋超,L0217
IN202606030080,SKU0360,18,2026-06-03 11:51:00,2026-06-03 11:55:39,刘旭,L0768
IN202606080086,SKU0360,18,2026-06-08 09:06:00,2026-06-08 09:20:48,卓雪,L0768
IN202606130070,SKU0360,18,2026-06-13 10:50:00,2026-06-13 11:08:36,廖晨,L0768
IN202606180081,SKU0360,18,2026-06-18 08:13:00,2026-06-18 08:31:27,姚佳,L0768
IN202606230075,SKU0360,18,2026-06-23 08:00:00,2026-06-23 08:13:05,宋超,L0768
IN202606280079,SKU0360,18,2026-06-28 09:36:00,2026-06-28 09:28:20,宋超,L0768
IN202607030076,SKU0360,18,2026-07-03 08:32:00,2026-07-03 08:50:19,卓雪,L0768
IN202607080082,SKU0360,18,2026-07-08 09:39:00,2026-07-08 13:00:20,杨建军,L0768
IN202607130081,SKU0360,18,2026-07-13 08:58:00,2026-07-13 09:15:09,杨建军,L0768
IN202607180077,SKU0360,18,2026-07-18 10:32:00,2026-07-18 10:52:46,王丹,L0768
IN202607230070,SKU0360,18,2026-07-23 10:27:00,2026-07-23 13:21:26,郑婷婷,L0768
IN202607280080,SKU0360,18,2026-07-28 10:21:00,2026-07-28 10:42:30,杨建军,L0768
IN202608020082,SKU0360,18,2026-08-02 10:00:00,2026-08-02 09:58:55,李敏,L0768
IN202608070082,SKU0360,18,2026-08-07 09:50:00,2026-08-07 09:58:06,李敏,L0768
IN202608120071,SKU0360,18,2026-08-12 08:46:00,2026-08-12 08:40:11,李帆,L0768
IN202608170084,SKU0360,18,2026-08-17 09:37:00,2026-08-17 09:52:22,郑婷婷,L0768
IN202608220072,SKU0360,18,2026-08-22 09:56:00,2026-08-22 09:47:09,李敏,L0768
IN202608270079,SKU0360,18,2026-08-27 08:21:00,2026-08-27 08:32:31,徐萍,L0768
IN202606030081,SKU0361,9,2026-06-03 10:12:00,2026-06-03 10:11:15,杨建军,L0207
IN202606060079,SKU0361,9,2026-06-06 08:47:00,2026-06-06 09:47:48,姚佳,L0207
IN202606090082,SKU0361,9,2026-06-09 11:59:00,2026-06-09 12:00:12,毛燕,L0207
IN202606120074,SKU0361,9,2026-06-12 11:04:00,2026-06-12 10:54:46,王丹,L0207
IN202606150084,SKU0361,9,2026-06-15 09:49:00,2026-06-15 09:51:39,李帆,L0207
IN202606180082,SKU0361,9,2026-06-18 10:54:00,2026-06-18 10:44:29,杨建军,L0207
IN202606210078,SKU0361,9,2026-06-21 08:05:00,2026-06-21 08:01:31,徐萍,L0207
IN202606240083,SKU0361,9,2026-06-24 08:24:00,2026-06-24 08:30:59,郑婷婷,L0207
IN202606270074,SKU0361,9,2026-06-27 08:56:00,2026-06-27 08:58:51,刘旭,L0207
IN202606300080,SKU0361,9,2026-06-30 10:24:00,2026-06-30 10:42:17,李帆,L0207
IN202607030077,SKU0361,9,2026-07-03 11:43:00,2026-07-03 14:35:16,杨建军,L0207
IN202607060084,SKU0361,9,2026-07-06 10:40:00,2026-07-06 11:20:45,杨建军,L0207
IN202607090087,SKU0361,9,2026-07-09 09:10:00,2026-07-09 11:00:02,郑婷婷,L0207
IN202607120076,SKU0361,9,2026-07-12 09:25:00,2026-07-12 09:24:21,毛燕,L0207
IN202607150074,SKU0361,9,2026-07-15 09:41:00,2026-07-15 10:00:04,李帆,L0207
IN202607180078,SKU0361,9,2026-07-18 09:35:00,2026-07-18 09:59:08,徐萍,L0207
IN202607210083,SKU0361,9,2026-07-21 09:14:00,2026-07-21 09:19:02,李帆,L0207
IN202607240085,SKU0361,9,2026-07-24 09:18:00,2026-07-24 09:10:36,王丹,L0207
IN202607270075,SKU0361,9,2026-07-27 08:57:00,2026-07-27 08:55:13,徐萍,L0207
IN202607300079,SKU0361,9,2026-07-30 10:50:00,2026-07-30 11:10:00,姚佳,L0207
IN202608020083,SKU0361,9,2026-08-02 10:29:00,2026-08-02 10:36:49,宋超,L0207
IN202608050080,SKU0361,9,2026-08-05 10:48:00,2026-08-05 10:53:42,卓雪,L0207
IN202608080079,SKU0361,9,2026-08-08 10:42:00,2026-08-08 13:10:03,廖晨,L0207
IN202608110075,SKU0361,9,2026-08-11 10:08:00,2026-08-11 10:24:15,廖晨,L0207
IN202608140080,SKU0361,9,2026-08-14 11:01:00,2026-08-14 11:03:16,徐萍,L0207
IN202608170085,SKU0361,9,2026-08-17 08:27:00,2026-08-17 08:43:47,王丹,L0207
IN202608200078,SKU0361,9,2026-08-20 11:11:00,2026-08-20 11:31:26,李敏,L0207
IN202608230085,SKU0361,9,2026-08-23 11:11:00,2026-08-23 11:25:56,郑婷婷,L0207
IN202608260075,SKU0361,9,2026-08-26 09:25:00,2026-08-26 10:52:04,徐萍,L0207
IN202608290077,SKU0361,9,2026-08-29 11:40:00,2026-08-29 11:56:54,卓雪,L0207
IN202606010077,SKU0362,11,2026-06-01 11:02:00,2026-06-01 11:06:26,李敏,L0134
IN202606050068,SKU0362,11,2026-06-05 08:12:00,2026-06-05 08:58:34,徐萍,L0134
IN202606090083,SKU0362,11,2026-06-09 10:55:00,2026-06-09 10:48:48,姚佳,L0134
IN202606130071,SKU0362,11,2026-06-13 11:21:00,2026-06-13 11:45:14,姚佳,L0134
IN202606170063,SKU0362,11,2026-06-17 11:31:00,2026-06-17 11:54:23,杨建军,L0134
IN202606210079,SKU0362,11,2026-06-21 08:37:00,2026-06-21 08:50:56,徐萍,L0134
IN202606250072,SKU0362,11,2026-06-25 11:57:00,2026-06-25 12:07:03,宋超,L0134
IN202606290078,SKU0362,11,2026-06-29 11:22:00,2026-06-29 13:56:21,李敏,L0134
IN202607030078,SKU0362,11,2026-07-03 10:20:00,2026-07-03 14:07:48,李敏,L0134
IN202607070068,SKU0362,11,2026-07-07 09:52:00,2026-07-07 10:11:42,姚佳,L0134
IN202607110068,SKU0362,11,2026-07-11 08:28:00,2026-07-11 11:24:18,廖晨,L0134
IN202607150075,SKU0362,11,2026-07-15 10:43:00,2026-07-15 10:58:25,廖晨,L0134
IN202607190078,SKU0362,11,2026-07-19 08:37:00,2026-07-19 08:35:17,王丹,L0134
IN202607230071,SKU0362,11,2026-07-23 11:02:00,2026-07-23 11:06:02,郑婷婷,L0134
IN202607270076,SKU0362,11,2026-07-27 10:24:00,2026-07-27 10:30:39,徐萍,L0134
IN202607310073,SKU0362,11,2026-07-31 09:04:00,2026-07-31 08:55:28,姚佳,L0134
IN202608040069,SKU0362,11,2026-08-04 09:22:00,2026-08-04 09:39:09,李敏,L0134
IN202608080080,SKU0362,11,2026-08-08 11:28:00,2026-08-08 11:39:36,杨建军,L0134
IN202608120072,SKU0362,11,2026-08-12 09:23:00,2026-08-12 09:34:31,杨建军,L0134
IN202608160065,SKU0362,11,2026-08-16 09:34:00,2026-08-16 09:30:11,杨建军,L0134
IN202608200079,SKU0362,11,2026-08-20 08:00:00,2026-08-20 08:19:04,杨建军,L0134
IN202608240075,SKU0362,11,2026-08-24 11:58:00,2026-08-24 11:56:11,李帆,L0134
IN202608280074,SKU0362,11,2026-08-28 10:42:00,2026-08-28 10:54:26,宋超,L0134
IN202606030082,SKU0363,17,2026-06-03 08:06:00,2026-06-03 08:01:31,杨建军,L0614
IN202606080087,SKU0363,17,2026-06-08 09:39:00,2026-06-08 09:35:34,郑婷婷,L0614
IN202606130072,SKU0363,17,2026-06-13 11:06:00,2026-06-13 11:14:35,王丹,L0614
IN202606180083,SKU0363,17,2026-06-18 09:30:00,2026-06-18 09:43:03,宋超,L0614
IN202606230076,SKU0363,17,2026-06-23 08:45:00,2026-06-23 08:58:00,李帆,L0614
IN202606280080,SKU0363,17,2026-06-28 10:57:00,2026-06-28 14:40:15,廖晨,L0614
IN202607030079,SKU0363,17,2026-07-03 09:26:00,2026-07-03 09:26:15,廖晨,L0614
IN202607080083,SKU0363,17,2026-07-08 08:39:00,2026-07-08 10:08:12,卓雪,L0614
IN202607130082,SKU0363,17,2026-07-13 10:40:00,2026-07-13 10:50:50,徐萍,L0614
IN202607180079,SKU0363,17,2026-07-18 08:27:00,2026-07-18 08:40:21,宋超,L0614
IN202607230072,SKU0363,17,2026-07-23 09:17:00,2026-07-23 09:34:50,卓雪,L0614
IN202607280081,SKU0363,17,2026-07-28 11:24:00,2026-07-28 11:28:28,杨建军,L0614
IN202608020084,SKU0363,17,2026-08-02 11:36:00,2026-08-02 11:57:11,姚佳,L0614
IN202608070083,SKU0363,17,2026-08-07 11:39:00,2026-08-07 11:36:00,宋超,L0614
IN202608120073,SKU0363,17,2026-08-12 10:27:00,2026-08-12 10:34:19,廖晨,L0614
IN202608170086,SKU0363,17,2026-08-17 10:03:00,2026-08-17 10:08:49,廖晨,L0614
IN202608220073,SKU0363,17,2026-08-22 10:50:00,2026-08-22 10:48:41,刘旭,L0614
IN202608270080,SKU0363,17,2026-08-27 10:30:00,2026-08-27 10:30:56,徐萍,L0614
IN202606040084,SKU0364,15,2026-06-04 10:45:00,2026-06-04 10:49:52,徐萍,L0691
IN202606080088,SKU0364,15,2026-06-08 10:48:00,2026-06-08 10:49:04,王丹,L0691
IN202606120075,SKU0364,15,2026-06-12 11:10:00,2026-06-12 11:28:38,杨建军,L0691
IN202606160080,SKU0364,15,2026-06-16 09:25:00,2026-06-16 10:05:06,卓雪,L0691
IN202606200079,SKU0364,15,2026-06-20 11:11:00,2026-06-20 11:28:46,王丹,L0691
IN202606240084,SKU0364,15,2026-06-24 11:00:00,2026-06-24 11:22:39,卓雪,L0691
IN202606280081,SKU0364,15,2026-06-28 09:23:00,2026-06-28 09:41:41,毛燕,L0691
IN202607020078,SKU0364,15,2026-07-02 09:57:00,2026-07-02 11:40:28,廖晨,L0691
IN202607060085,SKU0364,15,2026-07-06 10:51:00,2026-07-06 11:12:55,姚佳,L0691
IN202607100077,SKU0364,15,2026-07-10 08:48:00,2026-07-10 08:56:08,郑婷婷,L0691
IN202607140088,SKU0364,15,2026-07-14 09:16:00,2026-07-14 09:18:35,卓雪,L0691
IN202607180080,SKU0364,15,2026-07-18 09:23:00,2026-07-18 11:01:27,杨建军,L0691
IN202607220072,SKU0364,15,2026-07-22 11:36:00,2026-07-22 12:14:24,杨建军,L0691
IN202607260084,SKU0364,15,2026-07-26 10:22:00,2026-07-26 10:33:17,廖晨,L0691
IN202607300080,SKU0364,15,2026-07-30 08:54:00,2026-07-30 09:16:03,姚佳,L0691
IN202608030087,SKU0364,15,2026-08-03 10:28:00,2026-08-03 10:50:38,廖晨,L0691
IN202608070084,SKU0364,15,2026-08-07 08:37:00,2026-08-07 12:00:29,郑婷婷,L0691
IN202608110076,SKU0364,15,2026-08-11 11:25:00,2026-08-11 11:30:59,刘旭,L0691
IN202608150077,SKU0364,15,2026-08-15 08:33:00,2026-08-15 08:37:39,杨建军,L0691
IN202608190080,SKU0364,15,2026-08-19 11:27:00,2026-08-19 11:27:19,李敏,L0691
IN202608230086,SKU0364,15,2026-08-23 10:57:00,2026-08-23 10:55:52,卓雪,L0691
IN202608270081,SKU0364,15,2026-08-27 11:17:00,2026-08-27 11:32:53,李敏,L0691
IN202606010078,SKU0365,17,2026-06-01 10:51:00,2026-06-01 10:50:27,卓雪,L0390
IN202606050069,SKU0365,17,2026-06-05 09:43:00,2026-06-05 09:39:46,王丹,L0390
IN202606090084,SKU0365,17,2026-06-09 09:01:00,2026-06-09 08:56:27,毛燕,L0390
IN202606130073,SKU0365,17,2026-06-13 10:57:00,2026-06-13 11:10:09,廖晨,L0390
IN202606170064,SKU0365,17,2026-06-17 08:12:00,2026-06-17 09:03:12,姚佳,L0390
IN202606210080,SKU0365,17,2026-06-21 10:04:00,2026-06-21 09:55:55,卓雪,L0390
IN202606250073,SKU0365,17,2026-06-25 09:43:00,2026-06-25 09:46:23,李帆,L0390
IN202606290079,SKU0365,17,2026-06-29 11:56:00,2026-06-29 12:20:38,姚佳,L0390
IN202607030080,SKU0365,17,2026-07-03 09:23:00,2026-07-03 09:30:02,杨建军,L0390
IN202607070069,SKU0365,17,2026-07-07 09:14:00,2026-07-07 09:34:31,李帆,L0390
IN202607110069,SKU0365,17,2026-07-11 08:41:00,2026-07-11 08:46:05,卓雪,L0390
IN202607150076,SKU0365,17,2026-07-15 08:19:00,2026-07-15 09:07:33,王丹,L0390
IN202607190079,SKU0365,17,2026-07-19 09:01:00,2026-07-19 10:50:57,卓雪,L0390
IN202607230073,SKU0365,17,2026-07-23 11:28:00,2026-07-23 11:35:01,宋超,L0390
IN202607270077,SKU0365,17,2026-07-27 08:18:00,2026-07-27 08:14:13,卓雪,L0390
IN202607310074,SKU0365,17,2026-07-31 08:05:00,2026-07-31 07:57:02,宋超,L0390
IN202608040070,SKU0365,17,2026-08-04 10:57:00,2026-08-04 10:47:14,宋超,L0390
IN202608080081,SKU0365,17,2026-08-08 10:34:00,2026-08-08 10:55:34,刘旭,L0390
IN202608120074,SKU0365,17,2026-08-12 11:25:00,2026-08-12 11:34:43,刘旭,L0390
IN202608160066,SKU0365,17,2026-08-16 09:02:00,2026-08-16 08:58:56,毛燕,L0390
IN202608200080,SKU0365,17,2026-08-20 10:48:00,2026-08-20 10:46:50,卓雪,L0390
IN202608240076,SKU0365,17,2026-08-24 11:36:00,2026-08-24 11:45:17,徐萍,L0390
IN202608280075,SKU0365,17,2026-08-28 08:49:00,2026-08-28 09:06:05,姚佳,L0390
IN202606010079,SKU0366,10,2026-06-01 09:14:00,2026-06-01 09:07:28,姚佳,L0064
IN202606040085,SKU0366,10,2026-06-04 09:38:00,2026-06-04 09:43:55,刘旭,L0064
IN202606070073,SKU0366,10,2026-06-07 09:04:00,2026-06-07 09:09:35,毛燕,L0064
IN202606100077,SKU0366,10,2026-06-10 11:28:00,2026-06-10 11:42:47,卓雪,L0064
IN202606130074,SKU0366,10,2026-06-13 10:48:00,2026-06-13 10:58:08,廖晨,L0064
IN202606160081,SKU0366,10,2026-06-16 10:37:00,2026-06-16 10:48:24,王丹,L0064
IN202606190082,SKU0366,10,2026-06-19 09:07:00,2026-06-19 10:20:49,卓雪,L0064
IN202606220078,SKU0366,10,2026-06-22 08:41:00,2026-06-22 08:33:24,宋超,L0064
IN202606250074,SKU0366,10,2026-06-25 09:04:00,2026-06-25 09:11:53,李帆,L0064
IN202606280082,SKU0366,10,2026-06-28 10:52:00,2026-06-28 10:43:01,郑婷婷,L0064
IN202607010077,SKU0366,10,2026-07-01 10:11:00,2026-07-01 10:20:59,杨建军,L0064
IN202607040082,SKU0366,10,2026-07-04 09:55:00,2026-07-04 09:55:27,宋超,L0064
IN202607070070,SKU0366,10,2026-07-07 10:44:00,2026-07-07 10:48:35,廖晨,L0064
IN202607100078,SKU0366,10,2026-07-10 10:44:00,2026-07-10 11:02:28,王丹,L0064
IN202607130083,SKU0366,10,2026-07-13 10:08:00,2026-07-13 10:06:26,徐萍,L0064
IN202607160081,SKU0366,10,2026-07-16 09:43:00,2026-07-16 09:58:36,卓雪,L0064
IN202607190080,SKU0366,10,2026-07-19 11:49:00,2026-07-19 11:50:33,毛燕,L0064
IN202607220073,SKU0366,10,2026-07-22 08:52:00,2026-07-22 08:56:05,廖晨,L0064
IN202607250074,SKU0366,10,2026-07-25 08:54:00,2026-07-25 12:38:41,姚佳,L0064
IN202607280082,SKU0366,10,2026-07-28 09:19:00,2026-07-28 09:26:17,王丹,L0064
IN202607310075,SKU0366,10,2026-07-31 08:46:00,2026-07-31 08:43:52,徐萍,L0064
IN202608030088,SKU0366,10,2026-08-03 08:52:00,2026-08-03 09:04:27,宋超,L0064
IN202608060073,SKU0366,10,2026-08-06 08:50:00,2026-08-06 08:55:03,毛燕,L0064
IN202608090079,SKU0366,10,2026-08-09 08:57:00,2026-08-09 09:00:15,宋超,L0064
IN202608120075,SKU0366,10,2026-08-12 10:03:00,2026-08-12 09:54:36,徐萍,L0064
IN202608150078,SKU0366,10,2026-08-15 09:39:00,2026-08-15 09:44:27,郑婷婷,L0064
IN202608180083,SKU0366,10,2026-08-18 10:15:00,2026-08-18 10:28:26,毛燕,L0064
IN202608210074,SKU0366,10,2026-08-21 09:50:00,2026-08-21 09:55:55,王丹,L0064
IN202608240077,SKU0366,10,2026-08-24 10:37:00,2026-08-24 10:43:15,廖晨,L0064
IN202608270082,SKU0366,10,2026-08-27 10:31:00,2026-08-27 10:21:11,王丹,L0064
IN202606020079,SKU0367,18,2026-06-02 08:14:00,2026-06-02 08:04:31,郑婷婷,L0340
IN202606090085,SKU0367,18,2026-06-09 11:47:00,2026-06-09 11:44:55,毛燕,L0340
IN202606160082,SKU0367,18,2026-06-16 09:58:00,2026-06-16 10:12:03,杨建军,L0340
IN202606230077,SKU0367,18,2026-06-23 11:20:00,2026-06-23 11:35:32,李敏,L0340
IN202606300081,SKU0367,18,2026-06-30 11:52:00,2026-06-30 11:59:40,李帆,L0340
IN202607070071,SKU0367,18,2026-07-07 10:28:00,2026-07-07 10:38:01,刘旭,L0340
IN202607140089,SKU0367,18,2026-07-14 09:41:00,2026-07-14 09:49:41,李敏,L0340
IN202607210084,SKU0367,18,2026-07-21 11:21:00,2026-07-21 11:30:58,姚佳,L0340
IN202607280083,SKU0367,18,2026-07-28 10:15:00,2026-07-28 10:07:01,郑婷婷,L0340
IN202608040071,SKU0367,18,2026-08-04 10:55:00,2026-08-04 11:16:33,卓雪,L0340
IN202608110077,SKU0367,18,2026-08-11 11:56:00,2026-08-11 12:18:28,廖晨,L0340
IN202608180084,SKU0367,18,2026-08-18 11:39:00,2026-08-18 11:50:49,徐萍,L0340
IN202608250085,SKU0367,18,2026-08-25 08:36:00,2026-08-25 10:47:49,卓雪,L0340
IN202606020080,SKU0368,25,2026-06-02 11:11:00,2026-06-02 11:08:07,廖晨,L0583
IN202606080089,SKU0368,25,2026-06-08 08:31:00,2026-06-08 08:32:12,姚佳,L0583
IN202606140089,SKU0368,25,2026-06-14 11:28:00,2026-06-14 11:38:19,姚佳,L0583
IN202606200080,SKU0368,25,2026-06-20 11:23:00,2026-06-20 11:32:29,卓雪,L0583
IN202606260084,SKU0368,25,2026-06-26 10:05:00,2026-06-26 12:35:21,姚佳,L0583
IN202607020079,SKU0368,25,2026-07-02 11:06:00,2026-07-02 10:59:41,徐萍,L0583
IN202607080084,SKU0368,25,2026-07-08 10:20:00,2026-07-08 10:35:03,徐萍,L0583
IN202607140090,SKU0368,25,2026-07-14 08:55:00,2026-07-14 09:08:14,廖晨,L0583
IN202607200086,SKU0368,25,2026-07-20 11:20:00,2026-07-20 15:11:53,毛燕,L0583
IN202607260085,SKU0368,25,2026-07-26 09:49:00,2026-07-26 09:45:32,刘旭,L0583
IN202608010076,SKU0368,25,2026-08-01 09:13:00,2026-08-01 13:11:46,李帆,L0583
IN202608070085,SKU0368,25,2026-08-07 09:12:00,2026-08-07 12:43:24,李帆,L0583
IN202608130089,SKU0368,25,2026-08-13 10:18:00,2026-08-13 10:24:49,徐萍,L0583
IN202608190081,SKU0368,25,2026-08-19 08:16:00,2026-08-19 08:30:52,郑婷婷,L0583
IN202608250086,SKU0368,25,2026-08-25 10:10:00,2026-08-25 10:01:44,宋超,L0583
IN202606020081,SKU0369,16,2026-06-02 11:38:00,2026-06-02 11:35:48,郑婷婷,L0726
IN202606070074,SKU0369,16,2026-06-07 09:31:00,2026-06-07 09:51:48,姚佳,L0726
IN202606120076,SKU0369,16,2026-06-12 09:52:00,2026-06-12 09:46:49,姚佳,L0726
IN202606170065,SKU0369,16,2026-06-17 08:55:00,2026-06-17 08:58:01,宋超,L0726
IN202606220079,SKU0369,16,2026-06-22 11:12:00,2026-06-22 11:16:51,王丹,L0726
IN202606270075,SKU0369,16,2026-06-27 09:05:00,2026-06-27 09:19:44,刘旭,L0726
IN202607020080,SKU0369,16,2026-07-02 09:36:00,2026-07-02 09:42:02,徐萍,L0726
IN202607070072,SKU0369,16,2026-07-07 09:34:00,2026-07-07 09:31:38,毛燕,L0726
IN202607120077,SKU0369,16,2026-07-12 09:44:00,2026-07-12 09:37:39,徐萍,L0726
IN202607170069,SKU0369,16,2026-07-17 10:17:00,2026-07-17 14:16:43,杨建军,L0726
IN202607220074,SKU0369,16,2026-07-22 08:22:00,2026-07-22 08:29:12,毛燕,L0726
IN202607270078,SKU0369,16,2026-07-27 08:27:00,2026-07-27 08:43:24,宋超,L0726
IN202608010077,SKU0369,16,2026-08-01 10:41:00,2026-08-01 10:37:02,王丹,L0726
IN202608060074,SKU0369,16,2026-08-06 11:29:00,2026-08-06 11:48:26,李帆,L0726
IN202608110078,SKU0369,16,2026-08-11 10:32:00,2026-08-11 10:43:22,杨建军,L0726
IN202608160067,SKU0369,16,2026-08-16 08:30:00,2026-08-16 08:53:56,刘旭,L0726
IN202608210075,SKU0369,16,2026-08-21 10:01:00,2026-08-21 10:49:57,李帆,L0726
IN202608260076,SKU0369,16,2026-08-26 10:37:00,2026-08-26 11:18:46,徐萍,L0726
IN202606030083,SKU0370,16,2026-06-03 08:35:00,2026-06-03 08:50:41,郑婷婷,L0198
IN202606070075,SKU0370,16,2026-06-07 09:46:00,2026-06-07 11:32:14,刘旭,L0198
IN202606110076,SKU0370,16,2026-06-11 11:38:00,2026-06-11 11:28:48,李敏,L0198
IN202606150085,SKU0370,16,2026-06-15 09:10:00,2026-06-15 09:26:08,刘旭,L0198
IN202606190083,SKU0370,16,2026-06-19 10:28:00,2026-06-19 14:13:25,杨建军,L0198
IN202606230078,SKU0370,16,2026-06-23 08:57:00,2026-06-23 09:01:59,李帆,L0198
IN202606270076,SKU0370,16,2026-06-27 10:21:00,2026-06-27 10:18:21,郑婷婷,L0198
IN202607010078,SKU0370,16,2026-07-01 10:42:00,2026-07-01 10:49:01,卓雪,L0198
IN202607050074,SKU0370,16,2026-07-05 08:12:00,2026-07-05 08:30:00,刘旭,L0198
IN202607090088,SKU0370,16,2026-07-09 11:40:00,2026-07-09 11:57:13,杨建军,L0198
IN202607130084,SKU0370,16,2026-07-13 09:50:00,2026-07-13 13:31:59,卓雪,L0198
IN202607170070,SKU0370,16,2026-07-17 11:38:00,2026-07-17 11:43:54,杨建军,L0198
IN202607210085,SKU0370,16,2026-07-21 08:32:00,2026-07-21 08:42:54,王丹,L0198
IN202607250075,SKU0370,16,2026-07-25 11:19:00,2026-07-25 11:24:40,姚佳,L0198
IN202607290078,SKU0370,16,2026-07-29 08:07:00,2026-07-29 08:31:20,毛燕,L0198
IN202608020085,SKU0370,16,2026-08-02 10:05:00,2026-08-02 09:55:48,卓雪,L0198
IN202608060075,SKU0370,16,2026-08-06 11:49:00,2026-08-06 11:39:27,杨建军,L0198
IN202608100079,SKU0370,16,2026-08-10 08:19:00,2026-08-10 08:19:31,卓雪,L0198
IN202608140081,SKU0370,16,2026-08-14 08:50:00,2026-08-14 08:55:11,廖晨,L0198
IN202608180085,SKU0370,16,2026-08-18 11:17:00,2026-08-18 11:28:38,王丹,L0198
IN202608220074,SKU0370,16,2026-08-22 10:26:00,2026-08-22 14:25:26,郑婷婷,L0198
IN202608260077,SKU0370,16,2026-08-26 08:49:00,2026-08-26 09:00:06,徐萍,L0198
IN202606010080,SKU0371,34,2026-06-01 09:12:00,2026-06-01 09:26:18,王丹,L0559
IN202606040086,SKU0371,34,2026-06-04 09:36:00,2026-06-04 09:36:15,李敏,L0559
IN202606070076,SKU0371,34,2026-06-07 10:44:00,2026-06-07 10:43:47,李敏,L0559
IN202606100078,SKU0371,34,2026-06-10 10:27:00,2026-06-10 10:31:14,李敏,L0559
IN202606130075,SKU0371,34,2026-06-13 10:31:00,2026-06-13 10:21:27,李帆,L0559
IN202606160083,SKU0371,34,2026-06-16 08:58:00,2026-06-16 08:57:38,郑婷婷,L0559
IN202606190084,SKU0371,34,2026-06-19 09:16:00,2026-06-19 09:25:09,王丹,L0559
IN202606220080,SKU0371,34,2026-06-22 09:33:00,2026-06-22 09:44:17,李帆,L0559
IN202606250075,SKU0371,34,2026-06-25 10:54:00,2026-06-25 11:05:38,毛燕,L0559
IN202606280083,SKU0371,34,2026-06-28 08:31:00,2026-06-28 08:44:58,徐萍,L0559
IN202607010079,SKU0371,34,2026-07-01 08:39:00,2026-07-01 08:48:36,毛燕,L0559
IN202607040083,SKU0371,34,2026-07-04 10:55:00,2026-07-04 10:53:10,宋超,L0559
IN202607070073,SKU0371,34,2026-07-07 11:57:00,2026-07-07 11:56:17,王丹,L0559
IN202607100079,SKU0371,34,2026-07-10 11:34:00,2026-07-10 11:57:25,徐萍,L0559
IN202607130085,SKU0371,34,2026-07-13 08:48:00,2026-07-13 08:58:58,李帆,L0559
IN202607160082,SKU0371,34,2026-07-16 10:52:00,2026-07-16 12:14:19,郑婷婷,L0559
IN202607190081,SKU0371,34,2026-07-19 09:02:00,2026-07-19 09:43:57,卓雪,L0559
IN202607220075,SKU0371,34,2026-07-22 08:52:00,2026-07-22 09:59:14,郑婷婷,L0559
IN202607250076,SKU0371,34,2026-07-25 11:18:00,2026-07-25 14:21:35,宋超,L0559
IN202607280084,SKU0371,34,2026-07-28 08:09:00,2026-07-28 08:12:21,王丹,L0559
IN202607310076,SKU0371,34,2026-07-31 10:10:00,2026-07-31 10:10:50,徐萍,L0559
IN202608030089,SKU0371,34,2026-08-03 11:17:00,2026-08-03 14:35:40,宋超,L0559
IN202608060076,SKU0371,34,2026-08-06 10:20:00,2026-08-06 10:20:59,刘旭,L0559
IN202608090080,SKU0371,34,2026-08-09 10:21:00,2026-08-09 10:22:08,郑婷婷,L0559
IN202608120076,SKU0371,34,2026-08-12 11:46:00,2026-08-12 11:39:57,郑婷婷,L0559
IN202608150079,SKU0371,34,2026-08-15 11:54:00,2026-08-15 12:11:59,廖晨,L0559
IN202608180086,SKU0371,34,2026-08-18 09:53:00,2026-08-18 10:11:26,廖晨,L0559
IN202608210076,SKU0371,34,2026-08-21 10:27:00,2026-08-21 10:50:29,卓雪,L0559
IN202608240078,SKU0371,34,2026-08-24 10:13:00,2026-08-24 10:33:52,廖晨,L0559
IN202608270083,SKU0371,34,2026-08-27 10:13:00,2026-08-27 10:15:12,杨建军,L0559
IN202606020082,SKU0372,15,2026-06-02 08:46:00,2026-06-02 08:59:17,李帆,L0120
IN202606060080,SKU0372,15,2026-06-06 09:16:00,2026-06-06 09:18:30,李帆,L0120
IN202606100079,SKU0372,15,2026-06-10 09:24:00,2026-06-10 09:36:55,宋超,L0120
IN202606140090,SKU0372,15,2026-06-14 10:29:00,2026-06-14 10:32:40,姚佳,L0120
IN202606180084,SKU0372,15,2026-06-18 11:26:00,2026-06-18 11:40:48,卓雪,L0120
IN202606220081,SKU0372,15,2026-06-22 09:35:00,2026-06-22 09:57:56,刘旭,L0120
IN202606260085,SKU0372,15,2026-06-26 09:17:00,2026-06-26 09:56:48,郑婷婷,L0120
IN202606300082,SKU0372,15,2026-06-30 11:20:00,2026-06-30 11:20:12,刘旭,L0120
IN202607040084,SKU0372,15,2026-07-04 11:06:00,2026-07-04 11:08:40,毛燕,L0120
IN202607080085,SKU0372,15,2026-07-08 09:51:00,2026-07-08 10:12:29,毛燕,L0120
IN202607120078,SKU0372,15,2026-07-12 08:36:00,2026-07-12 08:47:27,刘旭,L0120
IN202607160083,SKU0372,15,2026-07-16 08:42:00,2026-07-16 09:02:33,毛燕,L0120
IN202607200087,SKU0372,15,2026-07-20 11:20:00,2026-07-20 11:19:48,徐萍,L0120
IN202607240086,SKU0372,15,2026-07-24 09:33:00,2026-07-24 09:41:12,杨建军,L0120
IN202607280085,SKU0372,15,2026-07-28 10:51:00,2026-07-28 10:49:04,宋超,L0120
IN202608010078,SKU0372,15,2026-08-01 11:54:00,2026-08-01 12:13:43,李帆,L0120
IN202608050081,SKU0372,15,2026-08-05 11:27:00,2026-08-05 11:41:41,郑婷婷,L0120
IN202608090081,SKU0372,15,2026-08-09 10:57:00,2026-08-09 13:35:55,姚佳,L0120
IN202608130090,SKU0372,15,2026-08-13 11:06:00,2026-08-13 10:57:00,郑婷婷,L0120
IN202608170087,SKU0372,15,2026-08-17 11:12:00,2026-08-17 11:35:31,刘旭,L0120
IN202608210077,SKU0372,15,2026-08-21 09:39:00,2026-08-21 09:30:14,李帆,L0120
IN202608250087,SKU0372,15,2026-08-25 11:26:00,2026-08-25 11:26:49,毛燕,L0120
IN202608290078,SKU0372,15,2026-08-29 11:38:00,2026-08-29 11:48:55,王丹,L0120
IN202606050070,SKU0373,19,2026-06-05 10:59:00,2026-06-05 11:06:23,毛燕,L0427
IN202606100080,SKU0373,19,2026-06-10 08:23:00,2026-06-10 08:42:27,姚佳,L0427
IN202606150086,SKU0373,19,2026-06-15 09:14:00,2026-06-15 09:10:04,郑婷婷,L0427
IN202606200081,SKU0373,19,2026-06-20 11:47:00,2026-06-20 11:52:10,杨建军,L0427
IN202606250076,SKU0373,19,2026-06-25 08:33:00,2026-06-25 08:30:06,刘旭,L0427
IN202606300083,SKU0373,19,2026-06-30 09:23:00,2026-06-30 09:33:20,廖晨,L0427
IN202607050075,SKU0373,19,2026-07-05 08:24:00,2026-07-05 08:45:20,李帆,L0427
IN202607100080,SKU0373,19,2026-07-10 11:14:00,2026-07-10 11:24:33,李帆,L0427
IN202607150077,SKU0373,19,2026-07-15 10:20:00,2026-07-15 11:36:28,李敏,L0427
IN202607200088,SKU0373,19,2026-07-20 10:04:00,2026-07-20 11:26:36,王丹,L0427
IN202607250077,SKU0373,19,2026-07-25 09:22:00,2026-07-25 09:45:09,刘旭,L0427
IN202607300081,SKU0373,19,2026-07-30 08:39:00,2026-07-30 08:58:38,王丹,L0427
IN202608040072,SKU0373,19,2026-08-04 10:57:00,2026-08-04 13:44:54,宋超,L0427
IN202608090082,SKU0373,19,2026-08-09 09:03:00,2026-08-09 09:11:10,卓雪,L0427
IN202608140082,SKU0373,19,2026-08-14 09:36:00,2026-08-14 10:00:51,宋超,L0427
IN202608190082,SKU0373,19,2026-08-19 09:55:00,2026-08-19 12:23:49,李敏,L0427
IN202608240079,SKU0373,19,2026-08-24 11:31:00,2026-08-24 11:25:30,宋超,L0427
IN202608290079,SKU0373,19,2026-08-29 10:21:00,2026-08-29 10:19:48,李帆,L0427
IN202606030084,SKU0374,13,2026-06-03 09:55:00,2026-06-03 10:04:57,徐萍,L0016
IN202606090086,SKU0374,13,2026-06-09 10:50:00,2026-06-09 11:05:17,李敏,L0016
IN202606150087,SKU0374,13,2026-06-15 10:39:00,2026-06-15 10:47:57,徐萍,L0016
IN202606210081,SKU0374,13,2026-06-21 09:52:00,2026-06-21 09:44:10,王丹,L0016
IN202606270077,SKU0374,13,2026-06-27 08:02:00,2026-06-27 08:04:58,廖晨,L0016
IN202607030081,SKU0374,13,2026-07-03 10:32:00,2026-07-03 10:52:01,王丹,L0016
IN202607090089,SKU0374,13,2026-07-09 11:48:00,2026-07-09 13:20:47,姚佳,L0016
IN202607150078,SKU0374,13,2026-07-15 09:11:00,2026-07-15 12:39:33,王丹,L0016
IN202607210086,SKU0374,13,2026-07-21 10:25:00,2026-07-21 10:40:00,毛燕,L0016
IN202607270079,SKU0374,13,2026-07-27 09:45:00,2026-07-27 13:36:29,徐萍,L0016
IN202608020086,SKU0374,13,2026-08-02 09:25:00,2026-08-02 12:43:47,卓雪,L0016
IN202608080082,SKU0374,13,2026-08-08 11:12:00,2026-08-08 11:36:59,毛燕,L0016
IN202608140083,SKU0374,13,2026-08-14 11:46:00,2026-08-14 12:01:46,郑婷婷,L0016
IN202608200081,SKU0374,13,2026-08-20 11:40:00,2026-08-20 11:40:06,李帆,L0016
IN202608260078,SKU0374,13,2026-08-26 10:09:00,2026-08-26 13:02:07,毛燕,L0016
IN202606030085,SKU0375,12,2026-06-03 10:08:00,2026-06-03 10:00:14,毛燕,L0253
IN202606080090,SKU0375,12,2026-06-08 11:01:00,2026-06-08 11:12:58,宋超,L0253
IN202606130076,SKU0375,12,2026-06-13 10:10:00,2026-06-13 10:09:49,姚佳,L0253
IN202606180085,SKU0375,12,2026-06-18 11:31:00,2026-06-18 11:34:32,郑婷婷,L0253
IN202606230079,SKU0375,12,2026-06-23 08:11:00,2026-06-23 08:15:36,李帆,L0253
IN202606280084,SKU0375,12,2026-06-28 09:46:00,2026-06-28 09:46:39,徐萍,L0253
IN202607030082,SKU0375,12,2026-07-03 11:34:00,2026-07-03 11:35:57,徐萍,L0253
IN202607080086,SKU0375,12,2026-07-08 09:25:00,2026-07-08 10:31:50,姚佳,L0253
IN202607130086,SKU0375,12,2026-07-13 10:51:00,2026-07-13 10:59:42,杨建军,L0253
IN202607180081,SKU0375,12,2026-07-18 08:39:00,2026-07-18 08:44:40,王丹,L0253
IN202607230074,SKU0375,12,2026-07-23 09:30:00,2026-07-23 09:45:40,姚佳,L0253
IN202607280086,SKU0375,12,2026-07-28 10:26:00,2026-07-28 10:23:01,杨建军,L0253
IN202608020087,SKU0375,12,2026-08-02 10:25:00,2026-08-02 13:26:08,廖晨,L0253
IN202608070086,SKU0375,12,2026-08-07 10:19:00,2026-08-07 10:22:03,徐萍,L0253
IN202608120077,SKU0375,12,2026-08-12 08:23:00,2026-08-12 08:25:46,李敏,L0253
IN202608170088,SKU0375,12,2026-08-17 09:11:00,2026-08-17 09:19:14,郑婷婷,L0253
IN202608220075,SKU0375,12,2026-08-22 11:22:00,2026-08-22 11:29:57,廖晨,L0253
IN202608270084,SKU0375,12,2026-08-27 11:23:00,2026-08-27 13:59:24,李帆,L0253
IN202606010081,SKU0376,17,2026-06-01 09:13:00,2026-06-01 09:30:41,毛燕,L0271
IN202606060081,SKU0376,17,2026-06-06 09:59:00,2026-06-06 10:59:59,毛燕,L0271
IN202606110077,SKU0376,17,2026-06-11 08:58:00,2026-06-11 09:06:25,姚佳,L0271
IN202606160084,SKU0376,17,2026-06-16 08:39:00,2026-06-16 08:35:03,杨建军,L0271
IN202606210082,SKU0376,17,2026-06-21 11:01:00,2026-06-21 10:56:50,毛燕,L0271
IN202606260086,SKU0376,17,2026-06-26 08:59:00,2026-06-26 09:17:50,徐萍,L0271
IN202607010080,SKU0376,17,2026-07-01 09:20:00,2026-07-01 10:42:39,王丹,L0271
IN202607060086,SKU0376,17,2026-07-06 11:36:00,2026-07-06 11:42:13,王丹,L0271
IN202607110070,SKU0376,17,2026-07-11 10:14:00,2026-07-11 10:18:07,徐萍,L0271
IN202607160084,SKU0376,17,2026-07-16 11:17:00,2026-07-16 11:16:56,李敏,L0271
IN202607210087,SKU0376,17,2026-07-21 11:02:00,2026-07-21 12:18:31,杨建军,L0271
IN202607260086,SKU0376,17,2026-07-26 08:57:00,2026-07-26 09:18:31,刘旭,L0271
IN202607310077,SKU0376,17,2026-07-31 09:18:00,2026-07-31 09:11:29,毛燕,L0271
IN202608050082,SKU0376,17,2026-08-05 08:52:00,2026-08-05 10:37:38,王丹,L0271
IN202608100080,SKU0376,17,2026-08-10 08:44:00,2026-08-10 11:31:44,毛燕,L0271
IN202608150080,SKU0376,17,2026-08-15 08:02:00,2026-08-15 08:15:04,姚佳,L0271
IN202608200082,SKU0376,17,2026-08-20 10:20:00,2026-08-20 10:27:48,刘旭,L0271
IN202608250088,SKU0376,17,2026-08-25 08:37:00,2026-08-25 08:49:51,姚佳,L0271
IN202606030086,SKU0377,13,2026-06-03 09:56:00,2026-06-03 10:08:58,毛燕,L0387
IN202606060082,SKU0377,13,2026-06-06 11:16:00,2026-06-06 11:24:17,卓雪,L0387
IN202606090087,SKU0377,13,2026-06-09 11:05:00,2026-06-09 14:51:13,李帆,L0387
IN202606120077,SKU0377,13,2026-06-12 10:33:00,2026-06-12 12:08:27,李帆,L0387
IN202606150088,SKU0377,13,2026-06-15 09:00:00,2026-06-15 09:13:31,杨建军,L0387
IN202606180086,SKU0377,13,2026-06-18 10:43:00,2026-06-18 11:06:55,毛燕,L0387
IN202606210083,SKU0377,13,2026-06-21 11:27:00,2026-06-21 11:30:54,毛燕,L0387
IN202606240085,SKU0377,13,2026-06-24 09:37:00,2026-06-24 12:18:51,卓雪,L0387
IN202606270078,SKU0377,13,2026-06-27 10:47:00,2026-06-27 11:09:31,郑婷婷,L0387
IN202606300084,SKU0377,13,2026-06-30 10:19:00,2026-06-30 10:57:31,毛燕,L0387
IN202607030083,SKU0377,13,2026-07-03 10:33:00,2026-07-03 10:40:30,郑婷婷,L0387
IN202607060087,SKU0377,13,2026-07-06 08:34:00,2026-07-06 08:45:58,王丹,L0387
IN202607090090,SKU0377,13,2026-07-09 09:56:00,2026-07-09 12:13:50,徐萍,L0387
IN202607120079,SKU0377,13,2026-07-12 09:45:00,2026-07-12 12:18:29,毛燕,L0387
IN202607150079,SKU0377,13,2026-07-15 11:43:00,2026-07-15 12:50:03,卓雪,L0387
IN202607180082,SKU0377,13,2026-07-18 09:21:00,2026-07-18 09:35:56,廖晨,L0387
IN202607210088,SKU0377,13,2026-07-21 08:35:00,2026-07-21 08:47:28,毛燕,L0387
IN202607240087,SKU0377,13,2026-07-24 09:01:00,2026-07-24 09:22:26,徐萍,L0387
IN202607270080,SKU0377,13,2026-07-27 08:09:00,2026-07-27 08:31:44,宋超,L0387
IN202607300082,SKU0377,13,2026-07-30 08:08:00,2026-07-30 11:04:36,郑婷婷,L0387
IN202608020088,SKU0377,13,2026-08-02 10:48:00,2026-08-02 12:07:56,卓雪,L0387
IN202608050083,SKU0377,13,2026-08-05 10:44:00,2026-08-05 12:52:33,廖晨,L0387
IN202608080083,SKU0377,13,2026-08-08 10:14:00,2026-08-08 11:34:52,宋超,L0387
IN202608110079,SKU0377,13,2026-08-11 11:31:00,2026-08-11 11:51:22,姚佳,L0387
IN202608140084,SKU0377,13,2026-08-14 10:31:00,2026-08-14 10:54:49,李敏,L0387
IN202608170089,SKU0377,13,2026-08-17 09:52:00,2026-08-17 12:15:43,杨建军,L0387
IN202608200083,SKU0377,13,2026-08-20 09:35:00,2026-08-20 09:28:07,廖晨,L0387
IN202608230087,SKU0377,13,2026-08-23 11:52:00,2026-08-23 12:04:08,毛燕,L0387
IN202608260079,SKU0377,13,2026-08-26 11:12:00,2026-08-26 11:34:44,徐萍,L0387
IN202608290080,SKU0377,13,2026-08-29 09:04:00,2026-08-29 09:11:04,廖晨,L0387
IN202606020083,SKU0378,13,2026-06-02 11:08:00,2026-06-02 11:10:57,徐萍,L0209
IN202606080091,SKU0378,13,2026-06-08 09:29:00,2026-06-08 09:37:28,徐萍,L0209
IN202606140091,SKU0378,13,2026-06-14 09:19:00,2026-06-14 09:41:29,廖晨,L0209
IN202606200082,SKU0378,13,2026-06-20 10:50:00,2026-06-20 10:46:43,廖晨,L0209
IN202606260087,SKU0378,13,2026-06-26 08:45:00,2026-06-26 10:50:37,李敏,L0209
IN202607020081,SKU0378,13,2026-07-02 10:14:00,2026-07-02 10:10:39,李敏,L0209
IN202607080087,SKU0378,13,2026-07-08 09:33:00,2026-07-08 11:58:09,李敏,L0209
IN202607140091,SKU0378,13,2026-07-14 08:26:00,2026-07-14 11:27:27,李敏,L0209
IN202607200089,SKU0378,13,2026-07-20 08:59:00,2026-07-20 09:17:32,郑婷婷,L0209
IN202607260087,SKU0378,13,2026-07-26 08:31:00,2026-07-26 08:23:30,徐萍,L0209
IN202608010079,SKU0378,13,2026-08-01 11:16:00,2026-08-01 11:20:04,李敏,L0209
IN202608070087,SKU0378,13,2026-08-07 10:50:00,2026-08-07 10:45:04,李敏,L0209
IN202608130091,SKU0378,13,2026-08-13 11:02:00,2026-08-13 11:23:17,姚佳,L0209
IN202608190083,SKU0378,13,2026-08-19 09:06:00,2026-08-19 09:09:55,李帆,L0209
IN202608250089,SKU0378,13,2026-08-25 11:13:00,2026-08-25 12:52:47,杨建军,L0209
IN202606010082,SKU0379,42,2026-06-01 08:13:00,2026-06-01 08:21:16,王丹,L0782
IN202606070077,SKU0379,42,2026-06-07 10:13:00,2026-06-07 10:21:36,李帆,L0782
IN202606130077,SKU0379,42,2026-06-13 09:39:00,2026-06-13 09:30:43,廖晨,L0782
IN202606190085,SKU0379,42,2026-06-19 09:39:00,2026-06-19 09:36:13,李敏,L0782
IN202606250077,SKU0379,42,2026-06-25 09:42:00,2026-06-25 10:36:05,姚佳,L0782
IN202607010081,SKU0379,42,2026-07-01 09:18:00,2026-07-01 09:40:52,王丹,L0782
IN202607070074,SKU0379,42,2026-07-07 08:28:00,2026-07-07 08:32:37,廖晨,L0782
IN202607130087,SKU0379,42,2026-07-13 08:55:00,2026-07-13 10:48:13,李敏,L0782
IN202607190082,SKU0379,42,2026-07-19 10:48:00,2026-07-19 10:38:27,郑婷婷,L0782
IN202607250078,SKU0379,42,2026-07-25 08:04:00,2026-07-25 08:17:07,姚佳,L0782
IN202607310078,SKU0379,42,2026-07-31 11:27:00,2026-07-31 11:22:23,刘旭,L0782
IN202608060077,SKU0379,42,2026-08-06 09:09:00,2026-08-06 09:13:16,廖晨,L0782
IN202608120078,SKU0379,42,2026-08-12 10:05:00,2026-08-12 10:22:42,宋超,L0782
IN202608180087,SKU0379,42,2026-08-18 11:10:00,2026-08-18 11:21:36,郑婷婷,L0782
IN202608240080,SKU0379,42,2026-08-24 09:17:00,2026-08-24 09:12:02,卓雪,L0782
IN202606020084,SKU0380,14,2026-06-02 11:58:00,2026-06-02 12:05:46,杨建军,L0195
IN202606060083,SKU0380,14,2026-06-06 08:28:00,2026-06-06 08:19:05,徐萍,L0195
IN202606100081,SKU0380,14,2026-06-10 09:15:00,2026-06-10 09:36:17,毛燕,L0195
IN202606140092,SKU0380,14,2026-06-14 11:53:00,2026-06-14 11:53:08,姚佳,L0195
IN202606180087,SKU0380,14,2026-06-18 08:10:00,2026-06-18 08:10:24,郑婷婷,L0195
IN202606220082,SKU0380,14,2026-06-22 09:29:00,2026-06-22 09:32:05,杨建军,L0195
IN202606260088,SKU0380,14,2026-06-26 09:30:00,2026-06-26 09:40:39,李帆,L0195
IN202606300085,SKU0380,14,2026-06-30 10:42:00,2026-06-30 10:35:38,李敏,L0195
IN202607040085,SKU0380,14,2026-07-04 09:52:00,2026-07-04 09:49:24,毛燕,L0195
IN202607080088,SKU0380,14,2026-07-08 09:06:00,2026-07-08 09:30:07,郑婷婷,L0195
IN202607120080,SKU0380,14,2026-07-12 09:14:00,2026-07-12 09:33:20,宋超,L0195
IN202607160085,SKU0380,14,2026-07-16 11:05:00,2026-07-16 11:28:23,李敏,L0195
IN202607200090,SKU0380,14,2026-07-20 10:25:00,2026-07-20 11:24:27,毛燕,L0195
IN202607240088,SKU0380,14,2026-07-24 10:24:00,2026-07-24 10:38:27,李敏,L0195
IN202607280087,SKU0380,14,2026-07-28 11:09:00,2026-07-28 11:30:41,李帆,L0195
IN202608010080,SKU0380,14,2026-08-01 09:03:00,2026-08-01 08:59:25,王丹,L0195
IN202608050084,SKU0380,14,2026-08-05 08:52:00,2026-08-05 09:13:55,廖晨,L0195
IN202608090083,SKU0380,14,2026-08-09 08:41:00,2026-08-09 08:39:13,李帆,L0195
IN202608130092,SKU0380,14,2026-08-13 08:45:00,2026-08-13 08:40:48,郑婷婷,L0195
IN202608170090,SKU0380,14,2026-08-17 08:12:00,2026-08-17 08:04:28,卓雪,L0195
IN202608210078,SKU0380,14,2026-08-21 08:14:00,2026-08-21 08:36:23,宋超,L0195
IN202608250090,SKU0380,14,2026-08-25 10:36:00,2026-08-25 10:51:19,杨建军,L0195
IN202608290081,SKU0380,14,2026-08-29 10:43:00,2026-08-29 10:56:53,廖晨,L0195
IN202606010083,SKU0381,18,2026-06-01 11:59:00,2026-06-01 11:50:08,姚佳,L0418
IN202606080092,SKU0381,18,2026-06-08 08:55:00,2026-06-08 08:55:31,毛燕,L0418
IN202606150089,SKU0381,18,2026-06-15 10:40:00,2026-06-15 10:52:44,郑婷婷,L0418
IN202606220083,SKU0381,18,2026-06-22 11:53:00,2026-06-22 12:30:57,卓雪,L0418
IN202606290080,SKU0381,18,2026-06-29 10:11:00,2026-06-29 10:30:51,杨建军,L0418
IN202607060088,SKU0381,18,2026-07-06 08:38:00,2026-07-06 09:00:37,郑婷婷,L0418
IN202607130088,SKU0381,18,2026-07-13 10:19:00,2026-07-13 12:05:34,徐萍,L0418
IN202607200091,SKU0381,18,2026-07-20 08:09:00,2026-07-20 08:19:39,徐萍,L0418
IN202607270081,SKU0381,18,2026-07-27 10:33:00,2026-07-27 13:58:48,姚佳,L0418
IN202608030090,SKU0381,18,2026-08-03 09:19:00,2026-08-03 09:18:14,卓雪,L0418
IN202608100081,SKU0381,18,2026-08-10 11:42:00,2026-08-10 14:08:35,李帆,L0418
IN202608170091,SKU0381,18,2026-08-17 10:09:00,2026-08-17 10:10:57,徐萍,L0418
IN202608240081,SKU0381,18,2026-08-24 09:10:00,2026-08-24 12:22:40,卓雪,L0418
IN202606030087,SKU0382,11,2026-06-03 09:00:00,2026-06-03 09:21:26,刘旭,L0441
IN202606070078,SKU0382,11,2026-06-07 10:02:00,2026-06-07 09:58:05,姚佳,L0441
IN202606110078,SKU0382,11,2026-06-11 11:47:00,2026-06-11 12:02:55,毛燕,L0441
IN202606150090,SKU0382,11,2026-06-15 09:32:00,2026-06-15 09:22:20,廖晨,L0441
IN202606190086,SKU0382,11,2026-06-19 10:05:00,2026-06-19 10:21:22,宋超,L0441
IN202606230080,SKU0382,11,2026-06-23 10:58:00,2026-06-23 12:20:49,徐萍,L0441
IN202606270079,SKU0382,11,2026-06-27 08:34:00,2026-06-27 08:36:02,李帆,L0441
IN202607010082,SKU0382,11,2026-07-01 09:51:00,2026-07-01 09:58:09,郑婷婷,L0441
IN202607050076,SKU0382,11,2026-07-05 11:00:00,2026-07-05 12:46:53,宋超,L0441
IN202607090091,SKU0382,11,2026-07-09 08:06:00,2026-07-09 08:26:39,王丹,L0441
IN202607130089,SKU0382,11,2026-07-13 09:13:00,2026-07-13 09:10:20,廖晨,L0441
IN202607170071,SKU0382,11,2026-07-17 11:32:00,2026-07-17 11:46:40,刘旭,L0441
IN202607210089,SKU0382,11,2026-07-21 11:31:00,2026-07-21 11:27:18,廖晨,L0441
IN202607250079,SKU0382,11,2026-07-25 10:59:00,2026-07-25 11:10:35,卓雪,L0441
IN202607290079,SKU0382,11,2026-07-29 09:56:00,2026-07-29 10:09:32,徐萍,L0441
IN202608020089,SKU0382,11,2026-08-02 09:18:00,2026-08-02 09:29:30,宋超,L0441
IN202608060078,SKU0382,11,2026-08-06 11:24:00,2026-08-06 11:39:24,李帆,L0441
IN202608100082,SKU0382,11,2026-08-10 10:20:00,2026-08-10 12:29:58,李敏,L0441
IN202608140085,SKU0382,11,2026-08-14 10:45:00,2026-08-14 14:24:55,杨建军,L0441
IN202608180088,SKU0382,11,2026-08-18 10:41:00,2026-08-18 10:56:37,徐萍,L0441
IN202608220076,SKU0382,11,2026-08-22 10:20:00,2026-08-22 14:04:33,宋超,L0441
IN202608260080,SKU0382,11,2026-08-26 09:53:00,2026-08-26 09:52:07,杨建军,L0441
IN202606050071,SKU0383,51,2026-06-05 09:38:00,2026-06-05 09:37:35,李敏,L0747
IN202606110079,SKU0383,51,2026-06-11 11:37:00,2026-06-11 11:54:11,李帆,L0747
IN202606170066,SKU0383,51,2026-06-17 10:48:00,2026-06-17 10:41:42,宋超,L0747
IN202606230081,SKU0383,51,2026-06-23 10:15:00,2026-06-23 13:11:34,廖晨,L0747
IN202606290081,SKU0383,51,2026-06-29 08:35:00,2026-06-29 08:41:32,毛燕,L0747
IN202607050077,SKU0383,51,2026-07-05 08:55:00,2026-07-05 11:22:59,毛燕,L0747
IN202607110071,SKU0383,51,2026-07-11 09:50:00,2026-07-11 12:30:48,王丹,L0747
IN202607170072,SKU0383,51,2026-07-17 10:57:00,2026-07-17 10:55:20,毛燕,L0747
IN202607230075,SKU0383,51,2026-07-23 10:13:00,2026-07-23 10:37:15,杨建军,L0747
IN202607290080,SKU0383,51,2026-07-29 10:11:00,2026-07-29 10:04:52,刘旭,L0747
IN202608040073,SKU0383,51,2026-08-04 11:53:00,2026-08-04 12:08:06,刘旭,L0747
IN202608100083,SKU0383,51,2026-08-10 11:21:00,2026-08-10 11:16:49,徐萍,L0747
IN202608160068,SKU0383,51,2026-08-16 10:59:00,2026-08-16 12:30:45,卓雪,L0747
IN202608220077,SKU0383,51,2026-08-22 10:24:00,2026-08-22 10:23:27,廖晨,L0747
IN202608280076,SKU0383,51,2026-08-28 08:41:00,2026-08-28 08:35:33,廖晨,L0747
IN202606010084,SKU0384,13,2026-06-01 09:09:00,2026-06-01 09:07:34,李帆,L0381
IN202606050072,SKU0384,13,2026-06-05 09:58:00,2026-06-05 10:36:30,李敏,L0381
IN202606090088,SKU0384,13,2026-06-09 09:21:00,2026-06-09 09:25:16,杨建军,L0381
IN202606130078,SKU0384,13,2026-06-13 11:06:00,2026-06-13 10:59:01,徐萍,L0381
IN202606170067,SKU0384,13,2026-06-17 10:18:00,2026-06-17 10:13:00,李敏,L0381
IN202606210084,SKU0384,13,2026-06-21 09:17:00,2026-06-21 09:40:03,王丹,L0381
IN202606250078,SKU0384,13,2026-06-25 11:10:00,2026-06-25 11:10:43,刘旭,L0381
IN202606290082,SKU0384,13,2026-06-29 11:05:00,2026-06-29 11:00:59,杨建军,L0381
IN202607030084,SKU0384,13,2026-07-03 09:18:00,2026-07-03 09:34:07,李敏,L0381
IN202607070075,SKU0384,13,2026-07-07 10:38:00,2026-07-07 10:45:52,徐萍,L0381
IN202607110072,SKU0384,13,2026-07-11 08:16:00,2026-07-11 08:08:37,郑婷婷,L0381
IN202607150080,SKU0384,13,2026-07-15 09:12:00,2026-07-15 09:28:44,李敏,L0381
IN202607190083,SKU0384,13,2026-07-19 10:25:00,2026-07-19 13:35:14,王丹,L0381
IN202607230076,SKU0384,13,2026-07-23 10:55:00,2026-07-23 10:47:13,廖晨,L0381
IN202607270082,SKU0384,13,2026-07-27 08:57:00,2026-07-27 09:21:37,廖晨,L0381
IN202607310079,SKU0384,13,2026-07-31 08:21:00,2026-07-31 08:16:46,李敏,L0381
IN202608040074,SKU0384,13,2026-08-04 10:05:00,2026-08-04 10:17:23,廖晨,L0381
IN202608080084,SKU0384,13,2026-08-08 11:53:00,2026-08-08 12:16:32,徐萍,L0381
IN202608120079,SKU0384,13,2026-08-12 11:58:00,2026-08-12 11:49:11,宋超,L0381
IN202608160069,SKU0384,13,2026-08-16 09:44:00,2026-08-16 10:00:40,宋超,L0381
IN202608200084,SKU0384,13,2026-08-20 10:11:00,2026-08-20 10:08:14,刘旭,L0381
IN202608240082,SKU0384,13,2026-08-24 11:30:00,2026-08-24 11:31:23,廖晨,L0381
IN202608280077,SKU0384,13,2026-08-28 11:24:00,2026-08-28 11:20:22,卓雪,L0381
IN202606040087,SKU0385,44,2026-06-04 09:26:00,2026-06-04 09:19:36,宋超,L0597
IN202606080093,SKU0385,44,2026-06-08 11:46:00,2026-06-08 11:53:46,刘旭,L0597
IN202606120078,SKU0385,44,2026-06-12 10:46:00,2026-06-12 10:55:30,毛燕,L0597
IN202606160085,SKU0385,44,2026-06-16 11:52:00,2026-06-16 12:55:27,卓雪,L0597
IN202606200083,SKU0385,44,2026-06-20 11:00:00,2026-06-20 10:56:30,王丹,L0597
IN202606240086,SKU0385,44,2026-06-24 10:44:00,2026-06-24 11:05:16,李敏,L0597
IN202606280085,SKU0385,44,2026-06-28 11:20:00,2026-06-28 11:33:20,王丹,L0597
IN202607020082,SKU0385,44,2026-07-02 08:22:00,2026-07-02 08:27:23,杨建军,L0597
IN202607060089,SKU0385,44,2026-07-06 11:35:00,2026-07-06 11:27:01,郑婷婷,L0597
IN202607100081,SKU0385,44,2026-07-10 10:26:00,2026-07-10 12:19:14,毛燕,L0597
IN202607140092,SKU0385,44,2026-07-14 11:33:00,2026-07-14 11:46:40,郑婷婷,L0597
IN202607180083,SKU0385,44,2026-07-18 10:21:00,2026-07-18 10:27:52,廖晨,L0597
IN202607220076,SKU0385,44,2026-07-22 11:36:00,2026-07-22 11:32:41,郑婷婷,L0597
IN202607260088,SKU0385,44,2026-07-26 10:55:00,2026-07-26 11:10:37,徐萍,L0597
IN202607300083,SKU0385,44,2026-07-30 08:57:00,2026-07-30 09:17:15,徐萍,L0597
IN202608030091,SKU0385,44,2026-08-03 10:32:00,2026-08-03 10:47:53,廖晨,L0597
IN202608070088,SKU0385,44,2026-08-07 09:24:00,2026-08-07 09:28:33,李帆,L0597
IN202608110080,SKU0385,44,2026-08-11 09:54:00,2026-08-11 09:44:54,郑婷婷,L0597
IN202608150081,SKU0385,44,2026-08-15 10:58:00,2026-08-15 10:52:48,杨建军,L0597
IN202608190084,SKU0385,44,2026-08-19 10:26:00,2026-08-19 10:41:19,李敏,L0597
IN202608230088,SKU0385,44,2026-08-23 09:57:00,2026-08-23 09:49:42,李敏,L0597
IN202608270085,SKU0385,44,2026-08-27 09:29:00,2026-08-27 09:52:01,杨建军,L0597
IN202606070079,SKU0386,14,2026-06-07 08:44:00,2026-06-07 12:16:47,王丹,L0168
IN202606140093,SKU0386,14,2026-06-14 11:42:00,2026-06-14 11:46:24,宋超,L0168
IN202606210085,SKU0386,14,2026-06-21 08:10:00,2026-06-21 08:06:36,宋超,L0168
IN202606280086,SKU0386,14,2026-06-28 11:40:00,2026-06-28 11:52:13,徐萍,L0168
IN202607050078,SKU0386,14,2026-07-05 08:48:00,2026-07-05 08:48:07,徐萍,L0168
IN202607120081,SKU0386,14,2026-07-12 11:04:00,2026-07-12 11:26:09,卓雪,L0168
IN202607190084,SKU0386,14,2026-07-19 08:57:00,2026-07-19 09:41:56,刘旭,L0168
IN202607260089,SKU0386,14,2026-07-26 08:44:00,2026-07-26 09:07:46,卓雪,L0168
IN202608020090,SKU0386,14,2026-08-02 08:35:00,2026-08-02 08:43:20,徐萍,L0168
IN202608090084,SKU0386,14,2026-08-09 09:42:00,2026-08-09 10:03:07,徐萍,L0168
IN202608160070,SKU0386,14,2026-08-16 10:43:00,2026-08-16 11:18:54,廖晨,L0168
IN202608230089,SKU0386,14,2026-08-23 08:03:00,2026-08-23 08:11:31,李帆,L0168
IN202606040088,SKU0387,13,2026-06-04 11:05:00,2026-06-04 11:21:02,徐萍,L0609
IN202606080094,SKU0387,13,2026-06-08 08:41:00,2026-06-08 08:51:43,廖晨,L0609
IN202606120079,SKU0387,13,2026-06-12 09:49:00,2026-06-12 09:47:07,王丹,L0609
IN202606160086,SKU0387,13,2026-06-16 08:29:00,2026-06-16 08:35:20,郑婷婷,L0609
IN202606200084,SKU0387,13,2026-06-20 11:25:00,2026-06-20 11:46:48,李帆,L0609
IN202606240087,SKU0387,13,2026-06-24 08:11:00,2026-06-24 08:11:28,姚佳,L0609
IN202606280087,SKU0387,13,2026-06-28 11:24:00,2026-06-28 11:16:43,卓雪,L0609
IN202607020083,SKU0387,13,2026-07-02 10:41:00,2026-07-02 12:33:42,宋超,L0609
IN202607060090,SKU0387,13,2026-07-06 11:29:00,2026-07-06 14:26:43,杨建军,L0609
IN202607100082,SKU0387,13,2026-07-10 09:16:00,2026-07-10 10:11:59,卓雪,L0609
IN202607140093,SKU0387,13,2026-07-14 11:52:00,2026-07-14 11:55:09,卓雪,L0609
IN202607180084,SKU0387,13,2026-07-18 08:24:00,2026-07-18 09:39:30,毛燕,L0609
IN202607220077,SKU0387,13,2026-07-22 11:03:00,2026-07-22 11:15:29,廖晨,L0609
IN202607260090,SKU0387,13,2026-07-26 11:06:00,2026-07-26 11:10:27,宋超,L0609
IN202607300084,SKU0387,13,2026-07-30 08:50:00,2026-07-30 08:48:57,刘旭,L0609
IN202608030092,SKU0387,13,2026-08-03 10:27:00,2026-08-03 10:44:25,刘旭,L0609
IN202608070089,SKU0387,13,2026-08-07 09:10:00,2026-08-07 09:22:25,徐萍,L0609
IN202608110081,SKU0387,13,2026-08-11 09:39:00,2026-08-11 09:33:19,卓雪,L0609
IN202608150082,SKU0387,13,2026-08-15 09:52:00,2026-08-15 09:45:58,宋超,L0609
IN202608190085,SKU0387,13,2026-08-19 08:04:00,2026-08-19 08:20:38,廖晨,L0609
IN202608230090,SKU0387,13,2026-08-23 10:16:00,2026-08-23 12:23:37,王丹,L0609
IN202608270086,SKU0387,13,2026-08-27 09:29:00,2026-08-27 09:28:02,王丹,L0609
IN202606030088,SKU0388,47,2026-06-03 10:00:00,2026-06-03 09:54:15,卓雪,L0708
IN202606090089,SKU0388,47,2026-06-09 08:07:00,2026-06-09 09:27:14,廖晨,L0708
IN202606150091,SKU0388,47,2026-06-15 10:52:00,2026-06-15 14:40:44,李敏,L0708
IN202606210086,SKU0388,47,2026-06-21 11:21:00,2026-06-21 11:22:49,徐萍,L0708
IN202606270080,SKU0388,47,2026-06-27 10:54:00,2026-06-27 11:01:45,廖晨,L0708
IN202607030085,SKU0388,47,2026-07-03 10:36:00,2026-07-03 10:29:01,李帆,L0708
IN202607090092,SKU0388,47,2026-07-09 10:25:00,2026-07-09 10:36:14,郑婷婷,L0708
IN202607150081,SKU0388,47,2026-07-15 10:53:00,2026-07-15 10:51:02,杨建军,L0708
IN202607210090,SKU0388,47,2026-07-21 08:25:00,2026-07-21 09:32:28,李敏,L0708
IN202607270083,SKU0388,47,2026-07-27 09:39:00,2026-07-27 10:00:50,杨建军,L0708
IN202608020091,SKU0388,47,2026-08-02 11:36:00,2026-08-02 11:42:02,李帆,L0708
IN202608080085,SKU0388,47,2026-08-08 09:50:00,2026-08-08 09:40:14,李敏,L0708
IN202608140086,SKU0388,47,2026-08-14 11:02:00,2026-08-14 10:59:47,杨建军,L0708
IN202608200085,SKU0388,47,2026-08-20 09:47:00,2026-08-20 09:45:04,杨建军,L0708
IN202608260081,SKU0388,47,2026-08-26 08:14:00,2026-08-26 08:17:08,王丹,L0708
IN202606020085,SKU0389,23,2026-06-02 11:13:00,2026-06-02 11:32:21,李帆,L0477
IN202606050073,SKU0389,23,2026-06-05 09:55:00,2026-06-05 12:16:06,廖晨,L0477
IN202606080095,SKU0389,23,2026-06-08 09:48:00,2026-06-08 09:50:26,李敏,L0477
IN202606110080,SKU0389,23,2026-06-11 08:51:00,2026-06-11 12:27:12,姚佳,L0477
IN202606140094,SKU0389,23,2026-06-14 11:37:00,2026-06-14 14:46:17,王丹,L0477
IN202606170068,SKU0389,23,2026-06-17 09:10:00,2026-06-17 09:06:17,郑婷婷,L0477
IN202606200085,SKU0389,23,2026-06-20 08:15:00,2026-06-20 10:50:38,刘旭,L0477
IN202606230082,SKU0389,23,2026-06-23 10:16:00,2026-06-23 10:29:47,卓雪,L0477
IN202606260089,SKU0389,23,2026-06-26 11:55:00,2026-06-26 11:58:06,李帆,L0477
IN202606290083,SKU0389,23,2026-06-29 11:53:00,2026-06-29 12:15:26,姚佳,L0477
IN202607020084,SKU0389,23,2026-07-02 10:28:00,2026-07-02 10:34:47,杨建军,L0477
IN202607050079,SKU0389,23,2026-07-05 08:51:00,2026-07-05 09:10:28,刘旭,L0477
IN202607080089,SKU0389,23,2026-07-08 08:26:00,2026-07-08 08:26:32,王丹,L0477
IN202607110073,SKU0389,23,2026-07-11 10:47:00,2026-07-11 11:56:57,毛燕,L0477
IN202607140094,SKU0389,23,2026-07-14 11:55:00,2026-07-14 11:46:30,卓雪,L0477
IN202607170073,SKU0389,23,2026-07-17 08:56:00,2026-07-17 09:18:44,徐萍,L0477
IN202607200092,SKU0389,23,2026-07-20 11:47:00,2026-07-20 11:52:46,徐萍,L0477
IN202607230077,SKU0389,23,2026-07-23 08:05:00,2026-07-23 07:55:21,王丹,L0477
IN202607260091,SKU0389,23,2026-07-26 09:39:00,2026-07-26 09:43:17,毛燕,L0477
IN202607290081,SKU0389,23,2026-07-29 09:25:00,2026-07-29 09:35:02,郑婷婷,L0477
IN202608010081,SKU0389,23,2026-08-01 10:06:00,2026-08-01 10:28:13,李敏,L0477
IN202608040075,SKU0389,23,2026-08-04 11:34:00,2026-08-04 11:57:47,徐萍,L0477
IN202608070090,SKU0389,23,2026-08-07 08:21:00,2026-08-07 11:46:51,郑婷婷,L0477
IN202608100084,SKU0389,23,2026-08-10 09:32:00,2026-08-10 09:38:03,李敏,L0477
IN202608130093,SKU0389,23,2026-08-13 10:06:00,2026-08-13 10:11:48,王丹,L0477
IN202608160071,SKU0389,23,2026-08-16 11:21:00,2026-08-16 11:23:45,郑婷婷,L0477
IN202608190086,SKU0389,23,2026-08-19 09:16:00,2026-08-19 09:15:48,卓雪,L0477
IN202608220078,SKU0389,23,2026-08-22 10:39:00,2026-08-22 10:32:32,徐萍,L0477
IN202608250091,SKU0389,23,2026-08-25 09:31:00,2026-08-25 09:39:53,杨建军,L0477
IN202608280078,SKU0389,23,2026-08-28 08:09:00,2026-08-28 08:23:30,李敏,L0477
IN202606020086,SKU0390,17,2026-06-02 08:00:00,2026-06-02 08:13:25,徐萍,L0651
IN202606070080,SKU0390,17,2026-06-07 11:32:00,2026-06-07 11:40:55,廖晨,L0651
IN202606120080,SKU0390,17,2026-06-12 10:42:00,2026-06-12 10:39:43,徐萍,L0651
IN202606170069,SKU0390,17,2026-06-17 10:51:00,2026-06-17 10:42:06,刘旭,L0651
IN202606220084,SKU0390,17,2026-06-22 08:11:00,2026-06-22 08:05:27,王丹,L0651
IN202606270081,SKU0390,17,2026-06-27 08:20:00,2026-06-27 09:02:49,李帆,L0651
IN202607020085,SKU0390,17,2026-07-02 11:17:00,2026-07-02 11:09:16,郑婷婷,L0651
IN202607070076,SKU0390,17,2026-07-07 09:29:00,2026-07-07 09:25:02,廖晨,L0651
IN202607120082,SKU0390,17,2026-07-12 09:20:00,2026-07-12 09:34:24,郑婷婷,L0651
IN202607170074,SKU0390,17,2026-07-17 09:54:00,2026-07-17 10:40:19,杨建军,L0651
IN202607220078,SKU0390,17,2026-07-22 10:46:00,2026-07-22 11:07:57,毛燕,L0651
IN202607270084,SKU0390,17,2026-07-27 10:09:00,2026-07-27 13:10:26,杨建军,L0651
IN202608010082,SKU0390,17,2026-08-01 10:39:00,2026-08-01 10:29:59,刘旭,L0651
IN202608060079,SKU0390,17,2026-08-06 08:13:00,2026-08-06 08:23:48,卓雪,L0651
IN202608110082,SKU0390,17,2026-08-11 08:25:00,2026-08-11 08:43:08,宋超,L0651
IN202608160072,SKU0390,17,2026-08-16 11:08:00,2026-08-16 11:12:53,卓雪,L0651
IN202608210079,SKU0390,17,2026-08-21 08:54:00,2026-08-21 09:32:14,徐萍,L0651
IN202608260082,SKU0390,17,2026-08-26 11:26:00,2026-08-26 11:16:06,卓雪,L0651
IN202606020087,SKU0391,19,2026-06-02 09:42:00,2026-06-02 10:00:20,李敏,L0237
IN202606070081,SKU0391,19,2026-06-07 10:48:00,2026-06-07 10:46:12,郑婷婷,L0237
IN202606120081,SKU0391,19,2026-06-12 11:33:00,2026-06-12 11:50:58,杨建军,L0237
IN202606170070,SKU0391,19,2026-06-17 11:45:00,2026-06-17 11:40:44,卓雪,L0237
IN202606220085,SKU0391,19,2026-06-22 10:43:00,2026-06-22 10:33:49,李敏,L0237
IN202606270082,SKU0391,19,2026-06-27 09:18:00,2026-06-27 09:22:46,卓雪,L0237
IN202607020086,SKU0391,19,2026-07-02 10:00:00,2026-07-02 10:11:18,李帆,L0237
IN202607070077,SKU0391,19,2026-07-07 10:03:00,2026-07-07 09:56:44,杨建军,L0237
IN202607120083,SKU0391,19,2026-07-12 11:18:00,2026-07-12 11:18:26,王丹,L0237
IN202607170075,SKU0391,19,2026-07-17 09:49:00,2026-07-17 09:43:15,郑婷婷,L0237
IN202607220079,SKU0391,19,2026-07-22 08:26:00,2026-07-22 08:35:41,廖晨,L0237
IN202607270085,SKU0391,19,2026-07-27 11:14:00,2026-07-27 11:32:32,王丹,L0237
IN202608010083,SKU0391,19,2026-08-01 08:33:00,2026-08-01 08:53:57,郑婷婷,L0237
IN202608060080,SKU0391,19,2026-08-06 11:31:00,2026-08-06 11:41:51,李敏,L0237
IN202608110083,SKU0391,19,2026-08-11 11:11:00,2026-08-11 14:26:31,廖晨,L0237
IN202608160073,SKU0391,19,2026-08-16 11:14:00,2026-08-16 11:17:34,刘旭,L0237
IN202608210080,SKU0391,19,2026-08-21 11:39:00,2026-08-21 13:17:46,杨建军,L0237
IN202608260083,SKU0391,19,2026-08-26 10:41:00,2026-08-26 10:53:49,廖晨,L0237
IN202606020088,SKU0392,17,2026-06-02 09:44:00,2026-06-02 09:46:39,刘旭,L0308
IN202606070082,SKU0392,17,2026-06-07 09:31:00,2026-06-07 09:33:41,李帆,L0308
IN202606120082,SKU0392,17,2026-06-12 11:05:00,2026-06-12 11:16:14,郑婷婷,L0308
IN202606170071,SKU0392,17,2026-06-17 09:46:00,2026-06-17 09:42:15,王丹,L0308
IN202606220086,SKU0392,17,2026-06-22 09:37:00,2026-06-22 09:51:29,刘旭,L0308
IN202606270083,SKU0392,17,2026-06-27 10:27:00,2026-06-27 10:27:19,宋超,L0308
IN202607020087,SKU0392,17,2026-07-02 09:42:00,2026-07-02 10:00:21,姚佳,L0308
IN202607070078,SKU0392,17,2026-07-07 10:37:00,2026-07-07 10:37:04,卓雪,L0308
IN202607120084,SKU0392,17,2026-07-12 11:52:00,2026-07-12 11:56:08,王丹,L0308
IN202607170076,SKU0392,17,2026-07-17 11:34:00,2026-07-17 12:17:37,李帆,L0308
IN202607220080,SKU0392,17,2026-07-22 11:32:00,2026-07-22 12:20:57,刘旭,L0308
IN202607270086,SKU0392,17,2026-07-27 08:44:00,2026-07-27 08:51:22,郑婷婷,L0308
IN202608010084,SKU0392,17,2026-08-01 11:13:00,2026-08-01 11:13:10,宋超,L0308
IN202608060081,SKU0392,17,2026-08-06 11:43:00,2026-08-06 12:04:00,卓雪,L0308
IN202608110084,SKU0392,17,2026-08-11 11:20:00,2026-08-11 11:11:20,王丹,L0308
IN202608160074,SKU0392,17,2026-08-16 11:00:00,2026-08-16 11:17:53,刘旭,L0308
IN202608210081,SKU0392,17,2026-08-21 09:58:00,2026-08-21 13:35:22,杨建军,L0308
IN202608260084,SKU0392,17,2026-08-26 08:35:00,2026-08-26 08:49:05,李敏,L0308
IN202606010085,SKU0393,10,2026-06-01 11:50:00,2026-06-01 11:45:07,廖晨,L0139
IN202606040089,SKU0393,10,2026-06-04 08:41:00,2026-06-04 11:51:00,姚佳,L0139
IN202606070083,SKU0393,10,2026-06-07 08:15:00,2026-06-07 08:38:50,刘旭,L0139
IN202606100082,SKU0393,10,2026-06-10 09:13:00,2026-06-10 09:08:02,徐萍,L0139
IN202606130079,SKU0393,10,2026-06-13 10:19:00,2026-06-13 10:34:04,杨建军,L0139
IN202606160087,SKU0393,10,2026-06-16 08:28:00,2026-06-16 08:18:01,宋超,L0139
IN202606190087,SKU0393,10,2026-06-19 11:53:00,2026-06-19 12:13:21,宋超,L0139
IN202606220087,SKU0393,10,2026-06-22 08:05:00,2026-06-22 08:26:07,姚佳,L0139
IN202606250079,SKU0393,10,2026-06-25 08:27:00,2026-06-25 08:48:29,杨建军,L0139
IN202606280088,SKU0393,10,2026-06-28 08:48:00,2026-06-28 09:08:50,卓雪,L0139
IN202607010083,SKU0393,10,2026-07-01 09:34:00,2026-07-01 09:41:26,宋超,L0139
IN202607040086,SKU0393,10,2026-07-04 11:33:00,2026-07-04 11:29:08,徐萍,L0139
IN202607070079,SKU0393,10,2026-07-07 10:08:00,2026-07-07 10:23:00,廖晨,L0139
IN202607100083,SKU0393,10,2026-07-10 10:35:00,2026-07-10 10:37:11,宋超,L0139
IN202607130090,SKU0393,10,2026-07-13 09:18:00,2026-07-13 09:42:03,毛燕,L0139
IN202607160086,SKU0393,10,2026-07-16 11:25:00,2026-07-16 11:25:38,卓雪,L0139
IN202607190085,SKU0393,10,2026-07-19 10:34:00,2026-07-19 10:25:15,杨建军,L0139
IN202607220081,SKU0393,10,2026-07-22 09:27:00,2026-07-22 09:50:15,徐萍,L0139
IN202607250080,SKU0393,10,2026-07-25 08:25:00,2026-07-25 08:33:15,卓雪,L0139
IN202607280088,SKU0393,10,2026-07-28 09:48:00,2026-07-28 13:34:41,毛燕,L0139
IN202607310080,SKU0393,10,2026-07-31 11:41:00,2026-07-31 12:00:10,毛燕,L0139
IN202608030093,SKU0393,10,2026-08-03 10:50:00,2026-08-03 10:42:41,徐萍,L0139
IN202608060082,SKU0393,10,2026-08-06 08:57:00,2026-08-06 09:10:17,宋超,L0139
IN202608090085,SKU0393,10,2026-08-09 11:55:00,2026-08-09 11:47:57,徐萍,L0139
IN202608120080,SKU0393,10,2026-08-12 08:26:00,2026-08-12 08:25:44,徐萍,L0139
IN202608150083,SKU0393,10,2026-08-15 08:47:00,2026-08-15 09:05:14,李敏,L0139
IN202608180089,SKU0393,10,2026-08-18 08:09:00,2026-08-18 08:00:11,廖晨,L0139
IN202608210082,SKU0393,10,2026-08-21 10:25:00,2026-08-21 10:22:17,刘旭,L0139
IN202608240083,SKU0393,10,2026-08-24 08:01:00,2026-08-24 08:12:40,徐萍,L0139
IN202608270087,SKU0393,10,2026-08-27 09:08:00,2026-08-27 12:01:13,李帆,L0139
IN202606020089,SKU0394,25,2026-06-02 11:30:00,2026-06-02 11:34:15,毛燕,L0545
IN202606080096,SKU0394,25,2026-06-08 10:20:00,2026-06-08 10:26:38,李敏,L0545
IN202606140095,SKU0394,25,2026-06-14 10:33:00,2026-06-14 10:50:46,姚佳,L0545
IN202606200086,SKU0394,25,2026-06-20 08:36:00,2026-06-20 08:37:54,宋超,L0545
IN202606260090,SKU0394,25,2026-06-26 10:30:00,2026-06-26 13:32:55,卓雪,L0545
IN202607020088,SKU0394,25,2026-07-02 09:14:00,2026-07-02 09:07:22,宋超,L0545
IN202607080090,SKU0394,25,2026-07-08 11:26:00,2026-07-08 14:47:35,李帆,L0545
IN202607140095,SKU0394,25,2026-07-14 11:35:00,2026-07-14 15:34:28,廖晨,L0545
IN202607200093,SKU0394,25,2026-07-20 11:22:00,2026-07-20 11:45:30,王丹,L0545
IN202607260092,SKU0394,25,2026-07-26 09:21:00,2026-07-26 09:40:24,廖晨,L0545
IN202608010085,SKU0394,25,2026-08-01 10:24:00,2026-08-01 10:37:53,卓雪,L0545
IN202608070091,SKU0394,25,2026-08-07 08:11:00,2026-08-07 09:23:09,徐萍,L0545
IN202608130094,SKU0394,25,2026-08-13 11:22:00,2026-08-13 11:29:07,宋超,L0545
IN202608190087,SKU0394,25,2026-08-19 08:21:00,2026-08-19 08:11:21,卓雪,L0545
IN202608250092,SKU0394,25,2026-08-25 11:14:00,2026-08-25 14:31:38,王丹,L0545
IN202606020090,SKU0395,14,2026-06-02 11:06:00,2026-06-02 12:50:57,李敏,L0117
IN202606060084,SKU0395,14,2026-06-06 10:30:00,2026-06-06 10:28:33,徐萍,L0117
IN202606100083,SKU0395,14,2026-06-10 10:38:00,2026-06-10 13:56:00,杨建军,L0117
IN202606140096,SKU0395,14,2026-06-14 08:11:00,2026-06-14 11:27:26,姚佳,L0117
IN202606180088,SKU0395,14,2026-06-18 11:31:00,2026-06-18 11:37:08,李敏,L0117
IN202606220088,SKU0395,14,2026-06-22 09:11:00,2026-06-22 09:30:40,李帆,L0117
IN202606260091,SKU0395,14,2026-06-26 11:32:00,2026-06-26 11:54:39,廖晨,L0117
IN202606300086,SKU0395,14,2026-06-30 11:38:00,2026-06-30 11:40:34,王丹,L0117
IN202607040087,SKU0395,14,2026-07-04 09:28:00,2026-07-04 09:33:20,王丹,L0117
IN202607080091,SKU0395,14,2026-07-08 08:35:00,2026-07-08 08:37:11,廖晨,L0117
IN202607120085,SKU0395,14,2026-07-12 10:41:00,2026-07-12 10:56:03,刘旭,L0117
IN202607160087,SKU0395,14,2026-07-16 10:40:00,2026-07-16 10:47:34,李帆,L0117
IN202607200094,SKU0395,14,2026-07-20 09:51:00,2026-07-20 13:29:22,徐萍,L0117
IN202607240089,SKU0395,14,2026-07-24 11:54:00,2026-07-24 14:58:35,刘旭,L0117
IN202607280089,SKU0395,14,2026-07-28 09:09:00,2026-07-28 09:27:50,郑婷婷,L0117
IN202608010086,SKU0395,14,2026-08-01 08:05:00,2026-08-01 08:00:14,王丹,L0117
IN202608050085,SKU0395,14,2026-08-05 08:03:00,2026-08-05 08:15:09,郑婷婷,L0117
IN202608090086,SKU0395,14,2026-08-09 09:57:00,2026-08-09 13:17:03,王丹,L0117
IN202608130095,SKU0395,14,2026-08-13 08:06:00,2026-08-13 08:04:19,王丹,L0117
IN202608170092,SKU0395,14,2026-08-17 08:18:00,2026-08-17 08:24:43,姚佳,L0117
IN202608210083,SKU0395,14,2026-08-21 11:15:00,2026-08-21 11:34:56,李帆,L0117
IN202608250093,SKU0395,14,2026-08-25 08:51:00,2026-08-25 09:14:43,姚佳,L0117
IN202608290082,SKU0395,14,2026-08-29 09:44:00,2026-08-29 10:03:29,王丹,L0117
IN202606010086,SKU0396,13,2026-06-01 09:27:00,2026-06-01 09:34:23,宋超,L0189
IN202606050074,SKU0396,13,2026-06-05 10:56:00,2026-06-05 11:14:11,李帆,L0189
IN202606090090,SKU0396,13,2026-06-09 09:45:00,2026-06-09 10:44:45,刘旭,L0189
IN202606130080,SKU0396,13,2026-06-13 09:19:00,2026-06-13 09:22:18,廖晨,L0189
IN202606170072,SKU0396,13,2026-06-17 10:40:00,2026-06-17 10:46:50,李敏,L0189
IN202606210087,SKU0396,13,2026-06-21 09:09:00,2026-06-21 09:05:29,毛燕,L0189
IN202606250080,SKU0396,13,2026-06-25 08:40:00,2026-06-25 09:01:18,郑婷婷,L0189
IN202606290084,SKU0396,13,2026-06-29 09:01:00,2026-06-29 09:22:26,卓雪,L0189
IN202607030086,SKU0396,13,2026-07-03 10:55:00,2026-07-03 11:08:16,廖晨,L0189
IN202607070080,SKU0396,13,2026-07-07 10:58:00,2026-07-07 11:20:50,刘旭,L0189
IN202607110074,SKU0396,13,2026-07-11 08:17:00,2026-07-11 08:10:18,卓雪,L0189
IN202607150082,SKU0396,13,2026-07-15 10:05:00,2026-07-15 12:48:35,徐萍,L0189
IN202607190086,SKU0396,13,2026-07-19 10:12:00,2026-07-19 10:10:45,徐萍,L0189
IN202607230078,SKU0396,13,2026-07-23 09:16:00,2026-07-23 09:25:49,杨建军,L0189
IN202607270087,SKU0396,13,2026-07-27 09:24:00,2026-07-27 09:46:17,姚佳,L0189
IN202607310081,SKU0396,13,2026-07-31 10:52:00,2026-07-31 10:56:30,郑婷婷,L0189
IN202608040076,SKU0396,13,2026-08-04 09:45:00,2026-08-04 09:53:18,毛燕,L0189
IN202608080086,SKU0396,13,2026-08-08 08:44:00,2026-08-08 09:08:42,杨建军,L0189
IN202608120081,SKU0396,13,2026-08-12 10:27:00,2026-08-12 10:45:31,姚佳,L0189
IN202608160075,SKU0396,13,2026-08-16 11:48:00,2026-08-16 12:09:29,卓雪,L0189
IN202608200086,SKU0396,13,2026-08-20 08:37:00,2026-08-20 11:27:09,宋超,L0189
IN202608240084,SKU0396,13,2026-08-24 11:44:00,2026-08-24 12:03:49,李帆,L0189
IN202608280079,SKU0396,13,2026-08-28 10:04:00,2026-08-28 10:16:24,李帆,L0189
IN202606010087,SKU0397,14,2026-06-01 11:10:00,2026-06-01 11:05:57,卓雪,L0656
IN202606040090,SKU0397,14,2026-06-04 10:23:00,2026-06-04 10:42:18,杨建军,L0656
IN202606070084,SKU0397,14,2026-06-07 09:00:00,2026-06-07 08:56:22,刘旭,L0656
IN202606100084,SKU0397,14,2026-06-10 09:58:00,2026-06-10 10:19:32,郑婷婷,L0656
IN202606130081,SKU0397,14,2026-06-13 08:04:00,2026-06-13 08:24:42,毛燕,L0656
IN202606160088,SKU0397,14,2026-06-16 09:04:00,2026-06-16 11:21:17,姚佳,L0656
IN202606190088,SKU0397,14,2026-06-19 11:36:00,2026-06-19 11:43:40,郑婷婷,L0656
IN202606220089,SKU0397,14,2026-06-22 09:49:00,2026-06-22 10:13:50,姚佳,L0656
IN202606250081,SKU0397,14,2026-06-25 09:28:00,2026-06-25 09:27:53,李敏,L0656
IN202606280089,SKU0397,14,2026-06-28 08:39:00,2026-06-28 10:07:19,杨建军,L0656
IN202607010084,SKU0397,14,2026-07-01 10:09:00,2026-07-01 10:17:31,郑婷婷,L0656
IN202607040088,SKU0397,14,2026-07-04 11:49:00,2026-07-04 12:01:29,李帆,L0656
IN202607070081,SKU0397,14,2026-07-07 08:01:00,2026-07-07 08:00:22,杨建军,L0656
IN202607100084,SKU0397,14,2026-07-10 11:48:00,2026-07-10 11:43:37,廖晨,L0656
IN202607130091,SKU0397,14,2026-07-13 11:18:00,2026-07-13 11:35:18,李敏,L0656
IN202607160088,SKU0397,14,2026-07-16 10:12:00,2026-07-16 10:24:10,刘旭,L0656
IN202607190087,SKU0397,14,2026-07-19 10:40:00,2026-07-19 10:38:24,宋超,L0656
IN202607220082,SKU0397,14,2026-07-22 08:51:00,2026-07-22 12:15:55,姚佳,L0656
IN202607250081,SKU0397,14,2026-07-25 09:51:00,2026-07-25 09:52:09,郑婷婷,L0656
IN202607280090,SKU0397,14,2026-07-28 08:46:00,2026-07-28 08:43:51,王丹,L0656
IN202607310082,SKU0397,14,2026-07-31 11:58:00,2026-07-31 12:17:42,刘旭,L0656
IN202608030094,SKU0397,14,2026-08-03 10:52:00,2026-08-03 11:14:05,毛燕,L0656
IN202608060083,SKU0397,14,2026-08-06 09:42:00,2026-08-06 12:19:16,杨建军,L0656
IN202608090087,SKU0397,14,2026-08-09 10:37:00,2026-08-09 10:50:37,刘旭,L0656
IN202608120082,SKU0397,14,2026-08-12 08:50:00,2026-08-12 10:38:03,李敏,L0656
IN202608150084,SKU0397,14,2026-08-15 10:16:00,2026-08-15 10:29:02,刘旭,L0656
IN202608180090,SKU0397,14,2026-08-18 10:28:00,2026-08-18 10:24:02,刘旭,L0656
IN202608210084,SKU0397,14,2026-08-21 09:40:00,2026-08-21 09:53:04,杨建军,L0656
IN202608240085,SKU0397,14,2026-08-24 09:30:00,2026-08-24 11:44:07,廖晨,L0656
IN202608270088,SKU0397,14,2026-08-27 10:56:00,2026-08-27 14:25:49,李敏,L0656
IN202606040091,SKU0398,59,2026-06-04 08:03:00,2026-06-04 11:51:48,刘旭,L0595
IN202606110081,SKU0398,59,2026-06-11 11:04:00,2026-06-11 11:05:12,廖晨,L0595
IN202606180089,SKU0398,59,2026-06-18 10:11:00,2026-06-18 10:30:27,毛燕,L0595
IN202606250082,SKU0398,59,2026-06-25 11:48:00,2026-06-25 12:08:35,徐萍,L0595
IN202607020089,SKU0398,59,2026-07-02 08:20:00,2026-07-02 08:16:16,卓雪,L0595
IN202607090093,SKU0398,59,2026-07-09 08:56:00,2026-07-09 08:48:12,毛燕,L0595
IN202607160089,SKU0398,59,2026-07-16 08:48:00,2026-07-16 09:05:21,李帆,L0595
IN202607230079,SKU0398,59,2026-07-23 11:16:00,2026-07-23 11:40:43,李敏,L0595
IN202607300085,SKU0398,59,2026-07-30 10:42:00,2026-07-30 10:53:03,廖晨,L0595
IN202608060084,SKU0398,59,2026-08-06 10:03:00,2026-08-06 09:53:43,刘旭,L0595
IN202608130096,SKU0398,59,2026-08-13 08:30:00,2026-08-13 08:49:38,李敏,L0595
IN202608200087,SKU0398,59,2026-08-20 11:29:00,2026-08-20 11:35:17,李敏,L0595
IN202608270089,SKU0398,59,2026-08-27 11:48:00,2026-08-27 11:58:58,李帆,L0595
IN202606040092,SKU0399,14,2026-06-04 08:22:00,2026-06-04 08:31:35,李敏,L0013
IN202606110082,SKU0399,14,2026-06-11 11:51:00,2026-06-11 12:01:48,郑婷婷,L0013
IN202606180090,SKU0399,14,2026-06-18 09:55:00,2026-06-18 12:02:58,徐萍,L0013
IN202606250083,SKU0399,14,2026-06-25 11:17:00,2026-06-25 11:40:36,刘旭,L0013
IN202607020090,SKU0399,14,2026-07-02 08:04:00,2026-07-02 08:01:00,姚佳,L0013
IN202607090094,SKU0399,14,2026-07-09 10:27:00,2026-07-09 10:47:40,王丹,L0013
IN202607160090,SKU0399,14,2026-07-16 09:27:00,2026-07-16 09:26:52,毛燕,L0013
IN202607230080,SKU0399,14,2026-07-23 10:12:00,2026-07-23 10:30:18,郑婷婷,L0013
IN202607300086,SKU0399,14,2026-07-30 10:48:00,2026-07-30 10:48:29,徐萍,L0013
IN202608060085,SKU0399,14,2026-08-06 10:29:00,2026-08-06 10:52:16,姚佳,L0013
IN202608130097,SKU0399,14,2026-08-13 10:43:00,2026-08-13 10:42:59,刘旭,L0013
IN202608200088,SKU0399,14,2026-08-20 08:37:00,2026-08-20 08:38:41,廖晨,L0013
IN202608270090,SKU0399,14,2026-08-27 09:07:00,2026-08-27 12:19:16,卓雪,L0013
IN202606020091,SKU0400,14,2026-06-02 09:00:00,2026-06-02 09:01:58,卓雪,L0210
IN202606090091,SKU0400,14,2026-06-09 11:14:00,2026-06-09 11:09:06,徐萍,L0210
IN202606160089,SKU0400,14,2026-06-16 08:44:00,2026-06-16 08:42:44,王丹,L0210
IN202606230083,SKU0400,14,2026-06-23 08:00:00,2026-06-23 08:15:50,宋超,L0210
IN202606300087,SKU0400,14,2026-06-30 09:23:00,2026-06-30 12:39:02,宋超,L0210
IN202607070082,SKU0400,14,2026-07-07 09:50:00,2026-07-07 09:48:32,刘旭,L0210
IN202607140096,SKU0400,14,2026-07-14 09:31:00,2026-07-14 09:44:33,徐萍,L0210
IN202607210091,SKU0400,14,2026-07-21 09:44:00,2026-07-21 09:51:00,徐萍,L0210
IN202607280091,SKU0400,14,2026-07-28 09:23:00,2026-07-28 09:24:03,徐萍,L0210
IN202608040077,SKU0400,14,2026-08-04 09:31:00,2026-08-04 09:43:05,徐萍,L0210
IN202608110085,SKU0400,14,2026-08-11 11:59:00,2026-08-11 12:14:42,廖晨,L0210
IN202608180091,SKU0400,14,2026-08-18 11:02:00,2026-08-18 11:22:19,刘旭,L0210
IN202608250094,SKU0400,14,2026-08-25 11:53:00,2026-08-25 12:15:30,王丹,L0210
IN202606010088,SKU0401,13,2026-06-01 09:53:00,2026-06-01 10:11:00,卓雪,L0285
IN202606070085,SKU0401,13,2026-06-07 08:05:00,2026-06-07 07:57:35,刘旭,L0285
IN202606130082,SKU0401,13,2026-06-13 10:54:00,2026-06-13 11:15:06,李敏,L0285
IN202606190089,SKU0401,13,2026-06-19 10:51:00,2026-06-19 11:14:04,李敏,L0285
IN202606250084,SKU0401,13,2026-06-25 10:36:00,2026-06-25 10:52:43,廖晨,L0285
IN202607010085,SKU0401,13,2026-07-01 11:04:00,2026-07-01 11:12:28,毛燕,L0285
IN202607070083,SKU0401,13,2026-07-07 10:48:00,2026-07-07 10:44:29,杨建军,L0285
IN202607130092,SKU0401,13,2026-07-13 08:59:00,2026-07-13 08:56:08,郑婷婷,L0285
IN202607190088,SKU0401,13,2026-07-19 08:35:00,2026-07-19 12:02:51,徐萍,L0285
IN202607250082,SKU0401,13,2026-07-25 10:10:00,2026-07-25 10:00:24,李敏,L0285
IN202607310083,SKU0401,13,2026-07-31 08:04:00,2026-07-31 08:45:33,李敏,L0285
IN202608060086,SKU0401,13,2026-08-06 10:05:00,2026-08-06 13:23:40,李敏,L0285
IN202608120083,SKU0401,13,2026-08-12 08:58:00,2026-08-12 09:05:50,廖晨,L0285
IN202608180092,SKU0401,13,2026-08-18 09:24:00,2026-08-18 09:37:32,姚佳,L0285
IN202608240086,SKU0401,13,2026-08-24 11:43:00,2026-08-24 11:47:20,廖晨,L0285
IN202606060085,SKU0402,14,2026-06-06 10:32:00,2026-06-06 10:49:43,廖晨,L0522
IN202606120083,SKU0402,14,2026-06-12 10:32:00,2026-06-12 10:26:28,廖晨,L0522
IN202606180091,SKU0402,14,2026-06-18 09:37:00,2026-06-18 09:50:43,卓雪,L0522
IN202606240088,SKU0402,14,2026-06-24 11:44:00,2026-06-24 13:54:51,卓雪,L0522
IN202606300088,SKU0402,14,2026-06-30 09:35:00,2026-06-30 09:29:11,姚佳,L0522
IN202607060091,SKU0402,14,2026-07-06 10:37:00,2026-07-06 10:49:45,徐萍,L0522
IN202607120086,SKU0402,14,2026-07-12 09:03:00,2026-07-12 09:24:45,郑婷婷,L0522
IN202607180085,SKU0402,14,2026-07-18 09:05:00,2026-07-18 09:00:08,王丹,L0522
IN202607240090,SKU0402,14,2026-07-24 09:35:00,2026-07-24 09:47:50,宋超,L0522
IN202607300087,SKU0402,14,2026-07-30 10:30:00,2026-07-30 10:33:44,杨建军,L0522
IN202608050086,SKU0402,14,2026-08-05 09:57:00,2026-08-05 09:51:29,毛燕,L0522
IN202608110086,SKU0402,14,2026-08-11 11:47:00,2026-08-11 11:39:20,姚佳,L0522
IN202608170093,SKU0402,14,2026-08-17 10:18:00,2026-08-17 10:18:58,姚佳,L0522
IN202608230091,SKU0402,14,2026-08-23 09:01:00,2026-08-23 12:30:42,杨建军,L0522
IN202608290083,SKU0402,14,2026-08-29 11:55:00,2026-08-29 12:54:52,李敏,L0522
IN202606010089,SKU0403,12,2026-06-01 10:31:00,2026-06-01 10:35:30,刘旭,L0128
IN202606060086,SKU0403,12,2026-06-06 11:01:00,2026-06-06 12:37:45,宋超,L0128
IN202606110083,SKU0403,12,2026-06-11 08:21:00,2026-06-11 08:32:44,李帆,L0128
IN202606160090,SKU0403,12,2026-06-16 08:59:00,2026-06-16 09:18:18,徐萍,L0128
IN202606210088,SKU0403,12,2026-06-21 09:44:00,2026-06-21 12:44:12,李敏,L0128
IN202606260092,SKU0403,12,2026-06-26 09:25:00,2026-06-26 09:18:05,李敏,L0128
IN202607010086,SKU0403,12,2026-07-01 11:15:00,2026-07-01 11:30:42,李帆,L0128
IN202607060092,SKU0403,12,2026-07-06 08:57:00,2026-07-06 09:00:30,郑婷婷,L0128
IN202607110075,SKU0403,12,2026-07-11 09:58:00,2026-07-11 10:04:45,宋超,L0128
IN202607160091,SKU0403,12,2026-07-16 11:53:00,2026-07-16 11:58:29,徐萍,L0128
IN202607210092,SKU0403,12,2026-07-21 10:20:00,2026-07-21 10:17:46,郑婷婷,L0128
IN202607260093,SKU0403,12,2026-07-26 10:05:00,2026-07-26 10:07:32,廖晨,L0128
IN202607310084,SKU0403,12,2026-07-31 08:52:00,2026-07-31 08:50:33,李敏,L0128
IN202608050087,SKU0403,12,2026-08-05 11:03:00,2026-08-05 11:03:02,宋超,L0128
IN202608100085,SKU0403,12,2026-08-10 10:34:00,2026-08-10 13:59:00,姚佳,L0128
IN202608150085,SKU0403,12,2026-08-15 11:00:00,2026-08-15 10:58:10,王丹,L0128
IN202608200089,SKU0403,12,2026-08-20 08:29:00,2026-08-20 08:47:36,李帆,L0128
IN202608250095,SKU0403,12,2026-08-25 11:12:00,2026-08-25 11:02:16,宋超,L0128
IN202606030089,SKU0404,50,2026-06-03 10:53:00,2026-06-03 10:45:12,毛燕,L0712
IN202606070086,SKU0404,50,2026-06-07 11:45:00,2026-06-07 11:46:37,李敏,L0712
IN202606110084,SKU0404,50,2026-06-11 09:37:00,2026-06-11 09:46:19,毛燕,L0712
IN202606150092,SKU0404,50,2026-06-15 11:27:00,2026-06-15 12:22:02,刘旭,L0712
IN202606190090,SKU0404,50,2026-06-19 11:22:00,2026-06-19 11:25:59,杨建军,L0712
IN202606230084,SKU0404,50,2026-06-23 10:56:00,2026-06-23 10:57:09,郑婷婷,L0712
IN202606270084,SKU0404,50,2026-06-27 09:00:00,2026-06-27 10:30:03,王丹,L0712
IN202607010087,SKU0404,50,2026-07-01 09:09:00,2026-07-01 09:06:07,杨建军,L0712
IN202607050080,SKU0404,50,2026-07-05 11:26:00,2026-07-05 11:41:21,李帆,L0712
IN202607090095,SKU0404,50,2026-07-09 09:16:00,2026-07-09 12:16:28,宋超,L0712
IN202607130093,SKU0404,50,2026-07-13 09:50:00,2026-07-13 10:05:27,杨建军,L0712
IN202607170077,SKU0404,50,2026-07-17 09:42:00,2026-07-17 13:16:35,徐萍,L0712
IN202607210093,SKU0404,50,2026-07-21 10:32:00,2026-07-21 10:39:42,姚佳,L0712
IN202607250083,SKU0404,50,2026-07-25 08:56:00,2026-07-25 09:10:05,郑婷婷,L0712
IN202607290082,SKU0404,50,2026-07-29 10:43:00,2026-07-29 10:35:02,廖晨,L0712
IN202608020092,SKU0404,50,2026-08-02 10:38:00,2026-08-02 11:58:10,毛燕,L0712
IN202608060087,SKU0404,50,2026-08-06 09:21:00,2026-08-06 09:13:47,刘旭,L0712
IN202608100086,SKU0404,50,2026-08-10 09:25:00,2026-08-10 09:45:12,宋超,L0712
IN202608140087,SKU0404,50,2026-08-14 11:51:00,2026-08-14 12:07:04,卓雪,L0712
IN202608180093,SKU0404,50,2026-08-18 09:41:00,2026-08-18 09:47:09,王丹,L0712
IN202608220079,SKU0404,50,2026-08-22 10:36:00,2026-08-22 10:47:57,李帆,L0712
IN202608260085,SKU0404,50,2026-08-26 10:55:00,2026-08-26 12:36:20,宋超,L0712
IN202606050075,SKU0405,13,2026-06-05 11:38:00,2026-06-05 11:31:05,王丹,L0563
IN202606100085,SKU0405,13,2026-06-10 10:39:00,2026-06-10 10:48:40,卓雪,L0563
IN202606150093,SKU0405,13,2026-06-15 08:39:00,2026-06-15 08:42:35,宋超,L0563
IN202606200087,SKU0405,13,2026-06-20 10:17:00,2026-06-20 10:26:20,毛燕,L0563
IN202606250085,SKU0405,13,2026-06-25 08:12:00,2026-06-25 08:21:19,徐萍,L0563
IN202606300089,SKU0405,13,2026-06-30 11:42:00,2026-06-30 11:51:59,王丹,L0563
IN202607050081,SKU0405,13,2026-07-05 11:00:00,2026-07-05 11:19:13,王丹,L0563
IN202607100085,SKU0405,13,2026-07-10 10:18:00,2026-07-10 13:40:03,王丹,L0563
IN202607150083,SKU0405,13,2026-07-15 08:23:00,2026-07-15 08:31:24,李帆,L0563
IN202607200095,SKU0405,13,2026-07-20 10:21:00,2026-07-20 10:19:44,宋超,L0563
IN202607250084,SKU0405,13,2026-07-25 08:50:00,2026-07-25 08:47:23,王丹,L0563
IN202607300088,SKU0405,13,2026-07-30 10:41:00,2026-07-30 10:59:27,廖晨,L0563
IN202608040078,SKU0405,13,2026-08-04 08:02:00,2026-08-04 08:10:27,王丹,L0563
IN202608090088,SKU0405,13,2026-08-09 08:15:00,2026-08-09 11:36:12,李敏,L0563
IN202608140088,SKU0405,13,2026-08-14 10:05:00,2026-08-14 10:19:34,毛燕,L0563
IN202608190088,SKU0405,13,2026-08-19 08:05:00,2026-08-19 08:03:57,宋超,L0563
IN202608240087,SKU0405,13,2026-08-24 09:14:00,2026-08-24 11:08:51,宋超,L0563
IN202608290084,SKU0405,13,2026-08-29 10:51:00,2026-08-29 11:04:22,卓雪,L0563
IN202606010090,SKU0406,16,2026-06-01 10:04:00,2026-06-01 10:00:31,郑婷婷,L0692
IN202606050076,SKU0406,16,2026-06-05 11:13:00,2026-06-05 12:08:08,王丹,L0692
IN202606090092,SKU0406,16,2026-06-09 10:37:00,2026-06-09 11:13:35,宋超,L0692
IN202606130083,SKU0406,16,2026-06-13 09:53:00,2026-06-13 09:48:29,徐萍,L0692
IN202606170073,SKU0406,16,2026-06-17 10:33:00,2026-06-17 11:55:06,杨建军,L0692
IN202606210089,SKU0406,16,2026-06-21 09:27:00,2026-06-21 09:43:54,姚佳,L0692
IN202606250086,SKU0406,16,2026-06-25 11:51:00,2026-06-25 11:54:18,郑婷婷,L0692
IN202606290085,SKU0406,16,2026-06-29 11:46:00,2026-06-29 11:55:10,毛燕,L0692
IN202607030087,SKU0406,16,2026-07-03 11:53:00,2026-07-03 13:39:09,杨建军,L0692
IN202607070084,SKU0406,16,2026-07-07 09:41:00,2026-07-07 09:33:56,郑婷婷,L0692
IN202607110076,SKU0406,16,2026-07-11 09:44:00,2026-07-11 12:39:23,刘旭,L0692
IN202607150084,SKU0406,16,2026-07-15 09:26:00,2026-07-15 09:42:12,廖晨,L0692
IN202607190089,SKU0406,16,2026-07-19 11:22:00,2026-07-19 13:56:07,徐萍,L0692
IN202607230081,SKU0406,16,2026-07-23 10:25:00,2026-07-23 10:16:44,杨建军,L0692
IN202607270088,SKU0406,16,2026-07-27 10:03:00,2026-07-27 10:00:27,廖晨,L0692
IN202607310085,SKU0406,16,2026-07-31 08:43:00,2026-07-31 08:36:58,李敏,L0692
IN202608040079,SKU0406,16,2026-08-04 10:52:00,2026-08-04 10:53:53,姚佳,L0692
IN202608080087,SKU0406,16,2026-08-08 11:28:00,2026-08-08 11:43:15,郑婷婷,L0692
IN202608120084,SKU0406,16,2026-08-12 09:58:00,2026-08-12 13:57:48,卓雪,L0692
IN202608160076,SKU0406,16,2026-08-16 08:03:00,2026-08-16 08:05:50,姚佳,L0692
IN202608200090,SKU0406,16,2026-08-20 10:56:00,2026-08-20 10:48:36,李帆,L0692
IN202608240088,SKU0406,16,2026-08-24 08:56:00,2026-08-24 12:51:41,郑婷婷,L0692
IN202608280080,SKU0406,16,2026-08-28 11:52:00,2026-08-28 15:23:45,刘旭,L0692
IN202606050077,SKU0407,304,2026-06-05 11:19:00,2026-06-05 11:35:54,廖晨,L0758
IN202606120084,SKU0407,304,2026-06-12 09:02:00,2026-06-12 09:14:31,卓雪,L0758
IN202606190091,SKU0407,304,2026-06-19 08:48:00,2026-06-19 08:56:39,郑婷婷,L0758
IN202606260093,SKU0407,304,2026-06-26 11:11:00,2026-06-26 11:25:05,毛燕,L0758
IN202607030088,SKU0407,304,2026-07-03 08:00:00,2026-07-03 08:19:23,刘旭,L0758
IN202607100086,SKU0407,304,2026-07-10 09:24:00,2026-07-10 10:03:44,刘旭,L0758
IN202607170078,SKU0407,304,2026-07-17 08:35:00,2026-07-17 10:50:23,杨建军,L0758
IN202607240091,SKU0407,304,2026-07-24 08:20:00,2026-07-24 08:33:23,毛燕,L0758
IN202607310086,SKU0407,304,2026-07-31 08:40:00,2026-07-31 08:36:47,廖晨,L0758
IN202608070092,SKU0407,304,2026-08-07 10:54:00,2026-08-07 10:45:54,李帆,L0758
IN202608140089,SKU0407,304,2026-08-14 08:40:00,2026-08-14 08:33:09,廖晨,L0758
IN202608210085,SKU0407,304,2026-08-21 10:27:00,2026-08-21 10:21:23,廖晨,L0758
IN202608280081,SKU0407,304,2026-08-28 09:50:00,2026-08-28 10:09:14,李帆,L0758
IN202606010091,SKU0408,15,2026-06-01 08:29:00,2026-06-01 08:40:41,郑婷婷,L0190
IN202606060087,SKU0408,15,2026-06-06 10:52:00,2026-06-06 11:12:38,卓雪,L0190
IN202606110085,SKU0408,15,2026-06-11 09:13:00,2026-06-11 09:35:25,毛燕,L0190
IN202606160091,SKU0408,15,2026-06-16 10:51:00,2026-06-16 10:58:23,郑婷婷,L0190
IN202606210090,SKU0408,15,2026-06-21 08:29:00,2026-06-21 08:36:23,姚佳,L0190
IN202606260094,SKU0408,15,2026-06-26 08:00:00,2026-06-26 07:55:22,宋超,L0190
IN202607010088,SKU0408,15,2026-07-01 11:47:00,2026-07-01 12:08:12,王丹,L0190
IN202607060093,SKU0408,15,2026-07-06 11:57:00,2026-07-06 12:19:37,王丹,L0190
IN202607110077,SKU0408,15,2026-07-11 09:01:00,2026-07-11 09:07:46,宋超,L0190
IN202607160092,SKU0408,15,2026-07-16 10:52:00,2026-07-16 10:52:41,王丹,L0190
IN202607210094,SKU0408,15,2026-07-21 10:59:00,2026-07-21 11:01:34,李敏,L0190
IN202607260094,SKU0408,15,2026-07-26 10:28:00,2026-07-26 10:34:37,姚佳,L0190
IN202607310087,SKU0408,15,2026-07-31 09:49:00,2026-07-31 09:55:58,卓雪,L0190
IN202608050088,SKU0408,15,2026-08-05 11:50:00,2026-08-05 12:11:10,宋超,L0190
IN202608100087,SKU0408,15,2026-08-10 10:25:00,2026-08-10 10:34:18,李帆,L0190
IN202608150086,SKU0408,15,2026-08-15 08:48:00,2026-08-15 08:39:11,郑婷婷,L0190
IN202608200091,SKU0408,15,2026-08-20 08:29:00,2026-08-20 08:23:49,卓雪,L0190
IN202608250096,SKU0408,15,2026-08-25 08:15:00,2026-08-25 08:35:33,卓雪,L0190
IN202606040093,SKU0409,27,2026-06-04 08:02:00,2026-06-04 07:57:08,姚佳,L0705
IN202606080097,SKU0409,27,2026-06-08 09:15:00,2026-06-08 09:57:14,毛燕,L0705
IN202606120085,SKU0409,27,2026-06-12 10:37:00,2026-06-12 10:58:32,卓雪,L0705
IN202606160092,SKU0409,27,2026-06-16 10:45:00,2026-06-16 10:49:16,王丹,L0705
IN202606200088,SKU0409,27,2026-06-20 11:19:00,2026-06-20 11:13:44,李敏,L0705
IN202606240089,SKU0409,27,2026-06-24 08:48:00,2026-06-24 08:52:06,郑婷婷,L0705
IN202606280090,SKU0409,27,2026-06-28 11:51:00,2026-06-28 11:52:29,杨建军,L0705
IN202607020091,SKU0409,27,2026-07-02 08:05:00,2026-07-02 08:18:37,郑婷婷,L0705
IN202607060094,SKU0409,27,2026-07-06 10:57:00,2026-07-06 14:34:27,姚佳,L0705
IN202607100087,SKU0409,27,2026-07-10 11:21:00,2026-07-10 11:43:42,刘旭,L0705
IN202607140097,SKU0409,27,2026-07-14 11:07:00,2026-07-14 11:04:01,卓雪,L0705
IN202607180086,SKU0409,27,2026-07-18 11:11:00,2026-07-18 11:34:51,李帆,L0705
IN202607220083,SKU0409,27,2026-07-22 09:25:00,2026-07-22 09:35:01,刘旭,L0705
IN202607260095,SKU0409,27,2026-07-26 09:43:00,2026-07-26 09:58:40,廖晨,L0705
IN202607300089,SKU0409,27,2026-07-30 09:16:00,2026-07-30 09:25:05,廖晨,L0705
IN202608030095,SKU0409,27,2026-08-03 11:11:00,2026-08-03 11:18:23,宋超,L0705
IN202608070093,SKU0409,27,2026-08-07 08:40:00,2026-08-07 08:51:02,王丹,L0705
IN202608110087,SKU0409,27,2026-08-11 11:10:00,2026-08-11 11:20:59,王丹,L0705
IN202608150087,SKU0409,27,2026-08-15 10:29:00,2026-08-15 10:40:20,卓雪,L0705
IN202608190089,SKU0409,27,2026-08-19 09:36:00,2026-08-19 09:57:53,姚佳,L0705
IN202608230092,SKU0409,27,2026-08-23 08:24:00,2026-08-23 08:47:21,廖晨,L0705
IN202608270091,SKU0409,27,2026-08-27 08:24:00,2026-08-27 08:48:34,廖晨,L0705
IN202606050078,SKU0410,13,2026-06-05 08:02:00,2026-06-05 09:56:33,李敏,L0181
IN202606100086,SKU0410,13,2026-06-10 11:07:00,2026-06-10 11:02:25,卓雪,L0181
IN202606150094,SKU0410,13,2026-06-15 10:00:00,2026-06-15 10:08:53,徐萍,L0181
IN202606200089,SKU0410,13,2026-06-20 11:42:00,2026-06-20 11:36:49,郑婷婷,L0181
IN202606250087,SKU0410,13,2026-06-25 08:07:00,2026-06-25 08:29:53,杨建军,L0181
IN202606300090,SKU0410,13,2026-06-30 08:22:00,2026-06-30 08:39:54,姚佳,L0181
IN202607050082,SKU0410,13,2026-07-05 09:54:00,2026-07-05 09:52:04,徐萍,L0181
IN202607100088,SKU0410,13,2026-07-10 10:06:00,2026-07-10 11:43:00,刘旭,L0181
IN202607150085,SKU0410,13,2026-07-15 10:51:00,2026-07-15 10:44:59,毛燕,L0181
IN202607200096,SKU0410,13,2026-07-20 11:24:00,2026-07-20 11:32:43,宋超,L0181
IN202607250085,SKU0410,13,2026-07-25 10:04:00,2026-07-25 10:05:54,宋超,L0181
IN202607300090,SKU0410,13,2026-07-30 10:01:00,2026-07-30 10:15:24,廖晨,L0181
IN202608040080,SKU0410,13,2026-08-04 11:30:00,2026-08-04 12:10:27,廖晨,L0181
IN202608090089,SKU0410,13,2026-08-09 08:45:00,2026-08-09 11:07:48,郑婷婷,L0181
IN202608140090,SKU0410,13,2026-08-14 08:03:00,2026-08-14 08:10:49,宋超,L0181
IN202608190090,SKU0410,13,2026-08-19 10:51:00,2026-08-19 11:14:41,廖晨,L0181
IN202608240089,SKU0410,13,2026-08-24 10:03:00,2026-08-24 10:21:14,宋超,L0181
IN202608290085,SKU0410,13,2026-08-29 08:45:00,2026-08-29 09:00:04,李帆,L0181
IN202606040094,SKU0411,11,2026-06-04 09:26:00,2026-06-04 13:08:36,廖晨,L0122
IN202606090093,SKU0411,11,2026-06-09 11:10:00,2026-06-09 12:10:01,徐萍,L0122
IN202606140097,SKU0411,11,2026-06-14 11:03:00,2026-06-14 11:15:53,李敏,L0122
IN202606190092,SKU0411,11,2026-06-19 08:01:00,2026-06-19 07:56:47,宋超,L0122
IN202606240090,SKU0411,11,2026-06-24 11:47:00,2026-06-24 11:54:53,李敏,L0122
IN202606290086,SKU0411,11,2026-06-29 11:27:00,2026-06-29 12:17:38,王丹,L0122
IN202607040089,SKU0411,11,2026-07-04 09:03:00,2026-07-04 09:11:38,刘旭,L0122
IN202607090096,SKU0411,11,2026-07-09 09:42:00,2026-07-09 09:43:06,刘旭,L0122
IN202607140098,SKU0411,11,2026-07-14 09:35:00,2026-07-14 09:41:35,刘旭,L0122
IN202607190090,SKU0411,11,2026-07-19 11:54:00,2026-07-19 12:11:41,李帆,L0122
IN202607240092,SKU0411,11,2026-07-24 10:19:00,2026-07-24 10:29:38,李帆,L0122
IN202607290083,SKU0411,11,2026-07-29 09:29:00,2026-07-29 09:47:27,郑婷婷,L0122
IN202608030096,SKU0411,11,2026-08-03 11:09:00,2026-08-03 11:12:57,郑婷婷,L0122
IN202608080088,SKU0411,11,2026-08-08 09:21:00,2026-08-08 11:33:26,李帆,L0122
IN202608130098,SKU0411,11,2026-08-13 09:15:00,2026-08-13 09:23:47,杨建军,L0122
IN202608180094,SKU0411,11,2026-08-18 09:06:00,2026-08-18 10:25:12,李帆,L0122
IN202608230093,SKU0411,11,2026-08-23 09:06:00,2026-08-23 11:08:06,李帆,L0122
IN202608280082,SKU0411,11,2026-08-28 10:43:00,2026-08-28 10:47:29,郑婷婷,L0122
IN202606020092,SKU0412,16,2026-06-02 11:33:00,2026-06-02 11:47:10,卓雪,L0725
IN202606070087,SKU0412,16,2026-06-07 08:23:00,2026-06-07 08:44:06,刘旭,L0725
IN202606120086,SKU0412,16,2026-06-12 09:14:00,2026-06-12 09:35:34,刘旭,L0725
IN202606170074,SKU0412,16,2026-06-17 08:14:00,2026-06-17 08:11:42,郑婷婷,L0725
IN202606220090,SKU0412,16,2026-06-22 11:33:00,2026-06-22 11:55:20,毛燕,L0725
IN202606270085,SKU0412,16,2026-06-27 11:50:00,2026-06-27 11:57:57,卓雪,L0725
IN202607020092,SKU0412,16,2026-07-02 08:25:00,2026-07-02 08:37:49,徐萍,L0725
IN202607070085,SKU0412,16,2026-07-07 08:30:00,2026-07-07 08:27:56,刘旭,L0725
IN202607120087,SKU0412,16,2026-07-12 08:56:00,2026-07-12 10:05:02,刘旭,L0725
IN202607170079,SKU0412,16,2026-07-17 10:21:00,2026-07-17 10:39:02,姚佳,L0725
IN202607220084,SKU0412,16,2026-07-22 10:51:00,2026-07-22 10:45:45,郑婷婷,L0725
IN202607270089,SKU0412,16,2026-07-27 08:13:00,2026-07-27 08:27:31,徐萍,L0725
IN202608010087,SKU0412,16,2026-08-01 10:43:00,2026-08-01 10:34:59,宋超,L0725
IN202608060088,SKU0412,16,2026-08-06 08:54:00,2026-08-06 08:57:40,卓雪,L0725
IN202608110088,SKU0412,16,2026-08-11 08:32:00,2026-08-11 09:56:02,廖晨,L0725
IN202608160077,SKU0412,16,2026-08-16 09:53:00,2026-08-16 10:09:43,毛燕,L0725
IN202608210086,SKU0412,16,2026-08-21 08:17:00,2026-08-21 08:36:49,刘旭,L0725
IN202608260086,SKU0412,16,2026-08-26 10:03:00,2026-08-26 10:05:56,廖晨,L0725
IN202606010092,SKU0413,13,2026-06-01 10:30:00,2026-06-01 10:28:22,杨建军,L0106
IN202606060088,SKU0413,13,2026-06-06 09:42:00,2026-06-06 09:41:31,李帆,L0106
IN202606110086,SKU0413,13,2026-06-11 11:46:00,2026-06-11 11:53:07,卓雪,L0106
IN202606160093,SKU0413,13,2026-06-16 08:29:00,2026-06-16 08:50:54,李帆,L0106
IN202606210091,SKU0413,13,2026-06-21 08:48:00,2026-06-21 08:50:57,姚佳,L0106
IN202606260095,SKU0413,13,2026-06-26 10:28:00,2026-06-26 10:26:41,李敏,L0106
IN202607010089,SKU0413,13,2026-07-01 09:56:00,2026-07-01 09:55:15,杨建军,L0106
IN202607060095,SKU0413,13,2026-07-06 11:30:00,2026-07-06 11:24:42,卓雪,L0106
IN202607110078,SKU0413,13,2026-07-11 11:01:00,2026-07-11 10:52:23,宋超,L0106
IN202607160093,SKU0413,13,2026-07-16 09:38:00,2026-07-16 09:49:31,姚佳,L0106
IN202607210095,SKU0413,13,2026-07-21 11:19:00,2026-07-21 11:12:55,杨建军,L0106
IN202607260096,SKU0413,13,2026-07-26 08:44:00,2026-07-26 08:53:08,廖晨,L0106
IN202607310088,SKU0413,13,2026-07-31 11:08:00,2026-07-31 11:10:51,宋超,L0106
IN202608050089,SKU0413,13,2026-08-05 08:04:00,2026-08-05 08:19:06,王丹,L0106
IN202608100088,SKU0413,13,2026-08-10 09:03:00,2026-08-10 09:16:27,李敏,L0106
IN202608150088,SKU0413,13,2026-08-15 09:10:00,2026-08-15 09:13:10,毛燕,L0106
IN202608200092,SKU0413,13,2026-08-20 09:50:00,2026-08-20 09:56:27,姚佳,L0106
IN202608250097,SKU0413,13,2026-08-25 10:52:00,2026-08-25 11:16:40,毛燕,L0106
IN202606030090,SKU0414,17,2026-06-03 09:19:00,2026-06-03 09:31:56,徐萍,L0766
IN202606080098,SKU0414,17,2026-06-08 09:27:00,2026-06-08 09:24:12,廖晨,L0766
IN202606130084,SKU0414,17,2026-06-13 09:00:00,2026-06-13 08:52:23,卓雪,L0766
IN202606180092,SKU0414,17,2026-06-18 08:52:00,2026-06-18 09:07:44,徐萍,L0766
IN202606230085,SKU0414,17,2026-06-23 10:09:00,2026-06-23 10:30:07,卓雪,L0766
IN202606280091,SKU0414,17,2026-06-28 11:32:00,2026-06-28 11:45:01,李帆,L0766
IN202607030089,SKU0414,17,2026-07-03 10:53:00,2026-07-03 11:00:37,李帆,L0766
IN202607080092,SKU0414,17,2026-07-08 08:36:00,2026-07-08 08:48:52,毛燕,L0766
IN202607130094,SKU0414,17,2026-07-13 08:32:00,2026-07-13 08:47:20,姚佳,L0766
IN202607180087,SKU0414,17,2026-07-18 11:28:00,2026-07-18 11:25:04,卓雪,L0766
IN202607230082,SKU0414,17,2026-07-23 11:55:00,2026-07-23 12:06:28,姚佳,L0766
IN202607280092,SKU0414,17,2026-07-28 11:19:00,2026-07-28 12:46:22,毛燕,L0766
IN202608020093,SKU0414,17,2026-08-02 10:01:00,2026-08-02 10:13:43,刘旭,L0766
IN202608070094,SKU0414,17,2026-08-07 09:50:00,2026-08-07 09:59:15,杨建军,L0766
IN202608120085,SKU0414,17,2026-08-12 10:31:00,2026-08-12 10:43:27,徐萍,L0766
IN202608170094,SKU0414,17,2026-08-17 11:12:00,2026-08-17 11:16:31,姚佳,L0766
IN202608220080,SKU0414,17,2026-08-22 11:37:00,2026-08-22 11:56:40,廖晨,L0766
IN202608270092,SKU0414,17,2026-08-27 10:28:00,2026-08-27 12:40:37,卓雪,L0766
IN202606040095,SKU0415,15,2026-06-04 08:56:00,2026-06-04 09:07:57,刘旭,L0652
IN202606080099,SKU0415,15,2026-06-08 10:08:00,2026-06-08 10:11:37,郑婷婷,L0652
IN202606120087,SKU0415,15,2026-06-12 11:43:00,2026-06-12 11:43:05,毛燕,L0652
IN202606160094,SKU0415,15,2026-06-16 11:39:00,2026-06-16 11:33:20,郑婷婷,L0652
IN202606200090,SKU0415,15,2026-06-20 09:18:00,2026-06-20 09:26:20,郑婷婷,L0652
IN202606240091,SKU0415,15,2026-06-24 09:04:00,2026-06-24 09:10:00,郑婷婷,L0652
IN202606280092,SKU0415,15,2026-06-28 10:02:00,2026-06-28 10:13:41,杨建军,L0652
IN202607020093,SKU0415,15,2026-07-02 11:59:00,2026-07-02 14:22:19,李帆,L0652
IN202607060096,SKU0415,15,2026-07-06 08:52:00,2026-07-06 09:15:31,郑婷婷,L0652
IN202607100089,SKU0415,15,2026-07-10 09:24:00,2026-07-10 09:17:12,姚佳,L0652
IN202607140099,SKU0415,15,2026-07-14 08:06:00,2026-07-14 08:01:20,杨建军,L0652
IN202607180088,SKU0415,15,2026-07-18 10:41:00,2026-07-18 10:34:06,毛燕,L0652
IN202607220085,SKU0415,15,2026-07-22 11:19:00,2026-07-22 15:03:08,李帆,L0652
IN202607260097,SKU0415,15,2026-07-26 10:29:00,2026-07-26 10:42:29,宋超,L0652
IN202607300091,SKU0415,15,2026-07-30 08:06:00,2026-07-30 08:22:01,李敏,L0652
IN202608030097,SKU0415,15,2026-08-03 11:40:00,2026-08-03 11:39:13,廖晨,L0652
IN202608070095,SKU0415,15,2026-08-07 11:44:00,2026-08-07 12:05:53,刘旭,L0652
IN202608110089,SKU0415,15,2026-08-11 08:44:00,2026-08-11 10:04:57,卓雪,L0652
IN202608150089,SKU0415,15,2026-08-15 09:23:00,2026-08-15 09:32:04,徐萍,L0652
IN202608190091,SKU0415,15,2026-08-19 08:28:00,2026-08-19 08:31:36,郑婷婷,L0652
IN202608230094,SKU0415,15,2026-08-23 11:08:00,2026-08-23 11:18:10,卓雪,L0652
IN202608270093,SKU0415,15,2026-08-27 09:28:00,2026-08-27 09:32:05,李帆,L0652
IN202606030091,SKU0416,14,2026-06-03 08:59:00,2026-06-03 09:21:28,王丹,L0111
IN202606080100,SKU0416,14,2026-06-08 08:11:00,2026-06-08 08:28:43,姚佳,L0111
IN202606130085,SKU0416,14,2026-06-13 11:39:00,2026-06-13 11:51:00,王丹,L0111
IN202606180093,SKU0416,14,2026-06-18 11:09:00,2026-06-18 11:19:01,姚佳,L0111
IN202606230086,SKU0416,14,2026-06-23 10:14:00,2026-06-23 10:26:43,卓雪,L0111
IN202606280093,SKU0416,14,2026-06-28 11:21:00,2026-06-28 11:15:37,廖晨,L0111
IN202607030090,SKU0416,14,2026-07-03 08:09:00,2026-07-03 08:07:28,徐萍,L0111
IN202607080093,SKU0416,14,2026-07-08 11:43:00,2026-07-08 11:47:01,宋超,L0111
IN202607130095,SKU0416,14,2026-07-13 08:49:00,2026-07-13 09:41:54,卓雪,L0111
IN202607180089,SKU0416,14,2026-07-18 10:19:00,2026-07-18 10:16:47,宋超,L0111
IN202607230083,SKU0416,14,2026-07-23 08:09:00,2026-07-23 08:21:52,李帆,L0111
IN202607280093,SKU0416,14,2026-07-28 11:18:00,2026-07-28 11:30:08,廖晨,L0111
IN202608020094,SKU0416,14,2026-08-02 08:14:00,2026-08-02 08:36:18,徐萍,L0111
IN202608070096,SKU0416,14,2026-08-07 10:19:00,2026-08-07 10:17:42,毛燕,L0111
IN202608120086,SKU0416,14,2026-08-12 11:00:00,2026-08-12 11:22:46,刘旭,L0111
IN202608170095,SKU0416,14,2026-08-17 09:49:00,2026-08-17 09:43:33,毛燕,L0111
IN202608220081,SKU0416,14,2026-08-22 09:05:00,2026-08-22 09:29:11,刘旭,L0111
IN202608270094,SKU0416,14,2026-08-27 11:13:00,2026-08-27 11:21:11,宋超,L0111
IN202606010093,SKU0417,28,2026-06-01 08:24:00,2026-06-01 08:17:00,杨建军,L0550
IN202606060089,SKU0417,28,2026-06-06 11:40:00,2026-06-06 11:55:26,刘旭,L0550
IN202606110087,SKU0417,28,2026-06-11 09:14:00,2026-06-11 10:57:55,姚佳,L0550
IN202606160095,SKU0417,28,2026-06-16 10:41:00,2026-06-16 10:33:37,宋超,L0550
IN202606210092,SKU0417,28,2026-06-21 10:47:00,2026-06-21 10:40:49,王丹,L0550
IN202606260096,SKU0417,28,2026-06-26 11:10:00,2026-06-26 11:02:23,徐萍,L0550
IN202607010090,SKU0417,28,2026-07-01 10:55:00,2026-07-01 11:01:51,郑婷婷,L0550
IN202607060097,SKU0417,28,2026-07-06 09:07:00,2026-07-06 09:10:21,姚佳,L0550
IN202607110079,SKU0417,28,2026-07-11 09:57:00,2026-07-11 09:50:35,郑婷婷,L0550
IN202607160094,SKU0417,28,2026-07-16 09:09:00,2026-07-16 11:47:25,卓雪,L0550
IN202607210096,SKU0417,28,2026-07-21 10:41:00,2026-07-21 12:26:42,徐萍,L0550
IN202607260098,SKU0417,28,2026-07-26 08:43:00,2026-07-26 11:56:33,徐萍,L0550
IN202607310089,SKU0417,28,2026-07-31 08:41:00,2026-07-31 08:41:14,刘旭,L0550
IN202608050090,SKU0417,28,2026-08-05 11:40:00,2026-08-05 11:44:47,徐萍,L0550
IN202608100089,SKU0417,28,2026-08-10 09:59:00,2026-08-10 10:05:18,宋超,L0550
IN202608150090,SKU0417,28,2026-08-15 08:04:00,2026-08-15 09:07:54,李敏,L0550
IN202608200093,SKU0417,28,2026-08-20 10:19:00,2026-08-20 10:16:49,郑婷婷,L0550
IN202608250098,SKU0417,28,2026-08-25 11:05:00,2026-08-25 10:56:08,廖晨,L0550
IN202606030092,SKU0418,23,2026-06-03 11:40:00,2026-06-03 11:33:40,宋超,L0771
IN202606090094,SKU0418,23,2026-06-09 08:46:00,2026-06-09 09:07:54,王丹,L0771
IN202606150095,SKU0418,23,2026-06-15 11:00:00,2026-06-15 11:10:23,王丹,L0771
IN202606210093,SKU0418,23,2026-06-21 08:42:00,2026-06-21 08:55:28,杨建军,L0771
IN202606270086,SKU0418,23,2026-06-27 08:56:00,2026-06-27 09:04:35,王丹,L0771
IN202607030091,SKU0418,23,2026-07-03 11:18:00,2026-07-03 11:40:26,李帆,L0771
IN202607090097,SKU0418,23,2026-07-09 11:25:00,2026-07-09 11:36:56,宋超,L0771
IN202607150086,SKU0418,23,2026-07-15 11:52:00,2026-07-15 12:06:28,杨建军,L0771
IN202607210097,SKU0418,23,2026-07-21 09:05:00,2026-07-21 09:25:39,王丹,L0771
IN202607270090,SKU0418,23,2026-07-27 11:48:00,2026-07-27 12:07:57,毛燕,L0771
IN202608020095,SKU0418,23,2026-08-02 11:05:00,2026-08-02 13:18:07,李帆,L0771
IN202608080089,SKU0418,23,2026-08-08 09:56:00,2026-08-08 10:06:30,毛燕,L0771
IN202608140091,SKU0418,23,2026-08-14 11:49:00,2026-08-14 12:06:42,李帆,L0771
IN202608200094,SKU0418,23,2026-08-20 10:14:00,2026-08-20 10:20:39,李帆,L0771
IN202608260087,SKU0418,23,2026-08-26 11:16:00,2026-08-26 11:17:32,姚佳,L0771
IN202606020093,SKU0419,25,2026-06-02 11:27:00,2026-06-02 11:51:54,毛燕,L0627
IN202606060090,SKU0419,25,2026-06-06 10:55:00,2026-06-06 14:04:03,卓雪,L0627
IN202606100087,SKU0419,25,2026-06-10 09:23:00,2026-06-10 09:13:23,毛燕,L0627
IN202606140098,SKU0419,25,2026-06-14 09:56:00,2026-06-14 12:34:12,姚佳,L0627
IN202606180094,SKU0419,25,2026-06-18 10:46:00,2026-06-18 11:00:33,卓雪,L0627
IN202606220091,SKU0419,25,2026-06-22 08:19:00,2026-06-22 08:43:25,廖晨,L0627
IN202606260097,SKU0419,25,2026-06-26 11:06:00,2026-06-26 14:15:55,刘旭,L0627
IN202606300091,SKU0419,25,2026-06-30 11:50:00,2026-06-30 12:43:54,李敏,L0627
IN202607040090,SKU0419,25,2026-07-04 08:43:00,2026-07-04 08:55:47,廖晨,L0627
IN202607080094,SKU0419,25,2026-07-08 09:24:00,2026-07-08 09:29:37,卓雪,L0627
IN202607120088,SKU0419,25,2026-07-12 08:32:00,2026-07-12 08:40:32,宋超,L0627
IN202607160095,SKU0419,25,2026-07-16 09:32:00,2026-07-16 09:23:14,杨建军,L0627
IN202607200097,SKU0419,25,2026-07-20 09:57:00,2026-07-20 10:13:07,李帆,L0627
IN202607240093,SKU0419,25,2026-07-24 08:56:00,2026-07-24 09:02:49,李敏,L0627
IN202607280094,SKU0419,25,2026-07-28 08:50:00,2026-07-28 08:51:36,廖晨,L0627
IN202608010088,SKU0419,25,2026-08-01 10:13:00,2026-08-01 10:27:32,徐萍,L0627
IN202608050091,SKU0419,25,2026-08-05 10:37:00,2026-08-05 10:45:18,刘旭,L0627
IN202608090090,SKU0419,25,2026-08-09 08:48:00,2026-08-09 09:08:33,郑婷婷,L0627
IN202608130099,SKU0419,25,2026-08-13 08:29:00,2026-08-13 08:42:17,李敏,L0627
IN202608170096,SKU0419,25,2026-08-17 11:39:00,2026-08-17 15:14:05,廖晨,L0627
IN202608210087,SKU0419,25,2026-08-21 10:54:00,2026-08-21 10:57:15,宋超,L0627
IN202608250099,SKU0419,25,2026-08-25 08:03:00,2026-08-25 07:58:39,李敏,L0627
IN202608290086,SKU0419,25,2026-08-29 08:54:00,2026-08-29 09:14:26,李敏,L0627
IN202606040096,SKU0420,11,2026-06-04 10:59:00,2026-06-04 11:16:41,徐萍,L0332
IN202606080101,SKU0420,11,2026-06-08 10:08:00,2026-06-08 11:15:21,姚佳,L0332
IN202606120088,SKU0420,11,2026-06-12 09:39:00,2026-06-12 09:47:00,李敏,L0332
IN202606160096,SKU0420,11,2026-06-16 09:38:00,2026-06-16 09:29:49,李帆,L0332
IN202606200091,SKU0420,11,2026-06-20 11:22:00,2026-06-20 11:25:53,姚佳,L0332
IN202606240092,SKU0420,11,2026-06-24 11:51:00,2026-06-24 11:54:45,毛燕,L0332
IN202606280094,SKU0420,11,2026-06-28 11:57:00,2026-06-28 12:11:15,王丹,L0332
IN202607020094,SKU0420,11,2026-07-02 09:05:00,2026-07-02 09:14:30,姚佳,L0332
IN202607060098,SKU0420,11,2026-07-06 10:57:00,2026-07-06 11:02:01,徐萍,L0332
IN202607100090,SKU0420,11,2026-07-10 10:36:00,2026-07-10 10:59:59,李帆,L0332
IN202607140100,SKU0420,11,2026-07-14 09:17:00,2026-07-14 09:25:41,廖晨,L0332
IN202607180090,SKU0420,11,2026-07-18 08:28:00,2026-07-18 08:31:39,廖晨,L0332
IN202607220086,SKU0420,11,2026-07-22 08:46:00,2026-07-22 08:37:19,郑婷婷,L0332
IN202607260099,SKU0420,11,2026-07-26 10:25:00,2026-07-26 10:46:40,刘旭,L0332
IN202607300092,SKU0420,11,2026-07-30 11:07:00,2026-07-30 11:27:45,廖晨,L0332
IN202608030098,SKU0420,11,2026-08-03 11:28:00,2026-08-03 11:28:36,宋超,L0332
IN202608070097,SKU0420,11,2026-08-07 10:09:00,2026-08-07 10:22:43,卓雪,L0332
IN202608110090,SKU0420,11,2026-08-11 08:27:00,2026-08-11 11:12:45,卓雪,L0332
IN202608150091,SKU0420,11,2026-08-15 11:16:00,2026-08-15 11:13:16,杨建军,L0332
IN202608190092,SKU0420,11,2026-08-19 08:16:00,2026-08-19 08:18:59,徐萍,L0332
IN202608230095,SKU0420,11,2026-08-23 10:41:00,2026-08-23 10:48:38,李帆,L0332
IN202608270095,SKU0420,11,2026-08-27 09:09:00,2026-08-27 09:06:32,李帆,L0332
IN202606020094,SKU0421,54,2026-06-02 09:39:00,2026-06-02 12:41:51,徐萍,L0791
IN202606050079,SKU0421,54,2026-06-05 10:34:00,2026-06-05 13:34:33,姚佳,L0791
IN202606080102,SKU0421,54,2026-06-08 10:04:00,2026-06-08 10:11:27,王丹,L0791
IN202606110088,SKU0421,54,2026-06-11 10:59:00,2026-06-11 10:56:27,郑婷婷,L0791
IN202606140099,SKU0421,54,2026-06-14 09:22:00,2026-06-14 11:33:34,徐萍,L0791
IN202606170075,SKU0421,54,2026-06-17 08:48:00,2026-06-17 08:58:44,郑婷婷,L0791
IN202606200092,SKU0421,54,2026-06-20 11:24:00,2026-06-20 11:45:16,李帆,L0791
IN202606230087,SKU0421,54,2026-06-23 10:13:00,2026-06-23 10:29:57,杨建军,L0791
IN202606260098,SKU0421,54,2026-06-26 11:00:00,2026-06-26 11:06:32,李帆,L0791
IN202606290087,SKU0421,54,2026-06-29 11:48:00,2026-06-29 11:40:27,李帆,L0791
IN202607020095,SKU0421,54,2026-07-02 10:13:00,2026-07-02 11:20:15,宋超,L0791
IN202607050083,SKU0421,54,2026-07-05 09:29:00,2026-07-05 09:24:47,姚佳,L0791
IN202607080095,SKU0421,54,2026-07-08 10:39:00,2026-07-08 10:52:07,廖晨,L0791
IN202607110080,SKU0421,54,2026-07-11 09:00:00,2026-07-11 09:21:05,王丹,L0791
IN202607140101,SKU0421,54,2026-07-14 08:07:00,2026-07-14 08:27:16,郑婷婷,L0791
IN202607170080,SKU0421,54,2026-07-17 11:17:00,2026-07-17 11:40:55,王丹,L0791
IN202607200098,SKU0421,54,2026-07-20 08:38:00,2026-07-20 09:44:02,卓雪,L0791
IN202607230084,SKU0421,54,2026-07-23 08:48:00,2026-07-23 10:55:57,廖晨,L0791
IN202607260100,SKU0421,54,2026-07-26 08:01:00,2026-07-26 08:23:23,李帆,L0791
IN202607290084,SKU0421,54,2026-07-29 08:36:00,2026-07-29 10:49:16,王丹,L0791
IN202608010089,SKU0421,54,2026-08-01 10:56:00,2026-08-01 13:49:01,毛燕,L0791
IN202608040081,SKU0421,54,2026-08-04 11:16:00,2026-08-04 11:28:52,宋超,L0791
IN202608070098,SKU0421,54,2026-08-07 08:49:00,2026-08-07 08:46:48,徐萍,L0791
IN202608100090,SKU0421,54,2026-08-10 11:21:00,2026-08-10 11:18:43,郑婷婷,L0791
IN202608130100,SKU0421,54,2026-08-13 08:06:00,2026-08-13 08:05:59,卓雪,L0791
IN202608160078,SKU0421,54,2026-08-16 11:33:00,2026-08-16 11:32:29,王丹,L0791
IN202608190093,SKU0421,54,2026-08-19 11:55:00,2026-08-19 11:47:26,徐萍,L0791
IN202608220082,SKU0421,54,2026-08-22 09:33:00,2026-08-22 09:33:43,宋超,L0791
IN202608250100,SKU0421,54,2026-08-25 10:56:00,2026-08-25 10:58:18,廖晨,L0791
IN202608280083,SKU0421,54,2026-08-28 10:56:00,2026-08-28 11:12:55,卓雪,L0791
IN202606010094,SKU0422,27,2026-06-01 09:34:00,2026-06-01 09:48:25,郑婷婷,L0556
IN202606040097,SKU0422,27,2026-06-04 10:13:00,2026-06-04 10:21:46,李帆,L0556
IN202606070088,SKU0422,27,2026-06-07 10:42:00,2026-06-07 11:01:48,卓雪,L0556
IN202606100088,SKU0422,27,2026-06-10 10:57:00,2026-06-10 11:16:37,卓雪,L0556
IN202606130086,SKU0422,27,2026-06-13 10:39:00,2026-06-13 10:39:18,李敏,L0556
IN202606160097,SKU0422,27,2026-06-16 09:04:00,2026-06-16 09:28:26,杨建军,L0556
IN202606190093,SKU0422,27,2026-06-19 11:08:00,2026-06-19 12:19:59,徐萍,L0556
IN202606220092,SKU0422,27,2026-06-22 08:15:00,2026-06-22 08:08:43,宋超,L0556
IN202606250088,SKU0422,27,2026-06-25 10:39:00,2026-06-25 10:43:18,姚佳,L0556
IN202606280095,SKU0422,27,2026-06-28 10:06:00,2026-06-28 12:16:30,姚佳,L0556
IN202607010091,SKU0422,27,2026-07-01 08:24:00,2026-07-01 08:14:09,杨建军,L0556
IN202607040091,SKU0422,27,2026-07-04 09:04:00,2026-07-04 09:11:25,卓雪,L0556
IN202607070086,SKU0422,27,2026-07-07 11:56:00,2026-07-07 12:05:53,宋超,L0556
IN202607100091,SKU0422,27,2026-07-10 08:27:00,2026-07-10 10:42:00,姚佳,L0556
IN202607130096,SKU0422,27,2026-07-13 10:07:00,2026-07-13 09:57:35,李帆,L0556
IN202607160096,SKU0422,27,2026-07-16 11:45:00,2026-07-16 11:55:06,姚佳,L0556
IN202607190091,SKU0422,27,2026-07-19 08:23:00,2026-07-19 09:21:01,王丹,L0556
IN202607220087,SKU0422,27,2026-07-22 10:07:00,2026-07-22 10:25:02,宋超,L0556
IN202607250086,SKU0422,27,2026-07-25 09:43:00,2026-07-25 09:41:04,刘旭,L0556
IN202607280095,SKU0422,27,2026-07-28 08:23:00,2026-07-28 09:01:51,李帆,L0556
IN202607310090,SKU0422,27,2026-07-31 08:13:00,2026-07-31 08:18:18,郑婷婷,L0556
IN202608030099,SKU0422,27,2026-08-03 09:46:00,2026-08-03 09:53:27,杨建军,L0556
IN202608060089,SKU0422,27,2026-08-06 11:57:00,2026-08-06 12:43:02,郑婷婷,L0556
IN202608090091,SKU0422,27,2026-08-09 11:17:00,2026-08-09 11:13:25,李帆,L0556
IN202608120087,SKU0422,27,2026-08-12 10:07:00,2026-08-12 09:57:16,毛燕,L0556
IN202608150092,SKU0422,27,2026-08-15 09:02:00,2026-08-15 09:18:37,姚佳,L0556
IN202608180095,SKU0422,27,2026-08-18 10:18:00,2026-08-18 10:42:27,郑婷婷,L0556
IN202608210088,SKU0422,27,2026-08-21 08:30:00,2026-08-21 08:44:28,卓雪,L0556
IN202608240090,SKU0422,27,2026-08-24 11:40:00,2026-08-24 11:54:08,李帆,L0556
IN202608270096,SKU0422,27,2026-08-27 08:12:00,2026-08-27 08:22:57,廖晨,L0556
IN202606060091,SKU0423,22,2026-06-06 09:38:00,2026-06-06 10:01:51,杨建军,L0731
IN202606120089,SKU0423,22,2026-06-12 09:18:00,2026-06-12 09:29:15,李帆,L0731
IN202606180095,SKU0423,22,2026-06-18 09:39:00,2026-06-18 09:56:59,徐萍,L0731
IN202606240093,SKU0423,22,2026-06-24 08:29:00,2026-06-24 08:46:05,杨建军,L0731
IN202606300092,SKU0423,22,2026-06-30 08:02:00,2026-06-30 09:06:36,郑婷婷,L0731
IN202607060099,SKU0423,22,2026-07-06 08:24:00,2026-07-06 12:15:49,卓雪,L0731
IN202607120089,SKU0423,22,2026-07-12 11:16:00,2026-07-12 11:27:40,杨建军,L0731
IN202607180091,SKU0423,22,2026-07-18 11:31:00,2026-07-18 11:45:18,毛燕,L0731
IN202607240094,SKU0423,22,2026-07-24 11:44:00,2026-07-24 12:03:59,毛燕,L0731
IN202607300093,SKU0423,22,2026-07-30 10:00:00,2026-07-30 09:58:47,廖晨,L0731
IN202608050092,SKU0423,22,2026-08-05 09:01:00,2026-08-05 09:57:38,徐萍,L0731
IN202608110091,SKU0423,22,2026-08-11 11:23:00,2026-08-11 11:43:33,廖晨,L0731
IN202608170097,SKU0423,22,2026-08-17 11:44:00,2026-08-17 11:50:11,廖晨,L0731
IN202608230096,SKU0423,22,2026-08-23 09:53:00,2026-08-23 10:04:28,廖晨,L0731
IN202608290087,SKU0423,22,2026-08-29 11:53:00,2026-08-29 12:43:43,徐萍,L0731
IN202606030093,SKU0424,13,2026-06-03 08:51:00,2026-06-03 09:00:33,杨建军,L0205
IN202606090095,SKU0424,13,2026-06-09 10:34:00,2026-06-09 10:31:18,郑婷婷,L0205
IN202606150096,SKU0424,13,2026-06-15 09:34:00,2026-06-15 09:46:18,杨建军,L0205
IN202606210094,SKU0424,13,2026-06-21 09:03:00,2026-06-21 09:17:47,李帆,L0205
IN202606270087,SKU0424,13,2026-06-27 09:28:00,2026-06-27 09:30:33,郑婷婷,L0205
IN202607030092,SKU0424,13,2026-07-03 09:47:00,2026-07-03 09:54:05,郑婷婷,L0205
IN202607090098,SKU0424,13,2026-07-09 11:00:00,2026-07-09 11:23:05,李敏,L0205
IN202607150087,SKU0424,13,2026-07-15 09:47:00,2026-07-15 09:56:00,宋超,L0205
IN202607210098,SKU0424,13,2026-07-21 11:47:00,2026-07-21 11:50:13,姚佳,L0205
IN202607270091,SKU0424,13,2026-07-27 10:23:00,2026-07-27 10:40:48,杨建军,L0205
IN202608020096,SKU0424,13,2026-08-02 08:02:00,2026-08-02 08:17:07,宋超,L0205
IN202608080090,SKU0424,13,2026-08-08 09:16:00,2026-08-08 09:31:50,杨建军,L0205
IN202608140092,SKU0424,13,2026-08-14 09:01:00,2026-08-14 09:15:51,刘旭,L0205
IN202608200095,SKU0424,13,2026-08-20 09:57:00,2026-08-20 10:00:22,姚佳,L0205
IN202608260088,SKU0424,13,2026-08-26 09:34:00,2026-08-26 09:25:46,王丹,L0205
IN202606010095,SKU0425,10,2026-06-01 08:58:00,2026-06-01 09:51:15,卓雪,L0219
IN202606040098,SKU0425,10,2026-06-04 08:53:00,2026-06-04 08:54:56,刘旭,L0219
IN202606070089,SKU0425,10,2026-06-07 10:34:00,2026-06-07 10:28:38,姚佳,L0219
IN202606100089,SKU0425,10,2026-06-10 08:46:00,2026-06-10 08:58:12,刘旭,L0219
IN202606130087,SKU0425,10,2026-06-13 09:25:00,2026-06-13 09:32:34,李帆,L0219
IN202606160098,SKU0425,10,2026-06-16 08:49:00,2026-06-16 08:50:40,徐萍,L0219
IN202606190094,SKU0425,10,2026-06-19 08:31:00,2026-06-19 08:48:41,徐萍,L0219
IN202606220093,SKU0425,10,2026-06-22 09:38:00,2026-06-22 09:37:00,卓雪,L0219
IN202606250089,SKU0425,10,2026-06-25 10:53:00,2026-06-25 11:08:55,毛燕,L0219
IN202606280096,SKU0425,10,2026-06-28 09:58:00,2026-06-28 10:17:01,刘旭,L0219
IN202607010092,SKU0425,10,2026-07-01 10:21:00,2026-07-01 10:27:12,毛燕,L0219
IN202607040092,SKU0425,10,2026-07-04 08:52:00,2026-07-04 11:41:00,李敏,L0219
IN202607070087,SKU0425,10,2026-07-07 10:39:00,2026-07-07 10:40:59,卓雪,L0219
IN202607100092,SKU0425,10,2026-07-10 08:58:00,2026-07-10 10:03:20,李帆,L0219
IN202607130097,SKU0425,10,2026-07-13 11:04:00,2026-07-13 10:56:56,杨建军,L0219
IN202607160097,SKU0425,10,2026-07-16 11:15:00,2026-07-16 11:15:32,姚佳,L0219
IN202607190092,SKU0425,10,2026-07-19 11:57:00,2026-07-19 12:08:57,卓雪,L0219
IN202607220088,SKU0425,10,2026-07-22 09:02:00,2026-07-22 08:57:13,李敏,L0219
IN202607250087,SKU0425,10,2026-07-25 10:53:00,2026-07-25 13:46:38,王丹,L0219
IN202607280096,SKU0425,10,2026-07-28 11:28:00,2026-07-28 11:28:27,廖晨,L0219
IN202607310091,SKU0425,10,2026-07-31 09:46:00,2026-07-31 09:49:04,刘旭,L0219
IN202608030100,SKU0425,10,2026-08-03 10:16:00,2026-08-03 10:13:38,姚佳,L0219
IN202608060090,SKU0425,10,2026-08-06 11:27:00,2026-08-06 11:39:29,宋超,L0219
IN202608090092,SKU0425,10,2026-08-09 10:13:00,2026-08-09 10:07:30,毛燕,L0219
IN202608120088,SKU0425,10,2026-08-12 08:50:00,2026-08-12 08:47:46,毛燕,L0219
IN202608150093,SKU0425,10,2026-08-15 10:49:00,2026-08-15 11:04:56,卓雪,L0219
IN202608180096,SKU0425,10,2026-08-18 10:25:00,2026-08-18 10:40:12,徐萍,L0219
IN202608210089,SKU0425,10,2026-08-21 09:59:00,2026-08-21 10:12:57,姚佳,L0219
IN202608240091,SKU0425,10,2026-08-24 10:36:00,2026-08-24 13:39:35,宋超,L0219
IN202608270097,SKU0425,10,2026-08-27 09:33:00,2026-08-27 09:26:05,李敏,L0219
IN202606030094,SKU0426,27,2026-06-03 11:28:00,2026-06-03 13:42:27,宋超,L0626
IN202606080103,SKU0426,27,2026-06-08 08:25:00,2026-06-08 08:24:52,李帆,L0626
IN202606130088,SKU0426,27,2026-06-13 08:40:00,2026-06-13 08:33:58,杨建军,L0626
IN202606180096,SKU0426,27,2026-06-18 10:12:00,2026-06-18 14:10:34,郑婷婷,L0626
IN202606230088,SKU0426,27,2026-06-23 10:31:00,2026-06-23 10:29:51,郑婷婷,L0626
IN202606280097,SKU0426,27,2026-06-28 11:23:00,2026-06-28 11:35:30,刘旭,L0626
IN202607030093,SKU0426,27,2026-07-03 08:42:00,2026-07-03 08:47:54,李帆,L0626
IN202607080096,SKU0426,27,2026-07-08 11:28:00,2026-07-08 11:28:00,毛燕,L0626
IN202607130098,SKU0426,27,2026-07-13 11:51:00,2026-07-13 13:53:25,廖晨,L0626
IN202607180092,SKU0426,27,2026-07-18 10:28:00,2026-07-18 10:29:07,姚佳,L0626
IN202607230085,SKU0426,27,2026-07-23 11:39:00,2026-07-23 12:02:11,卓雪,L0626
IN202607280097,SKU0426,27,2026-07-28 08:24:00,2026-07-28 08:17:04,徐萍,L0626
IN202608020097,SKU0426,27,2026-08-02 10:30:00,2026-08-02 10:35:41,徐萍,L0626
IN202608070099,SKU0426,27,2026-08-07 10:44:00,2026-08-07 10:56:01,姚佳,L0626
IN202608120089,SKU0426,27,2026-08-12 11:56:00,2026-08-12 12:17:46,杨建军,L0626
IN202608170098,SKU0426,27,2026-08-17 11:48:00,2026-08-17 11:41:19,姚佳,L0626
IN202608220083,SKU0426,27,2026-08-22 09:31:00,2026-08-22 12:01:39,廖晨,L0626
IN202608270098,SKU0426,27,2026-08-27 08:51:00,2026-08-27 09:09:36,王丹,L0626
IN202606040099,SKU0427,21,2026-06-04 11:03:00,2026-06-04 10:56:55,姚佳,L0434
IN202606080104,SKU0427,21,2026-06-08 11:46:00,2026-06-08 15:13:59,廖晨,L0434
IN202606120090,SKU0427,21,2026-06-12 08:38:00,2026-06-12 08:53:49,王丹,L0434
IN202606160099,SKU0427,21,2026-06-16 11:35:00,2026-06-16 11:50:28,李帆,L0434
IN202606200093,SKU0427,21,2026-06-20 11:54:00,2026-06-20 12:15:57,李敏,L0434
IN202606240094,SKU0427,21,2026-06-24 11:07:00,2026-06-24 11:09:00,郑婷婷,L0434
IN202606280098,SKU0427,21,2026-06-28 11:45:00,2026-06-28 12:05:00,卓雪,L0434
IN202607020096,SKU0427,21,2026-07-02 11:51:00,2026-07-02 11:59:50,姚佳,L0434
IN202607060100,SKU0427,21,2026-07-06 08:52:00,2026-07-06 08:51:09,杨建军,L0434
IN202607100093,SKU0427,21,2026-07-10 10:49:00,2026-07-10 11:08:17,杨建军,L0434
IN202607140102,SKU0427,21,2026-07-14 10:20:00,2026-07-14 10:38:17,廖晨,L0434
IN202607180093,SKU0427,21,2026-07-18 09:36:00,2026-07-18 09:55:36,王丹,L0434
IN202607220089,SKU0427,21,2026-07-22 09:05:00,2026-07-22 09:14:49,徐萍,L0434
IN202607260101,SKU0427,21,2026-07-26 09:09:00,2026-07-26 09:07:13,卓雪,L0434
IN202607300094,SKU0427,21,2026-07-30 09:51:00,2026-07-30 10:01:44,徐萍,L0434
IN202608030101,SKU0427,21,2026-08-03 10:21:00,2026-08-03 10:42:31,姚佳,L0434
IN202608070100,SKU0427,21,2026-08-07 11:19:00,2026-08-07 11:21:58,廖晨,L0434
IN202608110092,SKU0427,21,2026-08-11 10:57:00,2026-08-11 14:50:47,王丹,L0434
IN202608150094,SKU0427,21,2026-08-15 08:24:00,2026-08-15 08:38:56,廖晨,L0434
IN202608190094,SKU0427,21,2026-08-19 08:16:00,2026-08-19 08:38:21,卓雪,L0434
IN202608230097,SKU0427,21,2026-08-23 08:38:00,2026-08-23 11:19:54,郑婷婷,L0434
IN202608270099,SKU0427,21,2026-08-27 10:13:00,2026-08-27 10:36:31,宋超,L0434
IN202606020095,SKU0428,11,2026-06-02 08:56:00,2026-06-02 08:50:14,宋超,L0227
IN202606050080,SKU0428,11,2026-06-05 09:38:00,2026-06-05 09:33:43,宋超,L0227
IN202606080105,SKU0428,11,2026-06-08 11:38:00,2026-06-08 11:58:06,毛燕,L0227
IN202606110089,SKU0428,11,2026-06-11 10:50:00,2026-06-11 10:59:39,刘旭,L0227
IN202606140100,SKU0428,11,2026-06-14 09:58:00,2026-06-14 10:08:29,刘旭,L0227
IN202606170076,SKU0428,11,2026-06-17 09:31:00,2026-06-17 09:55:11,郑婷婷,L0227
IN202606200094,SKU0428,11,2026-06-20 09:19:00,2026-06-20 13:10:10,王丹,L0227
IN202606230089,SKU0428,11,2026-06-23 10:11:00,2026-06-23 12:51:29,宋超,L0227
IN202606260099,SKU0428,11,2026-06-26 08:14:00,2026-06-26 08:28:49,廖晨,L0227
IN202606290088,SKU0428,11,2026-06-29 08:01:00,2026-06-29 07:56:34,毛燕,L0227
IN202607020097,SKU0428,11,2026-07-02 09:42:00,2026-07-02 12:13:52,王丹,L0227
IN202607050084,SKU0428,11,2026-07-05 09:14:00,2026-07-05 09:38:29,毛燕,L0227
IN202607080097,SKU0428,11,2026-07-08 09:39:00,2026-07-08 09:58:17,李敏,L0227
IN202607110081,SKU0428,11,2026-07-11 08:47:00,2026-07-11 12:22:41,郑婷婷,L0227
IN202607140103,SKU0428,11,2026-07-14 11:25:00,2026-07-14 11:43:49,宋超,L0227
IN202607170081,SKU0428,11,2026-07-17 08:16:00,2026-07-17 08:16:29,王丹,L0227
IN202607200099,SKU0428,11,2026-07-20 11:03:00,2026-07-20 12:49:58,王丹,L0227
IN202607230086,SKU0428,11,2026-07-23 10:22:00,2026-07-23 11:38:23,宋超,L0227
IN202607260102,SKU0428,11,2026-07-26 09:41:00,2026-07-26 09:56:30,徐萍,L0227
IN202607290085,SKU0428,11,2026-07-29 09:24:00,2026-07-29 09:23:32,毛燕,L0227
IN202608010090,SKU0428,11,2026-08-01 08:12:00,2026-08-01 08:08:02,郑婷婷,L0227
IN202608040082,SKU0428,11,2026-08-04 10:51:00,2026-08-04 11:38:16,李敏,L0227
IN202608070101,SKU0428,11,2026-08-07 09:45:00,2026-08-07 09:59:13,李敏,L0227
IN202608100091,SKU0428,11,2026-08-10 11:53:00,2026-08-10 11:45:04,毛燕,L0227
IN202608130101,SKU0428,11,2026-08-13 10:55:00,2026-08-13 11:47:05,毛燕,L0227
IN202608160079,SKU0428,11,2026-08-16 09:54:00,2026-08-16 10:04:52,王丹,L0227
IN202608190095,SKU0428,11,2026-08-19 11:50:00,2026-08-19 12:06:16,宋超,L0227
IN202608220084,SKU0428,11,2026-08-22 08:30:00,2026-08-22 08:50:16,王丹,L0227
IN202608250101,SKU0428,11,2026-08-25 10:09:00,2026-08-25 10:15:44,王丹,L0227
IN202608280084,SKU0428,11,2026-08-28 11:15:00,2026-08-28 11:31:24,李敏,L0227
IN202606010096,SKU0429,97,2026-06-01 10:27:00,2026-06-01 13:58:51,李帆,L0755
IN202606050081,SKU0429,97,2026-06-05 08:13:00,2026-06-05 11:38:55,卓雪,L0755
IN202606090096,SKU0429,97,2026-06-09 08:21:00,2026-06-09 11:56:27,王丹,L0755
IN202606130089,SKU0429,97,2026-06-13 08:10:00,2026-06-13 08:07:35,徐萍,L0755
IN202606170077,SKU0429,97,2026-06-17 09:09:00,2026-06-17 09:25:54,郑婷婷,L0755
IN202606210095,SKU0429,97,2026-06-21 11:32:00,2026-06-21 11:33:33,杨建军,L0755
IN202606250090,SKU0429,97,2026-06-25 10:07:00,2026-06-25 10:19:31,宋超,L0755
IN202606290089,SKU0429,97,2026-06-29 08:09:00,2026-06-29 08:09:29,廖晨,L0755
IN202607030094,SKU0429,97,2026-07-03 11:54:00,2026-07-03 11:48:07,徐萍,L0755
IN202607070088,SKU0429,97,2026-07-07 08:50:00,2026-07-07 08:58:46,王丹,L0755
IN202607110082,SKU0429,97,2026-07-11 11:28:00,2026-07-11 11:43:13,姚佳,L0755
IN202607150088,SKU0429,97,2026-07-15 09:08:00,2026-07-15 09:16:53,李敏,L0755
IN202607190093,SKU0429,97,2026-07-19 11:48:00,2026-07-19 11:43:26,刘旭,L0755
IN202607230087,SKU0429,97,2026-07-23 10:56:00,2026-07-23 10:52:34,廖晨,L0755
IN202607270092,SKU0429,97,2026-07-27 10:18:00,2026-07-27 10:09:25,李敏,L0755
IN202607310092,SKU0429,97,2026-07-31 09:32:00,2026-07-31 09:39:54,李敏,L0755
IN202608040083,SKU0429,97,2026-08-04 08:18:00,2026-08-04 08:17:51,徐萍,L0755
IN202608080091,SKU0429,97,2026-08-08 09:56:00,2026-08-08 09:53:39,刘旭,L0755
IN202608120090,SKU0429,97,2026-08-12 08:00:00,2026-08-12 08:01:23,刘旭,L0755
IN202608160080,SKU0429,97,2026-08-16 10:40:00,2026-08-16 10:31:33,廖晨,L0755
IN202608200096,SKU0429,97,2026-08-20 11:52:00,2026-08-20 12:00:32,徐萍,L0755
IN202608240092,SKU0429,97,2026-08-24 10:09:00,2026-08-24 10:26:16,王丹,L0755
IN202608280085,SKU0429,97,2026-08-28 08:54:00,2026-08-28 09:16:06,王丹,L0755
IN202606010097,SKU0430,19,2026-06-01 10:24:00,2026-06-01 13:06:40,姚佳,L0685
IN202606080106,SKU0430,19,2026-06-08 09:44:00,2026-06-08 09:57:52,郑婷婷,L0685
IN202606150097,SKU0430,19,2026-06-15 08:47:00,2026-06-15 08:45:59,徐萍,L0685
IN202606220094,SKU0430,19,2026-06-22 10:43:00,2026-06-22 10:46:57,卓雪,L0685
IN202606290090,SKU0430,19,2026-06-29 10:47:00,2026-06-29 10:52:16,李帆,L0685
IN202607060101,SKU0430,19,2026-07-06 09:00:00,2026-07-06 09:12:03,毛燕,L0685
IN202607130099,SKU0430,19,2026-07-13 08:45:00,2026-07-13 08:46:53,李敏,L0685
IN202607200100,SKU0430,19,2026-07-20 10:43:00,2026-07-20 10:57:08,徐萍,L0685
IN202607270093,SKU0430,19,2026-07-27 08:22:00,2026-07-27 08:38:15,毛燕,L0685
IN202608030102,SKU0430,19,2026-08-03 10:32:00,2026-08-03 10:35:16,毛燕,L0685
IN202608100092,SKU0430,19,2026-08-10 09:54:00,2026-08-10 09:45:55,廖晨,L0685
IN202608170099,SKU0430,19,2026-08-17 10:28:00,2026-08-17 10:26:34,王丹,L0685
IN202608240093,SKU0430,19,2026-08-24 11:34:00,2026-08-24 11:48:31,王丹,L0685
IN202606010098,SKU0431,22,2026-06-01 11:21:00,2026-06-01 11:27:01,毛燕,L0769
IN202606070090,SKU0431,22,2026-06-07 10:29:00,2026-06-07 10:33:42,宋超,L0769
IN202606130090,SKU0431,22,2026-06-13 08:38:00,2026-06-13 08:32:56,卓雪,L0769
IN202606190095,SKU0431,22,2026-06-19 10:38:00,2026-06-19 10:35:58,郑婷婷,L0769
IN202606250091,SKU0431,22,2026-06-25 10:48:00,2026-06-25 10:38:23,郑婷婷,L0769
IN202607010093,SKU0431,22,2026-07-01 08:40:00,2026-07-01 08:49:54,李敏,L0769
IN202607070089,SKU0431,22,2026-07-07 10:36:00,2026-07-07 10:35:01,李敏,L0769
IN202607130100,SKU0431,22,2026-07-13 09:56:00,2026-07-13 13:44:55,刘旭,L0769
IN202607190094,SKU0431,22,2026-07-19 10:01:00,2026-07-19 09:58:42,李帆,L0769
IN202607250088,SKU0431,22,2026-07-25 10:58:00,2026-07-25 11:17:04,廖晨,L0769
IN202607310093,SKU0431,22,2026-07-31 08:45:00,2026-07-31 09:56:58,卓雪,L0769
IN202608060091,SKU0431,22,2026-08-06 11:25:00,2026-08-06 11:34:06,王丹,L0769
IN202608120091,SKU0431,22,2026-08-12 09:57:00,2026-08-12 10:05:42,王丹,L0769
IN202608180097,SKU0431,22,2026-08-18 09:30:00,2026-08-18 10:14:00,宋超,L0769
IN202608240094,SKU0431,22,2026-08-24 10:24:00,2026-08-24 10:46:02,姚佳,L0769
IN202606040100,SKU0432,35,2026-06-04 10:27:00,2026-06-04 10:23:09,宋超,L0628
IN202606100090,SKU0432,35,2026-06-10 11:32:00,2026-06-10 11:29:08,李敏,L0628
IN202606160100,SKU0432,35,2026-06-16 11:18:00,2026-06-16 14:04:06,杨建军,L0628
IN202606220095,SKU0432,35,2026-06-22 09:12:00,2026-06-22 11:18:54,卓雪,L0628
IN202606280099,SKU0432,35,2026-06-28 11:01:00,2026-06-28 11:19:32,廖晨,L0628
IN202607040093,SKU0432,35,2026-07-04 08:53:00,2026-07-04 09:07:50,刘旭,L0628
IN202607100094,SKU0432,35,2026-07-10 08:02:00,2026-07-10 08:56:16,王丹,L0628
IN202607160098,SKU0432,35,2026-07-16 10:43:00,2026-07-16 10:36:07,郑婷婷,L0628
IN202607220090,SKU0432,35,2026-07-22 10:01:00,2026-07-22 10:04:56,姚佳,L0628
IN202607280098,SKU0432,35,2026-07-28 09:09:00,2026-07-28 09:24:08,王丹,L0628
IN202608030103,SKU0432,35,2026-08-03 10:34:00,2026-08-03 10:42:10,李帆,L0628
IN202608090093,SKU0432,35,2026-08-09 08:58:00,2026-08-09 10:03:19,郑婷婷,L0628
IN202608150095,SKU0432,35,2026-08-15 08:52:00,2026-08-15 09:15:57,李敏,L0628
IN202608210090,SKU0432,35,2026-08-21 10:26:00,2026-08-21 10:37:01,李帆,L0628
IN202608270100,SKU0432,35,2026-08-27 10:35:00,2026-08-27 10:59:11,姚佳,L0628
IN202606020096,SKU0433,13,2026-06-02 10:03:00,2026-06-02 10:24:53,宋超,L0045
IN202606080107,SKU0433,13,2026-06-08 09:32:00,2026-06-08 09:32:50,李敏,L0045
IN202606140101,SKU0433,13,2026-06-14 08:54:00,2026-06-14 10:54:20,郑婷婷,L0045
IN202606200095,SKU0433,13,2026-06-20 09:52:00,2026-06-20 10:00:17,王丹,L0045
IN202606260100,SKU0433,13,2026-06-26 09:51:00,2026-06-26 09:57:49,李敏,L0045
IN202607020098,SKU0433,13,2026-07-02 10:13:00,2026-07-02 10:49:33,杨建军,L0045
IN202607080098,SKU0433,13,2026-07-08 09:04:00,2026-07-08 08:58:01,姚佳,L0045
IN202607140104,SKU0433,13,2026-07-14 10:03:00,2026-07-14 10:17:00,徐萍,L0045
IN202607200101,SKU0433,13,2026-07-20 09:08:00,2026-07-20 09:31:47,毛燕,L0045
IN202607260103,SKU0433,13,2026-07-26 09:49:00,2026-07-26 10:00:24,李帆,L0045
IN202608010091,SKU0433,13,2026-08-01 11:49:00,2026-08-01 12:01:27,宋超,L0045
IN202608070102,SKU0433,13,2026-08-07 09:01:00,2026-08-07 09:09:56,卓雪,L0045
IN202608130102,SKU0433,13,2026-08-13 11:57:00,2026-08-13 14:02:49,李敏,L0045
IN202608190096,SKU0433,13,2026-08-19 08:07:00,2026-08-19 08:13:10,徐萍,L0045
IN202608250102,SKU0433,13,2026-08-25 10:47:00,2026-08-25 11:10:48,廖晨,L0045
IN202606050082,SKU0434,16,2026-06-05 09:17:00,2026-06-05 09:09:39,李帆,L0382
IN202606100091,SKU0434,16,2026-06-10 09:50:00,2026-06-10 09:57:42,刘旭,L0382
IN202606150098,SKU0434,16,2026-06-15 09:54:00,2026-06-15 10:17:24,姚佳,L0382
IN202606200096,SKU0434,16,2026-06-20 09:25:00,2026-06-20 10:40:59,宋超,L0382
IN202606250092,SKU0434,16,2026-06-25 11:56:00,2026-06-25 13:14:48,廖晨,L0382
IN202606300093,SKU0434,16,2026-06-30 09:10:00,2026-06-30 09:34:39,徐萍,L0382
IN202607050085,SKU0434,16,2026-07-05 10:48:00,2026-07-05 11:01:54,毛燕,L0382
IN202607100095,SKU0434,16,2026-07-10 08:54:00,2026-07-10 09:05:29,毛燕,L0382
IN202607150089,SKU0434,16,2026-07-15 10:56:00,2026-07-15 14:01:15,姚佳,L0382
IN202607200102,SKU0434,16,2026-07-20 10:44:00,2026-07-20 10:39:38,李帆,L0382
IN202607250089,SKU0434,16,2026-07-25 10:57:00,2026-07-25 11:21:25,郑婷婷,L0382
IN202607300095,SKU0434,16,2026-07-30 08:55:00,2026-07-30 09:11:11,徐萍,L0382
IN202608040084,SKU0434,16,2026-08-04 10:05:00,2026-08-04 10:05:52,李帆,L0382
IN202608090094,SKU0434,16,2026-08-09 08:30:00,2026-08-09 08:42:54,宋超,L0382
IN202608140093,SKU0434,16,2026-08-14 09:02:00,2026-08-14 09:00:44,李帆,L0382
IN202608190097,SKU0434,16,2026-08-19 10:06:00,2026-08-19 10:15:28,卓雪,L0382
IN202608240095,SKU0434,16,2026-08-24 11:49:00,2026-08-24 11:49:12,廖晨,L0382
IN202608290088,SKU0434,16,2026-08-29 08:36:00,2026-08-29 08:37:15,廖晨,L0382
IN202606060092,SKU0435,15,2026-06-06 10:31:00,2026-06-06 10:55:43,李敏,L0186
IN202606120091,SKU0435,15,2026-06-12 08:32:00,2026-06-12 08:41:30,卓雪,L0186
IN202606180097,SKU0435,15,2026-06-18 09:36:00,2026-06-18 09:35:43,宋超,L0186
IN202606240095,SKU0435,15,2026-06-24 11:12:00,2026-06-24 11:18:26,宋超,L0186
IN202606300094,SKU0435,15,2026-06-30 11:52:00,2026-06-30 12:09:41,卓雪,L0186
IN202607060102,SKU0435,15,2026-07-06 11:46:00,2026-07-06 11:51:46,李帆,L0186
IN202607120090,SKU0435,15,2026-07-12 08:14:00,2026-07-12 08:19:33,卓雪,L0186
IN202607180094,SKU0435,15,2026-07-18 09:19:00,2026-07-18 11:47:11,李敏,L0186
IN202607240095,SKU0435,15,2026-07-24 09:24:00,2026-07-24 09:35:21,杨建军,L0186
IN202607300096,SKU0435,15,2026-07-30 09:54:00,2026-07-30 10:07:49,李敏,L0186
IN202608050093,SKU0435,15,2026-08-05 11:24:00,2026-08-05 14:47:04,刘旭,L0186
IN202608110093,SKU0435,15,2026-08-11 11:51:00,2026-08-11 12:00:20,毛燕,L0186
IN202608170100,SKU0435,15,2026-08-17 08:16:00,2026-08-17 09:31:19,姚佳,L0186
IN202608230098,SKU0435,15,2026-08-23 11:49:00,2026-08-23 14:14:27,徐萍,L0186
IN202608290089,SKU0435,15,2026-08-29 11:59:00,2026-08-29 12:43:37,李敏,L0186
IN202606020097,SKU0436,15,2026-06-02 09:59:00,2026-06-02 10:09:25,宋超,L0462
IN202606060093,SKU0436,15,2026-06-06 08:35:00,2026-06-06 08:32:30,徐萍,L0462
IN202606100092,SKU0436,15,2026-06-10 08:08:00,2026-06-10 08:19:56,徐萍,L0462
IN202606140102,SKU0436,15,2026-06-14 08:50:00,2026-06-14 08:55:17,刘旭,L0462
IN202606180098,SKU0436,15,2026-06-18 11:56:00,2026-06-18 14:11:28,李帆,L0462
IN202606220096,SKU0436,15,2026-06-22 09:01:00,2026-06-22 08:52:12,刘旭,L0462
IN202606260101,SKU0436,15,2026-06-26 11:25:00,2026-06-26 11:44:19,廖晨,L0462
IN202606300095,SKU0436,15,2026-06-30 08:35:00,2026-06-30 08:52:42,刘旭,L0462
IN202607040094,SKU0436,15,2026-07-04 08:31:00,2026-07-04 08:44:27,郑婷婷,L0462
IN202607080099,SKU0436,15,2026-07-08 08:30:00,2026-07-08 08:46:41,宋超,L0462
IN202607120091,SKU0436,15,2026-07-12 09:11:00,2026-07-12 09:09:24,姚佳,L0462
IN202607160099,SKU0436,15,2026-07-16 09:05:00,2026-07-16 10:05:40,宋超,L0462
IN202607200103,SKU0436,15,2026-07-20 08:37:00,2026-07-20 11:01:35,卓雪,L0462
IN202607240096,SKU0436,15,2026-07-24 10:48:00,2026-07-24 10:58:18,王丹,L0462
IN202607280099,SKU0436,15,2026-07-28 10:17:00,2026-07-28 10:16:02,宋超,L0462
IN202608010092,SKU0436,15,2026-08-01 08:34:00,2026-08-01 08:27:21,郑婷婷,L0462
IN202608050094,SKU0436,15,2026-08-05 08:55:00,2026-08-05 09:02:34,李敏,L0462
IN202608090095,SKU0436,15,2026-08-09 11:49:00,2026-08-09 12:05:25,姚佳,L0462
IN202608130103,SKU0436,15,2026-08-13 09:22:00,2026-08-13 09:46:25,宋超,L0462
IN202608170101,SKU0436,15,2026-08-17 11:30:00,2026-08-17 11:42:27,李敏,L0462
IN202608210091,SKU0436,15,2026-08-21 10:03:00,2026-08-21 09:58:25,徐萍,L0462
IN202608250103,SKU0436,15,2026-08-25 09:13:00,2026-08-25 10:06:09,廖晨,L0462
IN202608290090,SKU0436,15,2026-08-29 10:39:00,2026-08-29 10:48:34,李敏,L0462
IN202606030095,SKU0437,13,2026-06-03 09:41:00,2026-06-03 09:49:07,李帆,L0115
IN202606070091,SKU0437,13,2026-06-07 10:19:00,2026-06-07 10:18:13,王丹,L0115
IN202606110090,SKU0437,13,2026-06-11 11:25:00,2026-06-11 11:32:57,宋超,L0115
IN202606150099,SKU0437,13,2026-06-15 10:57:00,2026-06-15 11:08:47,毛燕,L0115
IN202606190096,SKU0437,13,2026-06-19 08:26:00,2026-06-19 08:37:25,宋超,L0115
IN202606230090,SKU0437,13,2026-06-23 08:29:00,2026-06-23 08:25:14,刘旭,L0115
IN202606270088,SKU0437,13,2026-06-27 11:34:00,2026-06-27 11:37:51,廖晨,L0115
IN202607010094,SKU0437,13,2026-07-01 10:30:00,2026-07-01 10:32:11,廖晨,L0115
IN202607050086,SKU0437,13,2026-07-05 09:59:00,2026-07-05 10:02:52,郑婷婷,L0115
IN202607090099,SKU0437,13,2026-07-09 09:31:00,2026-07-09 09:31:27,廖晨,L0115
IN202607130101,SKU0437,13,2026-07-13 08:53:00,2026-07-13 09:17:26,姚佳,L0115
IN202607170082,SKU0437,13,2026-07-17 08:47:00,2026-07-17 08:48:57,王丹,L0115
IN202607210099,SKU0437,13,2026-07-21 09:33:00,2026-07-21 09:35:20,姚佳,L0115
IN202607250090,SKU0437,13,2026-07-25 11:36:00,2026-07-25 11:49:20,徐萍,L0115
IN202607290086,SKU0437,13,2026-07-29 08:52:00,2026-07-29 09:13:12,郑婷婷,L0115
IN202608020098,SKU0437,13,2026-08-02 11:13:00,2026-08-02 14:35:47,姚佳,L0115
IN202608060092,SKU0437,13,2026-08-06 08:04:00,2026-08-06 08:17:38,卓雪,L0115
IN202608100093,SKU0437,13,2026-08-10 09:55:00,2026-08-10 10:16:19,徐萍,L0115
IN202608140094,SKU0437,13,2026-08-14 08:45:00,2026-08-14 11:29:08,徐萍,L0115
IN202608180098,SKU0437,13,2026-08-18 08:46:00,2026-08-18 08:42:53,宋超,L0115
IN202608220085,SKU0437,13,2026-08-22 09:54:00,2026-08-22 10:12:58,刘旭,L0115
IN202608260089,SKU0437,13,2026-08-26 08:19:00,2026-08-26 08:24:47,廖晨,L0115
IN202606040101,SKU0438,153,2026-06-04 09:58:00,2026-06-04 09:55:00,王丹,L0719
IN202606080108,SKU0438,153,2026-06-08 11:07:00,2026-06-08 11:30:43,李帆,L0719
IN202606120092,SKU0438,153,2026-06-12 08:38:00,2026-06-12 11:49:26,刘旭,L0719
IN202606160101,SKU0438,153,2026-06-16 08:26:00,2026-06-16 09:27:49,杨建军,L0719
IN202606200097,SKU0438,153,2026-06-20 08:40:00,2026-06-20 08:31:47,廖晨,L0719
IN202606240096,SKU0438,153,2026-06-24 10:25:00,2026-06-24 10:48:06,廖晨,L0719
IN202606280100,SKU0438,153,2026-06-28 08:19:00,2026-06-28 09:22:31,姚佳,L0719
IN202607020099,SKU0438,153,2026-07-02 10:06:00,2026-07-02 13:02:56,郑婷婷,L0719
IN202607060103,SKU0438,153,2026-07-06 11:49:00,2026-07-06 11:39:18,郑婷婷,L0719
IN202607100096,SKU0438,153,2026-07-10 11:04:00,2026-07-10 13:45:33,李帆,L0719
IN202607140105,SKU0438,153,2026-07-14 08:58:00,2026-07-14 09:13:25,姚佳,L0719
IN202607180095,SKU0438,153,2026-07-18 09:02:00,2026-07-18 09:12:22,宋超,L0719
IN202607220091,SKU0438,153,2026-07-22 11:32:00,2026-07-22 11:49:59,郑婷婷,L0719
IN202607260104,SKU0438,153,2026-07-26 10:39:00,2026-07-26 10:38:40,卓雪,L0719
IN202607300097,SKU0438,153,2026-07-30 10:16:00,2026-07-30 11:00:14,刘旭,L0719
IN202608030104,SKU0438,153,2026-08-03 11:41:00,2026-08-03 12:00:17,王丹,L0719
IN202608070103,SKU0438,153,2026-08-07 11:51:00,2026-08-07 11:59:02,刘旭,L0719
IN202608110094,SKU0438,153,2026-08-11 10:59:00,2026-08-11 11:18:02,徐萍,L0719
IN202608150096,SKU0438,153,2026-08-15 09:58:00,2026-08-15 10:04:40,刘旭,L0719
IN202608190098,SKU0438,153,2026-08-19 09:11:00,2026-08-19 10:27:14,郑婷婷,L0719
IN202608230099,SKU0438,153,2026-08-23 10:55:00,2026-08-23 14:34:44,杨建军,L0719
IN202608270101,SKU0438,153,2026-08-27 08:12:00,2026-08-27 08:09:47,王丹,L0719
IN202606010099,SKU0439,19,2026-06-01 08:14:00,2026-06-01 08:13:04,李敏,L0305
IN202606080109,SKU0439,19,2026-06-08 08:35:00,2026-06-08 09:15:35,廖晨,L0305
IN202606150100,SKU0439,19,2026-06-15 08:27:00,2026-06-15 08:32:41,杨建军,L0305
IN202606220097,SKU0439,19,2026-06-22 11:29:00,2026-06-22 11:49:29,杨建军,L0305
IN202606290091,SKU0439,19,2026-06-29 10:58:00,2026-06-29 11:18:28,刘旭,L0305
IN202607060104,SKU0439,19,2026-07-06 10:09:00,2026-07-06 10:22:14,刘旭,L0305
IN202607130102,SKU0439,19,2026-07-13 08:57:00,2026-07-13 12:51:33,王丹,L0305
IN202607200104,SKU0439,19,2026-07-20 08:55:00,2026-07-20 11:31:41,徐萍,L0305
IN202607270094,SKU0439,19,2026-07-27 08:35:00,2026-07-27 08:58:19,徐萍,L0305
IN202608030105,SKU0439,19,2026-08-03 08:44:00,2026-08-03 08:41:35,王丹,L0305
IN202608100094,SKU0439,19,2026-08-10 08:43:00,2026-08-10 08:57:21,廖晨,L0305
IN202608170102,SKU0439,19,2026-08-17 11:07:00,2026-08-17 11:18:48,徐萍,L0305
IN202608240096,SKU0439,19,2026-08-24 10:18:00,2026-08-24 10:08:31,姚佳,L0305
IN202606010100,SKU0440,22,2026-06-01 08:53:00,2026-06-01 08:43:07,刘旭,L0697
IN202606060094,SKU0440,22,2026-06-06 09:13:00,2026-06-06 11:44:56,廖晨,L0697
IN202606110091,SKU0440,22,2026-06-11 09:33:00,2026-06-11 09:38:24,毛燕,L0697
IN202606160102,SKU0440,22,2026-06-16 11:38:00,2026-06-16 11:34:15,宋超,L0697
IN202606210096,SKU0440,22,2026-06-21 08:46:00,2026-06-21 08:42:51,毛燕,L0697
IN202606260102,SKU0440,22,2026-06-26 09:32:00,2026-06-26 09:48:46,李敏,L0697
IN202607010095,SKU0440,22,2026-07-01 11:44:00,2026-07-01 11:40:03,廖晨,L0697
IN202607060105,SKU0440,22,2026-07-06 11:18:00,2026-07-06 14:37:56,李帆,L0697
IN202607110083,SKU0440,22,2026-07-11 09:08:00,2026-07-11 09:09:08,王丹,L0697
IN202607160100,SKU0440,22,2026-07-16 08:58:00,2026-07-16 09:33:39,廖晨,L0697
IN202607210100,SKU0440,22,2026-07-21 09:49:00,2026-07-21 10:40:50,李帆,L0697
IN202607260105,SKU0440,22,2026-07-26 09:06:00,2026-07-26 09:12:08,郑婷婷,L0697
IN202607310094,SKU0440,22,2026-07-31 11:55:00,2026-07-31 12:00:26,刘旭,L0697
IN202608050095,SKU0440,22,2026-08-05 10:50:00,2026-08-05 10:42:53,李敏,L0697
IN202608100095,SKU0440,22,2026-08-10 10:12:00,2026-08-10 10:14:52,郑婷婷,L0697
IN202608150097,SKU0440,22,2026-08-15 11:33:00,2026-08-15 11:48:06,廖晨,L0697
IN202608200097,SKU0440,22,2026-08-20 11:34:00,2026-08-20 11:35:24,王丹,L0697
IN202608250104,SKU0440,22,2026-08-25 10:05:00,2026-08-25 10:07:05,姚佳,L0697
IN202606010101,SKU0441,37,2026-06-01 11:14:00,2026-06-01 11:18:20,姚佳,L0633
IN202606050083,SKU0441,37,2026-06-05 09:40:00,2026-06-05 09:32:24,徐萍,L0633
IN202606090097,SKU0441,37,2026-06-09 10:24:00,2026-06-09 10:33:32,李帆,L0633
IN202606130091,SKU0441,37,2026-06-13 09:07:00,2026-06-13 09:31:29,李敏,L0633
IN202606170078,SKU0441,37,2026-06-17 09:10:00,2026-06-17 09:26:25,毛燕,L0633
IN202606210097,SKU0441,37,2026-06-21 10:23:00,2026-06-21 11:27:04,刘旭,L0633
IN202606250093,SKU0441,37,2026-06-25 08:42:00,2026-06-25 09:05:51,刘旭,L0633
IN202606290092,SKU0441,37,2026-06-29 10:42:00,2026-06-29 13:21:30,姚佳,L0633
IN202607030095,SKU0441,37,2026-07-03 11:00:00,2026-07-03 10:52:16,徐萍,L0633
IN202607070090,SKU0441,37,2026-07-07 11:55:00,2026-07-07 15:00:08,王丹,L0633
IN202607110084,SKU0441,37,2026-07-11 11:00:00,2026-07-11 12:17:38,毛燕,L0633
IN202607150090,SKU0441,37,2026-07-15 08:09:00,2026-07-15 08:56:30,杨建军,L0633
IN202607190095,SKU0441,37,2026-07-19 10:14:00,2026-07-19 12:16:08,王丹,L0633
IN202607230088,SKU0441,37,2026-07-23 10:50:00,2026-07-23 13:35:58,王丹,L0633
IN202607270095,SKU0441,37,2026-07-27 10:08:00,2026-07-27 10:23:34,李帆,L0633
IN202607310095,SKU0441,37,2026-07-31 10:07:00,2026-07-31 10:25:03,姚佳,L0633
IN202608040085,SKU0441,37,2026-08-04 09:28:00,2026-08-04 09:46:01,毛燕,L0633
IN202608080092,SKU0441,37,2026-08-08 10:10:00,2026-08-08 10:02:37,徐萍,L0633
IN202608120092,SKU0441,37,2026-08-12 10:07:00,2026-08-12 10:08:04,刘旭,L0633
IN202608160081,SKU0441,37,2026-08-16 11:50:00,2026-08-16 12:07:21,卓雪,L0633
IN202608200098,SKU0441,37,2026-08-20 09:01:00,2026-08-20 08:55:08,毛燕,L0633
IN202608240097,SKU0441,37,2026-08-24 09:31:00,2026-08-24 12:40:03,刘旭,L0633
IN202608280086,SKU0441,37,2026-08-28 08:51:00,2026-08-28 09:04:31,李帆,L0633
IN202606050084,SKU0442,16,2026-06-05 11:52:00,2026-06-05 11:50:38,李帆,L0644
IN202606110092,SKU0442,16,2026-06-11 08:23:00,2026-06-11 08:17:40,毛燕,L0644
IN202606170079,SKU0442,16,2026-06-17 09:51:00,2026-06-17 10:07:52,姚佳,L0644
IN202606230091,SKU0442,16,2026-06-23 11:17:00,2026-06-23 11:34:46,刘旭,L0644
IN202606290093,SKU0442,16,2026-06-29 11:44:00,2026-06-29 12:00:52,李帆,L0644
IN202607050087,SKU0442,16,2026-07-05 11:14:00,2026-07-05 11:26:18,廖晨,L0644
IN202607110085,SKU0442,16,2026-07-11 08:58:00,2026-07-11 09:15:51,徐萍,L0644
IN202607170083,SKU0442,16,2026-07-17 08:50:00,2026-07-17 08:49:23,姚佳,L0644
IN202607230089,SKU0442,16,2026-07-23 09:39:00,2026-07-23 10:02:39,王丹,L0644
IN202607290087,SKU0442,16,2026-07-29 11:48:00,2026-07-29 12:08:19,廖晨,L0644
IN202608040086,SKU0442,16,2026-08-04 11:28:00,2026-08-04 11:19:04,刘旭,L0644
IN202608100096,SKU0442,16,2026-08-10 08:17:00,2026-08-10 08:08:56,刘旭,L0644
IN202608160082,SKU0442,16,2026-08-16 09:06:00,2026-08-16 09:00:56,廖晨,L0644
IN202608220086,SKU0442,16,2026-08-22 08:53:00,2026-08-22 11:46:36,李敏,L0644
IN202608280087,SKU0442,16,2026-08-28 11:34:00,2026-08-28 11:47:56,廖晨,L0644
IN202606030096,SKU0443,17,2026-06-03 08:11:00,2026-06-03 08:23:18,卓雪,L0302
IN202606100093,SKU0443,17,2026-06-10 10:33:00,2026-06-10 10:28:33,郑婷婷,L0302
IN202606170080,SKU0443,17,2026-06-17 10:03:00,2026-06-17 10:11:31,姚佳,L0302
IN202606240097,SKU0443,17,2026-06-24 08:44:00,2026-06-24 08:41:44,杨建军,L0302
IN202607010096,SKU0443,17,2026-07-01 11:33:00,2026-07-01 11:29:23,李敏,L0302
IN202607080100,SKU0443,17,2026-07-08 09:27:00,2026-07-08 09:24:01,刘旭,L0302
IN202607150091,SKU0443,17,2026-07-15 11:29:00,2026-07-15 11:51:46,王丹,L0302
IN202607220092,SKU0443,17,2026-07-22 08:11:00,2026-07-22 08:24:17,姚佳,L0302
IN202607290088,SKU0443,17,2026-07-29 10:39:00,2026-07-29 10:42:21,刘旭,L0302
IN202608050096,SKU0443,17,2026-08-05 11:30:00,2026-08-05 11:25:57,郑婷婷,L0302
IN202608120093,SKU0443,17,2026-08-12 08:37:00,2026-08-12 09:42:39,卓雪,L0302
IN202608190099,SKU0443,17,2026-08-19 10:32:00,2026-08-19 10:39:44,宋超,L0302
IN202608260090,SKU0443,17,2026-08-26 11:03:00,2026-08-26 12:20:37,姚佳,L0302
IN202606030097,SKU0444,16,2026-06-03 09:19:00,2026-06-03 09:58:58,李帆,L0155
IN202606080110,SKU0444,16,2026-06-08 10:05:00,2026-06-08 10:21:42,郑婷婷,L0155
IN202606130092,SKU0444,16,2026-06-13 11:52:00,2026-06-13 11:54:27,杨建军,L0155
IN202606180099,SKU0444,16,2026-06-18 08:51:00,2026-06-18 08:59:44,廖晨,L0155
IN202606230092,SKU0444,16,2026-06-23 08:59:00,2026-06-23 09:06:04,徐萍,L0155
IN202606280101,SKU0444,16,2026-06-28 08:17:00,2026-06-28 08:39:57,姚佳,L0155
IN202607030096,SKU0444,16,2026-07-03 09:50:00,2026-07-03 10:01:10,宋超,L0155
IN202607080101,SKU0444,16,2026-07-08 08:22:00,2026-07-08 08:22:48,杨建军,L0155
IN202607130103,SKU0444,16,2026-07-13 08:58:00,2026-07-13 08:59:42,王丹,L0155
IN202607180096,SKU0444,16,2026-07-18 10:23:00,2026-07-18 10:20:00,卓雪,L0155
IN202607230090,SKU0444,16,2026-07-23 09:40:00,2026-07-23 10:03:19,徐萍,L0155
IN202607280100,SKU0444,16,2026-07-28 11:26:00,2026-07-28 11:44:22,宋超,L0155
IN202608020099,SKU0444,16,2026-08-02 11:33:00,2026-08-02 11:43:37,姚佳,L0155
IN202608070104,SKU0444,16,2026-08-07 10:38:00,2026-08-07 12:30:22,李敏,L0155
IN202608120094,SKU0444,16,2026-08-12 11:25:00,2026-08-12 11:24:07,姚佳,L0155
IN202608170103,SKU0444,16,2026-08-17 08:03:00,2026-08-17 08:19:34,毛燕,L0155
IN202608220087,SKU0444,16,2026-08-22 08:35:00,2026-08-22 12:25:00,毛燕,L0155
IN202608270102,SKU0444,16,2026-08-27 11:53:00,2026-08-27 11:55:22,王丹,L0155
IN202606030098,SKU0445,15,2026-06-03 09:59:00,2026-06-03 10:11:24,王丹,L0689
IN202606070092,SKU0445,15,2026-06-07 08:08:00,2026-06-07 08:16:00,郑婷婷,L0689
IN202606110093,SKU0445,15,2026-06-11 10:44:00,2026-06-11 10:55:29,毛燕,L0689
IN202606150101,SKU0445,15,2026-06-15 11:44:00,2026-06-15 12:06:12,宋超,L0689
IN202606190097,SKU0445,15,2026-06-19 11:13:00,2026-06-19 11:19:06,卓雪,L0689
IN202606230093,SKU0445,15,2026-06-23 09:15:00,2026-06-23 09:16:34,王丹,L0689
IN202606270089,SKU0445,15,2026-06-27 08:23:00,2026-06-27 08:18:24,毛燕,L0689
IN202607010097,SKU0445,15,2026-07-01 10:00:00,2026-07-01 10:58:04,李敏,L0689
IN202607050088,SKU0445,15,2026-07-05 08:50:00,2026-07-05 09:12:39,李敏,L0689
IN202607090100,SKU0445,15,2026-07-09 10:52:00,2026-07-09 11:04:14,宋超,L0689
IN202607130104,SKU0445,15,2026-07-13 08:33:00,2026-07-13 08:48:59,李敏,L0689
IN202607170084,SKU0445,15,2026-07-17 08:03:00,2026-07-17 07:58:16,卓雪,L0689
IN202607210101,SKU0445,15,2026-07-21 10:08:00,2026-07-21 10:20:06,姚佳,L0689
IN202607250091,SKU0445,15,2026-07-25 10:50:00,2026-07-25 10:50:27,李帆,L0689
IN202607290089,SKU0445,15,2026-07-29 09:30:00,2026-07-29 09:40:30,宋超,L0689
IN202608020100,SKU0445,15,2026-08-02 10:13:00,2026-08-02 10:08:16,卓雪,L0689
IN202608060093,SKU0445,15,2026-08-06 09:34:00,2026-08-06 09:31:35,李敏,L0689
IN202608100097,SKU0445,15,2026-08-10 10:58:00,2026-08-10 11:04:00,刘旭,L0689
IN202608140095,SKU0445,15,2026-08-14 10:50:00,2026-08-14 11:11:33,廖晨,L0689
IN202608180099,SKU0445,15,2026-08-18 10:00:00,2026-08-18 10:00:12,毛燕,L0689
IN202608220088,SKU0445,15,2026-08-22 08:56:00,2026-08-22 09:06:02,卓雪,L0689
IN202608260091,SKU0445,15,2026-08-26 09:29:00,2026-08-26 09:27:17,李敏,L0689
IN202606020098,SKU0446,12,2026-06-02 11:41:00,2026-06-02 11:48:56,刘旭,L0402
IN202606070093,SKU0446,12,2026-06-07 08:07:00,2026-06-07 08:18:49,徐萍,L0402
IN202606120093,SKU0446,12,2026-06-12 11:06:00,2026-06-12 11:28:10,廖晨,L0402
IN202606170081,SKU0446,12,2026-06-17 08:19:00,2026-06-17 08:16:47,毛燕,L0402
IN202606220098,SKU0446,12,2026-06-22 11:41:00,2026-06-22 11:45:25,卓雪,L0402
IN202606270090,SKU0446,12,2026-06-27 10:15:00,2026-06-27 10:34:17,徐萍,L0402
IN202607020100,SKU0446,12,2026-07-02 09:39:00,2026-07-02 09:45:31,李帆,L0402
IN202607070091,SKU0446,12,2026-07-07 08:58:00,2026-07-07 09:09:42,徐萍,L0402
IN202607120092,SKU0446,12,2026-07-12 09:43:00,2026-07-12 10:03:08,郑婷婷,L0402
IN202607170085,SKU0446,12,2026-07-17 09:34:00,2026-07-17 09:26:39,宋超,L0402
IN202607220093,SKU0446,12,2026-07-22 09:20:00,2026-07-22 09:18:52,王丹,L0402
IN202607270096,SKU0446,12,2026-07-27 11:49:00,2026-07-27 11:53:20,李帆,L0402
IN202608010093,SKU0446,12,2026-08-01 08:31:00,2026-08-01 08:37:52,徐萍,L0402
IN202608060094,SKU0446,12,2026-08-06 11:06:00,2026-08-06 11:14:03,杨建军,L0402
IN202608110095,SKU0446,12,2026-08-11 11:31:00,2026-08-11 11:43:04,王丹,L0402
IN202608160083,SKU0446,12,2026-08-16 11:06:00,2026-08-16 11:15:28,王丹,L0402
IN202608210092,SKU0446,12,2026-08-21 10:48:00,2026-08-21 10:55:34,廖晨,L0402
IN202608260092,SKU0446,12,2026-08-26 11:30:00,2026-08-26 12:08:31,李帆,L0402
IN202606020099,SKU0447,20,2026-06-02 09:33:00,2026-06-02 09:23:18,郑婷婷,L0584
IN202606060095,SKU0447,20,2026-06-06 10:08:00,2026-06-06 10:15:49,李帆,L0584
IN202606100094,SKU0447,20,2026-06-10 11:09:00,2026-06-10 11:11:06,杨建军,L0584
IN202606140103,SKU0447,20,2026-06-14 09:46:00,2026-06-14 10:07:58,杨建军,L0584
IN202606180100,SKU0447,20,2026-06-18 10:53:00,2026-06-18 11:08:54,徐萍,L0584
IN202606220099,SKU0447,20,2026-06-22 09:43:00,2026-06-22 09:36:57,李敏,L0584
IN202606260103,SKU0447,20,2026-06-26 09:35:00,2026-06-26 09:35:34,姚佳,L0584
IN202606300096,SKU0447,20,2026-06-30 08:59:00,2026-06-30 09:09:40,王丹,L0584
IN202607040095,SKU0447,20,2026-07-04 09:07:00,2026-07-04 09:13:27,毛燕,L0584
IN202607080102,SKU0447,20,2026-07-08 10:57:00,2026-07-08 11:10:48,李敏,L0584
IN202607120093,SKU0447,20,2026-07-12 09:44:00,2026-07-12 09:54:40,李帆,L0584
IN202607160101,SKU0447,20,2026-07-16 09:44:00,2026-07-16 09:49:28,姚佳,L0584
IN202607200105,SKU0447,20,2026-07-20 11:43:00,2026-07-20 11:49:02,李帆,L0584
IN202607240097,SKU0447,20,2026-07-24 10:54:00,2026-07-24 11:09:52,徐萍,L0584
IN202607280101,SKU0447,20,2026-07-28 10:55:00,2026-07-28 10:50:26,徐萍,L0584
IN202608010094,SKU0447,20,2026-08-01 09:17:00,2026-08-01 10:18:24,毛燕,L0584
IN202608050097,SKU0447,20,2026-08-05 09:58:00,2026-08-05 10:11:13,毛燕,L0584
IN202608090096,SKU0447,20,2026-08-09 08:25:00,2026-08-09 08:46:22,杨建军,L0584
IN202608130104,SKU0447,20,2026-08-13 11:04:00,2026-08-13 10:54:46,卓雪,L0584
IN202608170104,SKU0447,20,2026-08-17 11:26:00,2026-08-17 11:39:34,毛燕,L0584
IN202608210093,SKU0447,20,2026-08-21 09:05:00,2026-08-21 09:22:57,卓雪,L0584
IN202608250105,SKU0447,20,2026-08-25 08:06:00,2026-08-25 08:21:22,徐萍,L0584
IN202608290091,SKU0447,20,2026-08-29 10:48:00,2026-08-29 11:12:29,卓雪,L0584
IN202606030099,SKU0448,10,2026-06-03 09:01:00,2026-06-03 09:17:41,刘旭,L0564
IN202606060096,SKU0448,10,2026-06-06 11:05:00,2026-06-06 11:10:30,李敏,L0564
IN202606090098,SKU0448,10,2026-06-09 10:24:00,2026-06-09 10:32:20,李敏,L0564
IN202606120094,SKU0448,10,2026-06-12 08:33:00,2026-06-12 08:39:32,徐萍,L0564
IN202606150102,SKU0448,10,2026-06-15 11:58:00,2026-06-15 15:41:30,刘旭,L0564
IN202606180101,SKU0448,10,2026-06-18 08:19:00,2026-06-18 08:28:11,李敏,L0564
IN202606210098,SKU0448,10,2026-06-21 08:55:00,2026-06-21 09:12:47,宋超,L0564
IN202606240098,SKU0448,10,2026-06-24 08:35:00,2026-06-24 08:49:14,刘旭,L0564
IN202606270091,SKU0448,10,2026-06-27 09:40:00,2026-06-27 12:09:29,杨建军,L0564
IN202606300097,SKU0448,10,2026-06-30 08:55:00,2026-06-30 08:54:36,郑婷婷,L0564
IN202607030097,SKU0448,10,2026-07-03 10:21:00,2026-07-03 10:40:17,姚佳,L0564
IN202607060106,SKU0448,10,2026-07-06 11:58:00,2026-07-06 12:08:47,毛燕,L0564
IN202607090101,SKU0448,10,2026-07-09 08:43:00,2026-07-09 08:56:47,毛燕,L0564
IN202607120094,SKU0448,10,2026-07-12 10:15:00,2026-07-12 10:29:50,王丹,L0564
IN202607150092,SKU0448,10,2026-07-15 11:38:00,2026-07-15 11:36:56,卓雪,L0564
IN202607180097,SKU0448,10,2026-07-18 08:44:00,2026-07-18 08:42:13,王丹,L0564
IN202607210102,SKU0448,10,2026-07-21 11:22:00,2026-07-21 11:43:58,卓雪,L0564
IN202607240098,SKU0448,10,2026-07-24 10:59:00,2026-07-24 10:55:57,毛燕,L0564
IN202607270097,SKU0448,10,2026-07-27 10:33:00,2026-07-27 10:54:55,徐萍,L0564
IN202607300098,SKU0448,10,2026-07-30 11:33:00,2026-07-30 11:37:47,王丹,L0564
IN202608020101,SKU0448,10,2026-08-02 08:31:00,2026-08-02 08:47:08,卓雪,L0564
IN202608050098,SKU0448,10,2026-08-05 11:18:00,2026-08-05 11:14:13,毛燕,L0564
IN202608080093,SKU0448,10,2026-08-08 10:36:00,2026-08-08 10:51:49,徐萍,L0564
IN202608110096,SKU0448,10,2026-08-11 08:29:00,2026-08-11 08:29:17,徐萍,L0564
IN202608140096,SKU0448,10,2026-08-14 11:58:00,2026-08-14 12:54:23,郑婷婷,L0564
IN202608170105,SKU0448,10,2026-08-17 09:38:00,2026-08-17 09:33:40,郑婷婷,L0564
IN202608200099,SKU0448,10,2026-08-20 09:40:00,2026-08-20 09:35:24,王丹,L0564
IN202608230100,SKU0448,10,2026-08-23 11:13:00,2026-08-23 11:21:17,徐萍,L0564
IN202608260093,SKU0448,10,2026-08-26 10:03:00,2026-08-26 10:08:36,王丹,L0564
IN202608290092,SKU0448,10,2026-08-29 11:02:00,2026-08-29 11:37:01,郑婷婷,L0564
IN202606020100,SKU0449,9,2026-06-02 09:02:00,2026-06-02 09:19:17,王丹,L0283
IN202606050085,SKU0449,9,2026-06-05 08:07:00,2026-06-05 08:29:31,杨建军,L0283
IN202606080111,SKU0449,9,2026-06-08 11:18:00,2026-06-08 11:11:24,廖晨,L0283
IN202606110094,SKU0449,9,2026-06-11 08:44:00,2026-06-11 09:04:14,王丹,L0283
IN202606140104,SKU0449,9,2026-06-14 09:58:00,2026-06-14 09:48:38,徐萍,L0283
IN202606170082,SKU0449,9,2026-06-17 08:22:00,2026-06-17 08:13:28,郑婷婷,L0283
IN202606200098,SKU0449,9,2026-06-20 10:45:00,2026-06-20 11:09:23,郑婷婷,L0283
IN202606230094,SKU0449,9,2026-06-23 08:07:00,2026-06-23 08:01:42,卓雪,L0283
IN202606260104,SKU0449,9,2026-06-26 10:06:00,2026-06-26 10:10:29,宋超,L0283
IN202606290094,SKU0449,9,2026-06-29 09:10:00,2026-06-29 09:03:18,卓雪,L0283
IN202607020101,SKU0449,9,2026-07-02 11:39:00,2026-07-02 11:44:33,毛燕,L0283
IN202607050089,SKU0449,9,2026-07-05 10:27:00,2026-07-05 10:18:48,徐萍,L0283
IN202607080103,SKU0449,9,2026-07-08 10:37:00,2026-07-08 10:39:33,郑婷婷,L0283
IN202607110086,SKU0449,9,2026-07-11 11:16:00,2026-07-11 11:38:31,徐萍,L0283
IN202607140106,SKU0449,9,2026-07-14 08:10:00,2026-07-14 08:27:04,姚佳,L0283
IN202607170086,SKU0449,9,2026-07-17 11:17:00,2026-07-17 13:56:21,毛燕,L0283
IN202607200106,SKU0449,9,2026-07-20 08:54:00,2026-07-20 08:57:49,毛燕,L0283
IN202607230091,SKU0449,9,2026-07-23 09:34:00,2026-07-23 09:26:07,宋超,L0283
IN202607260106,SKU0449,9,2026-07-26 08:29:00,2026-07-26 08:19:35,李帆,L0283
IN202607290090,SKU0449,9,2026-07-29 11:08:00,2026-07-29 11:20:57,毛燕,L0283
IN202608010095,SKU0449,9,2026-08-01 10:08:00,2026-08-01 09:58:08,宋超,L0283
IN202608040087,SKU0449,9,2026-08-04 10:54:00,2026-08-04 14:41:38,廖晨,L0283
IN202608070105,SKU0449,9,2026-08-07 08:00:00,2026-08-07 07:54:38,廖晨,L0283
IN202608100098,SKU0449,9,2026-08-10 11:20:00,2026-08-10 11:29:52,毛燕,L0283
IN202608130105,SKU0449,9,2026-08-13 08:12:00,2026-08-13 08:07:12,毛燕,L0283
IN202608160084,SKU0449,9,2026-08-16 10:51:00,2026-08-16 11:30:29,宋超,L0283
IN202608190100,SKU0449,9,2026-08-19 10:30:00,2026-08-19 10:53:57,刘旭,L0283
IN202608220089,SKU0449,9,2026-08-22 10:58:00,2026-08-22 11:18:35,廖晨,L0283
IN202608250106,SKU0449,9,2026-08-25 08:54:00,2026-08-25 08:48:57,廖晨,L0283
IN202608280088,SKU0449,9,2026-08-28 11:19:00,2026-08-28 11:18:19,郑婷婷,L0283
IN202606040102,SKU0450,17,2026-06-04 11:53:00,2026-06-04 12:04:18,刘旭,L0643
IN202606110095,SKU0450,17,2026-06-11 10:50:00,2026-06-11 12:54:36,姚佳,L0643
IN202606180102,SKU0450,17,2026-06-18 08:02:00,2026-06-18 08:04:23,毛燕,L0643
IN202606250094,SKU0450,17,2026-06-25 10:42:00,2026-06-25 10:34:16,杨建军,L0643
IN202607020102,SKU0450,17,2026-07-02 11:18:00,2026-07-02 11:18:01,宋超,L0643
IN202607090102,SKU0450,17,2026-07-09 08:38:00,2026-07-09 08:28:56,姚佳,L0643
IN202607160102,SKU0450,17,2026-07-16 10:07:00,2026-07-16 13:57:34,李敏,L0643
IN202607230092,SKU0450,17,2026-07-23 11:28:00,2026-07-23 11:33:22,卓雪,L0643
IN202607300099,SKU0450,17,2026-07-30 10:12:00,2026-07-30 10:24:19,刘旭,L0643
IN202608060095,SKU0450,17,2026-08-06 08:34:00,2026-08-06 08:35:18,王丹,L0643
IN202608130106,SKU0450,17,2026-08-13 08:38:00,2026-08-13 08:43:45,廖晨,L0643
IN202608200100,SKU0450,17,2026-08-20 09:49:00,2026-08-20 09:50:44,廖晨,L0643
IN202608270103,SKU0450,17,2026-08-27 10:05:00,2026-08-27 10:25:43,刘旭,L0643
IN202606020101,SKU0451,36,2026-06-02 11:25:00,2026-06-02 11:21:34,卓雪,L0706
IN202606070094,SKU0451,36,2026-06-07 09:58:00,2026-06-07 10:01:53,郑婷婷,L0706
IN202606120095,SKU0451,36,2026-06-12 10:20:00,2026-06-12 10:27:42,刘旭,L0706
IN202606170083,SKU0451,36,2026-06-17 11:26:00,2026-06-17 11:30:34,杨建军,L0706
IN202606220100,SKU0451,36,2026-06-22 08:59:00,2026-06-22 10:33:54,王丹,L0706
IN202606270092,SKU0451,36,2026-06-27 11:03:00,2026-06-27 11:17:34,郑婷婷,L0706
IN202607020103,SKU0451,36,2026-07-02 08:18:00,2026-07-02 09:59:53,廖晨,L0706
IN202607070092,SKU0451,36,2026-07-07 08:43:00,2026-07-07 11:13:59,徐萍,L0706
IN202607120095,SKU0451,36,2026-07-12 09:38:00,2026-07-12 09:38:46,毛燕,L0706
IN202607170087,SKU0451,36,2026-07-17 08:44:00,2026-07-17 08:52:58,郑婷婷,L0706
IN202607220094,SKU0451,36,2026-07-22 10:05:00,2026-07-22 10:24:08,李帆,L0706
IN202607270098,SKU0451,36,2026-07-27 08:55:00,2026-07-27 08:56:00,王丹,L0706
IN202608010096,SKU0451,36,2026-08-01 09:54:00,2026-08-01 10:03:01,宋超,L0706
IN202608060096,SKU0451,36,2026-08-06 08:49:00,2026-08-06 09:58:22,王丹,L0706
IN202608110097,SKU0451,36,2026-08-11 08:35:00,2026-08-11 08:39:13,毛燕,L0706
IN202608160085,SKU0451,36,2026-08-16 08:19:00,2026-08-16 08:14:25,王丹,L0706
IN202608210094,SKU0451,36,2026-08-21 09:00:00,2026-08-21 08:56:32,廖晨,L0706
IN202608260094,SKU0451,36,2026-08-26 08:17:00,2026-08-26 08:28:12,宋超,L0706
IN202606030100,SKU0452,19,2026-06-03 11:33:00,2026-06-03 11:32:12,郑婷婷,L0351
IN202606080112,SKU0452,19,2026-06-08 09:54:00,2026-06-08 10:10:22,徐萍,L0351
IN202606130093,SKU0452,19,2026-06-13 08:26:00,2026-06-13 10:17:18,徐萍,L0351
IN202606180103,SKU0452,19,2026-06-18 11:56:00,2026-06-18 11:47:45,王丹,L0351
IN202606230095,SKU0452,19,2026-06-23 10:25:00,2026-06-23 10:29:16,徐萍,L0351
IN202606280102,SKU0452,19,2026-06-28 10:48:00,2026-06-28 10:58:55,徐萍,L0351
IN202607030098,SKU0452,19,2026-07-03 10:31:00,2026-07-03 10:52:11,廖晨,L0351
IN202607080104,SKU0452,19,2026-07-08 08:30:00,2026-07-08 08:43:38,姚佳,L0351
IN202607130105,SKU0452,19,2026-07-13 09:28:00,2026-07-13 09:48:06,郑婷婷,L0351
IN202607180098,SKU0452,19,2026-07-18 08:13:00,2026-07-18 11:56:15,李帆,L0351
IN202607230093,SKU0452,19,2026-07-23 11:55:00,2026-07-23 11:54:42,姚佳,L0351
IN202607280102,SKU0452,19,2026-07-28 08:18:00,2026-07-28 08:41:54,杨建军,L0351
IN202608020102,SKU0452,19,2026-08-02 09:11:00,2026-08-02 09:19:22,李帆,L0351
IN202608070106,SKU0452,19,2026-08-07 09:38:00,2026-08-07 09:54:39,李敏,L0351
IN202608120095,SKU0452,19,2026-08-12 10:09:00,2026-08-12 10:03:05,李敏,L0351
IN202608170106,SKU0452,19,2026-08-17 10:12:00,2026-08-17 10:04:39,姚佳,L0351
IN202608220090,SKU0452,19,2026-08-22 09:11:00,2026-08-22 09:33:47,徐萍,L0351
IN202608270104,SKU0452,19,2026-08-27 08:14:00,2026-08-27 08:21:12,李帆,L0351
IN202606050086,SKU0453,16,2026-06-05 11:06:00,2026-06-05 10:57:45,李帆,L0270
IN202606100095,SKU0453,16,2026-06-10 10:00:00,2026-06-10 11:26:12,刘旭,L0270
IN202606150103,SKU0453,16,2026-06-15 11:17:00,2026-06-15 11:41:51,杨建军,L0270
IN202606200099,SKU0453,16,2026-06-20 09:03:00,2026-06-20 11:26:04,李帆,L0270
IN202606250095,SKU0453,16,2026-06-25 10:49:00,2026-06-25 11:10:43,李帆,L0270
IN202606300098,SKU0453,16,2026-06-30 10:04:00,2026-06-30 11:48:20,李帆,L0270
IN202607050090,SKU0453,16,2026-07-05 09:58:00,2026-07-05 10:17:19,杨建军,L0270
IN202607100097,SKU0453,16,2026-07-10 08:48:00,2026-07-10 08:59:17,徐萍,L0270
IN202607150093,SKU0453,16,2026-07-15 08:47:00,2026-07-15 09:01:18,毛燕,L0270
IN202607200107,SKU0453,16,2026-07-20 09:12:00,2026-07-20 09:26:03,徐萍,L0270
IN202607250092,SKU0453,16,2026-07-25 08:04:00,2026-07-25 08:16:37,廖晨,L0270
IN202607300100,SKU0453,16,2026-07-30 11:51:00,2026-07-30 14:59:23,宋超,L0270
IN202608040088,SKU0453,16,2026-08-04 11:59:00,2026-08-04 12:10:06,王丹,L0270
IN202608090097,SKU0453,16,2026-08-09 10:29:00,2026-08-09 10:53:03,刘旭,L0270
IN202608140097,SKU0453,16,2026-08-14 09:38:00,2026-08-14 09:56:55,李帆,L0270
IN202608190101,SKU0453,16,2026-08-19 11:17:00,2026-08-19 15:12:40,李敏,L0270
IN202608240098,SKU0453,16,2026-08-24 11:27:00,2026-08-24 11:30:29,毛燕,L0270
IN202608290093,SKU0453,16,2026-08-29 08:17:00,2026-08-29 08:24:02,姚佳,L0270
IN202606020102,SKU0454,13,2026-06-02 08:27:00,2026-06-02 08:51:24,徐萍,L0445
IN202606070095,SKU0454,13,2026-06-07 11:21:00,2026-06-07 11:34:09,李帆,L0445
IN202606120096,SKU0454,13,2026-06-12 10:01:00,2026-06-12 10:21:13,姚佳,L0445
IN202606170084,SKU0454,13,2026-06-17 11:48:00,2026-06-17 11:52:40,宋超,L0445
IN202606220101,SKU0454,13,2026-06-22 11:54:00,2026-06-22 11:45:24,廖晨,L0445
IN202606270093,SKU0454,13,2026-06-27 10:49:00,2026-06-27 10:47:42,王丹,L0445
IN202607020104,SKU0454,13,2026-07-02 09:59:00,2026-07-02 10:04:35,李帆,L0445
IN202607070093,SKU0454,13,2026-07-07 08:52:00,2026-07-07 08:44:33,王丹,L0445
IN202607120096,SKU0454,13,2026-07-12 10:29:00,2026-07-12 10:52:28,郑婷婷,L0445
IN202607170088,SKU0454,13,2026-07-17 11:46:00,2026-07-17 11:37:27,姚佳,L0445
IN202607220095,SKU0454,13,2026-07-22 09:06:00,2026-07-22 08:57:22,王丹,L0445
IN202607270099,SKU0454,13,2026-07-27 09:17:00,2026-07-27 09:27:19,王丹,L0445
IN202608010097,SKU0454,13,2026-08-01 11:43:00,2026-08-01 11:34:40,卓雪,L0445
IN202608060097,SKU0454,13,2026-08-06 09:25:00,2026-08-06 09:30:06,廖晨,L0445
IN202608110098,SKU0454,13,2026-08-11 09:17:00,2026-08-11 09:24:15,毛燕,L0445
IN202608160086,SKU0454,13,2026-08-16 08:36:00,2026-08-16 08:27:37,廖晨,L0445
IN202608210095,SKU0454,13,2026-08-21 11:01:00,2026-08-21 10:55:13,毛燕,L0445
IN202608260095,SKU0454,13,2026-08-26 10:19:00,2026-08-26 10:42:40,杨建军,L0445
IN202606050087,SKU0455,113,2026-06-05 11:42:00,2026-06-05 11:51:18,卓雪,L0639
IN202606120097,SKU0455,113,2026-06-12 09:39:00,2026-06-12 10:59:01,郑婷婷,L0639
IN202606190098,SKU0455,113,2026-06-19 11:28:00,2026-06-19 11:21:40,李敏,L0639
IN202606260105,SKU0455,113,2026-06-26 08:24:00,2026-06-26 08:22:23,王丹,L0639
IN202607030099,SKU0455,113,2026-07-03 11:03:00,2026-07-03 14:04:44,卓雪,L0639
IN202607100098,SKU0455,113,2026-07-10 08:10:00,2026-07-10 08:32:07,毛燕,L0639
IN202607170089,SKU0455,113,2026-07-17 10:08:00,2026-07-17 10:17:41,姚佳,L0639
IN202607240099,SKU0455,113,2026-07-24 11:43:00,2026-07-24 12:00:57,李敏,L0639
IN202607310096,SKU0455,113,2026-07-31 10:26:00,2026-07-31 10:33:30,郑婷婷,L0639
IN202608070107,SKU0455,113,2026-08-07 09:31:00,2026-08-07 09:54:28,毛燕,L0639
IN202608140098,SKU0455,113,2026-08-14 09:20:00,2026-08-14 09:16:14,廖晨,L0639
IN202608210096,SKU0455,113,2026-08-21 10:27:00,2026-08-21 11:15:06,李帆,L0639
IN202608280089,SKU0455,113,2026-08-28 09:11:00,2026-08-28 09:13:36,姚佳,L0639
IN202606040103,SKU0456,31,2026-06-04 11:48:00,2026-06-04 14:35:08,廖晨,L0517
IN202606080113,SKU0456,31,2026-06-08 11:38:00,2026-06-08 12:01:44,廖晨,L0517
IN202606120098,SKU0456,31,2026-06-12 10:41:00,2026-06-12 10:37:59,杨建军,L0517
IN202606160103,SKU0456,31,2026-06-16 10:14:00,2026-06-16 10:08:12,宋超,L0517
IN202606200100,SKU0456,31,2026-06-20 11:04:00,2026-06-20 13:03:45,徐萍,L0517
IN202606240099,SKU0456,31,2026-06-24 08:34:00,2026-06-24 10:54:04,李帆,L0517
IN202606280103,SKU0456,31,2026-06-28 09:41:00,2026-06-28 13:25:44,王丹,L0517
IN202607020105,SKU0456,31,2026-07-02 11:31:00,2026-07-02 11:23:18,宋超,L0517
IN202607060107,SKU0456,31,2026-07-06 08:06:00,2026-07-06 08:16:05,李敏,L0517
IN202607100099,SKU0456,31,2026-07-10 10:10:00,2026-07-10 10:28:19,徐萍,L0517
IN202607140107,SKU0456,31,2026-07-14 10:26:00,2026-07-14 10:37:50,郑婷婷,L0517
IN202607180099,SKU0456,31,2026-07-18 08:36:00,2026-07-18 08:34:48,毛燕,L0517
IN202607220096,SKU0456,31,2026-07-22 09:39:00,2026-07-22 09:42:51,宋超,L0517
IN202607260107,SKU0456,31,2026-07-26 11:55:00,2026-07-26 12:18:11,卓雪,L0517
IN202607300101,SKU0456,31,2026-07-30 09:16:00,2026-07-30 10:39:46,宋超,L0517
IN202608030106,SKU0456,31,2026-08-03 08:37:00,2026-08-03 08:34:01,王丹,L0517
IN202608070108,SKU0456,31,2026-08-07 09:03:00,2026-08-07 09:08:00,刘旭,L0517
IN202608110099,SKU0456,31,2026-08-11 08:37:00,2026-08-11 11:41:31,宋超,L0517
IN202608150098,SKU0456,31,2026-08-15 09:50:00,2026-08-15 09:48:25,卓雪,L0517
IN202608190102,SKU0456,31,2026-08-19 09:56:00,2026-08-19 10:13:00,王丹,L0517
IN202608230101,SKU0456,31,2026-08-23 10:42:00,2026-08-23 10:57:52,郑婷婷,L0517
IN202608270105,SKU0456,31,2026-08-27 10:45:00,2026-08-27 10:40:46,刘旭,L0517
IN202606040104,SKU0457,12,2026-06-04 09:47:00,2026-06-04 10:00:21,李敏,L0449
IN202606080114,SKU0457,12,2026-06-08 10:16:00,2026-06-08 10:28:09,杨建军,L0449
IN202606120099,SKU0457,12,2026-06-12 08:54:00,2026-06-12 09:11:16,李敏,L0449
IN202606160104,SKU0457,12,2026-06-16 08:23:00,2026-06-16 08:22:48,姚佳,L0449
IN202606200101,SKU0457,12,2026-06-20 11:41:00,2026-06-20 11:34:41,杨建军,L0449
IN202606240100,SKU0457,12,2026-06-24 10:09:00,2026-06-24 13:26:26,杨建军,L0449
IN202606280104,SKU0457,12,2026-06-28 08:51:00,2026-06-28 08:56:13,郑婷婷,L0449
IN202607020106,SKU0457,12,2026-07-02 11:46:00,2026-07-02 15:35:44,郑婷婷,L0449
IN202607060108,SKU0457,12,2026-07-06 08:34:00,2026-07-06 08:42:17,宋超,L0449
IN202607100100,SKU0457,12,2026-07-10 11:34:00,2026-07-10 11:41:41,宋超,L0449
IN202607140108,SKU0457,12,2026-07-14 11:47:00,2026-07-14 11:58:03,宋超,L0449
IN202607180100,SKU0457,12,2026-07-18 11:09:00,2026-07-18 14:41:36,宋超,L0449
IN202607220097,SKU0457,12,2026-07-22 11:12:00,2026-07-22 11:17:47,廖晨,L0449
IN202607260108,SKU0457,12,2026-07-26 11:04:00,2026-07-26 10:54:07,李帆,L0449
IN202607300102,SKU0457,12,2026-07-30 10:02:00,2026-07-30 10:20:20,卓雪,L0449
IN202608030107,SKU0457,12,2026-08-03 08:40:00,2026-08-03 09:55:14,王丹,L0449
IN202608070109,SKU0457,12,2026-08-07 11:29:00,2026-08-07 11:47:43,卓雪,L0449
IN202608110100,SKU0457,12,2026-08-11 10:20:00,2026-08-11 10:43:57,宋超,L0449
IN202608150099,SKU0457,12,2026-08-15 09:41:00,2026-08-15 09:35:16,王丹,L0449
IN202608190103,SKU0457,12,2026-08-19 10:25:00,2026-08-19 10:31:12,宋超,L0449
IN202608230102,SKU0457,12,2026-08-23 09:33:00,2026-08-23 09:54:23,刘旭,L0449
IN202608270106,SKU0457,12,2026-08-27 10:05:00,2026-08-27 10:12:00,郑婷婷,L0449
IN202606020103,SKU0458,9,2026-06-02 08:11:00,2026-06-02 08:20:08,卓雪,L0003
IN202606050088,SKU0458,9,2026-06-05 11:07:00,2026-06-05 11:04:10,廖晨,L0003
IN202606080115,SKU0458,9,2026-06-08 09:52:00,2026-06-08 10:14:53,杨建军,L0003
IN202606110096,SKU0458,9,2026-06-11 10:07:00,2026-06-11 10:24:56,徐萍,L0003
IN202606140105,SKU0458,9,2026-06-14 11:31:00,2026-06-14 11:53:47,廖晨,L0003
IN202606170085,SKU0458,9,2026-06-17 08:04:00,2026-06-17 08:06:07,李敏,L0003
IN202606200102,SKU0458,9,2026-06-20 11:46:00,2026-06-20 12:02:04,卓雪,L0003
IN202606230096,SKU0458,9,2026-06-23 08:37:00,2026-06-23 11:09:33,王丹,L0003
IN202606260106,SKU0458,9,2026-06-26 08:26:00,2026-06-26 08:40:27,徐萍,L0003
IN202606290095,SKU0458,9,2026-06-29 08:21:00,2026-06-29 10:13:39,宋超,L0003
IN202607020107,SKU0458,9,2026-07-02 11:34:00,2026-07-02 11:26:56,杨建军,L0003
IN202607050091,SKU0458,9,2026-07-05 11:21:00,2026-07-05 14:06:39,毛燕,L0003
IN202607080105,SKU0458,9,2026-07-08 11:38:00,2026-07-08 11:28:00,郑婷婷,L0003
IN202607110087,SKU0458,9,2026-07-11 09:29:00,2026-07-11 09:28:55,刘旭,L0003
IN202607140109,SKU0458,9,2026-07-14 10:09:00,2026-07-14 10:02:01,郑婷婷,L0003
IN202607170090,SKU0458,9,2026-07-17 09:45:00,2026-07-17 09:50:07,姚佳,L0003
IN202607200108,SKU0458,9,2026-07-20 11:06:00,2026-07-20 11:13:50,廖晨,L0003
IN202607230094,SKU0458,9,2026-07-23 11:52:00,2026-07-23 12:38:10,卓雪,L0003
IN202607260109,SKU0458,9,2026-07-26 08:37:00,2026-07-26 08:32:15,徐萍,L0003
IN202607290091,SKU0458,9,2026-07-29 10:46:00,2026-07-29 11:05:11,毛燕,L0003
IN202608010098,SKU0458,9,2026-08-01 10:29:00,2026-08-01 10:19:30,李敏,L0003
IN202608040089,SKU0458,9,2026-08-04 10:45:00,2026-08-04 13:42:13,毛燕,L0003
IN202608070110,SKU0458,9,2026-08-07 10:40:00,2026-08-07 11:00:58,卓雪,L0003
IN202608100099,SKU0458,9,2026-08-10 08:18:00,2026-08-10 08:10:18,宋超,L0003
IN202608130107,SKU0458,9,2026-08-13 11:41:00,2026-08-13 12:00:19,徐萍,L0003
IN202608160087,SKU0458,9,2026-08-16 10:22:00,2026-08-16 10:13:41,毛燕,L0003
IN202608190104,SKU0458,9,2026-08-19 08:45:00,2026-08-19 11:41:14,廖晨,L0003
IN202608220091,SKU0458,9,2026-08-22 10:59:00,2026-08-22 11:14:26,卓雪,L0003
IN202608250107,SKU0458,9,2026-08-25 09:52:00,2026-08-25 10:08:59,李帆,L0003
IN202608280090,SKU0458,9,2026-08-28 10:39:00,2026-08-28 10:44:14,姚佳,L0003
IN202606020104,SKU0459,62,2026-06-02 08:59:00,2026-06-02 09:14:44,李帆,L0716
IN202606050089,SKU0459,62,2026-06-05 11:57:00,2026-06-05 12:17:32,刘旭,L0716
IN202606080116,SKU0459,62,2026-06-08 08:02:00,2026-06-08 08:05:47,杨建军,L0716
IN202606110097,SKU0459,62,2026-06-11 08:28:00,2026-06-11 08:22:04,李敏,L0716
IN202606140106,SKU0459,62,2026-06-14 09:26:00,2026-06-14 09:37:03,毛燕,L0716
IN202606170086,SKU0459,62,2026-06-17 11:25:00,2026-06-17 11:46:18,刘旭,L0716
IN202606200103,SKU0459,62,2026-06-20 09:23:00,2026-06-20 09:25:59,毛燕,L0716
IN202606230097,SKU0459,62,2026-06-23 11:41:00,2026-06-23 14:09:38,王丹,L0716
IN202606260107,SKU0459,62,2026-06-26 11:24:00,2026-06-26 11:44:13,宋超,L0716
IN202606290096,SKU0459,62,2026-06-29 11:42:00,2026-06-29 14:51:37,杨建军,L0716
IN202607020108,SKU0459,62,2026-07-02 09:36:00,2026-07-02 09:47:34,郑婷婷,L0716
IN202607050092,SKU0459,62,2026-07-05 09:22:00,2026-07-05 09:39:14,宋超,L0716
IN202607080106,SKU0459,62,2026-07-08 08:01:00,2026-07-08 09:32:07,郑婷婷,L0716
IN202607110088,SKU0459,62,2026-07-11 11:48:00,2026-07-11 12:04:02,刘旭,L0716
IN202607140110,SKU0459,62,2026-07-14 09:22:00,2026-07-14 09:41:49,姚佳,L0716
IN202607170091,SKU0459,62,2026-07-17 10:27:00,2026-07-17 13:39:45,李敏,L0716
IN202607200109,SKU0459,62,2026-07-20 11:04:00,2026-07-20 11:20:26,毛燕,L0716
IN202607230095,SKU0459,62,2026-07-23 10:27:00,2026-07-23 10:48:52,刘旭,L0716
IN202607260110,SKU0459,62,2026-07-26 11:18:00,2026-07-26 11:31:35,刘旭,L0716
IN202607290092,SKU0459,62,2026-07-29 11:13:00,2026-07-29 11:08:38,李帆,L0716
IN202608010099,SKU0459,62,2026-08-01 08:51:00,2026-08-01 11:11:16,杨建军,L0716
IN202608040090,SKU0459,62,2026-08-04 11:57:00,2026-08-04 12:07:04,李帆,L0716
IN202608070111,SKU0459,62,2026-08-07 08:59:00,2026-08-07 09:13:43,李帆,L0716
IN202608100100,SKU0459,62,2026-08-10 11:08:00,2026-08-10 11:01:39,宋超,L0716
IN202608130108,SKU0459,62,2026-08-13 08:10:00,2026-08-13 08:10:54,郑婷婷,L0716
IN202608160088,SKU0459,62,2026-08-16 09:43:00,2026-08-16 09:33:01,李敏,L0716
IN202608190105,SKU0459,62,2026-08-19 10:54:00,2026-08-19 11:03:58,郑婷婷,L0716
IN202608220092,SKU0459,62,2026-08-22 11:54:00,2026-08-22 13:23:59,宋超,L0716
IN202608250108,SKU0459,62,2026-08-25 10:23:00,2026-08-25 10:14:12,卓雪,L0716
IN202608280091,SKU0459,62,2026-08-28 11:30:00,2026-08-28 11:27:56,杨建军,L0716
IN202606040105,SKU0460,18,2026-06-04 08:43:00,2026-06-04 08:43:05,郑婷婷,L0463
IN202606090099,SKU0460,18,2026-06-09 10:12:00,2026-06-09 11:05:12,李敏,L0463
IN202606140107,SKU0460,18,2026-06-14 10:49:00,2026-06-14 10:39:25,李敏,L0463
IN202606190099,SKU0460,18,2026-06-19 11:53:00,2026-06-19 12:14:32,李帆,L0463
IN202606240101,SKU0460,18,2026-06-24 09:51:00,2026-06-24 10:00:17,廖晨,L0463
IN202606290097,SKU0460,18,2026-06-29 11:35:00,2026-06-29 11:43:33,杨建军,L0463
IN202607040096,SKU0460,18,2026-07-04 09:49:00,2026-07-04 10:02:52,廖晨,L0463
IN202607090103,SKU0460,18,2026-07-09 10:36:00,2026-07-09 14:28:32,李帆,L0463
IN202607140111,SKU0460,18,2026-07-14 08:59:00,2026-07-14 08:51:25,郑婷婷,L0463
IN202607190096,SKU0460,18,2026-07-19 09:49:00,2026-07-19 10:56:59,杨建军,L0463
IN202607240100,SKU0460,18,2026-07-24 08:41:00,2026-07-24 08:49:57,王丹,L0463
IN202607290093,SKU0460,18,2026-07-29 08:16:00,2026-07-29 08:27:01,徐萍,L0463
IN202608030108,SKU0460,18,2026-08-03 09:20:00,2026-08-03 09:14:59,廖晨,L0463
IN202608080094,SKU0460,18,2026-08-08 08:52:00,2026-08-08 08:56:32,卓雪,L0463
IN202608130109,SKU0460,18,2026-08-13 08:52:00,2026-08-13 08:46:04,刘旭,L0463
IN202608180100,SKU0460,18,2026-08-18 09:24:00,2026-08-18 09:21:58,郑婷婷,L0463
IN202608230103,SKU0460,18,2026-08-23 08:26:00,2026-08-23 08:17:08,徐萍,L0463
IN202608280092,SKU0460,18,2026-08-28 11:52:00,2026-08-28 11:44:37,王丹,L0463
IN202606010102,SKU0461,11,2026-06-01 10:55:00,2026-06-01 10:50:11,卓雪,L0076
IN202606040106,SKU0461,11,2026-06-04 10:08:00,2026-06-04 10:01:23,杨建军,L0076
IN202606070096,SKU0461,11,2026-06-07 11:00:00,2026-06-07 10:51:25,郑婷婷,L0076
IN202606100096,SKU0461,11,2026-06-10 08:28:00,2026-06-10 08:36:16,卓雪,L0076
IN202606130094,SKU0461,11,2026-06-13 10:17:00,2026-06-13 10:23:37,卓雪,L0076
IN202606160105,SKU0461,11,2026-06-16 11:50:00,2026-06-16 11:53:24,姚佳,L0076
IN202606190100,SKU0461,11,2026-06-19 08:04:00,2026-06-19 09:44:18,杨建军,L0076
IN202606220102,SKU0461,11,2026-06-22 11:01:00,2026-06-22 11:14:54,杨建军,L0076
IN202606250096,SKU0461,11,2026-06-25 08:07:00,2026-06-25 08:00:02,卓雪,L0076
IN202606280105,SKU0461,11,2026-06-28 11:47:00,2026-06-28 12:28:50,郑婷婷,L0076
IN202607010098,SKU0461,11,2026-07-01 08:27:00,2026-07-01 11:18:54,廖晨,L0076
IN202607040097,SKU0461,11,2026-07-04 10:57:00,2026-07-04 11:05:40,姚佳,L0076
IN202607070094,SKU0461,11,2026-07-07 08:38:00,2026-07-07 08:50:17,杨建军,L0076
IN202607100101,SKU0461,11,2026-07-10 11:32:00,2026-07-10 11:46:28,毛燕,L0076
IN202607130106,SKU0461,11,2026-07-13 10:49:00,2026-07-13 10:57:34,廖晨,L0076
IN202607160103,SKU0461,11,2026-07-16 08:14:00,2026-07-16 08:25:02,宋超,L0076
IN202607190097,SKU0461,11,2026-07-19 10:02:00,2026-07-19 12:16:39,杨建军,L0076
IN202607220098,SKU0461,11,2026-07-22 10:08:00,2026-07-22 10:03:13,卓雪,L0076
IN202607250093,SKU0461,11,2026-07-25 09:49:00,2026-07-25 09:40:38,李帆,L0076
IN202607280103,SKU0461,11,2026-07-28 10:01:00,2026-07-28 13:06:22,姚佳,L0076
IN202607310097,SKU0461,11,2026-07-31 09:48:00,2026-07-31 09:49:24,廖晨,L0076
IN202608030109,SKU0461,11,2026-08-03 09:41:00,2026-08-03 09:49:22,毛燕,L0076
IN202608060098,SKU0461,11,2026-08-06 11:54:00,2026-08-06 11:49:16,杨建军,L0076
IN202608090098,SKU0461,11,2026-08-09 08:50:00,2026-08-09 08:41:40,李敏,L0076
IN202608120096,SKU0461,11,2026-08-12 11:37:00,2026-08-12 11:31:02,廖晨,L0076
IN202608150100,SKU0461,11,2026-08-15 10:57:00,2026-08-15 11:18:32,刘旭,L0076
IN202608180101,SKU0461,11,2026-08-18 10:11:00,2026-08-18 11:37:10,廖晨,L0076
IN202608210097,SKU0461,11,2026-08-21 09:39:00,2026-08-21 09:47:12,徐萍,L0076
IN202608240099,SKU0461,11,2026-08-24 08:08:00,2026-08-24 08:18:54,毛燕,L0076
IN202608270107,SKU0461,11,2026-08-27 10:38:00,2026-08-27 10:41:57,廖晨,L0076
IN202606010103,SKU0462,12,2026-06-01 11:36:00,2026-06-01 11:50:32,卓雪,L0612
IN202606040107,SKU0462,12,2026-06-04 10:32:00,2026-06-04 10:49:11,毛燕,L0612
IN202606070097,SKU0462,12,2026-06-07 09:25:00,2026-06-07 09:44:46,王丹,L0612
IN202606100097,SKU0462,12,2026-06-10 10:50:00,2026-06-10 11:07:55,姚佳,L0612
IN202606130095,SKU0462,12,2026-06-13 08:53:00,2026-06-13 09:02:59,宋超,L0612
IN202606160106,SKU0462,12,2026-06-16 09:24:00,2026-06-16 09:38:49,廖晨,L0612
IN202606190101,SKU0462,12,2026-06-19 09:09:00,2026-06-19 09:31:27,宋超,L0612
IN202606220103,SKU0462,12,2026-06-22 11:32:00,2026-06-22 14:03:47,廖晨,L0612
IN202606250097,SKU0462,12,2026-06-25 08:56:00,2026-06-25 09:00:58,李帆,L0612
IN202606280106,SKU0462,12,2026-06-28 10:39:00,2026-06-28 12:18:09,王丹,L0612
IN202607010099,SKU0462,12,2026-07-01 09:40:00,2026-07-01 11:44:30,李敏,L0612
IN202607040098,SKU0462,12,2026-07-04 10:09:00,2026-07-04 11:45:41,李帆,L0612
IN202607070095,SKU0462,12,2026-07-07 11:53:00,2026-07-07 14:36:37,宋超,L0612
IN202607100102,SKU0462,12,2026-07-10 09:36:00,2026-07-10 09:55:53,李敏,L0612
IN202607130107,SKU0462,12,2026-07-13 10:28:00,2026-07-13 11:56:05,杨建军,L0612
IN202607160104,SKU0462,12,2026-07-16 09:06:00,2026-07-16 09:28:15,杨建军,L0612
IN202607190098,SKU0462,12,2026-07-19 09:18:00,2026-07-19 11:11:54,郑婷婷,L0612
IN202607220099,SKU0462,12,2026-07-22 08:12:00,2026-07-22 08:35:52,王丹,L0612
IN202607250094,SKU0462,12,2026-07-25 08:50:00,2026-07-25 08:59:59,廖晨,L0612
IN202607280104,SKU0462,12,2026-07-28 08:04:00,2026-07-28 08:14:14,郑婷婷,L0612
IN202607310098,SKU0462,12,2026-07-31 10:51:00,2026-07-31 10:41:45,徐萍,L0612
IN202608030110,SKU0462,12,2026-08-03 10:27:00,2026-08-03 11:04:30,宋超,L0612
IN202608060099,SKU0462,12,2026-08-06 11:09:00,2026-08-06 14:47:45,姚佳,L0612
IN202608090099,SKU0462,12,2026-08-09 08:16:00,2026-08-09 08:20:30,李敏,L0612
IN202608120097,SKU0462,12,2026-08-12 10:40:00,2026-08-12 14:21:05,廖晨,L0612
IN202608150101,SKU0462,12,2026-08-15 08:34:00,2026-08-15 08:27:12,王丹,L0612
IN202608180102,SKU0462,12,2026-08-18 08:13:00,2026-08-18 08:23:40,宋超,L0612
IN202608210098,SKU0462,12,2026-08-21 10:30:00,2026-08-21 10:38:29,毛燕,L0612
IN202608240100,SKU0462,12,2026-08-24 09:18:00,2026-08-24 09:39:47,廖晨,L0612
IN202608270108,SKU0462,12,2026-08-27 09:25:00,2026-08-27 09:27:00,徐萍,L0612
IN202606020105,SKU0463,11,2026-06-02 08:25:00,2026-06-02 08:19:49,廖晨,L0561
IN202606060097,SKU0463,11,2026-06-06 08:41:00,2026-06-06 10:34:10,徐萍,L0561
IN202606100098,SKU0463,11,2026-06-10 11:38:00,2026-06-10 11:36:13,李帆,L0561
IN202606140108,SKU0463,11,2026-06-14 10:54:00,2026-06-14 11:07:51,李帆,L0561
IN202606180104,SKU0463,11,2026-06-18 10:15:00,2026-06-18 11:41:15,徐萍,L0561
IN202606220104,SKU0463,11,2026-06-22 11:42:00,2026-06-22 13:18:49,姚佳,L0561
IN202606260108,SKU0463,11,2026-06-26 08:31:00,2026-06-26 08:25:24,宋超,L0561
IN202606300099,SKU0463,11,2026-06-30 09:57:00,2026-06-30 09:47:08,卓雪,L0561
IN202607040099,SKU0463,11,2026-07-04 09:22:00,2026-07-04 10:34:26,刘旭,L0561
IN202607080107,SKU0463,11,2026-07-08 10:21:00,2026-07-08 13:06:57,李帆,L0561
IN202607120097,SKU0463,11,2026-07-12 08:55:00,2026-07-12 08:45:23,毛燕,L0561
IN202607160105,SKU0463,11,2026-07-16 08:03:00,2026-07-16 08:10:06,郑婷婷,L0561
IN202607200110,SKU0463,11,2026-07-20 09:17:00,2026-07-20 12:11:39,宋超,L0561
IN202607240101,SKU0463,11,2026-07-24 09:34:00,2026-07-24 09:43:15,卓雪,L0561
IN202607280105,SKU0463,11,2026-07-28 10:30:00,2026-07-28 13:26:31,郑婷婷,L0561
IN202608010100,SKU0463,11,2026-08-01 09:29:00,2026-08-01 09:37:19,廖晨,L0561
IN202608050099,SKU0463,11,2026-08-05 10:48:00,2026-08-05 13:03:14,廖晨,L0561
IN202608090100,SKU0463,11,2026-08-09 08:19:00,2026-08-09 08:15:37,廖晨,L0561
IN202608130110,SKU0463,11,2026-08-13 10:25:00,2026-08-13 10:33:15,杨建军,L0561
IN202608170107,SKU0463,11,2026-08-17 10:58:00,2026-08-17 10:52:40,廖晨,L0561
IN202608210099,SKU0463,11,2026-08-21 09:18:00,2026-08-21 09:41:42,卓雪,L0561
IN202608250109,SKU0463,11,2026-08-25 08:49:00,2026-08-25 09:07:49,杨建军,L0561
IN202608290094,SKU0463,11,2026-08-29 10:20:00,2026-08-29 10:24:05,毛燕,L0561
IN202606020106,SKU0464,11,2026-06-02 11:24:00,2026-06-02 11:31:02,卓雪,L0132
IN202606060098,SKU0464,11,2026-06-06 09:25:00,2026-06-06 09:24:42,姚佳,L0132
IN202606100099,SKU0464,11,2026-06-10 08:06:00,2026-06-10 08:12:46,王丹,L0132
IN202606140109,SKU0464,11,2026-06-14 08:00:00,2026-06-14 11:31:14,李帆,L0132
IN202606180105,SKU0464,11,2026-06-18 09:55:00,2026-06-18 09:52:52,李帆,L0132
IN202606220105,SKU0464,11,2026-06-22 11:39:00,2026-06-22 11:36:37,姚佳,L0132
IN202606260109,SKU0464,11,2026-06-26 11:55:00,2026-06-26 12:03:14,李敏,L0132
IN202606300100,SKU0464,11,2026-06-30 09:45:00,2026-06-30 09:58:51,杨建军,L0132
IN202607040100,SKU0464,11,2026-07-04 10:40:00,2026-07-04 10:58:30,郑婷婷,L0132
IN202607080108,SKU0464,11,2026-07-08 11:26:00,2026-07-08 11:49:39,徐萍,L0132
IN202607120098,SKU0464,11,2026-07-12 08:49:00,2026-07-12 11:27:41,廖晨,L0132
IN202607160106,SKU0464,11,2026-07-16 08:40:00,2026-07-16 08:40:47,刘旭,L0132
IN202607200111,SKU0464,11,2026-07-20 11:12:00,2026-07-20 13:05:59,宋超,L0132
IN202607240102,SKU0464,11,2026-07-24 09:55:00,2026-07-24 09:58:32,郑婷婷,L0132
IN202607280106,SKU0464,11,2026-07-28 09:18:00,2026-07-28 11:59:24,刘旭,L0132
IN202608010101,SKU0464,11,2026-08-01 09:29:00,2026-08-01 09:50:11,徐萍,L0132
IN202608050100,SKU0464,11,2026-08-05 08:57:00,2026-08-05 08:54:36,宋超,L0132
IN202608090101,SKU0464,11,2026-08-09 09:40:00,2026-08-09 09:40:27,姚佳,L0132
IN202608130111,SKU0464,11,2026-08-13 11:45:00,2026-08-13 12:00:33,李敏,L0132
IN202608170108,SKU0464,11,2026-08-17 10:14:00,2026-08-17 10:20:28,王丹,L0132
IN202608210100,SKU0464,11,2026-08-21 10:34:00,2026-08-21 10:41:30,李敏,L0132
IN202608250110,SKU0464,11,2026-08-25 09:35:00,2026-08-25 09:34:29,宋超,L0132
IN202608290095,SKU0464,11,2026-08-29 10:31:00,2026-08-29 14:16:42,卓雪,L0132
IN202606030101,SKU0465,14,2026-06-03 11:14:00,2026-06-03 11:07:24,徐萍,L0255
IN202606090100,SKU0465,14,2026-06-09 09:13:00,2026-06-09 09:14:55,卓雪,L0255
IN202606150104,SKU0465,14,2026-06-15 09:24:00,2026-06-15 10:23:28,李敏,L0255
IN202606210099,SKU0465,14,2026-06-21 09:02:00,2026-06-21 11:21:35,姚佳,L0255
IN202606270094,SKU0465,14,2026-06-27 08:16:00,2026-06-27 08:26:33,刘旭,L0255
IN202607030100,SKU0465,14,2026-07-03 11:35:00,2026-07-03 11:45:46,李敏,L0255
IN202607090104,SKU0465,14,2026-07-09 08:38:00,2026-07-09 08:47:14,李帆,L0255
IN202607150094,SKU0465,14,2026-07-15 10:42:00,2026-07-15 14:28:50,宋超,L0255
IN202607210103,SKU0465,14,2026-07-21 11:06:00,2026-07-21 11:26:33,徐萍,L0255
IN202607270100,SKU0465,14,2026-07-27 09:14:00,2026-07-27 09:26:42,王丹,L0255
IN202608020103,SKU0465,14,2026-08-02 09:38:00,2026-08-02 09:59:50,廖晨,L0255
IN202608080095,SKU0465,14,2026-08-08 09:14:00,2026-08-08 12:07:31,毛燕,L0255
IN202608140099,SKU0465,14,2026-08-14 11:37:00,2026-08-14 11:40:53,杨建军,L0255
IN202608200101,SKU0465,14,2026-08-20 10:31:00,2026-08-20 10:33:09,毛燕,L0255
IN202608260096,SKU0465,14,2026-08-26 10:30:00,2026-08-26 14:17:11,王丹,L0255
IN202606010104,SKU0466,14,2026-06-01 09:29:00,2026-06-01 09:21:47,姚佳,L0607
IN202606060099,SKU0466,14,2026-06-06 08:24:00,2026-06-06 08:48:00,王丹,L0607
IN202606110098,SKU0466,14,2026-06-11 09:32:00,2026-06-11 09:47:45,徐萍,L0607
IN202606160107,SKU0466,14,2026-06-16 08:56:00,2026-06-16 08:51:47,刘旭,L0607
IN202606210100,SKU0466,14,2026-06-21 10:05:00,2026-06-21 10:14:30,徐萍,L0607
IN202606260110,SKU0466,14,2026-06-26 08:51:00,2026-06-26 12:48:59,宋超,L0607
IN202607010100,SKU0466,14,2026-07-01 08:27:00,2026-07-01 08:31:36,王丹,L0607
IN202607060109,SKU0466,14,2026-07-06 11:10:00,2026-07-06 11:21:53,李敏,L0607
IN202607110089,SKU0466,14,2026-07-11 10:10:00,2026-07-11 10:28:40,李帆,L0607
IN202607160107,SKU0466,14,2026-07-16 11:00:00,2026-07-16 11:22:10,宋超,L0607
IN202607210104,SKU0466,14,2026-07-21 11:51:00,2026-07-21 11:56:44,宋超,L0607
IN202607260111,SKU0466,14,2026-07-26 11:27:00,2026-07-26 11:20:24,李敏,L0607
IN202607310099,SKU0466,14,2026-07-31 10:13:00,2026-07-31 11:39:34,刘旭,L0607
IN202608050101,SKU0466,14,2026-08-05 09:14:00,2026-08-05 09:06:45,郑婷婷,L0607
IN202608100101,SKU0466,14,2026-08-10 10:27:00,2026-08-10 10:44:33,杨建军,L0607
IN202608150102,SKU0466,14,2026-08-15 09:19:00,2026-08-15 09:33:54,刘旭,L0607
IN202608200102,SKU0466,14,2026-08-20 09:47:00,2026-08-20 10:10:46,郑婷婷,L0607
IN202608250111,SKU0466,14,2026-08-25 08:36:00,2026-08-25 08:54:20,李敏,L0607
IN202606020107,SKU0467,18,2026-06-02 11:25:00,2026-06-02 11:43:57,徐萍,L0532
IN202606090101,SKU0467,18,2026-06-09 09:55:00,2026-06-09 10:13:19,杨建军,L0532
IN202606160108,SKU0467,18,2026-06-16 08:31:00,2026-06-16 08:48:37,姚佳,L0532
IN202606230098,SKU0467,18,2026-06-23 09:06:00,2026-06-23 09:30:05,廖晨,L0532
IN202606300101,SKU0467,18,2026-06-30 09:44:00,2026-06-30 09:54:56,姚佳,L0532
IN202607070096,SKU0467,18,2026-07-07 08:19:00,2026-07-07 08:11:17,刘旭,L0532
IN202607140112,SKU0467,18,2026-07-14 11:35:00,2026-07-14 12:56:26,卓雪,L0532
IN202607210105,SKU0467,18,2026-07-21 11:35:00,2026-07-21 12:54:16,廖晨,L0532
IN202607280107,SKU0467,18,2026-07-28 10:52:00,2026-07-28 11:02:48,毛燕,L0532
IN202608040091,SKU0467,18,2026-08-04 11:28:00,2026-08-04 11:47:12,王丹,L0532
IN202608110101,SKU0467,18,2026-08-11 11:51:00,2026-08-11 11:42:05,李帆,L0532
IN202608180103,SKU0467,18,2026-08-18 10:15:00,2026-08-18 11:45:26,卓雪,L0532
IN202608250112,SKU0467,18,2026-08-25 08:40:00,2026-08-25 08:57:50,宋超,L0532
IN202606060100,SKU0468,33,2026-06-06 10:24:00,2026-06-06 10:22:00,李帆,L0436
IN202606120100,SKU0468,33,2026-06-12 09:00:00,2026-06-12 09:18:21,宋超,L0436
IN202606180106,SKU0468,33,2026-06-18 11:54:00,2026-06-18 11:52:08,毛燕,L0436
IN202606240102,SKU0468,33,2026-06-24 08:55:00,2026-06-24 09:07:45,廖晨,L0436
IN202606300102,SKU0468,33,2026-06-30 08:16:00,2026-06-30 08:34:35,廖晨,L0436
IN202607060110,SKU0468,33,2026-07-06 08:57:00,2026-07-06 08:56:26,毛燕,L0436
IN202607120099,SKU0468,33,2026-07-12 10:48:00,2026-07-12 11:03:53,廖晨,L0436
IN202607180101,SKU0468,33,2026-07-18 10:42:00,2026-07-18 11:03:19,毛燕,L0436
IN202607240103,SKU0468,33,2026-07-24 10:05:00,2026-07-24 12:10:19,李帆,L0436
IN202607300103,SKU0468,33,2026-07-30 09:19:00,2026-07-30 09:31:31,毛燕,L0436
IN202608050102,SKU0468,33,2026-08-05 08:35:00,2026-08-05 08:46:45,姚佳,L0436
IN202608110102,SKU0468,33,2026-08-11 10:40:00,2026-08-11 10:43:08,杨建军,L0436
IN202608170109,SKU0468,33,2026-08-17 09:06:00,2026-08-17 09:13:57,廖晨,L0436
IN202608230104,SKU0468,33,2026-08-23 08:01:00,2026-08-23 07:56:18,王丹,L0436
IN202608290096,SKU0468,33,2026-08-29 09:32:00,2026-08-29 10:38:37,刘旭,L0436
IN202606050090,SKU0469,14,2026-06-05 10:36:00,2026-06-05 10:58:12,郑婷婷,L0296
IN202606110099,SKU0469,14,2026-06-11 10:45:00,2026-06-11 10:41:14,毛燕,L0296
IN202606170087,SKU0469,14,2026-06-17 11:47:00,2026-06-17 11:54:39,李敏,L0296
IN202606230099,SKU0469,14,2026-06-23 08:01:00,2026-06-23 10:27:55,廖晨,L0296
IN202606290098,SKU0469,14,2026-06-29 08:43:00,2026-06-29 09:00:49,李帆,L0296
IN202607050093,SKU0469,14,2026-07-05 11:26:00,2026-07-05 11:31:06,李帆,L0296
IN202607110090,SKU0469,14,2026-07-11 10:30:00,2026-07-11 10:54:58,刘旭,L0296
IN202607170092,SKU0469,14,2026-07-17 08:17:00,2026-07-17 08:25:07,李敏,L0296
IN202607230096,SKU0469,14,2026-07-23 09:32:00,2026-07-23 09:31:00,刘旭,L0296
IN202607290094,SKU0469,14,2026-07-29 10:45:00,2026-07-29 14:17:26,徐萍,L0296
IN202608040092,SKU0469,14,2026-08-04 10:33:00,2026-08-04 11:12:49,杨建军,L0296
IN202608100102,SKU0469,14,2026-08-10 08:21:00,2026-08-10 08:43:55,王丹,L0296
IN202608160089,SKU0469,14,2026-08-16 08:31:00,2026-08-16 08:51:18,姚佳,L0296
IN202608220093,SKU0469,14,2026-08-22 09:42:00,2026-08-22 09:35:32,廖晨,L0296
IN202608280093,SKU0469,14,2026-08-28 08:52:00,2026-08-28 09:04:31,毛燕,L0296
IN202606040108,SKU0470,11,2026-06-04 09:35:00,2026-06-04 13:27:53,姚佳,L0256
IN202606080117,SKU0470,11,2026-06-08 10:39:00,2026-06-08 10:29:47,徐萍,L0256
IN202606120101,SKU0470,11,2026-06-12 11:46:00,2026-06-12 15:20:03,李敏,L0256
IN202606160109,SKU0470,11,2026-06-16 11:04:00,2026-06-16 11:25:02,姚佳,L0256
IN202606200104,SKU0470,11,2026-06-20 11:28:00,2026-06-20 11:38:32,姚佳,L0256
IN202606240103,SKU0470,11,2026-06-24 09:13:00,2026-06-24 12:52:55,李敏,L0256
IN202606280107,SKU0470,11,2026-06-28 08:14:00,2026-06-28 08:37:13,姚佳,L0256
IN202607020109,SKU0470,11,2026-07-02 10:25:00,2026-07-02 11:03:03,李帆,L0256
IN202607060111,SKU0470,11,2026-07-06 11:45:00,2026-07-06 11:47:15,廖晨,L0256
IN202607100103,SKU0470,11,2026-07-10 11:11:00,2026-07-10 11:34:01,徐萍,L0256
IN202607140113,SKU0470,11,2026-07-14 10:22:00,2026-07-14 10:33:30,毛燕,L0256
IN202607180102,SKU0470,11,2026-07-18 10:24:00,2026-07-18 12:32:22,李帆,L0256
IN202607220100,SKU0470,11,2026-07-22 11:35:00,2026-07-22 13:12:56,王丹,L0256
IN202607260112,SKU0470,11,2026-07-26 11:58:00,2026-07-26 12:14:31,郑婷婷,L0256
IN202607300104,SKU0470,11,2026-07-30 08:12:00,2026-07-30 08:29:56,卓雪,L0256
IN202608030111,SKU0470,11,2026-08-03 11:34:00,2026-08-03 11:33:04,杨建军,L0256
IN202608070112,SKU0470,11,2026-08-07 10:11:00,2026-08-07 10:01:44,宋超,L0256
IN202608110103,SKU0470,11,2026-08-11 09:33:00,2026-08-11 09:45:11,王丹,L0256
IN202608150103,SKU0470,11,2026-08-15 09:15:00,2026-08-15 09:26:48,郑婷婷,L0256
IN202608190106,SKU0470,11,2026-08-19 09:08:00,2026-08-19 09:07:51,郑婷婷,L0256
IN202608230105,SKU0470,11,2026-08-23 09:16:00,2026-08-23 09:30:27,李帆,L0256
IN202608270109,SKU0470,11,2026-08-27 08:41:00,2026-08-27 08:35:27,杨建军,L0256
IN202606020108,SKU0471,25,2026-06-02 10:23:00,2026-06-02 10:22:54,毛燕,L0320
IN202606070098,SKU0471,25,2026-06-07 09:52:00,2026-06-07 09:46:35,王丹,L0320
IN202606120102,SKU0471,25,2026-06-12 08:53:00,2026-06-12 09:16:41,刘旭,L0320
IN202606170088,SKU0471,25,2026-06-17 08:38:00,2026-06-17 09:41:13,李敏,L0320
IN202606220106,SKU0471,25,2026-06-22 09:28:00,2026-06-22 09:21:04,宋超,L0320
IN202606270095,SKU0471,25,2026-06-27 08:32:00,2026-06-27 08:40:12,卓雪,L0320
IN202607020110,SKU0471,25,2026-07-02 08:42:00,2026-07-02 09:06:22,卓雪,L0320
IN202607070097,SKU0471,25,2026-07-07 08:20:00,2026-07-07 08:20:21,毛燕,L0320
IN202607120100,SKU0471,25,2026-07-12 10:12:00,2026-07-12 10:13:12,王丹,L0320
IN202607170093,SKU0471,25,2026-07-17 09:53:00,2026-07-17 09:59:14,刘旭,L0320
IN202607220101,SKU0471,25,2026-07-22 10:51:00,2026-07-22 10:49:23,毛燕,L0320
IN202607270101,SKU0471,25,2026-07-27 10:54:00,2026-07-27 11:15:45,卓雪,L0320
IN202608010102,SKU0471,25,2026-08-01 09:00:00,2026-08-01 08:56:41,李帆,L0320
IN202608060100,SKU0471,25,2026-08-06 08:05:00,2026-08-06 08:21:38,王丹,L0320
IN202608110104,SKU0471,25,2026-08-11 11:22:00,2026-08-11 14:28:38,徐萍,L0320
IN202608160090,SKU0471,25,2026-08-16 11:49:00,2026-08-16 11:54:06,刘旭,L0320
IN202608210101,SKU0471,25,2026-08-21 11:34:00,2026-08-21 11:56:48,郑婷婷,L0320
IN202608260097,SKU0471,25,2026-08-26 09:16:00,2026-08-26 10:39:21,徐萍,L0320
IN202606020109,SKU0472,21,2026-06-02 09:31:00,2026-06-02 09:24:17,刘旭,L0392
IN202606070099,SKU0472,21,2026-06-07 10:27:00,2026-06-07 10:39:39,廖晨,L0392
IN202606120103,SKU0472,21,2026-06-12 11:30:00,2026-06-12 11:37:47,徐萍,L0392
IN202606170089,SKU0472,21,2026-06-17 08:31:00,2026-06-17 08:25:00,杨建军,L0392
IN202606220107,SKU0472,21,2026-06-22 09:42:00,2026-06-22 09:46:38,廖晨,L0392
IN202606270096,SKU0472,21,2026-06-27 10:31:00,2026-06-27 13:31:33,徐萍,L0392
IN202607020111,SKU0472,21,2026-07-02 09:47:00,2026-07-02 12:25:44,姚佳,L0392
IN202607070098,SKU0472,21,2026-07-07 08:34:00,2026-07-07 08:25:08,徐萍,L0392
IN202607120101,SKU0472,21,2026-07-12 11:29:00,2026-07-12 13:46:09,徐萍,L0392
IN202607170094,SKU0472,21,2026-07-17 09:00:00,2026-07-17 09:12:30,李帆,L0392
IN202607220102,SKU0472,21,2026-07-22 11:29:00,2026-07-22 11:21:28,卓雪,L0392
IN202607270102,SKU0472,21,2026-07-27 09:46:00,2026-07-27 10:01:53,杨建军,L0392
IN202608010103,SKU0472,21,2026-08-01 11:27:00,2026-08-01 15:23:06,李帆,L0392
IN202608060101,SKU0472,21,2026-08-06 11:52:00,2026-08-06 13:31:13,杨建军,L0392
IN202608110105,SKU0472,21,2026-08-11 09:54:00,2026-08-11 11:41:43,李帆,L0392
IN202608160091,SKU0472,21,2026-08-16 10:18:00,2026-08-16 10:37:01,王丹,L0392
IN202608210102,SKU0472,21,2026-08-21 09:52:00,2026-08-21 09:45:31,姚佳,L0392
IN202608260098,SKU0472,21,2026-08-26 10:04:00,2026-08-26 10:23:21,王丹,L0392
IN202606010105,SKU0473,19,2026-06-01 08:43:00,2026-06-01 08:44:23,刘旭,L0234
IN202606070100,SKU0473,19,2026-06-07 09:19:00,2026-06-07 09:09:42,卓雪,L0234
IN202606130096,SKU0473,19,2026-06-13 08:57:00,2026-06-13 10:16:23,郑婷婷,L0234
IN202606190102,SKU0473,19,2026-06-19 08:44:00,2026-06-19 08:49:13,卓雪,L0234
IN202606250098,SKU0473,19,2026-06-25 11:30:00,2026-06-25 11:42:21,徐萍,L0234
IN202607010101,SKU0473,19,2026-07-01 10:35:00,2026-07-01 10:35:40,廖晨,L0234
IN202607070099,SKU0473,19,2026-07-07 09:45:00,2026-07-07 09:54:34,毛燕,L0234
IN202607130108,SKU0473,19,2026-07-13 11:18:00,2026-07-13 11:23:59,李敏,L0234
IN202607190099,SKU0473,19,2026-07-19 11:07:00,2026-07-19 11:29:43,徐萍,L0234
IN202607250095,SKU0473,19,2026-07-25 11:23:00,2026-07-25 13:03:02,廖晨,L0234
IN202607310100,SKU0473,19,2026-07-31 09:06:00,2026-07-31 09:03:36,毛燕,L0234
IN202608060102,SKU0473,19,2026-08-06 08:13:00,2026-08-06 08:29:25,宋超,L0234
IN202608120098,SKU0473,19,2026-08-12 08:06:00,2026-08-12 08:07:33,杨建军,L0234
IN202608180104,SKU0473,19,2026-08-18 10:34:00,2026-08-18 10:58:19,李帆,L0234
IN202608240101,SKU0473,19,2026-08-24 10:48:00,2026-08-24 10:58:41,李帆,L0234
IN202606030102,SKU0474,22,2026-06-03 11:10:00,2026-06-03 11:34:58,杨建军,L0431
IN202606080118,SKU0474,22,2026-06-08 10:43:00,2026-06-08 10:33:17,杨建军,L0431
IN202606130097,SKU0474,22,2026-06-13 10:48:00,2026-06-13 11:08:05,王丹,L0431
IN202606180107,SKU0474,22,2026-06-18 09:36:00,2026-06-18 09:48:20,毛燕,L0431
IN202606230100,SKU0474,22,2026-06-23 10:09:00,2026-06-23 12:41:57,卓雪,L0431
IN202606280108,SKU0474,22,2026-06-28 10:48:00,2026-06-28 11:03:28,李敏,L0431
IN202607030101,SKU0474,22,2026-07-03 09:02:00,2026-07-03 09:11:46,李帆,L0431
IN202607080109,SKU0474,22,2026-07-08 08:35:00,2026-07-08 08:55:06,卓雪,L0431
IN202607130109,SKU0474,22,2026-07-13 08:06:00,2026-07-13 08:26:48,毛燕,L0431
IN202607180103,SKU0474,22,2026-07-18 11:43:00,2026-07-18 11:51:07,李帆,L0431
IN202607230097,SKU0474,22,2026-07-23 09:54:00,2026-07-23 10:32:48,杨建军,L0431
IN202607280108,SKU0474,22,2026-07-28 09:06:00,2026-07-28 09:24:14,杨建军,L0431
IN202608020104,SKU0474,22,2026-08-02 08:26:00,2026-08-02 08:39:58,廖晨,L0431
IN202608070113,SKU0474,22,2026-08-07 10:04:00,2026-08-07 13:15:08,王丹,L0431
IN202608120099,SKU0474,22,2026-08-12 10:32:00,2026-08-12 10:29:44,郑婷婷,L0431
IN202608170110,SKU0474,22,2026-08-17 09:12:00,2026-08-17 09:05:13,卓雪,L0431
IN202608220094,SKU0474,22,2026-08-22 08:23:00,2026-08-22 08:20:33,李帆,L0431
IN202608270110,SKU0474,22,2026-08-27 08:28:00,2026-08-27 08:37:24,刘旭,L0431
IN202606030103,SKU0475,11,2026-06-03 09:09:00,2026-06-03 13:02:29,毛燕,L0367
IN202606070101,SKU0475,11,2026-06-07 11:17:00,2026-06-07 11:21:15,王丹,L0367
IN202606110100,SKU0475,11,2026-06-11 10:59:00,2026-06-11 11:19:44,卓雪,L0367
IN202606150105,SKU0475,11,2026-06-15 08:51:00,2026-06-15 08:44:28,廖晨,L0367
IN202606190103,SKU0475,11,2026-06-19 09:30:00,2026-06-19 09:28:48,卓雪,L0367
IN202606230101,SKU0475,11,2026-06-23 11:54:00,2026-06-23 13:11:12,毛燕,L0367
IN202606270097,SKU0475,11,2026-06-27 09:53:00,2026-06-27 10:47:03,郑婷婷,L0367
IN202607010102,SKU0475,11,2026-07-01 08:10:00,2026-07-01 08:14:49,毛燕,L0367
IN202607050094,SKU0475,11,2026-07-05 08:04:00,2026-07-05 08:23:03,姚佳,L0367
IN202607090105,SKU0475,11,2026-07-09 08:48:00,2026-07-09 09:01:44,郑婷婷,L0367
IN202607130110,SKU0475,11,2026-07-13 10:05:00,2026-07-13 10:13:52,徐萍,L0367
IN202607170095,SKU0475,11,2026-07-17 09:47:00,2026-07-17 09:51:23,宋超,L0367
IN202607210106,SKU0475,11,2026-07-21 10:44:00,2026-07-21 11:00:22,郑婷婷,L0367
IN202607250096,SKU0475,11,2026-07-25 08:44:00,2026-07-25 09:02:40,廖晨,L0367
IN202607290095,SKU0475,11,2026-07-29 08:22:00,2026-07-29 08:44:56,郑婷婷,L0367
IN202608020105,SKU0475,11,2026-08-02 08:26:00,2026-08-02 08:28:27,卓雪,L0367
IN202608060103,SKU0475,11,2026-08-06 09:12:00,2026-08-06 12:15:35,郑婷婷,L0367
IN202608100103,SKU0475,11,2026-08-10 09:48:00,2026-08-10 09:52:24,廖晨,L0367
IN202608140100,SKU0475,11,2026-08-14 09:48:00,2026-08-14 09:41:25,王丹,L0367
IN202608180105,SKU0475,11,2026-08-18 08:15:00,2026-08-18 08:23:16,郑婷婷,L0367
IN202608220095,SKU0475,11,2026-08-22 11:11:00,2026-08-22 11:06:21,卓雪,L0367
IN202608260099,SKU0475,11,2026-08-26 08:56:00,2026-08-26 09:13:36,李敏,L0367
IN202606010106,SKU0476,10,2026-06-01 09:36:00,2026-06-01 11:31:14,姚佳,L0043
IN202606050091,SKU0476,10,2026-06-05 08:16:00,2026-06-05 11:20:45,廖晨,L0043
IN202606090102,SKU0476,10,2026-06-09 09:37:00,2026-06-09 09:51:01,姚佳,L0043
IN202606130098,SKU0476,10,2026-06-13 11:26:00,2026-06-13 11:29:38,刘旭,L0043
IN202606170090,SKU0476,10,2026-06-17 09:52:00,2026-06-17 10:09:28,毛燕,L0043
IN202606210101,SKU0476,10,2026-06-21 10:41:00,2026-06-21 10:58:17,王丹,L0043
IN202606250099,SKU0476,10,2026-06-25 11:56:00,2026-06-25 12:01:36,廖晨,L0043
IN202606290099,SKU0476,10,2026-06-29 10:12:00,2026-06-29 12:46:33,廖晨,L0043
IN202607030102,SKU0476,10,2026-07-03 10:53:00,2026-07-03 11:08:23,宋超,L0043
IN202607070100,SKU0476,10,2026-07-07 08:55:00,2026-07-07 11:40:02,杨建军,L0043
IN202607110091,SKU0476,10,2026-07-11 10:30:00,2026-07-11 10:35:36,李帆,L0043
IN202607150095,SKU0476,10,2026-07-15 08:53:00,2026-07-15 08:53:55,宋超,L0043
IN202607190100,SKU0476,10,2026-07-19 08:43:00,2026-07-19 10:42:31,李帆,L0043
IN202607230098,SKU0476,10,2026-07-23 11:51:00,2026-07-23 11:47:25,郑婷婷,L0043
IN202607270103,SKU0476,10,2026-07-27 11:00:00,2026-07-27 11:22:24,姚佳,L0043
IN202607310101,SKU0476,10,2026-07-31 08:48:00,2026-07-31 09:11:51,杨建军,L0043
IN202608040093,SKU0476,10,2026-08-04 11:40:00,2026-08-04 11:49:44,徐萍,L0043
IN202608080096,SKU0476,10,2026-08-08 11:03:00,2026-08-08 10:57:17,廖晨,L0043
IN202608120100,SKU0476,10,2026-08-12 09:17:00,2026-08-12 09:19:17,徐萍,L0043
IN202608160092,SKU0476,10,2026-08-16 11:47:00,2026-08-16 12:08:07,李帆,L0043
IN202608200103,SKU0476,10,2026-08-20 10:51:00,2026-08-20 10:45:33,徐萍,L0043
IN202608240102,SKU0476,10,2026-08-24 11:58:00,2026-08-24 12:08:42,郑婷婷,L0043
IN202608280094,SKU0476,10,2026-08-28 08:08:00,2026-08-28 08:15:05,徐萍,L0043
IN202606020110,SKU0477,13,2026-06-02 09:49:00,2026-06-02 09:48:50,毛燕,L0321
IN202606080119,SKU0477,13,2026-06-08 08:33:00,2026-06-08 10:10:35,李帆,L0321
IN202606140110,SKU0477,13,2026-06-14 09:39:00,2026-06-14 10:02:13,李帆,L0321
IN202606200105,SKU0477,13,2026-06-20 08:18:00,2026-06-20 08:10:59,刘旭,L0321
IN202606260111,SKU0477,13,2026-06-26 09:06:00,2026-06-26 11:56:54,王丹,L0321
IN202607020112,SKU0477,13,2026-07-02 10:51:00,2026-07-02 11:01:08,姚佳,L0321
IN202607080110,SKU0477,13,2026-07-08 11:05:00,2026-07-08 11:19:15,李帆,L0321
IN202607140114,SKU0477,13,2026-07-14 09:25:00,2026-07-14 09:32:10,李敏,L0321
IN202607200112,SKU0477,13,2026-07-20 11:14:00,2026-07-20 11:38:27,刘旭,L0321
IN202607260113,SKU0477,13,2026-07-26 08:59:00,2026-07-26 09:56:45,李帆,L0321
IN202608010104,SKU0477,13,2026-08-01 10:31:00,2026-08-01 10:52:40,李帆,L0321
IN202608070114,SKU0477,13,2026-08-07 08:54:00,2026-08-07 09:11:43,王丹,L0321
IN202608130112,SKU0477,13,2026-08-13 10:01:00,2026-08-13 10:11:50,李敏,L0321
IN202608190107,SKU0477,13,2026-08-19 11:57:00,2026-08-19 14:11:21,杨建军,L0321
IN202608250113,SKU0477,13,2026-08-25 09:23:00,2026-08-25 09:45:31,姚佳,L0321
IN202606010107,SKU0478,12,2026-06-01 08:19:00,2026-06-01 09:08:57,宋超,L0299
IN202606050092,SKU0478,12,2026-06-05 08:30:00,2026-06-05 08:46:23,郑婷婷,L0299
IN202606090103,SKU0478,12,2026-06-09 09:11:00,2026-06-09 09:05:27,姚佳,L0299
IN202606130099,SKU0478,12,2026-06-13 09:16:00,2026-06-13 13:06:42,卓雪,L0299
IN202606170091,SKU0478,12,2026-06-17 11:04:00,2026-06-17 11:19:18,姚佳,L0299
IN202606210102,SKU0478,12,2026-06-21 09:11:00,2026-06-21 09:29:53,徐萍,L0299
IN202606250100,SKU0478,12,2026-06-25 11:51:00,2026-06-25 11:54:10,王丹,L0299
IN202606290100,SKU0478,12,2026-06-29 10:47:00,2026-06-29 10:52:14,卓雪,L0299
IN202607030103,SKU0478,12,2026-07-03 08:32:00,2026-07-03 08:48:41,姚佳,L0299
IN202607070101,SKU0478,12,2026-07-07 10:31:00,2026-07-07 10:26:08,李敏,L0299
IN202607110092,SKU0478,12,2026-07-11 10:57:00,2026-07-11 11:15:53,宋超,L0299
IN202607150096,SKU0478,12,2026-07-15 11:16:00,2026-07-15 13:56:59,卓雪,L0299
IN202607190101,SKU0478,12,2026-07-19 09:28:00,2026-07-19 09:38:18,徐萍,L0299
IN202607230099,SKU0478,12,2026-07-23 10:08:00,2026-07-23 10:07:11,王丹,L0299
IN202607270104,SKU0478,12,2026-07-27 10:37:00,2026-07-27 10:29:16,李帆,L0299
IN202607310102,SKU0478,12,2026-07-31 11:33:00,2026-07-31 13:03:11,廖晨,L0299
IN202608040094,SKU0478,12,2026-08-04 10:30:00,2026-08-04 10:47:46,姚佳,L0299
IN202608080097,SKU0478,12,2026-08-08 10:18:00,2026-08-08 10:10:44,杨建军,L0299
IN202608120101,SKU0478,12,2026-08-12 10:21:00,2026-08-12 14:20:08,宋超,L0299
IN202608160093,SKU0478,12,2026-08-16 08:18:00,2026-08-16 08:11:32,王丹,L0299
IN202608200104,SKU0478,12,2026-08-20 09:37:00,2026-08-20 09:54:34,李敏,L0299
IN202608240103,SKU0478,12,2026-08-24 09:00:00,2026-08-24 09:07:01,宋超,L0299
IN202608280095,SKU0478,12,2026-08-28 08:28:00,2026-08-28 11:47:35,郑婷婷,L0299
IN202606040109,SKU0479,14,2026-06-04 08:45:00,2026-06-04 08:52:40,李帆,L0268
IN202606080120,SKU0479,14,2026-06-08 09:18:00,2026-06-08 09:12:21,郑婷婷,L0268
IN202606120104,SKU0479,14,2026-06-12 10:58:00,2026-06-12 11:08:18,毛燕,L0268
IN202606160110,SKU0479,14,2026-06-16 11:36:00,2026-06-16 11:38:43,杨建军,L0268
IN202606200106,SKU0479,14,2026-06-20 08:00:00,2026-06-20 07:57:33,李帆,L0268
IN202606240104,SKU0479,14,2026-06-24 10:46:00,2026-06-24 10:36:42,廖晨,L0268
IN202606280109,SKU0479,14,2026-06-28 10:11:00,2026-06-28 10:25:37,毛燕,L0268
IN202607020113,SKU0479,14,2026-07-02 09:59:00,2026-07-02 12:47:18,徐萍,L0268
IN202607060112,SKU0479,14,2026-07-06 08:53:00,2026-07-06 09:04:44,姚佳,L0268
IN202607100104,SKU0479,14,2026-07-10 08:18:00,2026-07-10 08:23:27,徐萍,L0268
IN202607140115,SKU0479,14,2026-07-14 10:32:00,2026-07-14 11:32:53,李帆,L0268
IN202607180104,SKU0479,14,2026-07-18 09:24:00,2026-07-18 09:46:37,宋超,L0268
IN202607220103,SKU0479,14,2026-07-22 11:12:00,2026-07-22 11:05:15,李帆,L0268
IN202607260114,SKU0479,14,2026-07-26 10:58:00,2026-07-26 11:51:44,廖晨,L0268
IN202607300105,SKU0479,14,2026-07-30 11:41:00,2026-07-30 11:33:40,李敏,L0268
IN202608030112,SKU0479,14,2026-08-03 11:40:00,2026-08-03 11:51:07,宋超,L0268
IN202608070115,SKU0479,14,2026-08-07 09:16:00,2026-08-07 09:28:24,刘旭,L0268
IN202608110106,SKU0479,14,2026-08-11 10:21:00,2026-08-11 10:21:53,宋超,L0268
IN202608150104,SKU0479,14,2026-08-15 11:22:00,2026-08-15 14:25:46,廖晨,L0268
IN202608190108,SKU0479,14,2026-08-19 11:58:00,2026-08-19 12:03:27,郑婷婷,L0268
IN202608230106,SKU0479,14,2026-08-23 11:26:00,2026-08-23 11:16:26,卓雪,L0268
IN202608270111,SKU0479,14,2026-08-27 08:31:00,2026-08-27 09:12:31,廖晨,L0268
IN202606040110,SKU0480,79,2026-06-04 10:53:00,2026-06-04 11:01:19,李敏,L0789
IN202606100100,SKU0480,79,2026-06-10 08:14:00,2026-06-10 08:04:56,卓雪,L0789
IN202606160111,SKU0480,79,2026-06-16 09:14:00,2026-06-16 09:49:30,毛燕,L0789
IN202606220108,SKU0480,79,2026-06-22 10:26:00,2026-06-22 10:50:49,姚佳,L0789
IN202606280110,SKU0480,79,2026-06-28 08:11:00,2026-06-28 08:11:39,李敏,L0789
IN202607040101,SKU0480,79,2026-07-04 09:19:00,2026-07-04 09:29:08,卓雪,L0789
IN202607100105,SKU0480,79,2026-07-10 11:48:00,2026-07-10 11:38:45,郑婷婷,L0789
IN202607160108,SKU0480,79,2026-07-16 08:55:00,2026-07-16 10:53:35,李帆,L0789
IN202607220104,SKU0480,79,2026-07-22 11:54:00,2026-07-22 12:16:24,李帆,L0789
IN202607280109,SKU0480,79,2026-07-28 09:38:00,2026-07-28 09:33:23,王丹,L0789
IN202608030113,SKU0480,79,2026-08-03 09:18:00,2026-08-03 13:04:02,廖晨,L0789
IN202608090102,SKU0480,79,2026-08-09 08:29:00,2026-08-09 08:21:22,毛燕,L0789
IN202608150105,SKU0480,79,2026-08-15 10:41:00,2026-08-15 10:33:38,廖晨,L0789
IN202608210103,SKU0480,79,2026-08-21 10:22:00,2026-08-21 10:22:55,王丹,L0789
IN202608270112,SKU0480,79,2026-08-27 08:10:00,2026-08-27 08:30:53,郑婷婷,L0789
IN202606020111,SKU0481,20,2026-06-02 09:52:00,2026-06-02 10:10:06,刘旭,L0196
IN202606080121,SKU0481,20,2026-06-08 10:22:00,2026-06-08 10:18:54,王丹,L0196
IN202606140111,SKU0481,20,2026-06-14 08:07:00,2026-06-14 08:12:24,李敏,L0196
IN202606200107,SKU0481,20,2026-06-20 10:18:00,2026-06-20 10:10:48,王丹,L0196
IN202606260112,SKU0481,20,2026-06-26 09:08:00,2026-06-26 09:18:07,刘旭,L0196
IN202607020114,SKU0481,20,2026-07-02 08:25:00,2026-07-02 08:40:30,郑婷婷,L0196
IN202607080111,SKU0481,20,2026-07-08 10:01:00,2026-07-08 10:57:09,李帆,L0196
IN202607140116,SKU0481,20,2026-07-14 08:45:00,2026-07-14 08:59:03,姚佳,L0196
IN202607200113,SKU0481,20,2026-07-20 11:10:00,2026-07-20 11:13:49,刘旭,L0196
IN202607260115,SKU0481,20,2026-07-26 08:24:00,2026-07-26 08:23:31,姚佳,L0196
IN202608010105,SKU0481,20,2026-08-01 11:44:00,2026-08-01 12:00:40,宋超,L0196
IN202608070116,SKU0481,20,2026-08-07 08:51:00,2026-08-07 08:42:13,杨建军,L0196
IN202608130113,SKU0481,20,2026-08-13 10:50:00,2026-08-13 12:17:56,王丹,L0196
IN202608190109,SKU0481,20,2026-08-19 11:09:00,2026-08-19 11:17:42,宋超,L0196
IN202608250114,SKU0481,20,2026-08-25 08:50:00,2026-08-25 08:57:54,宋超,L0196
IN202606010108,SKU0482,11,2026-06-01 09:47:00,2026-06-01 09:45:37,卓雪,L0684
IN202606040111,SKU0482,11,2026-06-04 09:35:00,2026-06-04 09:56:00,宋超,L0684
IN202606070102,SKU0482,11,2026-06-07 08:29:00,2026-06-07 08:39:33,徐萍,L0684
IN202606100101,SKU0482,11,2026-06-10 09:01:00,2026-06-10 09:09:36,徐萍,L0684
IN202606130100,SKU0482,11,2026-06-13 11:29:00,2026-06-13 15:26:25,宋超,L0684
IN202606160112,SKU0482,11,2026-06-16 10:09:00,2026-06-16 10:25:18,王丹,L0684
IN202606190104,SKU0482,11,2026-06-19 08:54:00,2026-06-19 11:58:27,刘旭,L0684
IN202606220109,SKU0482,11,2026-06-22 08:40:00,2026-06-22 09:00:04,姚佳,L0684
IN202606250101,SKU0482,11,2026-06-25 10:38:00,2026-06-25 10:54:21,郑婷婷,L0684
IN202606280111,SKU0482,11,2026-06-28 08:31:00,2026-06-28 08:39:44,郑婷婷,L0684
IN202607010103,SKU0482,11,2026-07-01 10:01:00,2026-07-01 10:06:51,李敏,L0684
IN202607040102,SKU0482,11,2026-07-04 09:02:00,2026-07-04 12:41:43,王丹,L0684
IN202607070102,SKU0482,11,2026-07-07 08:46:00,2026-07-07 08:52:09,宋超,L0684
IN202607100106,SKU0482,11,2026-07-10 09:32:00,2026-07-10 09:41:55,徐萍,L0684
IN202607130111,SKU0482,11,2026-07-13 09:39:00,2026-07-13 09:42:21,王丹,L0684
IN202607160109,SKU0482,11,2026-07-16 11:59:00,2026-07-16 12:06:22,杨建军,L0684
IN202607190102,SKU0482,11,2026-07-19 10:11:00,2026-07-19 12:31:18,卓雪,L0684
IN202607220105,SKU0482,11,2026-07-22 11:51:00,2026-07-22 11:45:03,郑婷婷,L0684
IN202607250097,SKU0482,11,2026-07-25 09:38:00,2026-07-25 09:57:12,王丹,L0684
IN202607280110,SKU0482,11,2026-07-28 11:48:00,2026-07-28 11:51:06,李帆,L0684
IN202607310103,SKU0482,11,2026-07-31 09:15:00,2026-07-31 11:44:36,徐萍,L0684
IN202608030114,SKU0482,11,2026-08-03 08:44:00,2026-08-03 12:13:08,郑婷婷,L0684
IN202608060104,SKU0482,11,2026-08-06 11:42:00,2026-08-06 12:02:28,李帆,L0684
IN202608090103,SKU0482,11,2026-08-09 09:35:00,2026-08-09 11:43:51,李敏,L0684
IN202608120102,SKU0482,11,2026-08-12 09:43:00,2026-08-12 09:45:18,廖晨,L0684
IN202608150106,SKU0482,11,2026-08-15 11:41:00,2026-08-15 14:43:41,姚佳,L0684
IN202608180106,SKU0482,11,2026-08-18 10:12:00,2026-08-18 10:26:12,姚佳,L0684
IN202608210104,SKU0482,11,2026-08-21 08:03:00,2026-08-21 08:15:58,廖晨,L0684
IN202608240104,SKU0482,11,2026-08-24 09:38:00,2026-08-24 11:13:03,王丹,L0684
IN202608270113,SKU0482,11,2026-08-27 11:56:00,2026-08-27 12:09:58,刘旭,L0684
IN202606030104,SKU0483,24,2026-06-03 08:09:00,2026-06-03 08:26:27,郑婷婷,L0551
IN202606070103,SKU0483,24,2026-06-07 10:04:00,2026-06-07 09:57:11,李敏,L0551
IN202606110101,SKU0483,24,2026-06-11 09:07:00,2026-06-11 09:08:34,姚佳,L0551
IN202606150106,SKU0483,24,2026-06-15 09:18:00,2026-06-15 09:29:56,王丹,L0551
IN202606190105,SKU0483,24,2026-06-19 08:16:00,2026-06-19 08:30:59,杨建军,L0551
IN202606230102,SKU0483,24,2026-06-23 11:31:00,2026-06-23 15:17:04,毛燕,L0551
IN202606270098,SKU0483,24,2026-06-27 10:00:00,2026-06-27 11:26:54,卓雪,L0551
IN202607010104,SKU0483,24,2026-07-01 11:21:00,2026-07-01 11:34:44,毛燕,L0551
IN202607050095,SKU0483,24,2026-07-05 11:06:00,2026-07-05 11:27:50,卓雪,L0551
IN202607090106,SKU0483,24,2026-07-09 09:10:00,2026-07-09 09:14:51,刘旭,L0551
IN202607130112,SKU0483,24,2026-07-13 09:22:00,2026-07-13 09:33:31,宋超,L0551
IN202607170096,SKU0483,24,2026-07-17 08:32:00,2026-07-17 11:27:52,王丹,L0551
IN202607210107,SKU0483,24,2026-07-21 08:50:00,2026-07-21 08:51:17,宋超,L0551
IN202607250098,SKU0483,24,2026-07-25 08:16:00,2026-07-25 08:25:55,王丹,L0551
IN202607290096,SKU0483,24,2026-07-29 08:14:00,2026-07-29 08:16:35,杨建军,L0551
IN202608020106,SKU0483,24,2026-08-02 09:47:00,2026-08-02 11:22:35,李敏,L0551
IN202608060105,SKU0483,24,2026-08-06 08:30:00,2026-08-06 08:54:47,杨建军,L0551
IN202608100104,SKU0483,24,2026-08-10 09:26:00,2026-08-10 09:38:14,李敏,L0551
IN202608140101,SKU0483,24,2026-08-14 09:33:00,2026-08-14 09:27:28,宋超,L0551
IN202608180107,SKU0483,24,2026-08-18 10:18:00,2026-08-18 10:13:51,李帆,L0551
IN202608220096,SKU0483,24,2026-08-22 11:40:00,2026-08-22 12:53:53,廖晨,L0551
IN202608260100,SKU0483,24,2026-08-26 09:01:00,2026-08-26 09:11:12,李敏,L0551
IN202606020112,SKU0484,12,2026-06-02 11:54:00,2026-06-02 12:12:25,李帆,L0090
IN202606070104,SKU0484,12,2026-06-07 09:28:00,2026-06-07 10:55:35,李敏,L0090
IN202606120105,SKU0484,12,2026-06-12 11:35:00,2026-06-12 11:46:30,郑婷婷,L0090
IN202606170092,SKU0484,12,2026-06-17 08:07:00,2026-06-17 11:54:21,李帆,L0090
IN202606220110,SKU0484,12,2026-06-22 09:57:00,2026-06-22 09:48:24,毛燕,L0090
IN202606270099,SKU0484,12,2026-06-27 11:54:00,2026-06-27 13:17:43,李敏,L0090
IN202607020115,SKU0484,12,2026-07-02 11:45:00,2026-07-02 14:58:38,卓雪,L0090
IN202607070103,SKU0484,12,2026-07-07 09:19:00,2026-07-07 09:12:22,廖晨,L0090
IN202607120102,SKU0484,12,2026-07-12 10:49:00,2026-07-12 10:56:35,毛燕,L0090
IN202607170097,SKU0484,12,2026-07-17 11:33:00,2026-07-17 11:40:56,姚佳,L0090
IN202607220106,SKU0484,12,2026-07-22 11:15:00,2026-07-22 11:26:00,刘旭,L0090
IN202607270105,SKU0484,12,2026-07-27 10:36:00,2026-07-27 10:46:08,刘旭,L0090
IN202608010106,SKU0484,12,2026-08-01 10:04:00,2026-08-01 10:09:32,杨建军,L0090
IN202608060106,SKU0484,12,2026-08-06 11:06:00,2026-08-06 11:14:05,廖晨,L0090
IN202608110107,SKU0484,12,2026-08-11 09:29:00,2026-08-11 09:51:05,刘旭,L0090
IN202608160094,SKU0484,12,2026-08-16 09:04:00,2026-08-16 09:03:41,杨建军,L0090
IN202608210105,SKU0484,12,2026-08-21 11:44:00,2026-08-21 12:07:16,姚佳,L0090
IN202608260101,SKU0484,12,2026-08-26 10:11:00,2026-08-26 10:29:21,毛燕,L0090
IN202606010109,SKU0485,11,2026-06-01 08:51:00,2026-06-01 09:05:48,宋超,L0341
IN202606040112,SKU0485,11,2026-06-04 11:20:00,2026-06-04 11:40:37,李帆,L0341
IN202606070105,SKU0485,11,2026-06-07 11:39:00,2026-06-07 11:54:23,卓雪,L0341
IN202606100102,SKU0485,11,2026-06-10 08:18:00,2026-06-10 09:39:21,廖晨,L0341
IN202606130101,SKU0485,11,2026-06-13 11:51:00,2026-06-13 12:12:44,刘旭,L0341
IN202606160113,SKU0485,11,2026-06-16 09:54:00,2026-06-16 09:55:15,杨建军,L0341
IN202606190106,SKU0485,11,2026-06-19 08:08:00,2026-06-19 08:31:15,姚佳,L0341
IN202606220111,SKU0485,11,2026-06-22 11:09:00,2026-06-22 11:09:28,李敏,L0341
IN202606250102,SKU0485,11,2026-06-25 08:32:00,2026-06-25 08:22:17,徐萍,L0341
IN202606280112,SKU0485,11,2026-06-28 11:06:00,2026-06-28 11:20:31,李帆,L0341
IN202607010105,SKU0485,11,2026-07-01 10:03:00,2026-07-01 10:18:13,李帆,L0341
IN202607040103,SKU0485,11,2026-07-04 09:11:00,2026-07-04 09:32:31,徐萍,L0341
IN202607070104,SKU0485,11,2026-07-07 09:09:00,2026-07-07 12:07:47,郑婷婷,L0341
IN202607100107,SKU0485,11,2026-07-10 08:51:00,2026-07-10 08:53:49,郑婷婷,L0341
IN202607130113,SKU0485,11,2026-07-13 11:33:00,2026-07-13 11:50:43,李帆,L0341
IN202607160110,SKU0485,11,2026-07-16 08:36:00,2026-07-16 10:38:49,杨建军,L0341
IN202607190103,SKU0485,11,2026-07-19 11:56:00,2026-07-19 12:17:09,李敏,L0341
IN202607220107,SKU0485,11,2026-07-22 08:32:00,2026-07-22 08:43:08,姚佳,L0341
IN202607250099,SKU0485,11,2026-07-25 11:10:00,2026-07-25 11:31:59,刘旭,L0341
IN202607280111,SKU0485,11,2026-07-28 11:45:00,2026-07-28 15:20:50,李敏,L0341
IN202607310104,SKU0485,11,2026-07-31 10:45:00,2026-07-31 10:49:01,姚佳,L0341
IN202608030115,SKU0485,11,2026-08-03 08:21:00,2026-08-03 12:04:36,李帆,L0341
IN202608060107,SKU0485,11,2026-08-06 11:40:00,2026-08-06 11:51:44,姚佳,L0341
IN202608090104,SKU0485,11,2026-08-09 09:59:00,2026-08-09 10:03:59,廖晨,L0341
IN202608120103,SKU0485,11,2026-08-12 11:09:00,2026-08-12 11:00:12,姚佳,L0341
IN202608150107,SKU0485,11,2026-08-15 09:38:00,2026-08-15 09:51:03,姚佳,L0341
IN202608180108,SKU0485,11,2026-08-18 08:40:00,2026-08-18 12:18:06,毛燕,L0341
IN202608210106,SKU0485,11,2026-08-21 10:01:00,2026-08-21 10:22:09,李敏,L0341
IN202608240105,SKU0485,11,2026-08-24 10:55:00,2026-08-24 11:06:44,卓雪,L0341
IN202608270114,SKU0485,11,2026-08-27 09:48:00,2026-08-27 09:58:08,李帆,L0341
IN202606020113,SKU0486,9,2026-06-02 09:49:00,2026-06-02 09:42:28,郑婷婷,L0046
IN202606050093,SKU0486,9,2026-06-05 11:35:00,2026-06-05 11:42:07,王丹,L0046
IN202606080122,SKU0486,9,2026-06-08 10:52:00,2026-06-08 10:46:31,杨建军,L0046
IN202606110102,SKU0486,9,2026-06-11 08:49:00,2026-06-11 10:14:02,徐萍,L0046
IN202606140112,SKU0486,9,2026-06-14 10:08:00,2026-06-14 13:02:42,杨建军,L0046
IN202606170093,SKU0486,9,2026-06-17 08:15:00,2026-06-17 08:24:49,郑婷婷,L0046
IN202606200108,SKU0486,9,2026-06-20 09:08:00,2026-06-20 09:12:55,杨建军,L0046
IN202606230103,SKU0486,9,2026-06-23 11:48:00,2026-06-23 13:57:02,廖晨,L0046
IN202606260113,SKU0486,9,2026-06-26 10:10:00,2026-06-26 10:31:53,李帆,L0046
IN202606290101,SKU0486,9,2026-06-29 09:30:00,2026-06-29 13:14:45,李帆,L0046
IN202607020116,SKU0486,9,2026-07-02 11:11:00,2026-07-02 11:50:14,王丹,L0046
IN202607050096,SKU0486,9,2026-07-05 09:25:00,2026-07-05 09:16:17,毛燕,L0046
IN202607080112,SKU0486,9,2026-07-08 09:06:00,2026-07-08 09:59:58,李敏,L0046
IN202607110093,SKU0486,9,2026-07-11 11:37:00,2026-07-11 11:37:53,李敏,L0046
IN202607140117,SKU0486,9,2026-07-14 08:10:00,2026-07-14 08:10:32,宋超,L0046
IN202607170098,SKU0486,9,2026-07-17 11:40:00,2026-07-17 11:44:10,李敏,L0046
IN202607200114,SKU0486,9,2026-07-20 09:17:00,2026-07-20 09:32:25,卓雪,L0046
IN202607230100,SKU0486,9,2026-07-23 08:08:00,2026-07-23 08:10:44,卓雪,L0046
IN202607260116,SKU0486,9,2026-07-26 10:47:00,2026-07-26 10:39:29,刘旭,L0046
IN202607290097,SKU0486,9,2026-07-29 09:24:00,2026-07-29 09:37:25,宋超,L0046
IN202608010107,SKU0486,9,2026-08-01 10:00:00,2026-08-01 10:12:51,廖晨,L0046
IN202608040095,SKU0486,9,2026-08-04 08:16:00,2026-08-04 08:24:25,廖晨,L0046
IN202608070117,SKU0486,9,2026-08-07 10:58:00,2026-08-07 11:08:31,卓雪,L0046
IN202608100105,SKU0486,9,2026-08-10 09:28:00,2026-08-10 09:50:04,李敏,L0046
IN202608130114,SKU0486,9,2026-08-13 11:29:00,2026-08-13 11:26:04,毛燕,L0046
IN202608160095,SKU0486,9,2026-08-16 10:03:00,2026-08-16 10:09:59,廖晨,L0046
IN202608190110,SKU0486,9,2026-08-19 09:18:00,2026-08-19 10:49:13,毛燕,L0046
IN202608220097,SKU0486,9,2026-08-22 08:34:00,2026-08-22 08:28:05,郑婷婷,L0046
IN202608250115,SKU0486,9,2026-08-25 09:48:00,2026-08-25 09:59:16,刘旭,L0046
IN202608280096,SKU0486,9,2026-08-28 08:22:00,2026-08-28 08:16:15,宋超,L0046
IN202606040113,SKU0487,24,2026-06-04 11:32:00,2026-06-04 11:31:42,毛燕,L0658
IN202606100103,SKU0487,24,2026-06-10 11:18:00,2026-06-10 11:35:41,姚佳,L0658
IN202606160114,SKU0487,24,2026-06-16 11:39:00,2026-06-16 11:54:48,郑婷婷,L0658
IN202606220112,SKU0487,24,2026-06-22 11:46:00,2026-06-22 11:42:48,廖晨,L0658
IN202606280113,SKU0487,24,2026-06-28 10:36:00,2026-06-28 10:35:07,杨建军,L0658
IN202607040104,SKU0487,24,2026-07-04 10:29:00,2026-07-04 10:45:21,廖晨,L0658
IN202607100108,SKU0487,24,2026-07-10 08:39:00,2026-07-10 08:35:56,毛燕,L0658
IN202607160111,SKU0487,24,2026-07-16 10:00:00,2026-07-16 09:52:53,毛燕,L0658
IN202607220108,SKU0487,24,2026-07-22 11:50:00,2026-07-22 13:35:07,刘旭,L0658
IN202607280112,SKU0487,24,2026-07-28 09:50:00,2026-07-28 11:03:33,卓雪,L0658
IN202608030116,SKU0487,24,2026-08-03 10:04:00,2026-08-03 10:17:52,李帆,L0658
IN202608090105,SKU0487,24,2026-08-09 09:17:00,2026-08-09 09:41:46,毛燕,L0658
IN202608150108,SKU0487,24,2026-08-15 10:12:00,2026-08-15 10:31:32,李帆,L0658
IN202608210107,SKU0487,24,2026-08-21 10:24:00,2026-08-21 10:28:37,宋超,L0658
IN202608270115,SKU0487,24,2026-08-27 11:50:00,2026-08-27 11:53:56,宋超,L0658
IN202606020114,SKU0488,15,2026-06-02 11:37:00,2026-06-02 11:53:28,卓雪,L0191
IN202606070106,SKU0488,15,2026-06-07 11:38:00,2026-06-07 11:54:47,毛燕,L0191
IN202606120106,SKU0488,15,2026-06-12 09:18:00,2026-06-12 09:08:23,宋超,L0191
IN202606170094,SKU0488,15,2026-06-17 10:02:00,2026-06-17 09:59:34,廖晨,L0191
IN202606220113,SKU0488,15,2026-06-22 08:20:00,2026-06-22 08:22:15,姚佳,L0191
IN202606270100,SKU0488,15,2026-06-27 08:25:00,2026-06-27 08:37:09,李敏,L0191
IN202607020117,SKU0488,15,2026-07-02 10:46:00,2026-07-02 11:05:32,姚佳,L0191
IN202607070105,SKU0488,15,2026-07-07 08:38:00,2026-07-07 08:50:46,徐萍,L0191
IN202607120103,SKU0488,15,2026-07-12 08:11:00,2026-07-12 08:12:44,杨建军,L0191
IN202607170099,SKU0488,15,2026-07-17 10:03:00,2026-07-17 09:58:58,徐萍,L0191
IN202607220109,SKU0488,15,2026-07-22 09:28:00,2026-07-22 09:52:42,李帆,L0191
IN202607270106,SKU0488,15,2026-07-27 09:35:00,2026-07-27 09:48:09,徐萍,L0191
IN202608010108,SKU0488,15,2026-08-01 08:39:00,2026-08-01 11:26:06,刘旭,L0191
IN202608060108,SKU0488,15,2026-08-06 08:02:00,2026-08-06 08:24:53,徐萍,L0191
IN202608110108,SKU0488,15,2026-08-11 10:59:00,2026-08-11 10:55:49,卓雪,L0191
IN202608160096,SKU0488,15,2026-08-16 11:59:00,2026-08-16 11:58:40,郑婷婷,L0191
IN202608210108,SKU0488,15,2026-08-21 10:57:00,2026-08-21 12:47:58,廖晨,L0191
IN202608260102,SKU0488,15,2026-08-26 11:35:00,2026-08-26 11:42:24,宋超,L0191
IN202606020115,SKU0489,16,2026-06-02 11:26:00,2026-06-02 11:18:37,王丹,L0729
IN202606060101,SKU0489,16,2026-06-06 11:25:00,2026-06-06 11:21:50,毛燕,L0729
IN202606100104,SKU0489,16,2026-06-10 10:53:00,2026-06-10 13:35:29,毛燕,L0729
IN202606140113,SKU0489,16,2026-06-14 10:29:00,2026-06-14 10:47:33,卓雪,L0729
IN202606180108,SKU0489,16,2026-06-18 11:43:00,2026-06-18 11:47:39,宋超,L0729
IN202606220114,SKU0489,16,2026-06-22 09:47:00,2026-06-22 10:59:25,姚佳,L0729
IN202606260114,SKU0489,16,2026-06-26 09:23:00,2026-06-26 12:37:32,刘旭,L0729
IN202606300103,SKU0489,16,2026-06-30 09:37:00,2026-06-30 09:31:07,王丹,L0729
IN202607040105,SKU0489,16,2026-07-04 10:18:00,2026-07-04 10:10:30,郑婷婷,L0729
IN202607080113,SKU0489,16,2026-07-08 08:09:00,2026-07-08 08:13:36,郑婷婷,L0729
IN202607120104,SKU0489,16,2026-07-12 11:47:00,2026-07-12 11:58:04,郑婷婷,L0729
IN202607160112,SKU0489,16,2026-07-16 08:31:00,2026-07-16 08:46:32,毛燕,L0729
IN202607200115,SKU0489,16,2026-07-20 10:41:00,2026-07-20 10:35:21,李帆,L0729
IN202607240104,SKU0489,16,2026-07-24 10:32:00,2026-07-24 10:52:39,李帆,L0729
IN202607280113,SKU0489,16,2026-07-28 10:10:00,2026-07-28 10:03:49,毛燕,L0729
IN202608010109,SKU0489,16,2026-08-01 09:19:00,2026-08-01 09:28:22,王丹,L0729
IN202608050103,SKU0489,16,2026-08-05 09:07:00,2026-08-05 09:30:05,廖晨,L0729
IN202608090106,SKU0489,16,2026-08-09 09:40:00,2026-08-09 09:56:59,李帆,L0729
IN202608130115,SKU0489,16,2026-08-13 11:14:00,2026-08-13 11:28:02,毛燕,L0729
IN202608170111,SKU0489,16,2026-08-17 08:56:00,2026-08-17 11:55:34,王丹,L0729
IN202608210109,SKU0489,16,2026-08-21 08:05:00,2026-08-21 08:17:42,徐萍,L0729
IN202608250116,SKU0489,16,2026-08-25 09:28:00,2026-08-25 09:49:32,李敏,L0729
IN202608290097,SKU0489,16,2026-08-29 11:26:00,2026-08-29 11:25:42,卓雪,L0729
IN202606030105,SKU0490,11,2026-06-03 11:41:00,2026-06-03 11:38:20,徐萍,L0109
IN202606060102,SKU0490,11,2026-06-06 11:07:00,2026-06-06 11:11:09,廖晨,L0109
IN202606090104,SKU0490,11,2026-06-09 10:19:00,2026-06-09 10:21:53,毛燕,L0109
IN202606120107,SKU0490,11,2026-06-12 09:46:00,2026-06-12 11:36:22,郑婷婷,L0109
IN202606150107,SKU0490,11,2026-06-15 08:07:00,2026-06-15 08:14:10,宋超,L0109
IN202606180109,SKU0490,11,2026-06-18 08:59:00,2026-06-18 11:06:33,姚佳,L0109
IN202606210103,SKU0490,11,2026-06-21 08:20:00,2026-06-21 08:26:39,刘旭,L0109
IN202606240105,SKU0490,11,2026-06-24 11:12:00,2026-06-24 13:21:37,李敏,L0109
IN202606270101,SKU0490,11,2026-06-27 09:38:00,2026-06-27 09:59:14,刘旭,L0109
IN202606300104,SKU0490,11,2026-06-30 10:04:00,2026-06-30 10:19:40,郑婷婷,L0109
IN202607030104,SKU0490,11,2026-07-03 09:52:00,2026-07-03 09:59:15,杨建军,L0109
IN202607060113,SKU0490,11,2026-07-06 09:21:00,2026-07-06 09:13:00,宋超,L0109
IN202607090107,SKU0490,11,2026-07-09 09:59:00,2026-07-09 10:00:20,廖晨,L0109
IN202607120105,SKU0490,11,2026-07-12 10:29:00,2026-07-12 10:22:31,卓雪,L0109
IN202607150097,SKU0490,11,2026-07-15 08:18:00,2026-07-15 08:26:38,郑婷婷,L0109
IN202607180105,SKU0490,11,2026-07-18 09:33:00,2026-07-18 09:32:50,李帆,L0109
IN202607210108,SKU0490,11,2026-07-21 08:16:00,2026-07-21 08:25:26,郑婷婷,L0109
IN202607240105,SKU0490,11,2026-07-24 10:32:00,2026-07-24 10:54:19,郑婷婷,L0109
IN202607270107,SKU0490,11,2026-07-27 09:39:00,2026-07-27 09:39:39,廖晨,L0109
IN202607300106,SKU0490,11,2026-07-30 11:44:00,2026-07-30 15:09:47,卓雪,L0109
IN202608020107,SKU0490,11,2026-08-02 09:58:00,2026-08-02 09:50:30,姚佳,L0109
IN202608050104,SKU0490,11,2026-08-05 10:28:00,2026-08-05 10:30:45,王丹,L0109
IN202608080098,SKU0490,11,2026-08-08 10:23:00,2026-08-08 10:22:44,徐萍,L0109
IN202608110109,SKU0490,11,2026-08-11 09:32:00,2026-08-11 09:44:08,徐萍,L0109
IN202608140102,SKU0490,11,2026-08-14 09:41:00,2026-08-14 10:05:36,刘旭,L0109
IN202608170112,SKU0490,11,2026-08-17 10:04:00,2026-08-17 10:14:25,卓雪,L0109
IN202608200105,SKU0490,11,2026-08-20 08:10:00,2026-08-20 08:11:27,徐萍,L0109
IN202608230107,SKU0490,11,2026-08-23 09:35:00,2026-08-23 09:55:48,郑婷婷,L0109
IN202608260103,SKU0490,11,2026-08-26 08:49:00,2026-08-26 09:09:36,李帆,L0109
IN202608290098,SKU0490,11,2026-08-29 10:51:00,2026-08-29 13:16:28,杨建军,L0109
IN202606060103,SKU0491,15,2026-06-06 10:09:00,2026-06-06 10:21:14,宋超,L0252
IN202606130102,SKU0491,15,2026-06-13 08:25:00,2026-06-13 08:34:19,徐萍,L0252
IN202606200109,SKU0491,15,2026-06-20 09:20:00,2026-06-20 09:10:28,宋超,L0252
IN202606270102,SKU0491,15,2026-06-27 10:02:00,2026-06-27 10:06:17,郑婷婷,L0252
IN202607040106,SKU0491,15,2026-07-04 09:00:00,2026-07-04 09:05:57,李敏,L0252
IN202607110094,SKU0491,15,2026-07-11 11:26:00,2026-07-11 11:29:57,廖晨,L0252
IN202607180106,SKU0491,15,2026-07-18 10:11:00,2026-07-18 10:15:47,郑婷婷,L0252
IN202607250100,SKU0491,15,2026-07-25 09:08:00,2026-07-25 09:17:07,郑婷婷,L0252
IN202608010110,SKU0491,15,2026-08-01 09:00:00,2026-08-01 09:08:44,毛燕,L0252
IN202608080099,SKU0491,15,2026-08-08 10:54:00,2026-08-08 11:13:00,刘旭,L0252
IN202608150109,SKU0491,15,2026-08-15 08:02:00,2026-08-15 08:24:50,杨建军,L0252
IN202608220098,SKU0491,15,2026-08-22 09:48:00,2026-08-22 10:08:24,姚佳,L0252
IN202608290099,SKU0491,15,2026-08-29 11:25:00,2026-08-29 11:15:53,李敏,L0252
IN202606030106,SKU0492,10,2026-06-03 11:16:00,2026-06-03 11:12:04,李敏,L0408
IN202606060104,SKU0492,10,2026-06-06 10:57:00,2026-06-06 10:59:27,杨建军,L0408
IN202606090105,SKU0492,10,2026-06-09 09:28:00,2026-06-09 09:24:46,王丹,L0408
IN202606120108,SKU0492,10,2026-06-12 08:24:00,2026-06-12 08:44:04,毛燕,L0408
IN202606150108,SKU0492,10,2026-06-15 10:07:00,2026-06-15 10:05:23,李帆,L0408
IN202606180110,SKU0492,10,2026-06-18 10:51:00,2026-06-18 11:03:30,徐萍,L0408
IN202606210104,SKU0492,10,2026-06-21 08:58:00,2026-06-21 12:25:30,徐萍,L0408
IN202606240106,SKU0492,10,2026-06-24 08:44:00,2026-06-24 08:38:25,廖晨,L0408
IN202606270103,SKU0492,10,2026-06-27 08:25:00,2026-06-27 08:34:03,卓雪,L0408
IN202606300105,SKU0492,10,2026-06-30 11:31:00,2026-06-30 11:51:56,宋超,L0408
IN202607030105,SKU0492,10,2026-07-03 10:59:00,2026-07-03 10:55:54,李敏,L0408
IN202607060114,SKU0492,10,2026-07-06 09:26:00,2026-07-06 10:07:38,毛燕,L0408
IN202607090108,SKU0492,10,2026-07-09 08:45:00,2026-07-09 09:06:23,毛燕,L0408
IN202607120106,SKU0492,10,2026-07-12 11:22:00,2026-07-12 11:13:49,刘旭,L0408
IN202607150098,SKU0492,10,2026-07-15 10:55:00,2026-07-15 12:23:49,姚佳,L0408
IN202607180107,SKU0492,10,2026-07-18 11:38:00,2026-07-18 13:24:24,廖晨,L0408
IN202607210109,SKU0492,10,2026-07-21 10:18:00,2026-07-21 10:40:02,刘旭,L0408
IN202607240106,SKU0492,10,2026-07-24 11:21:00,2026-07-24 11:18:08,徐萍,L0408
IN202607270108,SKU0492,10,2026-07-27 10:19:00,2026-07-27 10:33:37,徐萍,L0408
IN202607300107,SKU0492,10,2026-07-30 09:03:00,2026-07-30 09:24:48,李敏,L0408
IN202608020108,SKU0492,10,2026-08-02 09:48:00,2026-08-02 10:12:22,李帆,L0408
IN202608050105,SKU0492,10,2026-08-05 10:25:00,2026-08-05 10:43:00,刘旭,L0408
IN202608080100,SKU0492,10,2026-08-08 08:24:00,2026-08-08 08:21:01,李敏,L0408
IN202608110110,SKU0492,10,2026-08-11 11:15:00,2026-08-11 15:00:16,徐萍,L0408
IN202608140103,SKU0492,10,2026-08-14 08:52:00,2026-08-14 09:07:42,王丹,L0408
IN202608170113,SKU0492,10,2026-08-17 10:26:00,2026-08-17 10:36:30,刘旭,L0408
IN202608200106,SKU0492,10,2026-08-20 10:38:00,2026-08-20 10:38:27,姚佳,L0408
IN202608230108,SKU0492,10,2026-08-23 11:45:00,2026-08-23 11:44:52,宋超,L0408
IN202608260104,SKU0492,10,2026-08-26 08:12:00,2026-08-26 08:20:28,王丹,L0408
IN202608290100,SKU0492,10,2026-08-29 11:34:00,2026-08-29 11:54:49,宋超,L0408
IN202606030107,SKU0493,10,2026-06-03 09:29:00,2026-06-03 11:21:20,王丹,L0087
IN202606070107,SKU0493,10,2026-06-07 08:54:00,2026-06-07 09:04:03,杨建军,L0087
IN202606110103,SKU0493,10,2026-06-11 10:55:00,2026-06-11 14:27:44,郑婷婷,L0087
IN202606150109,SKU0493,10,2026-06-15 10:19:00,2026-06-15 10:14:52,徐萍,L0087
IN202606190107,SKU0493,10,2026-06-19 11:32:00,2026-06-19 11:56:47,刘旭,L0087
IN202606230104,SKU0493,10,2026-06-23 08:30:00,2026-06-23 11:47:28,郑婷婷,L0087
IN202606270104,SKU0493,10,2026-06-27 08:32:00,2026-06-27 08:56:33,杨建军,L0087
IN202607010106,SKU0493,10,2026-07-01 08:55:00,2026-07-01 08:54:30,徐萍,L0087
IN202607050097,SKU0493,10,2026-07-05 10:07:00,2026-07-05 12:16:28,郑婷婷,L0087
IN202607090109,SKU0493,10,2026-07-09 11:05:00,2026-07-09 11:06:09,刘旭,L0087
IN202607130114,SKU0493,10,2026-07-13 11:58:00,2026-07-13 12:07:23,李敏,L0087
IN202607170100,SKU0493,10,2026-07-17 08:50:00,2026-07-17 09:12:31,姚佳,L0087
IN202607210110,SKU0493,10,2026-07-21 10:16:00,2026-07-21 10:34:24,宋超,L0087
IN202607250101,SKU0493,10,2026-07-25 08:36:00,2026-07-25 08:28:25,刘旭,L0087
IN202607290098,SKU0493,10,2026-07-29 08:12:00,2026-07-29 08:15:55,杨建军,L0087
IN202608020109,SKU0493,10,2026-08-02 10:57:00,2026-08-02 11:11:58,徐萍,L0087
IN202608060109,SKU0493,10,2026-08-06 08:11:00,2026-08-06 08:34:49,宋超,L0087
IN202608100106,SKU0493,10,2026-08-10 08:53:00,2026-08-10 08:57:23,徐萍,L0087
IN202608140104,SKU0493,10,2026-08-14 09:54:00,2026-08-14 10:06:58,李敏,L0087
IN202608180109,SKU0493,10,2026-08-18 10:26:00,2026-08-18 10:38:50,宋超,L0087
IN202608220099,SKU0493,10,2026-08-22 08:21:00,2026-08-22 11:48:40,郑婷婷,L0087
IN202608260105,SKU0493,10,2026-08-26 08:32:00,2026-08-26 08:44:53,毛燕,L0087
IN202606040114,SKU0494,15,2026-06-04 11:38:00,2026-06-04 11:33:09,姚佳,L0347
IN202606080123,SKU0494,15,2026-06-08 11:26:00,2026-06-08 11:33:17,李帆,L0347
IN202606120109,SKU0494,15,2026-06-12 08:39:00,2026-06-12 08:59:26,廖晨,L0347
IN202606160115,SKU0494,15,2026-06-16 11:02:00,2026-06-16 12:36:59,刘旭,L0347
IN202606200110,SKU0494,15,2026-06-20 10:19:00,2026-06-20 13:12:27,郑婷婷,L0347
IN202606240107,SKU0494,15,2026-06-24 10:59:00,2026-06-24 11:03:34,李敏,L0347
IN202606280114,SKU0494,15,2026-06-28 08:07:00,2026-06-28 08:06:36,王丹,L0347
IN202607020118,SKU0494,15,2026-07-02 11:31:00,2026-07-02 11:42:11,刘旭,L0347
IN202607060115,SKU0494,15,2026-07-06 09:00:00,2026-07-06 09:12:42,徐萍,L0347
IN202607100109,SKU0494,15,2026-07-10 10:13:00,2026-07-10 10:03:46,廖晨,L0347
IN202607140118,SKU0494,15,2026-07-14 11:12:00,2026-07-14 11:29:13,卓雪,L0347
IN202607180108,SKU0494,15,2026-07-18 09:53:00,2026-07-18 10:07:12,卓雪,L0347
IN202607220110,SKU0494,15,2026-07-22 08:06:00,2026-07-22 08:03:51,李帆,L0347
IN202607260117,SKU0494,15,2026-07-26 10:59:00,2026-07-26 11:14:52,郑婷婷,L0347
IN202607300108,SKU0494,15,2026-07-30 11:53:00,2026-07-30 12:11:58,王丹,L0347
IN202608030117,SKU0494,15,2026-08-03 09:34:00,2026-08-03 09:47:20,毛燕,L0347
IN202608070118,SKU0494,15,2026-08-07 11:55:00,2026-08-07 12:00:02,廖晨,L0347
IN202608110111,SKU0494,15,2026-08-11 10:59:00,2026-08-11 13:36:14,毛燕,L0347
IN202608150110,SKU0494,15,2026-08-15 10:22:00,2026-08-15 10:44:57,李敏,L0347
IN202608190111,SKU0494,15,2026-08-19 11:28:00,2026-08-19 11:20:00,杨建军,L0347
IN202608230109,SKU0494,15,2026-08-23 09:30:00,2026-08-23 09:49:09,刘旭,L0347
IN202608270116,SKU0494,15,2026-08-27 09:46:00,2026-08-27 10:10:52,杨建军,L0347
IN202606010110,SKU0495,86,2026-06-01 08:49:00,2026-06-01 09:03:32,郑婷婷,L0794
IN202606040115,SKU0495,86,2026-06-04 08:07:00,2026-06-04 08:02:03,郑婷婷,L0794
IN202606070108,SKU0495,86,2026-06-07 08:13:00,2026-06-07 08:07:44,李敏,L0794
IN202606100105,SKU0495,86,2026-06-10 11:02:00,2026-06-10 13:19:28,徐萍,L0794
IN202606130103,SKU0495,86,2026-06-13 09:59:00,2026-06-13 13:05:20,姚佳,L0794
IN202606160116,SKU0495,86,2026-06-16 11:43:00,2026-06-16 11:43:04,刘旭,L0794
IN202606190108,SKU0495,86,2026-06-19 11:42:00,2026-06-19 11:41:06,刘旭,L0794
IN202606220115,SKU0495,86,2026-06-22 10:26:00,2026-06-22 10:39:09,郑婷婷,L0794
IN202606250103,SKU0495,86,2026-06-25 11:41:00,2026-06-25 11:37:53,刘旭,L0794
IN202606280115,SKU0495,86,2026-06-28 08:25:00,2026-06-28 08:24:04,毛燕,L0794
IN202607010107,SKU0495,86,2026-07-01 09:03:00,2026-07-01 08:59:21,王丹,L0794
IN202607040107,SKU0495,86,2026-07-04 08:29:00,2026-07-04 08:50:45,李帆,L0794
IN202607070106,SKU0495,86,2026-07-07 10:32:00,2026-07-07 10:56:48,徐萍,L0794
IN202607100110,SKU0495,86,2026-07-10 09:16:00,2026-07-10 10:28:50,王丹,L0794
IN202607130115,SKU0495,86,2026-07-13 08:51:00,2026-07-13 08:50:31,刘旭,L0794
IN202607160113,SKU0495,86,2026-07-16 10:57:00,2026-07-16 11:05:46,杨建军,L0794
IN202607190104,SKU0495,86,2026-07-19 08:31:00,2026-07-19 08:35:40,王丹,L0794
IN202607220111,SKU0495,86,2026-07-22 10:06:00,2026-07-22 10:08:33,毛燕,L0794
IN202607250102,SKU0495,86,2026-07-25 09:29:00,2026-07-25 09:41:15,卓雪,L0794
IN202607280114,SKU0495,86,2026-07-28 11:13:00,2026-07-28 14:52:36,廖晨,L0794
IN202607310105,SKU0495,86,2026-07-31 11:42:00,2026-07-31 11:35:31,王丹,L0794
IN202608030118,SKU0495,86,2026-08-03 08:15:00,2026-08-03 08:22:45,廖晨,L0794
IN202608060110,SKU0495,86,2026-08-06 10:27:00,2026-08-06 10:49:38,卓雪,L0794
IN202608090107,SKU0495,86,2026-08-09 08:36:00,2026-08-09 12:21:33,宋超,L0794
IN202608120104,SKU0495,86,2026-08-12 11:30:00,2026-08-12 14:33:57,杨建军,L0794
IN202608150111,SKU0495,86,2026-08-15 08:18:00,2026-08-15 11:43:04,王丹,L0794
IN202608180110,SKU0495,86,2026-08-18 09:42:00,2026-08-18 09:33:04,王丹,L0794
IN202608210110,SKU0495,86,2026-08-21 11:55:00,2026-08-21 12:07:58,毛燕,L0794
IN202608240106,SKU0495,86,2026-08-24 10:42:00,2026-08-24 10:48:55,卓雪,L0794
IN202608270117,SKU0495,86,2026-08-27 09:26:00,2026-08-27 09:32:32,宋超,L0794
IN202606010111,SKU0496,10,2026-06-01 11:13:00,2026-06-01 11:19:44,王丹,L0050
IN202606050094,SKU0496,10,2026-06-05 09:57:00,2026-06-05 09:50:35,廖晨,L0050
IN202606090106,SKU0496,10,2026-06-09 09:44:00,2026-06-09 10:08:55,宋超,L0050
IN202606130104,SKU0496,10,2026-06-13 09:14:00,2026-06-13 09:33:39,王丹,L0050
IN202606170095,SKU0496,10,2026-06-17 09:50:00,2026-06-17 09:58:44,徐萍,L0050
IN202606210105,SKU0496,10,2026-06-21 10:11:00,2026-06-21 10:19:34,李敏,L0050
IN202606250104,SKU0496,10,2026-06-25 10:26:00,2026-06-25 13:16:03,毛燕,L0050
IN202606290102,SKU0496,10,2026-06-29 09:57:00,2026-06-29 10:06:12,姚佳,L0050
IN202607030106,SKU0496,10,2026-07-03 10:48:00,2026-07-03 11:11:50,郑婷婷,L0050
IN202607070107,SKU0496,10,2026-07-07 08:38:00,2026-07-07 11:03:56,宋超,L0050
IN202607110095,SKU0496,10,2026-07-11 10:28:00,2026-07-11 10:24:01,杨建军,L0050
IN202607150099,SKU0496,10,2026-07-15 08:39:00,2026-07-15 08:38:38,杨建军,L0050
IN202607190105,SKU0496,10,2026-07-19 09:41:00,2026-07-19 09:43:52,王丹,L0050
IN202607230101,SKU0496,10,2026-07-23 11:59:00,2026-07-23 12:03:02,卓雪,L0050
IN202607270109,SKU0496,10,2026-07-27 09:10:00,2026-07-27 09:15:47,王丹,L0050
IN202607310106,SKU0496,10,2026-07-31 10:25:00,2026-07-31 10:48:21,李帆,L0050
IN202608040096,SKU0496,10,2026-08-04 08:02:00,2026-08-04 08:06:22,王丹,L0050
IN202608080101,SKU0496,10,2026-08-08 08:22:00,2026-08-08 08:17:10,刘旭,L0050
IN202608120105,SKU0496,10,2026-08-12 11:25:00,2026-08-12 11:27:02,王丹,L0050
IN202608160097,SKU0496,10,2026-08-16 08:52:00,2026-08-16 10:58:23,杨建军,L0050
IN202608200107,SKU0496,10,2026-08-20 10:06:00,2026-08-20 10:12:01,郑婷婷,L0050
IN202608240107,SKU0496,10,2026-08-24 11:22:00,2026-08-24 11:39:39,杨建军,L0050
IN202608280097,SKU0496,10,2026-08-28 08:15:00,2026-08-28 08:18:09,李帆,L0050
IN202606030108,SKU0497,12,2026-06-03 08:33:00,2026-06-03 08:32:34,刘旭,L0362
IN202606080124,SKU0497,12,2026-06-08 09:32:00,2026-06-08 09:29:44,杨建军,L0362
IN202606130105,SKU0497,12,2026-06-13 09:30:00,2026-06-13 10:54:57,杨建军,L0362
IN202606180111,SKU0497,12,2026-06-18 10:14:00,2026-06-18 10:31:59,卓雪,L0362
IN202606230105,SKU0497,12,2026-06-23 10:14:00,2026-06-23 10:33:41,宋超,L0362
IN202606280116,SKU0497,12,2026-06-28 10:55:00,2026-06-28 14:46:32,刘旭,L0362
IN202607030107,SKU0497,12,2026-07-03 11:49:00,2026-07-03 11:55:24,郑婷婷,L0362
IN202607080114,SKU0497,12,2026-07-08 10:12:00,2026-07-08 13:13:42,姚佳,L0362
IN202607130116,SKU0497,12,2026-07-13 08:39:00,2026-07-13 09:02:37,刘旭,L0362
IN202607180109,SKU0497,12,2026-07-18 11:53:00,2026-07-18 12:01:39,毛燕,L0362
IN202607230102,SKU0497,12,2026-07-23 09:40:00,2026-07-23 09:57:40,宋超,L0362
IN202607280115,SKU0497,12,2026-07-28 10:47:00,2026-07-28 11:03:42,李敏,L0362
IN202608020110,SKU0497,12,2026-08-02 11:57:00,2026-08-02 11:52:37,姚佳,L0362
IN202608070119,SKU0497,12,2026-08-07 11:51:00,2026-08-07 11:42:20,廖晨,L0362
IN202608120106,SKU0497,12,2026-08-12 10:18:00,2026-08-12 10:40:57,王丹,L0362
IN202608170114,SKU0497,12,2026-08-17 11:46:00,2026-08-17 12:10:20,毛燕,L0362
IN202608220100,SKU0497,12,2026-08-22 08:22:00,2026-08-22 11:35:41,刘旭,L0362
IN202608270118,SKU0497,12,2026-08-27 11:39:00,2026-08-27 12:01:53,姚佳,L0362
IN202606020116,SKU0498,12,2026-06-02 09:20:00,2026-06-02 09:36:21,李帆,L0097
IN202606070109,SKU0498,12,2026-06-07 09:44:00,2026-06-07 11:13:35,毛燕,L0097
IN202606120110,SKU0498,12,2026-06-12 10:20:00,2026-06-12 10:43:09,毛燕,L0097
IN202606170096,SKU0498,12,2026-06-17 09:27:00,2026-06-17 09:43:58,廖晨,L0097
IN202606220116,SKU0498,12,2026-06-22 09:47:00,2026-06-22 09:52:03,郑婷婷,L0097
IN202606270105,SKU0498,12,2026-06-27 09:17:00,2026-06-27 12:48:25,卓雪,L0097
IN202607020119,SKU0498,12,2026-07-02 11:24:00,2026-07-02 11:21:01,廖晨,L0097
IN202607070108,SKU0498,12,2026-07-07 09:27:00,2026-07-07 09:42:53,刘旭,L0097
IN202607120107,SKU0498,12,2026-07-12 10:32:00,2026-07-12 10:31:35,廖晨,L0097
IN202607170101,SKU0498,12,2026-07-17 11:31:00,2026-07-17 11:44:08,毛燕,L0097
IN202607220112,SKU0498,12,2026-07-22 08:56:00,2026-07-22 08:58:15,宋超,L0097
IN202607270110,SKU0498,12,2026-07-27 11:30:00,2026-07-27 11:43:17,刘旭,L0097
IN202608010111,SKU0498,12,2026-08-01 11:36:00,2026-08-01 11:35:01,郑婷婷,L0097
IN202608060111,SKU0498,12,2026-08-06 10:03:00,2026-08-06 09:56:32,李帆,L0097
IN202608110112,SKU0498,12,2026-08-11 11:49:00,2026-08-11 12:12:18,李敏,L0097
IN202608160098,SKU0498,12,2026-08-16 09:31:00,2026-08-16 09:36:53,王丹,L0097
IN202608210111,SKU0498,12,2026-08-21 11:40:00,2026-08-21 12:03:06,徐萍,L0097
IN202608260106,SKU0498,12,2026-08-26 09:19:00,2026-08-26 09:33:46,姚佳,L0097
IN202606030109,SKU0499,10,2026-06-03 08:59:00,2026-06-03 09:21:32,郑婷婷,L0212
IN202606060105,SKU0499,10,2026-06-06 11:50:00,2026-06-06 12:53:17,李帆,L0212
IN202606090107,SKU0499,10,2026-06-09 11:23:00,2026-06-09 11:32:47,李敏,L0212
IN202606120111,SKU0499,10,2026-06-12 10:23:00,2026-06-12 10:22:39,杨建军,L0212
IN202606150110,SKU0499,10,2026-06-15 10:25:00,2026-06-15 10:39:51,刘旭,L0212
IN202606180112,SKU0499,10,2026-06-18 11:34:00,2026-06-18 11:31:40,徐萍,L0212
IN202606210106,SKU0499,10,2026-06-21 11:26:00,2026-06-21 14:14:33,卓雪,L0212
IN202606240108,SKU0499,10,2026-06-24 09:05:00,2026-06-24 09:02:48,李敏,L0212
IN202606270106,SKU0499,10,2026-06-27 10:42:00,2026-06-27 10:36:11,郑婷婷,L0212
IN202606300106,SKU0499,10,2026-06-30 08:54:00,2026-06-30 09:18:36,徐萍,L0212
IN202607030108,SKU0499,10,2026-07-03 08:02:00,2026-07-03 08:14:29,卓雪,L0212
IN202607060116,SKU0499,10,2026-07-06 09:38:00,2026-07-06 09:33:47,刘旭,L0212
IN202607090110,SKU0499,10,2026-07-09 10:33:00,2026-07-09 10:41:07,刘旭,L0212
IN202607120108,SKU0499,10,2026-07-12 10:06:00,2026-07-12 10:16:48,李帆,L0212
IN202607150100,SKU0499,10,2026-07-15 08:37:00,2026-07-15 11:10:07,廖晨,L0212
IN202607180110,SKU0499,10,2026-07-18 09:41:00,2026-07-18 09:46:03,刘旭,L0212
IN202607210111,SKU0499,10,2026-07-21 08:43:00,2026-07-21 08:50:58,刘旭,L0212
IN202607240107,SKU0499,10,2026-07-24 10:26:00,2026-07-24 13:47:53,徐萍,L0212
IN202607270111,SKU0499,10,2026-07-27 10:27:00,2026-07-27 10:33:23,郑婷婷,L0212
IN202607300109,SKU0499,10,2026-07-30 11:06:00,2026-07-30 11:56:19,李敏,L0212
IN202608020111,SKU0499,10,2026-08-02 11:58:00,2026-08-02 12:12:31,刘旭,L0212
IN202608050106,SKU0499,10,2026-08-05 09:47:00,2026-08-05 13:10:17,郑婷婷,L0212
IN202608080102,SKU0499,10,2026-08-08 09:05:00,2026-08-08 09:04:00,宋超,L0212
IN202608110113,SKU0499,10,2026-08-11 11:22:00,2026-08-11 11:41:18,徐萍,L0212
IN202608140105,SKU0499,10,2026-08-14 09:24:00,2026-08-14 09:43:01,卓雪,L0212
IN202608170115,SKU0499,10,2026-08-17 10:59:00,2026-08-17 11:23:25,毛燕,L0212
IN202608200108,SKU0499,10,2026-08-20 11:42:00,2026-08-20 12:06:04,卓雪,L0212
IN202608230110,SKU0499,10,2026-08-23 11:38:00,2026-08-23 14:14:02,郑婷婷,L0212
IN202608260107,SKU0499,10,2026-08-26 11:15:00,2026-08-26 13:38:09,廖晨,L0212
IN202608290101,SKU0499,10,2026-08-29 10:00:00,2026-08-29 10:24:43,李帆,L0212
IN202606050095,SKU0500,15,2026-06-05 11:25:00,2026-06-05 12:58:57,郑婷婷,L0038
IN202606100106,SKU0500,15,2026-06-10 09:06:00,2026-06-10 09:26:48,廖晨,L0038
IN202606150111,SKU0500,15,2026-06-15 09:16:00,2026-06-15 09:25:59,杨建军,L0038
IN202606200111,SKU0500,15,2026-06-20 10:09:00,2026-06-20 10:03:34,卓雪,L0038
IN202606250105,SKU0500,15,2026-06-25 10:33:00,2026-06-25 14:30:55,毛燕,L0038
IN202606300107,SKU0500,15,2026-06-30 09:38:00,2026-06-30 09:34:11,宋超,L0038
IN202607050098,SKU0500,15,2026-07-05 08:19:00,2026-07-05 08:34:26,姚佳,L0038
IN202607100111,SKU0500,15,2026-07-10 08:54:00,2026-07-10 09:13:17,郑婷婷,L0038
IN202607150101,SKU0500,15,2026-07-15 08:27:00,2026-07-15 08:19:42,王丹,L0038
IN202607200116,SKU0500,15,2026-07-20 10:09:00,2026-07-20 09:59:37,李帆,L0038
IN202607250103,SKU0500,15,2026-07-25 08:06:00,2026-07-25 08:03:32,郑婷婷,L0038
IN202607300110,SKU0500,15,2026-07-30 10:45:00,2026-07-30 11:02:01,卓雪,L0038
IN202608040097,SKU0500,15,2026-08-04 08:44:00,2026-08-04 08:58:18,郑婷婷,L0038
IN202608090108,SKU0500,15,2026-08-09 11:01:00,2026-08-09 14:10:17,郑婷婷,L0038
IN202608140106,SKU0500,15,2026-08-14 10:05:00,2026-08-14 09:59:26,刘旭,L0038
IN202608190112,SKU0500,15,2026-08-19 11:51:00,2026-08-19 11:48:50,李敏,L0038
IN202608240108,SKU0500,15,2026-08-24 11:06:00,2026-08-24 10:59:10,王丹,L0038
IN202608290102,SKU0500,15,2026-08-29 09:01:00,2026-08-29 09:05:39,李帆,L0038
