date,sku_id,loc_id,book_qty,physical_qty,diff_qty,diff_type
2026-06-01,SKU0142,L0741,50,50,0,无差异
2026-06-01,SKU0338,L0625,37,37,0,无差异
2026-06-01,SKU0477,L0321,16,16,0,无差异
2026-06-01,SKU0132,L0602,37,37,0,无差异
2026-06-01,SKU0334,L0074,19,19,0,无差异
2026-06-01,SKU0480,L0789,127,127,0,无差异
2026-06-01,SKU0488,L0191,29,29,0,无差异
2026-06-01,SKU0019,L0761,29,29,0,无差异
2026-06-01,SKU0494,L0347,30,30,0,无差异
2026-06-01,SKU0099,L0025,33,33,0,无差异
2026-06-01,SKU0283,L0698,58,59,1,盘盈
2026-06-01,SKU0443,L0302,27,27,0,无差异
2026-06-01,SKU0366,L0064,34,34,0,无差异
2026-06-01,SKU0276,L0034,21,21,0,无差异
2026-06-01,SKU0340,L0604,26,26,0,无差异
2026-06-01,SKU0011,L0596,92,92,0,无差异
2026-06-01,SKU0363,L0614,28,28,0,无差异
2026-06-01,SKU0414,L0766,34,34,0,无差异
2026-06-01,SKU0219,L0492,25,25,0,无差异
2026-06-01,SKU0455,L0639,165,165,0,无差异
2026-06-01,SKU0332,L0759,509,509,0,无差异
2026-06-01,SKU0279,L0775,44,44,0,无差异
2026-06-01,SKU0161,L0159,34,34,0,无差异
2026-06-01,SKU0322,L0489,26,26,0,无差异
2026-06-01,SKU0127,L0033,26,26,0,无差异
2026-06-01,SKU0390,L0651,27,27,0,无差异
2026-06-01,SKU0063,L0460,31,31,0,无差异
2026-06-01,SKU0144,L0354,41,41,0,无差异
2026-06-01,SKU0454,L0445,24,24,0,无差异
2026-06-01,SKU0153,L0713,122,122,0,无差异
2026-06-01,SKU0045,L0668,68,68,0,无差异
2026-06-01,SKU0192,L0475,58,55,-3,盘亏
2026-06-01,SKU0284,L0518,78,78,0,无差异
2026-06-01,SKU0084,L0736,41,41,0,无差异
2026-06-01,SKU0015,L0454,41,41,0,无差异
2026-06-01,SKU0499,L0212,21,21,0,无差异
2026-06-01,SKU0150,L0180,24,24,0,无差异
2026-06-01,SKU0061,L0714,136,136,0,无差异
2026-06-01,SKU0021,L0482,39,39,0,无差异
2026-06-01,SKU0425,L0219,35,30,-5,盘亏
2026-06-01,SKU0115,L0306,23,23,0,无差异
2026-06-01,SKU0474,L0431,43,43,0,无差异
2026-06-01,SKU0362,L0134,34,34,0,无差异
2026-06-01,SKU0364,L0691,31,31,0,无差异
2026-06-01,SKU0492,L0408,24,24,0,无差异
2026-06-01,SKU0268,L0175,36,36,0,无差异
2026-06-01,SKU0486,L0046,19,19,0,无差异
2026-06-01,SKU0211,L0329,23,23,0,无差异
2026-06-01,SKU0215,L0146,26,26,0,无差异
2026-06-01,SKU0307,L0257,38,38,0,无差异
2026-06-02,SKU0083,L0014,26,26,0,无差异
2026-06-02,SKU0331,L0369,38,38,0,无差异
2026-06-02,SKU0105,L0010,21,21,0,无差异
2026-06-02,SKU0288,L0197,50,50,0,无差异
2026-06-02,SKU0157,L0616,52,52,0,无差异
2026-06-02,SKU0334,L0074,19,19,0,无差异
2026-06-02,SKU0427,L0434,46,46,0,无差异
2026-06-02,SKU0488,L0191,44,44,0,无差异
2026-06-02,SKU0136,L0225,35,35,0,无差异
2026-06-02,SKU0464,L0132,33,33,0,无差异
2026-06-02,SKU0077,L0524,21,21,0,无差异
2026-06-02,SKU0084,L0736,41,41,0,无差异
2026-06-02,SKU0409,L0705,60,60,0,无差异
2026-06-02,SKU0182,L0258,25,25,0,无差异
2026-06-02,SKU0467,L0532,46,46,0,无差异
2026-06-02,SKU0441,L0633,114,114,0,无差异
2026-06-02,SKU0188,L0331,21,21,0,无差异
2026-06-02,SKU0245,L0359,41,41,0,无差异
2026-06-02,SKU0176,L0613,22,22,0,无差异
2026-06-02,SKU0169,L0105,24,24,0,无差异
2026-06-02,SKU0185,L0375,40,40,0,无差异
2026-06-02,SKU0428,L0227,38,38,0,无差异
2026-06-02,SKU0296,L0446,24,24,0,无差异
2026-06-02,SKU0298,L0236,33,33,0,无差异
2026-06-02,SKU0034,L0660,46,46,0,无差异
2026-06-02,SKU0026,L0284,32,32,0,无差异
2026-06-02,SKU0321,L0452,22,22,0,无差异
2026-06-02,SKU0121,L0622,30,30,0,无差异
2026-06-02,SKU0262,L0136,23,23,0,无差异
2026-06-02,SKU0187,L0290,23,23,0,无差异
2026-06-02,SKU0265,L0244,22,22,0,无差异
2026-06-02,SKU0397,L0656,43,43,0,无差异
2026-06-02,SKU0297,L0481,19,19,0,无差异
2026-06-02,SKU0097,L0133,35,35,0,无差异
2026-06-02,SKU0497,L0362,20,20,0,无差异
2026-06-02,SKU0415,L0652,34,34,0,无差异
2026-06-02,SKU0384,L0381,41,41,0,无差异
2026-06-02,SKU0134,L0018,35,35,0,无差异
2026-06-02,SKU0209,L0337,37,37,0,无差异
2026-06-02,SKU0290,L0327,17,15,-2,盘亏
2026-06-02,SKU0253,L0148,21,21,0,无差异
2026-06-02,SKU0118,L0017,28,28,0,无差异
2026-06-02,SKU0076,L0680,392,392,0,无差异
2026-06-02,SKU0382,L0441,23,23,0,无差异
2026-06-02,SKU0420,L0332,21,19,-2,盘亏
2026-06-02,SKU0277,L0092,31,31,0,无差异
2026-06-02,SKU0215,L0146,22,22,0,无差异
2026-06-02,SKU0101,L0316,36,36,0,无差异
2026-06-02,SKU0108,L0786,89,89,0,无差异
2026-06-02,SKU0207,L0573,49,49,0,无差异
2026-06-03,SKU0440,L0697,54,54,0,无差异
2026-06-03,SKU0159,L0355,43,43,0,无差异
2026-06-03,SKU0253,L0148,35,34,-1,盘亏
2026-06-03,SKU0254,L0363,18,20,2,盘盈
2026-06-03,SKU0113,L0145,10,10,0,无差异
2026-06-03,SKU0224,L0422,51,51,0,无差异
2026-06-03,SKU0171,L0374,35,35,0,无差异
2026-06-03,SKU0443,L0302,44,44,0,无差异
2026-06-03,SKU0305,L0142,35,35,0,无差异
2026-06-03,SKU0315,L0020,35,35,0,无差异
2026-06-03,SKU0309,L0211,23,23,0,无差异
2026-06-03,SKU0265,L0244,22,22,0,无差异
2026-06-03,SKU0336,L0185,39,39,0,无差异
2026-06-03,SKU0117,L0173,35,35,0,无差异
2026-06-03,SKU0222,L0508,38,43,5,盘盈
2026-06-03,SKU0197,L0399,47,47,0,无差异
2026-06-03,SKU0436,L0462,38,38,0,无差异
2026-06-03,SKU0360,L0768,49,49,0,无差异
2026-06-03,SKU0376,L0271,42,42,0,无差异
2026-06-03,SKU0217,L0238,32,32,0,无差异
2026-06-03,SKU0256,L0104,24,24,0,无差异
2026-06-03,SKU0180,L0429,35,35,0,无差异
2026-06-03,SKU0047,L0509,46,46,0,无差异
2026-06-03,SKU0262,L0136,22,22,0,无差异
2026-06-03,SKU0124,L0444,23,23,0,无差异
2026-06-03,SKU0363,L0614,40,40,0,无差异
2026-06-03,SKU0326,L0700,82,82,0,无差异
2026-06-03,SKU0270,L0553,85,85,0,无差异
2026-06-03,SKU0063,L0460,43,43,0,无差异
2026-06-03,SKU0248,L0373,25,25,0,无差异
2026-06-03,SKU0484,L0090,29,29,0,无差异
2026-06-03,SKU0088,L0750,82,82,0,无差异
2026-06-03,SKU0054,L0686,39,39,0,无差异
2026-06-03,SKU0391,L0237,39,39,0,无差异
2026-06-03,SKU0413,L0106,38,38,0,无差异
2026-06-03,SKU0445,L0689,48,48,0,无差异
2026-06-03,SKU0311,L0649,20,20,0,无差异
2026-06-03,SKU0019,L0761,34,34,0,无差异
2026-06-03,SKU0091,L0617,37,37,0,无差异
2026-06-03,SKU0236,L0442,19,19,0,无差异
2026-06-03,SKU0469,L0296,25,25,0,无差异
2026-06-03,SKU0465,L0255,33,33,0,无差异
2026-06-03,SKU0257,L0715,201,201,0,无差异
2026-06-03,SKU0375,L0253,26,26,0,无差异
2026-06-03,SKU0164,L0082,25,25,0,无差异
2026-06-03,SKU0220,L0282,22,22,0,无差异
2026-06-03,SKU0269,L0147,42,42,0,无差异
2026-06-03,SKU0314,L0570,18,18,0,无差异
2026-06-03,SKU0325,L0364,17,16,-1,盘亏
2026-06-03,SKU0335,L0386,23,23,0,无差异
2026-06-04,SKU0424,L0205,27,27,0,无差异
2026-06-04,SKU0423,L0731,20,20,0,无差异
2026-06-04,SKU0142,L0741,60,60,0,无差异
2026-06-04,SKU0021,L0482,36,36,0,无差异
2026-06-04,SKU0108,L0786,125,125,0,无差异
2026-06-04,SKU0124,L0444,23,23,0,无差异
2026-06-04,SKU0223,L0565,31,31,0,无差异
2026-06-04,SKU0023,L0404,28,28,0,无差异
2026-06-04,SKU0255,L0027,35,35,0,无差异
2026-06-04,SKU0147,L0739,68,68,0,无差异
2026-06-04,SKU0107,L0060,33,33,0,无差异
2026-06-04,SKU0233,L0075,37,37,0,无差异
2026-06-04,SKU0305,L0142,35,35,0,无差异
2026-06-04,SKU0105,L0010,34,34,0,无差异
2026-06-04,SKU0149,L0108,44,44,0,无差异
2026-06-04,SKU0497,L0362,31,31,0,无差异
2026-06-04,SKU0235,L0642,38,38,0,无差异
2026-06-04,SKU0020,L0222,28,28,0,无差异
2026-06-04,SKU0002,L0781,91,91,0,无差异
2026-06-04,SKU0129,L0742,50,50,0,无差异
2026-06-04,SKU0282,L0734,68,68,0,无差异
2026-06-04,SKU0148,L0307,31,31,0,无差异
2026-06-04,SKU0032,L0066,32,32,0,无差异
2026-06-04,SKU0354,L0476,76,76,0,无差异
2026-06-04,SKU0220,L0282,33,33,0,无差异
2026-06-04,SKU0081,L0438,78,78,0,无差异
2026-06-04,SKU0093,L0657,67,67,0,无差异
2026-06-04,SKU0072,L0507,34,34,0,无差异
2026-06-04,SKU0265,L0244,22,22,0,无差异
2026-06-04,SKU0199,L0594,120,120,0,无差异
2026-06-04,SKU0239,L0342,37,37,0,无差异
2026-06-04,SKU0499,L0212,17,17,0,无差异
2026-06-04,SKU0300,L0401,23,23,0,无差异
2026-06-04,SKU0174,L0248,33,33,0,无差异
2026-06-04,SKU0457,L0449,32,32,0,无差异
2026-06-04,SKU0146,L0544,48,48,0,无差异
2026-06-04,SKU0375,L0253,26,26,0,无差异
2026-06-04,SKU0175,L0021,36,39,3,盘盈
2026-06-04,SKU0361,L0207,25,25,0,无差异
2026-06-04,SKU0389,L0477,73,73,0,无差异
2026-06-04,SKU0493,L0087,29,29,0,无差异
2026-06-04,SKU0139,L0662,30,30,0,无差异
2026-06-04,SKU0122,L0317,52,52,0,无差异
2026-06-04,SKU0471,L0320,68,68,0,无差异
2026-06-04,SKU0015,L0454,38,38,0,无差异
2026-06-04,SKU0209,L0337,48,48,0,无差异
2026-06-04,SKU0438,L0719,435,435,0,无差异
2026-06-04,SKU0487,L0658,59,59,0,无差异
2026-06-04,SKU0310,L0127,29,29,0,无差异
2026-06-04,SKU0363,L0614,40,40,0,无差异
2026-06-05,SKU0498,L0097,34,34,0,无差异
2026-06-05,SKU0300,L0401,35,38,3,盘盈
2026-06-05,SKU0393,L0139,28,28,0,无差异
2026-06-05,SKU0262,L0136,29,29,0,无差异
2026-06-05,SKU0127,L0033,41,41,0,无差异
2026-06-05,SKU0136,L0225,30,30,0,无差异
2026-06-05,SKU0473,L0234,44,44,0,无差异
2026-06-05,SKU0482,L0684,39,39,0,无差异
2026-06-05,SKU0239,L0342,37,37,0,无差异
2026-06-05,SKU0417,L0550,69,69,0,无差异
2026-06-05,SKU0187,L0290,35,35,0,无差异
2026-06-05,SKU0243,L0156,38,38,0,无差异
2026-06-05,SKU0405,L0563,30,30,0,无差异
2026-06-05,SKU0174,L0248,33,33,0,无差异
2026-06-05,SKU0188,L0331,16,16,0,无差异
2026-06-05,SKU0045,L0668,81,81,0,无差异
2026-06-05,SKU0216,L0464,41,41,0,无差异
2026-06-05,SKU0494,L0347,44,44,0,无差异
2026-06-05,SKU0076,L0680,328,328,0,无差异
2026-06-05,SKU0124,L0444,23,23,0,无差异
2026-06-05,SKU0053,L0149,30,30,0,无差异
2026-06-05,SKU0090,L0247,29,29,0,无差异
2026-06-05,SKU0025,L0718,344,344,0,无差异
2026-06-05,SKU0342,L0727,48,48,0,无差异
2026-06-05,SKU0135,L0202,35,35,0,无差异
2026-06-05,SKU0398,L0595,110,110,0,无差异
2026-06-05,SKU0449,L0283,37,37,0,无差异
2026-06-05,SKU0039,L0724,53,53,0,无差异
2026-06-05,SKU0091,L0617,34,34,0,无差异
2026-06-05,SKU0368,L0583,52,52,0,无差异
2026-06-05,SKU0493,L0087,29,29,0,无差异
2026-06-05,SKU0425,L0219,41,41,0,无差异
2026-06-05,SKU0468,L0436,49,49,0,无差异
2026-06-05,SKU0382,L0441,31,31,0,无差异
2026-06-05,SKU0211,L0329,26,26,0,无差异
2026-06-05,SKU0164,L0082,29,29,0,无差异
2026-06-05,SKU0339,L0383,40,40,0,无差异
2026-06-05,SKU0423,L0731,20,20,0,无差异
2026-06-05,SKU0047,L0509,42,42,0,无差异
2026-06-05,SKU0475,L0367,33,33,0,无差异
2026-06-05,SKU0490,L0109,32,32,0,无差异
2026-06-05,SKU0081,L0438,92,92,0,无差异
2026-06-05,SKU0130,L0647,35,35,0,无差异
2026-06-05,SKU0331,L0369,38,38,0,无差异
2026-06-05,SKU0374,L0016,28,28,0,无差异
2026-06-05,SKU0080,L0737,53,53,0,无差异
2026-06-05,SKU0411,L0122,27,27,0,无差异
2026-06-05,SKU0112,L0526,28,28,0,无差异
2026-06-05,SKU0289,L0083,31,31,0,无差异
2026-06-05,SKU0492,L0408,27,27,0,无差异
2026-06-06,SKU0258,L0084,24,22,-2,盘亏
2026-06-06,SKU0332,L0759,537,537,0,无差异
2026-06-06,SKU0007,L0395,34,34,0,无差异
2026-06-06,SKU0052,L0793,250,250,0,无差异
2026-06-06,SKU0353,L0361,35,30,-5,盘亏
2026-06-06,SKU0309,L0211,31,31,0,无差异
2026-06-06,SKU0184,L0235,46,46,0,无差异
2026-06-06,SKU0417,L0550,88,88,0,无差异
2026-06-06,SKU0131,L0172,40,40,0,无差异
2026-06-06,SKU0023,L0404,25,25,0,无差异
2026-06-06,SKU0197,L0399,86,86,0,无差异
2026-06-06,SKU0168,L0792,249,249,0,无差异
2026-06-06,SKU0247,L0048,37,37,0,无差异
2026-06-06,SKU0474,L0431,47,47,0,无差异
2026-06-06,SKU0377,L0387,45,45,0,无差异
2026-06-06,SKU0147,L0739,54,54,0,无差异
2026-06-06,SKU0194,L0073,39,39,0,无差异
2026-06-06,SKU0334,L0074,37,37,0,无差异
2026-06-06,SKU0048,L0065,37,37,0,无差异
2026-06-06,SKU0128,L0571,31,31,0,无差异
2026-06-06,SKU0448,L0564,35,35,0,无差异
2026-06-06,SKU0452,L0351,47,47,0,无差异
2026-06-06,SKU0292,L0221,12,9,-3,盘亏
2026-06-06,SKU0394,L0545,63,63,0,无差异
2026-06-06,SKU0067,L0002,28,28,0,无差异
2026-06-06,SKU0177,L0085,30,30,0,无差异
2026-06-06,SKU0043,L0001,25,25,0,无差异
2026-06-06,SKU0482,L0684,37,37,0,无差异
2026-06-06,SKU0280,L0772,58,58,0,无差异
2026-06-06,SKU0141,L0110,40,40,0,无差异
2026-06-06,SKU0173,L0116,51,51,0,无差异
2026-06-06,SKU0161,L0159,50,50,0,无差异
2026-06-06,SKU0414,L0766,35,35,0,无差异
2026-06-06,SKU0337,L0589,84,84,0,无差异
2026-06-06,SKU0263,L0735,57,57,0,无差异
2026-06-06,SKU0397,L0656,57,57,0,无差异
2026-06-06,SKU0218,L0318,64,64,0,无差异
2026-06-06,SKU0442,L0644,38,38,0,无差异
2026-06-06,SKU0251,L0538,45,45,0,无差异
2026-06-06,SKU0363,L0614,40,40,0,无差异
2026-06-06,SKU0303,L0277,67,67,0,无差异
2026-06-06,SKU0152,L0126,26,26,0,无差异
2026-06-06,SKU0071,L0113,41,40,-1,盘亏
2026-06-06,SKU0351,L0549,87,87,0,无差异
2026-06-06,SKU0382,L0441,31,31,0,无差异
2026-06-06,SKU0472,L0392,44,44,0,无差异
2026-06-06,SKU0294,L0504,54,54,0,无差异
2026-06-06,SKU0327,L0562,27,27,0,无差异
2026-06-06,SKU0286,L0501,50,50,0,无差异
2026-06-06,SKU0113,L0145,18,18,0,无差异
2026-06-07,SKU0383,L0747,77,77,0,无差异
2026-06-07,SKU0113,L0145,18,18,0,无差异
2026-06-07,SKU0415,L0652,41,41,0,无差异
2026-06-07,SKU0007,L0395,66,66,0,无差异
2026-06-07,SKU0196,L0580,64,64,0,无差异
2026-06-07,SKU0227,L0621,48,48,0,无差异
2026-06-07,SKU0397,L0656,71,71,0,无差异
2026-06-07,SKU0189,L0523,31,31,0,无差异
2026-06-07,SKU0316,L0590,75,75,0,无差异
2026-06-07,SKU0022,L0026,37,37,0,无差异
2026-06-07,SKU0127,L0033,37,37,0,无差异
2026-06-07,SKU0301,L0748,134,134,0,无差异
2026-06-07,SKU0468,L0436,82,78,-4,盘亏
2026-06-07,SKU0305,L0142,45,45,0,无差异
2026-06-07,SKU0443,L0302,44,44,0,无差异
2026-06-07,SKU0048,L0065,37,37,0,无差异
2026-06-07,SKU0119,L0468,49,49,0,无差异
2026-06-07,SKU0340,L0604,36,36,0,无差异
2026-06-07,SKU0012,L0322,21,24,3,盘盈
2026-06-07,SKU0125,L0377,34,34,0,无差异
2026-06-07,SKU0032,L0066,29,32,3,盘盈
2026-06-07,SKU0207,L0573,50,50,0,无差异
2026-06-07,SKU0065,L0721,44,44,0,无差异
2026-06-07,SKU0442,L0644,38,38,0,无差异
2026-06-07,SKU0191,L0432,55,55,0,无差异
2026-06-07,SKU0437,L0115,54,54,0,无差异
2026-06-07,SKU0483,L0551,70,70,0,无差异
2026-06-07,SKU0264,L0592,71,71,0,无差异
2026-06-07,SKU0246,L0352,69,69,0,无差异
2026-06-07,SKU0497,L0362,15,15,0,无差异
2026-06-07,SKU0447,L0584,67,67,0,无差异
2026-06-07,SKU0424,L0205,26,26,0,无差异
2026-06-07,SKU0372,L0120,33,33,0,无差异
2026-06-07,SKU0045,L0668,105,105,0,无差异
2026-06-07,SKU0116,L0631,90,90,0,无差异
2026-06-07,SKU0097,L0133,35,35,0,无差异
2026-06-07,SKU0205,L0795,404,404,0,无差异
2026-06-07,SKU0433,L0045,34,34,0,无差异
2026-06-07,SKU0058,L0182,27,27,0,无差异
2026-06-07,SKU0101,L0316,51,51,0,无差异
2026-06-07,SKU0103,L0201,23,23,0,无差异
2026-06-07,SKU0295,L0389,53,53,0,无差异
2026-06-07,SKU0284,L0518,101,101,0,无差异
2026-06-07,SKU0328,L0623,63,63,0,无差异
2026-06-07,SKU0115,L0306,18,18,0,无差异
2026-06-07,SKU0220,L0282,28,28,0,无差异
2026-06-07,SKU0169,L0105,33,33,0,无差异
2026-06-07,SKU0150,L0180,34,34,0,无差异
2026-06-07,SKU0498,L0097,46,46,0,无差异
2026-06-07,SKU0471,L0320,87,87,0,无差异
2026-06-08,SKU0137,L0371,33,33,0,无差异
2026-06-08,SKU0119,L0468,45,45,0,无差异
2026-06-08,SKU0127,L0033,37,37,0,无差异
2026-06-08,SKU0021,L0482,49,49,0,无差异
2026-06-08,SKU0290,L0327,24,24,0,无差异
2026-06-08,SKU0195,L0055,42,42,0,无差异
2026-06-08,SKU0318,L0502,66,68,2,盘盈
2026-06-08,SKU0497,L0362,27,27,0,无差异
2026-06-08,SKU0277,L0092,46,46,0,无差异
2026-06-08,SKU0132,L0602,32,32,0,无差异
2026-06-08,SKU0124,L0444,32,32,0,无差异
2026-06-08,SKU0334,L0074,37,37,0,无差异
2026-06-08,SKU0123,L0560,138,138,0,无差异
2026-06-08,SKU0250,L0223,44,44,0,无差异
2026-06-08,SKU0236,L0442,30,30,0,无差异
2026-06-08,SKU0118,L0017,38,38,0,无差异
2026-06-08,SKU0214,L0676,145,145,0,无差异
2026-06-08,SKU0426,L0626,98,98,0,无差异
2026-06-08,SKU0323,L0094,45,45,0,无差异
2026-06-08,SKU0281,L0099,50,50,0,无差异
2026-06-08,SKU0422,L0556,110,110,0,无差异
2026-06-08,SKU0405,L0563,27,27,0,无差异
2026-06-08,SKU0498,L0097,41,41,0,无差异
2026-06-08,SKU0003,L0288,30,30,0,无差异
2026-06-08,SKU0122,L0317,58,58,0,无差异
2026-06-08,SKU0148,L0307,39,39,0,无差异
2026-06-08,SKU0172,L0254,19,20,1,盘盈
2026-06-08,SKU0400,L0210,35,35,0,无差异
2026-06-08,SKU0031,L0690,50,50,0,无差异
2026-06-08,SKU0451,L0706,94,94,0,无差异
2026-06-08,SKU0267,L0581,60,60,0,无差异
2026-06-08,SKU0383,L0747,77,77,0,无差异
2026-06-08,SKU0310,L0127,26,26,0,无差异
2026-06-08,SKU0420,L0332,38,38,0,无差异
2026-06-08,SKU0370,L0198,55,55,0,无差异
2026-06-08,SKU0142,L0741,82,82,0,无差异
2026-06-08,SKU0292,L0221,22,22,0,无差异
2026-06-08,SKU0187,L0290,34,34,0,无差异
2026-06-08,SKU0280,L0772,72,70,-2,盘亏
2026-06-08,SKU0055,L0239,40,40,0,无差异
2026-06-08,SKU0406,L0692,53,53,0,无差异
2026-06-08,SKU0384,L0381,45,45,0,无差异
2026-06-08,SKU0371,L0559,148,148,0,无差异
2026-06-08,SKU0162,L0785,87,87,0,无差异
2026-06-08,SKU0418,L0771,35,35,0,无差异
2026-06-08,SKU0202,L0733,51,51,0,无差异
2026-06-08,SKU0453,L0270,32,32,0,无差异
2026-06-08,SKU0336,L0185,47,47,0,无差异
2026-06-08,SKU0366,L0064,47,47,0,无差异
2026-06-08,SKU0106,L0632,111,111,0,无差异
2026-06-09,SKU0075,L0089,35,35,0,无差异
2026-06-09,SKU0140,L0514,82,82,0,无差异
2026-06-09,SKU0098,L0473,75,75,0,无差异
2026-06-09,SKU0006,L0608,52,52,0,无差异
2026-06-09,SKU0143,L0673,196,196,0,无差异
2026-06-09,SKU0276,L0034,24,24,0,无差异
2026-06-09,SKU0323,L0094,45,45,0,无差异
2026-06-09,SKU0129,L0742,81,81,0,无差异
2026-06-09,SKU0033,L0797,684,684,0,无差异
2026-06-09,SKU0104,L0161,28,28,0,无差异
2026-06-09,SKU0041,L0143,43,43,0,无差异
2026-06-09,SKU0472,L0392,54,54,0,无差异
2026-06-09,SKU0391,L0237,50,50,0,无差异
2026-06-09,SKU0242,L0154,35,35,0,无差异
2026-06-09,SKU0200,L0403,47,47,0,无差异
2026-06-09,SKU0327,L0562,27,27,0,无差异
2026-06-09,SKU0019,L0761,51,51,0,无差异
2026-06-09,SKU0045,L0668,100,100,0,无差异
2026-06-09,SKU0094,L0140,36,36,0,无差异
2026-06-09,SKU0145,L0800,2229,2229,0,无差异
2026-06-09,SKU0223,L0565,35,35,0,无差异
2026-06-09,SKU0328,L0623,60,60,0,无差异
2026-06-09,SKU0480,L0789,129,132,3,盘盈
2026-06-09,SKU0092,L0749,115,115,0,无差异
2026-06-09,SKU0014,L0531,39,39,0,无差异
2026-06-09,SKU0013,L0567,38,38,0,无差异
2026-06-09,SKU0358,L0004,43,43,0,无差异
2026-06-09,SKU0227,L0621,32,32,0,无差异
2026-06-09,SKU0215,L0146,26,26,0,无差异
2026-06-09,SKU0050,L0051,48,48,0,无差异
2026-06-09,SKU0184,L0235,52,51,-1,盘亏
2026-06-09,SKU0449,L0283,45,45,0,无差异
2026-06-09,SKU0255,L0027,41,41,0,无差异
2026-06-09,SKU0438,L0719,429,429,0,无差异
2026-06-09,SKU0051,L0344,29,29,0,无差异
2026-06-09,SKU0386,L0168,35,35,0,无差异
2026-06-09,SKU0352,L0061,38,38,0,无差异
2026-06-09,SKU0457,L0449,44,43,-1,盘亏
2026-06-09,SKU0467,L0532,48,48,0,无差异
2026-06-09,SKU0432,L0628,67,67,0,无差异
2026-06-09,SKU0393,L0139,36,36,0,无差异
2026-06-09,SKU0419,L0627,92,92,0,无差异
2026-06-09,SKU0067,L0002,28,28,0,无差异
2026-06-09,SKU0244,L0125,33,36,3,盘盈
2026-06-09,SKU0233,L0075,43,43,0,无差异
2026-06-09,SKU0085,L0711,128,128,0,无差异
2026-06-09,SKU0165,L0291,31,31,0,无差异
2026-06-09,SKU0319,L0461,33,33,0,无差异
2026-06-09,SKU0275,L0049,34,34,0,无差异
2026-06-09,SKU0264,L0592,89,89,0,无差异
2026-06-10,SKU0263,L0735,65,65,0,无差异
2026-06-10,SKU0031,L0690,61,61,0,无差异
2026-06-10,SKU0235,L0642,47,47,0,无差异
2026-06-10,SKU0144,L0354,47,47,0,无差异
2026-06-10,SKU0323,L0094,45,45,0,无差异
2026-06-10,SKU0415,L0652,52,52,0,无差异
2026-06-10,SKU0378,L0209,44,44,0,无差异
2026-06-10,SKU0010,L0598,178,178,0,无差异
2026-06-10,SKU0489,L0729,69,69,0,无差异
2026-06-10,SKU0200,L0403,47,43,-4,盘亏
2026-06-10,SKU0249,L0790,119,119,0,无差异
2026-06-10,SKU0355,L0357,53,53,0,无差异
2026-06-10,SKU0271,L0246,41,46,5,盘盈
2026-06-10,SKU0471,L0320,78,73,-5,盘亏
2026-06-10,SKU0157,L0616,70,70,0,无差异
2026-06-10,SKU0035,L0314,62,62,0,无差异
2026-06-10,SKU0093,L0657,82,82,0,无差异
2026-06-10,SKU0033,L0797,625,625,0,无差异
2026-06-10,SKU0267,L0581,72,72,0,无差异
2026-06-10,SKU0132,L0602,44,44,0,无差异
2026-06-10,SKU0488,L0191,56,53,-3,盘亏
2026-06-10,SKU0098,L0473,69,69,0,无差异
2026-06-10,SKU0455,L0639,170,170,0,无差异
2026-06-10,SKU0441,L0633,160,160,0,无差异
2026-06-10,SKU0430,L0685,52,52,0,无差异
2026-06-10,SKU0477,L0321,30,30,0,无差异
2026-06-10,SKU0268,L0175,49,49,0,无差异
2026-06-10,SKU0181,L0275,71,71,0,无差异
2026-06-10,SKU0089,L0707,116,116,0,无差异
2026-06-10,SKU0483,L0551,57,57,0,无差异
2026-06-10,SKU0376,L0271,45,45,0,无差异
2026-06-10,SKU0487,L0658,76,76,0,无差异
2026-06-10,SKU0252,L0650,51,51,0,无差异
2026-06-10,SKU0404,L0712,136,135,-1,盘亏
2026-06-10,SKU0416,L0111,25,25,0,无差异
2026-06-10,SKU0067,L0002,28,28,0,无差异
2026-06-10,SKU0494,L0347,52,52,0,无差异
2026-06-10,SKU0259,L0695,66,66,0,无差异
2026-06-10,SKU0492,L0408,42,42,0,无差异
2026-06-10,SKU0361,L0207,43,43,0,无差异
2026-06-10,SKU0244,L0125,45,45,0,无差异
2026-06-10,SKU0300,L0401,40,40,0,无差异
2026-06-10,SKU0143,L0673,189,192,3,盘盈
2026-06-10,SKU0310,L0127,37,37,0,无差异
2026-06-10,SKU0105,L0010,46,46,0,无差异
2026-06-10,SKU0168,L0792,333,333,0,无差异
2026-06-10,SKU0074,L0425,33,33,0,无差异
2026-06-10,SKU0116,L0631,118,118,0,无差异
2026-06-10,SKU0148,L0307,35,35,0,无差异
2026-06-10,SKU0166,L0118,69,69,0,无差异
2026-06-11,SKU0372,L0120,44,44,0,无差异
2026-06-11,SKU0017,L0368,46,46,0,无差异
2026-06-11,SKU0207,L0573,46,46,0,无差异
2026-06-11,SKU0153,L0713,145,145,0,无差异
2026-06-11,SKU0253,L0148,44,44,0,无差异
2026-06-11,SKU0027,L0558,143,143,0,无差异
2026-06-11,SKU0493,L0087,45,41,-4,盘亏
2026-06-11,SKU0484,L0090,27,27,0,无差异
2026-06-11,SKU0138,L0335,42,42,0,无差异
2026-06-11,SKU0181,L0275,71,71,0,无差异
2026-06-11,SKU0321,L0452,47,47,0,无差异
2026-06-11,SKU0329,L0537,60,60,0,无差异
2026-06-11,SKU0388,L0708,141,141,0,无差异
2026-06-11,SKU0248,L0373,40,40,0,无差异
2026-06-11,SKU0275,L0049,44,44,0,无差异
2026-06-11,SKU0208,L0540,71,71,0,无差异
2026-06-11,SKU0238,L0421,63,63,0,无差异
2026-06-11,SKU0311,L0649,47,47,0,无差异
2026-06-11,SKU0156,L0611,54,54,0,无差异
2026-06-11,SKU0079,L0646,53,53,0,无差异
2026-06-11,SKU0104,L0161,28,28,0,无差异
2026-06-11,SKU0377,L0387,58,58,0,无差异
2026-06-11,SKU0394,L0545,64,64,0,无差异
2026-06-11,SKU0309,L0211,40,40,0,无差异
2026-06-11,SKU0381,L0418,51,51,0,无差异
2026-06-11,SKU0462,L0612,73,73,0,无差异
2026-06-11,SKU0038,L0487,42,42,0,无差异
2026-06-11,SKU0043,L0001,25,25,0,无差异
2026-06-11,SKU0084,L0736,68,68,0,无差异
2026-06-11,SKU0011,L0596,132,132,0,无差异
2026-06-11,SKU0230,L0699,92,87,-5,盘亏
2026-06-11,SKU0121,L0622,53,53,0,无差异
2026-06-11,SKU0155,L0569,62,62,0,无差异
2026-06-11,SKU0375,L0253,29,29,0,无差异
2026-06-11,SKU0407,L0758,383,383,0,无差异
2026-06-11,SKU0184,L0235,55,55,0,无差异
2026-06-11,SKU0448,L0564,45,47,2,盘盈
2026-06-11,SKU0409,L0705,78,78,0,无差异
2026-06-11,SKU0060,L0512,47,47,0,无差异
2026-06-11,SKU0341,L0162,46,46,0,无差异
2026-06-11,SKU0361,L0207,41,41,0,无差异
2026-06-11,SKU0323,L0094,40,40,0,无差异
2026-06-11,SKU0215,L0146,41,41,0,无差异
2026-06-11,SKU0312,L0661,67,67,0,无差异
2026-06-11,SKU0166,L0118,65,65,0,无差异
2026-06-11,SKU0296,L0446,38,38,0,无差异
2026-06-11,SKU0014,L0531,48,48,0,无差异
2026-06-11,SKU0458,L0003,55,55,0,无差异
2026-06-11,SKU0378,L0209,44,44,0,无差异
2026-06-11,SKU0434,L0382,40,40,0,无差异
2026-06-12,SKU0020,L0222,38,38,0,无差异
2026-06-12,SKU0090,L0247,43,43,0,无差异
2026-06-12,SKU0216,L0464,66,66,0,无差异
2026-06-12,SKU0492,L0408,52,52,0,无差异
2026-06-12,SKU0342,L0727,51,51,0,无差异
2026-06-12,SKU0446,L0402,47,47,0,无差异
2026-06-12,SKU0275,L0049,44,44,0,无差异
2026-06-12,SKU0220,L0282,49,49,0,无差异
2026-06-12,SKU0001,L0588,101,101,0,无差异
2026-06-12,SKU0297,L0481,48,48,0,无差异
2026-06-12,SKU0323,L0094,40,40,0,无差异
2026-06-12,SKU0192,L0475,107,107,0,无差异
2026-06-12,SKU0463,L0561,39,39,0,无差异
2026-06-12,SKU0343,L0267,46,46,0,无差异
2026-06-12,SKU0375,L0253,29,29,0,无差异
2026-06-12,SKU0206,L0760,1124,1124,0,无差异
2026-06-12,SKU0485,L0341,68,68,0,无差异
2026-06-12,SKU0496,L0050,47,47,0,无差异
2026-06-12,SKU0293,L0541,36,36,0,无差异
2026-06-12,SKU0098,L0473,68,68,0,无差异
2026-06-12,SKU0021,L0482,47,45,-2,盘亏
2026-06-12,SKU0222,L0508,63,63,0,无差异
2026-06-12,SKU0177,L0085,43,43,0,无差异
2026-06-12,SKU0418,L0771,54,54,0,无差异
2026-06-12,SKU0198,L0478,121,121,0,无差异
2026-06-12,SKU0018,L0493,47,47,0,无差异
2026-06-12,SKU0392,L0308,73,73,0,无差异
2026-06-12,SKU0204,L0740,80,80,0,无差异
2026-06-12,SKU0450,L0643,49,49,0,无差异
2026-06-12,SKU0313,L0030,50,50,0,无差异
2026-06-12,SKU0331,L0369,50,50,0,无差异
2026-06-12,SKU0291,L0366,46,46,0,无差异
2026-06-12,SKU0197,L0399,105,105,0,无差异
2026-06-12,SKU0302,L0150,44,44,0,无差异
2026-06-12,SKU0081,L0438,116,116,0,无差异
2026-06-12,SKU0298,L0236,59,59,0,无差异
2026-06-12,SKU0326,L0700,95,95,0,无差异
2026-06-12,SKU0240,L0287,52,52,0,无差异
2026-06-12,SKU0234,L0682,53,53,0,无差异
2026-06-12,SKU0093,L0657,78,78,0,无差异
2026-06-12,SKU0212,L0024,32,32,0,无差异
2026-06-12,SKU0054,L0686,69,69,0,无差异
2026-06-12,SKU0279,L0775,41,41,0,无差异
2026-06-12,SKU0162,L0785,101,101,0,无差异
2026-06-12,SKU0447,L0584,71,66,-5,盘亏
2026-06-12,SKU0397,L0656,74,74,0,无差异
2026-06-12,SKU0285,L0071,46,46,0,无差异
2026-06-12,SKU0370,L0198,67,67,0,无差异
2026-06-12,SKU0394,L0545,60,60,0,无差异
2026-06-12,SKU0444,L0155,37,37,0,无差异
2026-06-13,SKU0246,L0352,80,80,0,无差异
2026-06-13,SKU0319,L0461,32,32,0,无差异
2026-06-13,SKU0126,L0200,55,55,0,无差异
2026-06-13,SKU0039,L0724,81,81,0,无差异
2026-06-13,SKU0471,L0320,84,84,0,无差异
2026-06-13,SKU0362,L0134,61,61,0,无差异
2026-06-13,SKU0248,L0373,52,52,0,无差异
2026-06-13,SKU0338,L0625,56,56,0,无差异
2026-06-13,SKU0382,L0441,51,51,0,无差异
2026-06-13,SKU0050,L0051,57,57,0,无差异
2026-06-13,SKU0083,L0014,49,49,0,无差异
2026-06-13,SKU0142,L0741,89,89,0,无差异
2026-06-13,SKU0089,L0707,132,132,0,无差异
2026-06-13,SKU0143,L0673,165,165,0,无差异
2026-06-13,SKU0296,L0446,45,45,0,无差异
2026-06-13,SKU0231,L0272,54,54,0,无差异
2026-06-13,SKU0140,L0514,85,85,0,无差异
2026-06-13,SKU0117,L0173,49,49,0,无差异
2026-06-13,SKU0020,L0222,33,33,0,无差异
2026-06-13,SKU0327,L0562,36,36,0,无差异
2026-06-13,SKU0220,L0282,49,49,0,无差异
2026-06-13,SKU0383,L0747,103,103,0,无差异
2026-06-13,SKU0124,L0444,41,41,0,无差异
2026-06-13,SKU0419,L0627,111,111,0,无差异
2026-06-13,SKU0449,L0283,45,45,0,无差异
2026-06-13,SKU0320,L0485,32,32,0,无差异
2026-06-13,SKU0012,L0322,33,33,0,无差异
2026-06-13,SKU0381,L0418,49,49,0,无差异
2026-06-13,SKU0171,L0374,45,45,0,无差异
2026-06-13,SKU0105,L0010,32,32,0,无差异
2026-06-13,SKU0106,L0632,117,117,0,无差异
2026-06-13,SKU0166,L0118,61,61,0,无差异
2026-06-13,SKU0325,L0364,45,45,0,无差异
2026-06-13,SKU0121,L0622,68,68,0,无差异
2026-06-13,SKU0217,L0238,73,73,0,无差异
2026-06-13,SKU0197,L0399,105,105,0,无差异
2026-06-13,SKU0061,L0714,252,252,0,无差异
2026-06-13,SKU0237,L0184,48,48,0,无差异
2026-06-13,SKU0132,L0602,54,54,0,无差异
2026-06-13,SKU0265,L0244,48,48,0,无差异
2026-06-13,SKU0328,L0623,56,56,0,无差异
2026-06-13,SKU0437,L0115,60,60,0,无差异
2026-06-13,SKU0219,L0492,34,34,0,无差异
2026-06-13,SKU0014,L0531,47,47,0,无差异
2026-06-13,SKU0150,L0180,39,39,0,无差异
2026-06-13,SKU0431,L0769,65,65,0,无差异
2026-06-13,SKU0308,L0278,60,60,0,无差异
2026-06-13,SKU0092,L0749,167,167,0,无差异
2026-06-13,SKU0090,L0247,43,43,0,无差异
2026-06-13,SKU0453,L0270,48,48,0,无差异
2026-06-14,SKU0003,L0288,33,33,0,无差异
2026-06-14,SKU0020,L0222,33,33,0,无差异
2026-06-14,SKU0476,L0043,59,59,0,无差异
2026-06-14,SKU0141,L0110,60,60,0,无差异
2026-06-14,SKU0170,L0224,41,41,0,无差异
2026-06-14,SKU0462,L0612,77,77,0,无差异
2026-06-14,SKU0124,L0444,41,41,0,无差异
2026-06-14,SKU0316,L0590,127,125,-2,盘亏
2026-06-14,SKU0159,L0355,74,74,0,无差异
2026-06-14,SKU0404,L0712,163,163,0,无差异
2026-06-14,SKU0053,L0149,48,48,0,无差异
2026-06-14,SKU0279,L0775,37,37,0,无差异
2026-06-14,SKU0024,L0072,41,41,0,无差异
2026-06-14,SKU0171,L0374,57,57,0,无差异
2026-06-14,SKU0246,L0352,75,75,0,无差异
2026-06-14,SKU0216,L0464,65,65,0,无差异
2026-06-14,SKU0131,L0172,57,57,0,无差异
2026-06-14,SKU0273,L0301,44,44,0,无差异
2026-06-14,SKU0175,L0021,57,57,0,无差异
2026-06-14,SKU0423,L0731,48,48,0,无差异
2026-06-14,SKU0057,L0574,63,63,0,无差异
2026-06-14,SKU0474,L0431,76,76,0,无差异
2026-06-14,SKU0322,L0489,45,45,0,无差异
2026-06-14,SKU0235,L0642,47,47,0,无差异
2026-06-14,SKU0098,L0473,89,89,0,无差异
2026-06-14,SKU0213,L0040,59,59,0,无差异
2026-06-14,SKU0354,L0476,112,112,0,无差异
2026-06-14,SKU0371,L0559,155,155,0,无差异
2026-06-14,SKU0292,L0221,25,25,0,无差异
2026-06-14,SKU0112,L0526,28,28,0,无差异
2026-06-14,SKU0286,L0501,56,56,0,无差异
2026-06-14,SKU0344,L0047,46,44,-2,盘亏
2026-06-14,SKU0100,L0228,49,49,0,无差异
2026-06-14,SKU0353,L0361,51,47,-4,盘亏
2026-06-14,SKU0001,L0588,91,91,0,无差异
2026-06-14,SKU0012,L0322,28,28,0,无差异
2026-06-14,SKU0252,L0650,57,57,0,无差异
2026-06-14,SKU0240,L0287,52,47,-5,盘亏
2026-06-14,SKU0480,L0789,169,169,0,无差异
2026-06-14,SKU0150,L0180,48,48,0,无差异
2026-06-14,SKU0458,L0003,64,64,0,无差异
2026-06-14,SKU0261,L0591,79,79,0,无差异
2026-06-14,SKU0276,L0034,37,37,0,无差异
2026-06-14,SKU0393,L0139,53,53,0,无差异
2026-06-14,SKU0483,L0551,69,69,0,无差异
2026-06-14,SKU0265,L0244,47,47,0,无差异
2026-06-14,SKU0433,L0045,60,60,0,无差异
2026-06-14,SKU0360,L0768,68,68,0,无差异
2026-06-14,SKU0008,L0763,69,69,0,无差异
2026-06-14,SKU0148,L0307,53,53,0,无差异
2026-06-15,SKU0355,L0357,68,68,0,无差异
2026-06-15,SKU0229,L0459,60,60,0,无差异
2026-06-15,SKU0424,L0205,38,38,0,无差异
2026-06-15,SKU0035,L0314,84,84,0,无差异
2026-06-15,SKU0228,L0276,74,74,0,无差异
2026-06-15,SKU0477,L0321,41,41,0,无差异
2026-06-15,SKU0378,L0209,52,52,0,无差异
2026-06-15,SKU0430,L0685,65,65,0,无差异
2026-06-15,SKU0447,L0584,86,86,0,无差异
2026-06-15,SKU0090,L0247,54,54,0,无差异
2026-06-15,SKU0419,L0627,136,136,0,无差异
2026-06-15,SKU0492,L0408,62,62,0,无差异
2026-06-15,SKU0039,L0724,76,76,0,无差异
2026-06-15,SKU0226,L0293,43,43,0,无差异
2026-06-15,SKU0386,L0168,43,48,5,盘盈
2026-06-15,SKU0357,L0743,134,134,0,无差异
2026-06-15,SKU0467,L0532,41,41,0,无差异
2026-06-15,SKU0241,L0112,41,41,0,无差异
2026-06-15,SKU0367,L0340,47,47,0,无差异
2026-06-15,SKU0081,L0438,125,125,0,无差异
2026-06-15,SKU0033,L0797,874,874,0,无差异
2026-06-15,SKU0349,L0053,54,54,0,无差异
2026-06-15,SKU0399,L0013,35,31,-4,盘亏
2026-06-15,SKU0059,L0783,133,133,0,无差异
2026-06-15,SKU0376,L0271,51,51,0,无差异
2026-06-15,SKU0093,L0657,90,90,0,无差异
2026-06-15,SKU0463,L0561,43,43,0,无差异
2026-06-15,SKU0121,L0622,80,80,0,无差异
2026-06-15,SKU0125,L0377,48,48,0,无差异
2026-06-15,SKU0439,L0305,62,62,0,无差异
2026-06-15,SKU0248,L0373,52,52,0,无差异
2026-06-15,SKU0257,L0715,267,267,0,无差异
2026-06-15,SKU0389,L0477,111,111,0,无差异
2026-06-15,SKU0143,L0673,222,222,0,无差异
2026-06-15,SKU0374,L0016,43,43,0,无差异
2026-06-15,SKU0052,L0793,410,410,0,无差异
2026-06-15,SKU0151,L0062,50,50,0,无差异
2026-06-15,SKU0289,L0083,59,59,0,无差异
2026-06-15,SKU0149,L0108,60,60,0,无差异
2026-06-15,SKU0181,L0275,67,67,0,无差异
2026-06-15,SKU0214,L0676,182,182,0,无差异
2026-06-15,SKU0076,L0680,519,519,0,无差异
2026-06-15,SKU0283,L0698,82,82,0,无差异
2026-06-15,SKU0224,L0422,37,37,0,无差异
2026-06-15,SKU0042,L0675,185,185,0,无差异
2026-06-15,SKU0371,L0559,153,153,0,无差异
2026-06-15,SKU0290,L0327,37,37,0,无差异
2026-06-15,SKU0414,L0766,49,49,0,无差异
2026-06-15,SKU0152,L0126,38,38,0,无差异
2026-06-15,SKU0150,L0180,48,46,-2,盘亏
2026-06-16,SKU0116,L0631,145,145,0,无差异
2026-06-16,SKU0058,L0182,50,50,0,无差异
2026-06-16,SKU0218,L0318,90,90,0,无差异
2026-06-16,SKU0353,L0361,51,51,0,无差异
2026-06-16,SKU0026,L0284,45,45,0,无差异
2026-06-16,SKU0139,L0662,55,55,0,无差异
2026-06-16,SKU0349,L0053,54,54,0,无差异
2026-06-16,SKU0274,L0557,170,170,0,无差异
2026-06-16,SKU0193,L0343,62,62,0,无差异
2026-06-16,SKU0044,L0587,104,104,0,无差异
2026-06-16,SKU0107,L0060,52,52,0,无差异
2026-06-16,SKU0458,L0003,64,64,0,无差异
2026-06-16,SKU0448,L0564,65,65,0,无差异
2026-06-16,SKU0415,L0652,51,51,0,无差异
2026-06-16,SKU0226,L0293,43,43,0,无差异
2026-06-16,SKU0127,L0033,62,62,0,无差异
2026-06-16,SKU0459,L0716,281,281,0,无差异
2026-06-16,SKU0057,L0574,62,62,0,无差异
2026-06-16,SKU0182,L0258,45,45,0,无差异
2026-06-16,SKU0009,L0230,35,35,0,无差异
2026-06-16,SKU0401,L0285,55,55,0,无差异
2026-06-16,SKU0053,L0149,43,43,0,无差异
2026-06-16,SKU0185,L0375,59,59,0,无差异
2026-06-16,SKU0434,L0382,48,48,0,无差异
2026-06-16,SKU0287,L0479,144,144,0,无差异
2026-06-16,SKU0496,L0050,57,62,5,盘盈
2026-06-16,SKU0121,L0622,72,72,0,无差异
2026-06-16,SKU0033,L0797,849,849,0,无差异
2026-06-16,SKU0249,L0790,135,135,0,无差异
2026-06-16,SKU0007,L0395,90,90,0,无差异
2026-06-16,SKU0165,L0291,42,42,0,无差异
2026-06-16,SKU0452,L0351,63,63,0,无差异
2026-06-16,SKU0098,L0473,89,89,0,无差异
2026-06-16,SKU0056,L0618,55,55,0,无差异
2026-06-16,SKU0102,L0634,166,164,-2,盘亏
2026-06-16,SKU0201,L0548,75,75,0,无差异
2026-06-16,SKU0171,L0374,54,54,0,无差异
2026-06-16,SKU0362,L0134,59,59,0,无差异
2026-06-16,SKU0385,L0597,179,179,0,无差异
2026-06-16,SKU0192,L0475,98,98,0,无差异
2026-06-16,SKU0196,L0580,79,79,0,无差异
2026-06-16,SKU0490,L0109,62,62,0,无差异
2026-06-16,SKU0019,L0761,69,69,0,无差异
2026-06-16,SKU0046,L0764,66,66,0,无差异
2026-06-16,SKU0453,L0270,63,63,0,无差异
2026-06-16,SKU0376,L0271,68,68,0,无差异
2026-06-16,SKU0194,L0073,58,54,-4,盘亏
2026-06-16,SKU0174,L0248,56,56,0,无差异
2026-06-16,SKU0232,L0630,117,117,0,无差异
2026-06-16,SKU0399,L0013,35,35,0,无差异
2026-06-17,SKU0297,L0481,58,58,0,无差异
2026-06-17,SKU0222,L0508,87,87,0,无差异
2026-06-17,SKU0390,L0651,80,80,0,无差异
2026-06-17,SKU0172,L0254,22,22,0,无差异
2026-06-17,SKU0302,L0150,55,55,0,无差异
2026-06-17,SKU0085,L0711,176,176,0,无差异
2026-06-17,SKU0354,L0476,131,131,0,无差异
2026-06-17,SKU0353,L0361,51,52,1,盘盈
2026-06-17,SKU0129,L0742,130,130,0,无差异
2026-06-17,SKU0481,L0196,67,67,0,无差异
2026-06-17,SKU0416,L0111,33,33,0,无差异
2026-06-17,SKU0259,L0695,70,70,0,无差异
2026-06-17,SKU0255,L0027,55,55,0,无差异
2026-06-17,SKU0447,L0584,81,81,0,无差异
2026-06-17,SKU0365,L0390,95,95,0,无差异
2026-06-17,SKU0196,L0580,75,75,0,无差异
2026-06-17,SKU0188,L0331,34,34,0,无差异
2026-06-17,SKU0358,L0004,41,41,0,无差异
2026-06-17,SKU0209,L0337,84,84,0,无差异
2026-06-17,SKU0301,L0748,163,163,0,无差异
2026-06-17,SKU0218,L0318,90,90,0,无差异
2026-06-17,SKU0174,L0248,56,56,0,无差异
2026-06-17,SKU0215,L0146,52,52,0,无差异
2026-06-17,SKU0396,L0189,59,59,0,无差异
2026-06-17,SKU0262,L0136,40,40,0,无差异
2026-06-17,SKU0050,L0051,61,61,0,无差异
2026-06-17,SKU0367,L0340,65,65,0,无差异
2026-06-17,SKU0020,L0222,45,45,0,无差异
2026-06-17,SKU0148,L0307,51,51,0,无差异
2026-06-17,SKU0333,L0063,44,44,0,无差异
2026-06-17,SKU0401,L0285,55,55,0,无差异
2026-06-17,SKU0233,L0075,50,50,0,无差异
2026-06-17,SKU0403,L0128,52,52,0,无差异
2026-06-17,SKU0402,L0522,28,28,0,无差异
2026-06-17,SKU0341,L0162,52,52,0,无差异
2026-06-17,SKU0376,L0271,68,68,0,无差异
2026-06-17,SKU0170,L0224,41,41,0,无差异
2026-06-17,SKU0442,L0644,56,56,0,无差异
2026-06-17,SKU0039,L0724,83,83,0,无差异
2026-06-17,SKU0441,L0633,208,213,5,盘盈
2026-06-17,SKU0128,L0571,53,53,0,无差异
2026-06-17,SKU0286,L0501,61,61,0,无差异
2026-06-17,SKU0371,L0559,178,178,0,无差异
2026-06-17,SKU0165,L0291,42,42,0,无差异
2026-06-17,SKU0287,L0479,137,137,0,无差异
2026-06-17,SKU0251,L0538,75,75,0,无差异
2026-06-17,SKU0434,L0382,48,48,0,无差异
2026-06-17,SKU0199,L0594,179,179,0,无差异
2026-06-17,SKU0081,L0438,137,137,0,无差异
2026-06-17,SKU0311,L0649,59,59,0,无差异
2026-06-18,SKU0329,L0537,83,83,0,无差异
2026-06-18,SKU0007,L0395,90,90,0,无差异
2026-06-18,SKU0489,L0729,86,86,0,无差异
2026-06-18,SKU0250,L0223,63,63,0,无差异
2026-06-18,SKU0099,L0025,50,50,0,无差异
2026-06-18,SKU0363,L0614,78,78,0,无差异
2026-06-18,SKU0085,L0711,168,168,0,无差异
2026-06-18,SKU0243,L0156,63,63,0,无差异
2026-06-18,SKU0425,L0219,72,72,0,无差异
2026-06-18,SKU0232,L0630,106,106,0,无差异
2026-06-18,SKU0300,L0401,45,45,0,无差异
2026-06-18,SKU0197,L0399,91,91,0,无差异
2026-06-18,SKU0218,L0318,113,113,0,无差异
2026-06-18,SKU0372,L0120,61,61,0,无差异
2026-06-18,SKU0035,L0314,94,94,0,无差异
2026-06-18,SKU0240,L0287,72,72,0,无差异
2026-06-18,SKU0142,L0741,120,120,0,无差异
2026-06-18,SKU0159,L0355,87,87,0,无差异
2026-06-18,SKU0448,L0564,68,68,0,无差异
2026-06-18,SKU0157,L0616,75,75,0,无差异
2026-06-18,SKU0160,L0411,69,69,0,无差异
2026-06-18,SKU0026,L0284,45,45,0,无差异
2026-06-18,SKU0127,L0033,62,62,0,无差异
2026-06-18,SKU0019,L0761,76,76,0,无差异
2026-06-18,SKU0475,L0367,46,46,0,无差异
2026-06-18,SKU0105,L0010,38,38,0,无差异
2026-06-18,SKU0143,L0673,204,204,0,无差异
2026-06-18,SKU0092,L0749,143,143,0,无差异
2026-06-18,SKU0031,L0690,83,83,0,无差异
2026-06-18,SKU0038,L0487,45,45,0,无差异
2026-06-18,SKU0123,L0560,227,227,0,无差异
2026-06-18,SKU0458,L0003,73,73,0,无差异
2026-06-18,SKU0406,L0692,79,79,0,无差异
2026-06-18,SKU0411,L0122,32,32,0,无差异
2026-06-18,SKU0408,L0190,71,71,0,无差异
2026-06-18,SKU0460,L0463,65,65,0,无差异
2026-06-18,SKU0294,L0504,89,89,0,无差异
2026-06-18,SKU0054,L0686,89,89,0,无差异
2026-06-18,SKU0428,L0227,65,65,0,无差异
2026-06-18,SKU0253,L0148,62,62,0,无差异
2026-06-18,SKU0034,L0660,103,103,0,无差异
2026-06-18,SKU0012,L0322,31,31,0,无差异
2026-06-18,SKU0263,L0735,69,71,2,盘盈
2026-06-18,SKU0249,L0790,194,194,0,无差异
2026-06-18,SKU0434,L0382,48,48,0,无差异
2026-06-18,SKU0317,L0677,288,288,0,无差异
2026-06-18,SKU0106,L0632,123,123,0,无差异
2026-06-18,SKU0379,L0782,123,123,0,无差异
2026-06-18,SKU0090,L0247,54,54,0,无差异
2026-06-18,SKU0286,L0501,67,67,0,无差异
2026-06-19,SKU0360,L0768,83,83,0,无差异
2026-06-19,SKU0425,L0219,77,77,0,无差异
2026-06-19,SKU0228,L0276,95,95,0,无差异
2026-06-19,SKU0320,L0485,46,46,0,无差异
2026-06-19,SKU0322,L0489,56,56,0,无差异
2026-06-19,SKU0486,L0046,69,69,0,无差异
2026-06-19,SKU0357,L0743,125,125,0,无差异
2026-06-19,SKU0405,L0563,39,39,0,无差异
2026-06-19,SKU0354,L0476,120,120,0,无差异
2026-06-19,SKU0106,L0632,121,121,0,无差异
2026-06-19,SKU0171,L0374,63,63,0,无差异
2026-06-19,SKU0462,L0612,88,88,0,无差异
2026-06-19,SKU0330,L0414,47,47,0,无差异
2026-06-19,SKU0119,L0468,85,81,-4,盘亏
2026-06-19,SKU0117,L0173,61,61,0,无差异
2026-06-19,SKU0037,L0213,52,52,0,无差异
2026-06-19,SKU0464,L0132,63,63,0,无差异
2026-06-19,SKU0134,L0018,62,62,0,无差异
2026-06-19,SKU0296,L0446,62,62,0,无差异
2026-06-19,SKU0417,L0550,115,115,0,无差异
2026-06-19,SKU0093,L0657,109,109,0,无差异
2026-06-19,SKU0224,L0422,56,56,0,无差异
2026-06-19,SKU0315,L0020,51,51,0,无差异
2026-06-19,SKU0441,L0633,205,205,0,无差异
2026-06-19,SKU0455,L0639,296,296,0,无差异
2026-06-19,SKU0190,L0606,70,70,0,无差异
2026-06-19,SKU0060,L0512,95,95,0,无差异
2026-06-19,SKU0284,L0518,156,156,0,无差异
2026-06-19,SKU0279,L0775,62,62,0,无差异
2026-06-19,SKU0024,L0072,55,55,0,无差异
2026-06-19,SKU0351,L0549,88,88,0,无差异
2026-06-19,SKU0241,L0112,59,59,0,无差异
2026-06-19,SKU0068,L0572,53,53,0,无差异
2026-06-19,SKU0091,L0617,56,56,0,无差异
2026-06-19,SKU0017,L0368,75,75,0,无差异
2026-06-19,SKU0002,L0781,88,88,0,无差异
2026-06-19,SKU0429,L0755,412,412,0,无差异
2026-06-19,SKU0026,L0284,45,45,0,无差异
2026-06-19,SKU0424,L0205,36,36,0,无差异
2026-06-19,SKU0341,L0162,61,61,0,无差异
2026-06-19,SKU0440,L0697,107,107,0,无差异
2026-06-19,SKU0142,L0741,114,114,0,无差异
2026-06-19,SKU0432,L0628,97,97,0,无差异
2026-06-19,SKU0474,L0431,78,78,0,无差异
2026-06-19,SKU0141,L0110,62,62,0,无差异
2026-06-19,SKU0454,L0445,65,65,0,无差异
2026-06-19,SKU0080,L0737,111,111,0,无差异
2026-06-19,SKU0100,L0228,63,63,0,无差异
2026-06-19,SKU0040,L0534,38,38,0,无差异
2026-06-19,SKU0295,L0389,64,64,0,无差异
2026-06-20,SKU0291,L0366,53,53,0,无差异
2026-06-20,SKU0230,L0699,110,110,0,无差异
2026-06-20,SKU0248,L0373,76,76,0,无差异
2026-06-20,SKU0267,L0581,88,86,-2,盘亏
2026-06-20,SKU0001,L0588,106,106,0,无差异
2026-06-20,SKU0345,L0379,51,51,0,无差异
2026-06-20,SKU0099,L0025,60,60,0,无差异
2026-06-20,SKU0397,L0656,111,111,0,无差异
2026-06-20,SKU0290,L0327,50,50,0,无差异
2026-06-20,SKU0258,L0084,55,55,0,无差异
2026-06-20,SKU0372,L0120,57,57,0,无差异
2026-06-20,SKU0074,L0425,59,59,0,无差异
2026-06-20,SKU0265,L0244,59,59,0,无差异
2026-06-20,SKU0032,L0066,60,59,-1,盘亏
2026-06-20,SKU0488,L0191,72,72,0,无差异
2026-06-20,SKU0046,L0764,57,57,0,无差异
2026-06-20,SKU0402,L0522,40,40,0,无差异
2026-06-20,SKU0492,L0408,63,63,0,无差异
2026-06-20,SKU0045,L0668,121,121,0,无差异
2026-06-20,SKU0084,L0736,107,107,0,无差异
2026-06-20,SKU0110,L0151,63,63,0,无差异
2026-06-20,SKU0245,L0359,82,82,0,无差异
2026-06-20,SKU0489,L0729,79,79,0,无差异
2026-06-20,SKU0082,L0194,76,76,0,无差异
2026-06-20,SKU0232,L0630,130,130,0,无差异
2026-06-20,SKU0486,L0046,78,78,0,无差异
2026-06-20,SKU0093,L0657,100,100,0,无差异
2026-06-20,SKU0306,L0398,134,134,0,无差异
2026-06-20,SKU0277,L0092,76,76,0,无差异
2026-06-20,SKU0092,L0749,202,202,0,无差异
2026-06-20,SKU0358,L0004,39,39,0,无差异
2026-06-20,SKU0004,L0693,75,75,0,无差异
2026-06-20,SKU0215,L0146,52,49,-3,盘亏
2026-06-20,SKU0047,L0509,74,74,0,无差异
2026-06-20,SKU0199,L0594,150,150,0,无差异
2026-06-20,SKU0316,L0590,148,148,0,无差异
2026-06-20,SKU0075,L0089,59,59,0,无差异
2026-06-20,SKU0235,L0642,62,62,0,无差异
2026-06-20,SKU0364,L0691,68,68,0,无差异
2026-06-20,SKU0474,L0431,78,78,0,无差异
2026-06-20,SKU0283,L0698,92,92,0,无差异
2026-06-20,SKU0139,L0662,82,82,0,无差异
2026-06-20,SKU0119,L0468,82,82,0,无差异
2026-06-20,SKU0363,L0614,78,78,0,无差异
2026-06-20,SKU0058,L0182,45,45,0,无差异
2026-06-20,SKU0500,L0038,74,74,0,无差异
2026-06-20,SKU0079,L0646,78,78,0,无差异
2026-06-20,SKU0011,L0596,133,133,0,无差异
2026-06-20,SKU0403,L0128,47,47,0,无差异
2026-06-20,SKU0019,L0761,85,85,0,无差异
2026-06-21,SKU0129,L0742,115,115,0,无差异
2026-06-21,SKU0013,L0567,71,71,0,无差异
2026-06-21,SKU0186,L0039,80,80,0,无差异
2026-06-21,SKU0048,L0065,81,81,0,无差异
2026-06-21,SKU0004,L0693,75,75,0,无差异
2026-06-21,SKU0272,L0093,51,51,0,无差异
2026-06-21,SKU0330,L0414,47,47,0,无差异
2026-06-21,SKU0242,L0154,60,60,0,无差异
2026-06-21,SKU0096,L0167,55,52,-3,盘亏
2026-06-21,SKU0297,L0481,43,43,0,无差异
2026-06-21,SKU0380,L0195,77,72,-5,盘亏
2026-06-21,SKU0092,L0749,191,191,0,无差异
2026-06-21,SKU0304,L0339,46,46,0,无差异
2026-06-21,SKU0127,L0033,62,62,0,无差异
2026-06-21,SKU0494,L0347,69,69,0,无差异
2026-06-21,SKU0498,L0097,45,45,0,无差异
2026-06-21,SKU0035,L0314,101,101,0,无差异
2026-06-21,SKU0271,L0246,53,53,0,无差异
2026-06-21,SKU0021,L0482,38,38,0,无差异
2026-06-21,SKU0218,L0318,105,105,0,无差异
2026-06-21,SKU0384,L0381,94,94,0,无差异
2026-06-21,SKU0087,L0388,71,71,0,无差异
2026-06-21,SKU0324,L0098,61,61,0,无差异
2026-06-21,SKU0292,L0221,33,33,0,无差异
2026-06-21,SKU0123,L0560,206,206,0,无差异
2026-06-21,SKU0177,L0085,43,43,0,无差异
2026-06-21,SKU0386,L0168,57,57,0,无差异
2026-06-21,SKU0420,L0332,63,63,0,无差异
2026-06-21,SKU0133,L0349,85,85,0,无差异
2026-06-21,SKU0248,L0373,75,80,5,盘盈
2026-06-21,SKU0388,L0708,210,210,0,无差异
2026-06-21,SKU0140,L0514,103,103,0,无差异
2026-06-21,SKU0430,L0685,47,47,0,无差异
2026-06-21,SKU0114,L0385,90,90,0,无差异
2026-06-21,SKU0375,L0253,53,53,0,无差异
2026-06-21,SKU0070,L0664,130,130,0,无差异
2026-06-21,SKU0396,L0189,67,67,0,无差异
2026-06-21,SKU0246,L0352,102,102,0,无差异
2026-06-21,SKU0061,L0714,269,269,0,无差异
2026-06-21,SKU0497,L0362,35,35,0,无差异
2026-06-21,SKU0219,L0492,48,48,0,无差异
2026-06-21,SKU0057,L0574,62,62,0,无差异
2026-06-21,SKU0291,L0366,63,63,0,无差异
2026-06-21,SKU0231,L0272,78,83,5,盘盈
2026-06-21,SKU0399,L0013,45,45,0,无差异
2026-06-21,SKU0346,L0619,113,113,0,无差异
2026-06-21,SKU0470,L0256,66,66,0,无差异
2026-06-21,SKU0036,L0624,115,115,0,无差异
2026-06-21,SKU0404,L0712,207,207,0,无差异
2026-06-21,SKU0415,L0652,61,61,0,无差异
2026-06-22,SKU0251,L0538,64,64,0,无差异
2026-06-22,SKU0400,L0210,45,45,0,无差异
2026-06-22,SKU0419,L0627,167,167,0,无差异
2026-06-22,SKU0007,L0395,118,118,0,无差异
2026-06-22,SKU0285,L0071,70,70,0,无差异
2026-06-22,SKU0463,L0561,59,59,0,无差异
2026-06-22,SKU0464,L0132,72,72,0,无差异
2026-06-22,SKU0179,L0311,89,89,0,无差异
2026-06-22,SKU0120,L0605,66,66,0,无差异
2026-06-22,SKU0062,L0144,47,47,0,无差异
2026-06-22,SKU0446,L0402,68,68,0,无差异
2026-06-22,SKU0337,L0589,127,127,0,无差异
2026-06-22,SKU0032,L0066,60,60,0,无差异
2026-06-22,SKU0140,L0514,100,100,0,无差异
2026-06-22,SKU0236,L0442,40,40,0,无差异
2026-06-22,SKU0204,L0740,90,90,0,无差异
2026-06-22,SKU0319,L0461,58,58,0,无差异
2026-06-22,SKU0362,L0134,79,79,0,无差异
2026-06-22,SKU0111,L0701,131,136,5,盘盈
2026-06-22,SKU0010,L0598,208,208,0,无差异
2026-06-22,SKU0020,L0222,58,58,0,无差异
2026-06-22,SKU0037,L0213,56,60,4,盘盈
2026-06-22,SKU0087,L0388,71,71,0,无差异
2026-06-22,SKU0083,L0014,72,72,0,无差异
2026-06-22,SKU0132,L0602,70,70,0,无差异
2026-06-22,SKU0134,L0018,57,57,0,无差异
2026-06-22,SKU0102,L0634,224,224,0,无差异
2026-06-22,SKU0389,L0477,146,146,0,无差异
2026-06-22,SKU0428,L0227,69,69,0,无差异
2026-06-22,SKU0028,L0243,44,44,0,无差异
2026-06-22,SKU0183,L0129,51,51,0,无差异
2026-06-22,SKU0394,L0545,86,86,0,无差异
2026-06-22,SKU0227,L0621,94,94,0,无差异
2026-06-22,SKU0024,L0072,69,65,-4,盘亏
2026-06-22,SKU0129,L0742,115,115,0,无差异
2026-06-22,SKU0121,L0622,88,88,0,无差异
2026-06-22,SKU0369,L0726,61,61,0,无差异
2026-06-22,SKU0327,L0562,61,61,0,无差异
2026-06-22,SKU0086,L0044,67,67,0,无差异
2026-06-22,SKU0359,L0217,47,47,0,无差异
2026-06-22,SKU0356,L0450,81,81,0,无差异
2026-06-22,SKU0407,L0758,685,685,0,无差异
2026-06-22,SKU0052,L0793,428,428,0,无差异
2026-06-22,SKU0318,L0502,76,76,0,无差异
2026-06-22,SKU0008,L0763,72,72,0,无差异
2026-06-22,SKU0065,L0721,86,86,0,无差异
2026-06-22,SKU0245,L0359,82,82,0,无差异
2026-06-22,SKU0417,L0550,118,113,-5,盘亏
2026-06-22,SKU0205,L0795,628,628,0,无差异
2026-06-22,SKU0434,L0382,51,51,0,无差异
2026-06-23,SKU0334,L0074,85,85,0,无差异
2026-06-23,SKU0436,L0462,78,78,0,无差异
2026-06-23,SKU0073,L0179,68,68,0,无差异
2026-06-23,SKU0305,L0142,68,68,0,无差异
2026-06-23,SKU0167,L0298,43,43,0,无差异
2026-06-23,SKU0487,L0658,89,87,-2,盘亏
2026-06-23,SKU0151,L0062,64,64,0,无差异
2026-06-23,SKU0091,L0617,73,73,0,无差异
2026-06-23,SKU0333,L0063,55,51,-4,盘亏
2026-06-23,SKU0426,L0626,136,136,0,无差异
2026-06-23,SKU0033,L0797,952,952,0,无差异
2026-06-23,SKU0403,L0128,50,50,0,无差异
2026-06-23,SKU0007,L0395,111,111,0,无差异
2026-06-23,SKU0376,L0271,72,72,0,无差异
2026-06-23,SKU0435,L0186,40,40,0,无差异
2026-06-23,SKU0210,L0730,72,72,0,无差异
2026-06-23,SKU0380,L0195,84,84,0,无差异
2026-06-23,SKU0445,L0689,93,93,0,无差异
2026-06-23,SKU0239,L0342,60,60,0,无差异
2026-06-23,SKU0317,L0677,347,347,0,无差异
2026-06-23,SKU0462,L0612,89,89,0,无差异
2026-06-23,SKU0271,L0246,63,61,-2,盘亏
2026-06-23,SKU0383,L0747,154,154,0,无差异
2026-06-23,SKU0377,L0387,66,66,0,无差异
2026-06-23,SKU0025,L0718,568,568,0,无差异
2026-06-23,SKU0041,L0143,78,78,0,无差异
2026-06-23,SKU0162,L0785,136,136,0,无差异
2026-06-23,SKU0120,L0605,66,66,0,无差异
2026-06-23,SKU0094,L0140,52,52,0,无差异
2026-06-23,SKU0008,L0763,72,72,0,无差异
2026-06-23,SKU0480,L0789,259,259,0,无差异
2026-06-23,SKU0327,L0562,59,63,4,盘盈
2026-06-23,SKU0135,L0202,71,71,0,无差异
2026-06-23,SKU0184,L0235,90,90,0,无差异
2026-06-23,SKU0431,L0769,52,52,0,无差异
2026-06-23,SKU0419,L0627,167,167,0,无差异
2026-06-23,SKU0357,L0743,106,106,0,无差异
2026-06-23,SKU0493,L0087,68,68,0,无差异
2026-06-23,SKU0172,L0254,32,32,0,无差异
2026-06-23,SKU0378,L0209,59,59,0,无差异
2026-06-23,SKU0494,L0347,69,69,0,无差异
2026-06-23,SKU0221,L0315,115,115,0,无差异
2026-06-23,SKU0236,L0442,54,54,0,无差异
2026-06-23,SKU0006,L0608,79,79,0,无差异
2026-06-23,SKU0060,L0512,82,82,0,无差异
2026-06-23,SKU0311,L0649,73,73,0,无差异
2026-06-23,SKU0200,L0403,72,72,0,无差异
2026-06-23,SKU0207,L0573,68,68,0,无差异
2026-06-23,SKU0093,L0657,105,105,0,无差异
2026-06-23,SKU0267,L0581,97,97,0,无差异
2026-06-24,SKU0284,L0518,140,140,0,无差异
2026-06-24,SKU0466,L0607,80,80,0,无差异
2026-06-24,SKU0346,L0619,124,124,0,无差异
2026-06-24,SKU0092,L0749,179,179,0,无差异
2026-06-24,SKU0196,L0580,95,95,0,无差异
2026-06-24,SKU0009,L0230,40,40,0,无差异
2026-06-24,SKU0223,L0565,65,65,0,无差异
2026-06-24,SKU0486,L0046,83,83,0,无差异
2026-06-24,SKU0042,L0675,260,260,0,无差异
2026-06-24,SKU0259,L0695,70,70,0,无差异
2026-06-24,SKU0355,L0357,106,106,0,无差异
2026-06-24,SKU0230,L0699,118,118,0,无差异
2026-06-24,SKU0496,L0050,58,58,0,无差异
2026-06-24,SKU0128,L0571,70,70,0,无差异
2026-06-24,SKU0309,L0211,54,54,0,无差异
2026-06-24,SKU0367,L0340,70,70,0,无差异
2026-06-24,SKU0111,L0701,127,127,0,无差异
2026-06-24,SKU0396,L0189,67,67,0,无差异
2026-06-24,SKU0447,L0584,104,104,0,无差异
2026-06-24,SKU0231,L0272,86,86,0,无差异
2026-06-24,SKU0108,L0786,189,189,0,无差异
2026-06-24,SKU0445,L0689,89,89,0,无差异
2026-06-24,SKU0136,L0225,71,71,0,无差异
2026-06-24,SKU0130,L0647,84,84,0,无差异
2026-06-24,SKU0194,L0073,63,63,0,无差异
2026-06-24,SKU0350,L0593,174,174,0,无差异
2026-06-24,SKU0400,L0210,59,59,0,无差异
2026-06-24,SKU0433,L0045,62,66,4,盘盈
2026-06-24,SKU0118,L0017,42,42,0,无差异
2026-06-24,SKU0314,L0570,81,81,0,无差异
2026-06-24,SKU0333,L0063,55,55,0,无差异
2026-06-24,SKU0453,L0270,73,73,0,无差异
2026-06-24,SKU0139,L0662,70,70,0,无差异
2026-06-24,SKU0199,L0594,181,181,0,无差异
2026-06-24,SKU0436,L0462,78,78,0,无差异
2026-06-24,SKU0044,L0587,124,119,-5,盘亏
2026-06-24,SKU0030,L0510,75,75,0,无差异
2026-06-24,SKU0403,L0128,50,50,0,无差异
2026-06-24,SKU0315,L0020,62,62,0,无差异
2026-06-24,SKU0421,L0791,276,276,0,无差异
2026-06-24,SKU0377,L0387,79,79,0,无差异
2026-06-24,SKU0039,L0724,88,91,3,盘盈
2026-06-24,SKU0401,L0285,52,52,0,无差异
2026-06-24,SKU0242,L0154,73,73,0,无差异
2026-06-24,SKU0219,L0492,54,54,0,无差异
2026-06-24,SKU0046,L0764,71,71,0,无差异
2026-06-24,SKU0303,L0277,120,120,0,无差异
2026-06-24,SKU0209,L0337,106,106,0,无差异
2026-06-24,SKU0435,L0186,55,55,0,无差异
2026-06-24,SKU0336,L0185,44,44,0,无差异
2026-06-25,SKU0274,L0557,216,216,0,无差异
2026-06-25,SKU0208,L0540,116,116,0,无差异
2026-06-25,SKU0074,L0425,77,77,0,无差异
2026-06-25,SKU0426,L0626,126,126,0,无差异
2026-06-25,SKU0155,L0569,95,95,0,无差异
2026-06-25,SKU0104,L0161,45,45,0,无差异
2026-06-25,SKU0358,L0004,51,51,0,无差异
2026-06-25,SKU0353,L0361,59,59,0,无差异
2026-06-25,SKU0248,L0373,87,87,0,无差异
2026-06-25,SKU0139,L0662,70,70,0,无差异
2026-06-25,SKU0022,L0026,71,71,0,无差异
2026-06-25,SKU0345,L0379,64,60,-4,盘亏
2026-06-25,SKU0080,L0737,126,126,0,无差异
2026-06-25,SKU0458,L0003,91,91,0,无差异
2026-06-25,SKU0421,L0791,276,276,0,无差异
2026-06-25,SKU0312,L0661,89,89,0,无差异
2026-06-25,SKU0256,L0104,82,82,0,无差异
2026-06-25,SKU0314,L0570,81,81,0,无差异
2026-06-25,SKU0055,L0239,79,79,0,无差异
2026-06-25,SKU0303,L0277,118,118,0,无差异
2026-06-25,SKU0261,L0591,67,67,0,无差异
2026-06-25,SKU0146,L0544,91,91,0,无差异
2026-06-25,SKU0142,L0741,132,132,0,无差异
2026-06-25,SKU0398,L0595,194,194,0,无差异
2026-06-25,SKU0351,L0549,106,106,0,无差异
2026-06-25,SKU0110,L0151,69,69,0,无差异
2026-06-25,SKU0389,L0477,152,152,0,无差异
2026-06-25,SKU0363,L0614,90,90,0,无差异
2026-06-25,SKU0056,L0618,74,74,0,无差异
2026-06-25,SKU0391,L0237,92,92,0,无差异
2026-06-25,SKU0052,L0793,381,381,0,无差异
2026-06-25,SKU0189,L0523,52,51,-1,盘亏
2026-06-25,SKU0475,L0367,64,64,0,无差异
2026-06-25,SKU0279,L0775,57,57,0,无差异
2026-06-25,SKU0318,L0502,73,73,0,无差异
2026-06-25,SKU0264,L0592,138,138,0,无差异
2026-06-25,SKU0337,L0589,122,122,0,无差异
2026-06-25,SKU0173,L0116,104,104,0,无差异
2026-06-25,SKU0049,L0751,258,258,0,无差异
2026-06-25,SKU0226,L0293,72,72,0,无差异
2026-06-25,SKU0037,L0213,61,61,0,无差异
2026-06-25,SKU0044,L0587,124,124,0,无差异
2026-06-25,SKU0115,L0306,71,71,0,无差异
2026-06-25,SKU0496,L0050,68,68,0,无差异
2026-06-25,SKU0010,L0598,237,237,0,无差异
2026-06-25,SKU0311,L0649,85,85,0,无差异
2026-06-25,SKU0047,L0509,72,72,0,无差异
2026-06-25,SKU0229,L0459,88,88,0,无差异
2026-06-25,SKU0201,L0548,94,94,0,无差异
2026-06-25,SKU0418,L0771,64,64,0,无差异
2026-06-26,SKU0353,L0361,69,69,0,无差异
2026-06-26,SKU0223,L0565,75,77,2,盘盈
2026-06-26,SKU0127,L0033,66,66,0,无差异
2026-06-26,SKU0403,L0128,59,59,0,无差异
2026-06-26,SKU0268,L0175,70,70,0,无差异
2026-06-26,SKU0451,L0706,146,146,0,无差异
2026-06-26,SKU0248,L0373,87,87,0,无差异
2026-06-26,SKU0130,L0647,79,79,0,无差异
2026-06-26,SKU0424,L0205,42,42,0,无差异
2026-06-26,SKU0045,L0668,124,124,0,无差异
2026-06-26,SKU0433,L0045,71,66,-5,盘亏
2026-06-26,SKU0328,L0623,89,89,0,无差异
2026-06-26,SKU0244,L0125,51,51,0,无差异
2026-06-26,SKU0448,L0564,86,86,0,无差异
2026-06-26,SKU0492,L0408,74,74,0,无差异
2026-06-26,SKU0278,L0068,77,77,0,无差异
2026-06-26,SKU0327,L0562,59,59,0,无差异
2026-06-26,SKU0170,L0224,63,63,0,无差异
2026-06-26,SKU0481,L0196,99,94,-5,盘亏
2026-06-26,SKU0079,L0646,96,96,0,无差异
2026-06-26,SKU0049,L0751,254,254,0,无差异
2026-06-26,SKU0359,L0217,61,61,0,无差异
2026-06-26,SKU0104,L0161,45,45,0,无差异
2026-06-26,SKU0310,L0127,69,69,0,无差异
2026-06-26,SKU0397,L0656,128,128,0,无差异
2026-06-26,SKU0334,L0074,93,93,0,无差异
2026-06-26,SKU0371,L0559,236,236,0,无差异
2026-06-26,SKU0469,L0296,58,58,0,无差异
2026-06-26,SKU0432,L0628,104,104,0,无差异
2026-06-26,SKU0164,L0082,73,73,0,无差异
2026-06-26,SKU0455,L0639,334,334,0,无差异
2026-06-26,SKU0181,L0275,102,102,0,无差异
2026-06-26,SKU0063,L0460,109,109,0,无差异
2026-06-26,SKU0052,L0793,374,374,0,无差异
2026-06-26,SKU0180,L0429,97,97,0,无差异
2026-06-26,SKU0280,L0772,137,137,0,无差异
2026-06-26,SKU0447,L0584,123,123,0,无差异
2026-06-26,SKU0179,L0311,106,104,-2,盘亏
2026-06-26,SKU0339,L0383,71,71,0,无差异
2026-06-26,SKU0344,L0047,71,71,0,无差异
2026-06-26,SKU0288,L0197,77,77,0,无差异
2026-06-26,SKU0188,L0331,59,59,0,无差异
2026-06-26,SKU0231,L0272,99,99,0,无差异
2026-06-26,SKU0029,L0681,65,65,0,无差异
2026-06-26,SKU0007,L0395,106,106,0,无差异
2026-06-26,SKU0418,L0771,64,64,0,无差异
2026-06-26,SKU0305,L0142,68,68,0,无差异
2026-06-26,SKU0491,L0252,40,40,0,无差异
2026-06-26,SKU0349,L0053,71,71,0,无差异
2026-06-26,SKU0471,L0320,109,109,0,无差异
2026-06-27,SKU0215,L0146,60,60,0,无差异
2026-06-27,SKU0143,L0673,213,213,0,无差异
2026-06-27,SKU0432,L0628,104,104,0,无差异
2026-06-27,SKU0230,L0699,135,135,0,无差异
2026-06-27,SKU0008,L0763,90,85,-5,盘亏
2026-06-27,SKU0303,L0277,130,130,0,无差异
2026-06-27,SKU0203,L0640,379,379,0,无差异
2026-06-27,SKU0081,L0438,153,153,0,无差异
2026-06-27,SKU0348,L0439,109,109,0,无差异
2026-06-27,SKU0020,L0222,65,65,0,无差异
2026-06-27,SKU0385,L0597,197,197,0,无差异
2026-06-27,SKU0098,L0473,117,117,0,无差异
2026-06-27,SKU0028,L0243,58,58,0,无差异
2026-06-27,SKU0309,L0211,62,62,0,无差异
2026-06-27,SKU0289,L0083,68,71,3,盘盈
2026-06-27,SKU0222,L0508,103,103,0,无差异
2026-06-27,SKU0237,L0184,57,57,0,无差异
2026-06-27,SKU0238,L0421,112,112,0,无差异
2026-06-27,SKU0269,L0147,46,46,0,无差异
2026-06-27,SKU0262,L0136,42,42,0,无差异
2026-06-27,SKU0368,L0583,79,79,0,无差异
2026-06-27,SKU0310,L0127,69,69,0,无差异
2026-06-27,SKU0168,L0792,477,477,0,无差异
2026-06-27,SKU0272,L0093,64,64,0,无差异
2026-06-27,SKU0002,L0781,88,88,0,无差异
2026-06-27,SKU0461,L0076,96,96,0,无差异
2026-06-27,SKU0089,L0707,170,170,0,无差异
2026-06-27,SKU0413,L0106,75,74,-1,盘亏
2026-06-27,SKU0382,L0441,76,76,0,无差异
2026-06-27,SKU0114,L0385,93,93,0,无差异
2026-06-27,SKU0115,L0306,71,71,0,无差异
2026-06-27,SKU0327,L0562,59,59,0,无差异
2026-06-27,SKU0471,L0320,134,134,0,无差异
2026-06-27,SKU0351,L0549,124,124,0,无差异
2026-06-27,SKU0338,L0625,88,88,0,无差异
2026-06-27,SKU0337,L0589,137,137,0,无差异
2026-06-27,SKU0361,L0207,77,77,0,无差异
2026-06-27,SKU0270,L0553,145,145,0,无差异
2026-06-27,SKU0194,L0073,79,79,0,无差异
2026-06-27,SKU0067,L0002,67,67,0,无差异
2026-06-27,SKU0451,L0706,181,181,0,无差异
2026-06-27,SKU0258,L0084,65,65,0,无差异
2026-06-27,SKU0034,L0660,112,112,0,无差异
2026-06-27,SKU0377,L0387,91,91,0,无差异
2026-06-27,SKU0107,L0060,67,67,0,无差异
2026-06-27,SKU0040,L0534,47,47,0,无差异
2026-06-27,SKU0119,L0468,114,114,0,无差异
2026-06-27,SKU0407,L0758,834,834,0,无差异
2026-06-27,SKU0047,L0509,82,82,0,无差异
2026-06-27,SKU0466,L0607,92,92,0,无差异
2026-06-28,SKU0267,L0581,94,94,0,无差异
2026-06-28,SKU0430,L0685,62,62,0,无差异
2026-06-28,SKU0151,L0062,78,78,0,无差异
2026-06-28,SKU0100,L0228,67,65,-2,盘亏
2026-06-28,SKU0423,L0731,74,74,0,无差异
2026-06-28,SKU0249,L0790,138,138,0,无差异
2026-06-28,SKU0352,L0061,61,61,0,无差异
2026-06-28,SKU0289,L0083,68,68,0,无差异
2026-06-28,SKU0448,L0564,96,96,0,无差异
2026-06-28,SKU0136,L0225,66,66,0,无差异
2026-06-28,SKU0103,L0201,48,48,0,无差异
2026-06-28,SKU0452,L0351,81,81,0,无差异
2026-06-28,SKU0349,L0053,83,83,0,无差异
2026-06-28,SKU0323,L0094,64,64,0,无差异
2026-06-28,SKU0409,L0705,128,128,0,无差异
2026-06-28,SKU0184,L0235,96,96,0,无差异
2026-06-28,SKU0278,L0068,75,75,0,无差异
2026-06-28,SKU0228,L0276,120,120,0,无差异
2026-06-28,SKU0496,L0050,68,68,0,无差异
2026-06-28,SKU0424,L0205,53,53,0,无差异
2026-06-28,SKU0333,L0063,55,53,-2,盘亏
2026-06-28,SKU0372,L0120,80,80,0,无差异
2026-06-28,SKU0456,L0517,140,140,0,无差异
2026-06-28,SKU0325,L0364,65,65,0,无差异
2026-06-28,SKU0421,L0791,295,295,0,无差异
2026-06-28,SKU0168,L0792,466,466,0,无差异
2026-06-28,SKU0134,L0018,60,60,0,无差异
2026-06-28,SKU0208,L0540,124,124,0,无差异
2026-06-28,SKU0304,L0339,64,64,0,无差异
2026-06-28,SKU0274,L0557,211,211,0,无差异
2026-06-28,SKU0477,L0321,64,64,0,无差异
2026-06-28,SKU0212,L0024,64,64,0,无差异
2026-06-28,SKU0006,L0608,84,84,0,无差异
2026-06-28,SKU0478,L0299,78,78,0,无差异
2026-06-28,SKU0389,L0477,154,154,0,无差异
2026-06-28,SKU0214,L0676,257,257,0,无差异
2026-06-28,SKU0467,L0532,62,62,0,无差异
2026-06-28,SKU0133,L0349,100,100,0,无差异
2026-06-28,SKU0406,L0692,104,104,0,无差异
2026-06-28,SKU0106,L0632,185,185,0,无差异
2026-06-28,SKU0099,L0025,78,78,0,无差异
2026-06-28,SKU0251,L0538,72,72,0,无差异
2026-06-28,SKU0426,L0626,145,145,0,无差异
2026-06-28,SKU0350,L0593,157,157,0,无差异
2026-06-28,SKU0068,L0572,64,64,0,无差异
2026-06-28,SKU0299,L0204,86,86,0,无差异
2026-06-28,SKU0374,L0016,69,69,0,无差异
2026-06-28,SKU0144,L0354,86,86,0,无差异
2026-06-28,SKU0043,L0001,47,46,-1,盘亏
2026-06-28,SKU0200,L0403,82,82,0,无差异
2026-06-29,SKU0155,L0569,103,103,0,无差异
2026-06-29,SKU0221,L0315,123,123,0,无差异
2026-06-29,SKU0457,L0449,80,80,0,无差异
2026-06-29,SKU0135,L0202,87,87,0,无差异
2026-06-29,SKU0452,L0351,81,81,0,无差异
2026-06-29,SKU0065,L0721,114,114,0,无差异
2026-06-29,SKU0344,L0047,84,84,0,无差异
2026-06-29,SKU0105,L0010,55,55,0,无差异
2026-06-29,SKU0369,L0726,58,58,0,无差异
2026-06-29,SKU0234,L0682,82,82,0,无差异
2026-06-29,SKU0223,L0565,70,70,0,无差异
2026-06-29,SKU0407,L0758,750,750,0,无差异
2026-06-29,SKU0359,L0217,61,56,-5,盘亏
2026-06-29,SKU0216,L0464,97,95,-2,盘亏
2026-06-29,SKU0373,L0427,90,90,0,无差异
2026-06-29,SKU0436,L0462,89,89,0,无差异
2026-06-29,SKU0024,L0072,74,74,0,无差异
2026-06-29,SKU0342,L0727,71,71,0,无差异
2026-06-29,SKU0264,L0592,145,145,0,无差异
2026-06-29,SKU0064,L0513,131,131,0,无差异
2026-06-29,SKU0113,L0145,64,64,0,无差异
2026-06-29,SKU0391,L0237,104,104,0,无差异
2026-06-29,SKU0079,L0646,87,87,0,无差异
2026-06-29,SKU0002,L0781,84,84,0,无差异
2026-06-29,SKU0228,L0276,115,115,0,无差异
2026-06-29,SKU0233,L0075,81,81,0,无差异
2026-06-29,SKU0059,L0783,181,181,0,无差异
2026-06-29,SKU0028,L0243,56,56,0,无差异
2026-06-29,SKU0352,L0061,73,73,0,无差异
2026-06-29,SKU0108,L0786,204,204,0,无差异
2026-06-29,SKU0058,L0182,71,71,0,无差异
2026-06-29,SKU0295,L0389,92,92,0,无差异
2026-06-29,SKU0018,L0493,65,65,0,无差异
2026-06-29,SKU0167,L0298,33,33,0,无差异
2026-06-29,SKU0057,L0574,79,79,0,无差异
2026-06-29,SKU0453,L0270,75,75,0,无差异
2026-06-29,SKU0211,L0329,41,41,0,无差异
2026-06-29,SKU0119,L0468,129,129,0,无差异
2026-06-29,SKU0298,L0236,99,99,0,无差异
2026-06-29,SKU0212,L0024,64,64,0,无差异
2026-06-29,SKU0435,L0186,55,55,0,无差异
2026-06-29,SKU0029,L0681,59,59,0,无差异
2026-06-29,SKU0085,L0711,212,212,0,无差异
2026-06-29,SKU0190,L0606,80,80,0,无差异
2026-06-29,SKU0227,L0621,114,114,0,无差异
2026-06-29,SKU0120,L0605,89,89,0,无差异
2026-06-29,SKU0075,L0089,75,75,0,无差异
2026-06-29,SKU0226,L0293,63,63,0,无差异
2026-06-29,SKU0445,L0689,99,99,0,无差异
2026-06-29,SKU0278,L0068,73,73,0,无差异
2026-06-30,SKU0361,L0207,84,84,0,无差异
2026-06-30,SKU0175,L0021,66,66,0,无差异
2026-06-30,SKU0434,L0382,78,78,0,无差异
2026-06-30,SKU0223,L0565,70,70,0,无差异
2026-06-30,SKU0102,L0634,227,227,0,无差异
2026-06-30,SKU0483,L0551,107,103,-4,盘亏
2026-06-30,SKU0029,L0681,59,55,-4,盘亏
2026-06-30,SKU0246,L0352,114,114,0,无差异
2026-06-30,SKU0398,L0595,156,156,0,无差异
2026-06-30,SKU0193,L0343,105,104,-1,盘亏
2026-06-30,SKU0287,L0479,150,150,0,无差异
2026-06-30,SKU0473,L0234,103,103,0,无差异
2026-06-30,SKU0212,L0024,75,75,0,无差异
2026-06-30,SKU0367,L0340,79,79,0,无差异
2026-06-30,SKU0091,L0617,75,75,0,无差异
2026-06-30,SKU0461,L0076,99,99,0,无差异
2026-06-30,SKU0245,L0359,108,108,0,无差异
2026-06-30,SKU0491,L0252,52,52,0,无差异
2026-06-30,SKU0079,L0646,100,100,0,无差异
2026-06-30,SKU0369,L0726,56,56,0,无差异
2026-06-30,SKU0464,L0132,84,84,0,无差异
2026-06-30,SKU0147,L0739,80,80,0,无差异
2026-06-30,SKU0231,L0272,110,110,0,无差异
2026-06-30,SKU0250,L0223,92,92,0,无差异
2026-06-30,SKU0070,L0664,120,117,-3,盘亏
2026-06-30,SKU0075,L0089,71,71,0,无差异
2026-06-30,SKU0268,L0175,70,70,0,无差异
2026-06-30,SKU0309,L0211,73,73,0,无差异
2026-06-30,SKU0224,L0422,64,64,0,无差异
2026-06-30,SKU0187,L0290,79,79,0,无差异
2026-06-30,SKU0123,L0560,282,282,0,无差异
2026-06-30,SKU0436,L0462,104,104,0,无差异
2026-06-30,SKU0279,L0775,50,50,0,无差异
2026-06-30,SKU0025,L0718,726,726,0,无差异
2026-06-30,SKU0298,L0236,94,94,0,无差异
2026-06-30,SKU0292,L0221,33,33,0,无差异
2026-06-30,SKU0261,L0591,86,86,0,无差异
2026-06-30,SKU0182,L0258,58,58,0,无差异
2026-06-30,SKU0041,L0143,86,85,-1,盘亏
2026-06-30,SKU0337,L0589,144,144,0,无差异
2026-06-30,SKU0114,L0385,93,93,0,无差异
2026-06-30,SKU0314,L0570,85,90,5,盘盈
2026-06-30,SKU0058,L0182,71,71,0,无差异
2026-06-30,SKU0092,L0749,208,208,0,无差异
2026-06-30,SKU0232,L0630,156,156,0,无差异
2026-06-30,SKU0271,L0246,72,70,-2,盘亏
2026-06-30,SKU0258,L0084,64,64,0,无差异
2026-06-30,SKU0171,L0374,77,77,0,无差异
2026-06-30,SKU0458,L0003,103,103,0,无差异
2026-06-30,SKU0328,L0623,101,101,0,无差异
2026-07-01,SKU0409,L0705,114,114,0,无差异
2026-07-01,SKU0188,L0331,70,70,0,无差异
2026-07-01,SKU0023,L0404,41,41,0,无差异
2026-07-01,SKU0118,L0017,53,53,0,无差异
2026-07-01,SKU0170,L0224,58,60,2,盘盈
2026-07-01,SKU0064,L0513,147,147,0,无差异
2026-07-01,SKU0260,L0119,52,52,0,无差异
2026-07-01,SKU0180,L0429,107,107,0,无差异
2026-07-01,SKU0431,L0769,87,87,0,无差异
2026-07-01,SKU0433,L0045,65,65,0,无差异
2026-07-01,SKU0074,L0425,87,87,0,无差异
2026-07-01,SKU0370,L0198,123,123,0,无差异
2026-07-01,SKU0100,L0228,81,81,0,无差异
2026-07-01,SKU0399,L0013,54,54,0,无差异
2026-07-01,SKU0306,L0398,129,129,0,无差异
2026-07-01,SKU0410,L0181,79,79,0,无差异
2026-07-01,SKU0272,L0093,64,64,0,无差异
2026-07-01,SKU0242,L0154,78,78,0,无差异
2026-07-01,SKU0341,L0162,73,73,0,无差异
2026-07-01,SKU0061,L0714,319,319,0,无差异
2026-07-01,SKU0329,L0537,124,124,0,无差异
2026-07-01,SKU0457,L0449,80,80,0,无差异
2026-07-01,SKU0148,L0307,81,81,0,无差异
2026-07-01,SKU0021,L0482,68,68,0,无差异
2026-07-01,SKU0275,L0049,77,77,0,无差异
2026-07-01,SKU0063,L0460,133,133,0,无差异
2026-07-01,SKU0115,L0306,76,76,0,无差异
2026-07-01,SKU0362,L0134,87,87,0,无差异
2026-07-01,SKU0408,L0190,90,90,0,无差异
2026-07-01,SKU0167,L0298,33,33,0,无差异
2026-07-01,SKU0177,L0085,56,56,0,无差异
2026-07-01,SKU0426,L0626,137,137,0,无差异
2026-07-01,SKU0169,L0105,70,70,0,无差异
2026-07-01,SKU0432,L0628,123,123,0,无差异
2026-07-01,SKU0121,L0622,116,116,0,无差异
2026-07-01,SKU0283,L0698,127,127,0,无差异
2026-07-01,SKU0359,L0217,75,75,0,无差异
2026-07-01,SKU0040,L0534,43,43,0,无差异
2026-07-01,SKU0356,L0450,100,100,0,无差异
2026-07-01,SKU0261,L0591,83,83,0,无差异
2026-07-01,SKU0175,L0021,66,66,0,无差异
2026-07-01,SKU0008,L0763,102,102,0,无差异
2026-07-01,SKU0016,L0762,68,68,0,无差异
2026-07-01,SKU0440,L0697,142,142,0,无差异
2026-07-01,SKU0253,L0148,79,79,0,无差异
2026-07-01,SKU0191,L0432,62,62,0,无差异
2026-07-01,SKU0416,L0111,60,60,0,无差异
2026-07-01,SKU0131,L0172,89,89,0,无差异
2026-07-01,SKU0105,L0010,55,55,0,无差异
2026-07-01,SKU0487,L0658,104,104,0,无差异
2026-07-02,SKU0108,L0786,188,188,0,无差异
2026-07-02,SKU0105,L0010,55,55,0,无差异
2026-07-02,SKU0283,L0698,127,125,-2,盘亏
2026-07-02,SKU0306,L0398,148,148,0,无差异
2026-07-02,SKU0004,L0693,104,104,0,无差异
2026-07-02,SKU0418,L0771,71,71,0,无差异
2026-07-02,SKU0271,L0246,70,70,0,无差异
2026-07-02,SKU0433,L0045,78,78,0,无差异
2026-07-02,SKU0325,L0364,80,80,0,无差异
2026-07-02,SKU0110,L0151,85,85,0,无差异
2026-07-02,SKU0118,L0017,65,65,0,无差异
2026-07-02,SKU0287,L0479,181,181,0,无差异
2026-07-02,SKU0150,L0180,82,82,0,无差异
2026-07-02,SKU0328,L0623,101,101,0,无差异
2026-07-02,SKU0327,L0562,66,66,0,无差异
2026-07-02,SKU0294,L0504,130,130,0,无差异
2026-07-02,SKU0048,L0065,118,121,3,盘盈
2026-07-02,SKU0104,L0161,59,57,-2,盘亏
2026-07-02,SKU0273,L0301,73,73,0,无差异
2026-07-02,SKU0171,L0374,75,75,0,无差异
2026-07-02,SKU0485,L0341,129,129,0,无差异
2026-07-02,SKU0462,L0612,105,105,0,无差异
2026-07-02,SKU0367,L0340,74,74,0,无差异
2026-07-02,SKU0265,L0244,62,62,0,无差异
2026-07-02,SKU0012,L0322,64,64,0,无差异
2026-07-02,SKU0071,L0113,113,113,0,无差异
2026-07-02,SKU0086,L0044,74,74,0,无差异
2026-07-02,SKU0386,L0168,58,58,0,无差异
2026-07-02,SKU0080,L0737,143,143,0,无差异
2026-07-02,SKU0499,L0212,90,90,0,无差异
2026-07-02,SKU0174,L0248,91,91,0,无差异
2026-07-02,SKU0336,L0185,57,57,0,无差异
2026-07-02,SKU0395,L0117,113,113,0,无差异
2026-07-02,SKU0495,L0794,666,666,0,无差异
2026-07-02,SKU0188,L0331,70,70,0,无差异
2026-07-02,SKU0043,L0001,54,54,0,无差异
2026-07-02,SKU0311,L0649,89,89,0,无差异
2026-07-02,SKU0130,L0647,92,92,0,无差异
2026-07-02,SKU0397,L0656,148,148,0,无差异
2026-07-02,SKU0465,L0255,78,78,0,无差异
2026-07-02,SKU0079,L0646,100,100,0,无差异
2026-07-02,SKU0305,L0142,87,87,0,无差异
2026-07-02,SKU0484,L0090,62,62,0,无差异
2026-07-02,SKU0473,L0234,117,117,0,无差异
2026-07-02,SKU0197,L0399,108,108,0,无差异
2026-07-02,SKU0414,L0766,84,84,0,无差异
2026-07-02,SKU0100,L0228,81,81,0,无差异
2026-07-02,SKU0216,L0464,109,105,-4,盘亏
2026-07-02,SKU0359,L0217,75,75,0,无差异
2026-07-02,SKU0041,L0143,99,99,0,无差异
2026-07-03,SKU0247,L0048,108,108,0,无差异
2026-07-03,SKU0139,L0662,76,76,0,无差异
2026-07-03,SKU0193,L0343,115,115,0,无差异
2026-07-03,SKU0334,L0074,122,122,0,无差异
2026-07-03,SKU0269,L0147,54,54,0,无差异
2026-07-03,SKU0254,L0363,52,52,0,无差异
2026-07-03,SKU0180,L0429,107,107,0,无差异
2026-07-03,SKU0489,L0729,95,95,0,无差异
2026-07-03,SKU0250,L0223,99,99,0,无差异
2026-07-03,SKU0122,L0317,153,153,0,无差异
2026-07-03,SKU0234,L0682,85,85,0,无差异
2026-07-03,SKU0154,L0380,104,100,-4,盘亏
2026-07-03,SKU0056,L0618,103,103,0,无差异
2026-07-03,SKU0367,L0340,65,65,0,无差异
2026-07-03,SKU0358,L0004,72,72,0,无差异
2026-07-03,SKU0443,L0302,86,86,0,无差异
2026-07-03,SKU0059,L0783,139,139,0,无差异
2026-07-03,SKU0013,L0567,98,98,0,无差异
2026-07-03,SKU0203,L0640,420,420,0,无差异
2026-07-03,SKU0206,L0760,1912,1912,0,无差异
2026-07-03,SKU0375,L0253,80,80,0,无差异
2026-07-03,SKU0080,L0737,139,139,0,无差异
2026-07-03,SKU0326,L0700,139,139,0,无差异
2026-07-03,SKU0266,L0164,75,75,0,无差异
2026-07-03,SKU0177,L0085,55,55,0,无差异
2026-07-03,SKU0029,L0681,75,75,0,无差异
2026-07-03,SKU0127,L0033,83,83,0,无差异
2026-07-03,SKU0271,L0246,82,82,0,无差异
2026-07-03,SKU0215,L0146,69,69,0,无差异
2026-07-03,SKU0372,L0120,87,87,0,无差异
2026-07-03,SKU0468,L0436,158,158,0,无差异
2026-07-03,SKU0318,L0502,84,84,0,无差异
2026-07-03,SKU0142,L0741,154,154,0,无差异
2026-07-03,SKU0052,L0793,540,540,0,无差异
2026-07-03,SKU0279,L0775,64,64,0,无差异
2026-07-03,SKU0407,L0758,926,926,0,无差异
2026-07-03,SKU0026,L0284,74,74,0,无差异
2026-07-03,SKU0068,L0572,79,79,0,无差异
2026-07-03,SKU0054,L0686,129,124,-5,盘亏
2026-07-03,SKU0356,L0450,98,98,0,无差异
2026-07-03,SKU0306,L0398,145,145,0,无差异
2026-07-03,SKU0063,L0460,142,142,0,无差异
2026-07-03,SKU0498,L0097,69,69,0,无差异
2026-07-03,SKU0067,L0002,79,79,0,无差异
2026-07-03,SKU0365,L0390,141,141,0,无差异
2026-07-03,SKU0287,L0479,178,178,0,无差异
2026-07-03,SKU0243,L0156,83,83,0,无差异
2026-07-03,SKU0045,L0668,154,154,0,无差异
2026-07-03,SKU0020,L0222,65,65,0,无差异
2026-07-03,SKU0083,L0014,101,101,0,无差异
2026-07-04,SKU0414,L0766,94,94,0,无差异
2026-07-04,SKU0005,L0358,78,78,0,无差异
2026-07-04,SKU0285,L0071,89,89,0,无差异
2026-07-04,SKU0128,L0571,90,90,0,无差异
2026-07-04,SKU0192,L0475,132,132,0,无差异
2026-07-04,SKU0428,L0227,91,91,0,无差异
2026-07-04,SKU0288,L0197,88,88,0,无差异
2026-07-04,SKU0404,L0712,256,256,0,无差异
2026-07-04,SKU0446,L0402,88,88,0,无差异
2026-07-04,SKU0373,L0427,101,101,0,无差异
2026-07-04,SKU0131,L0172,95,95,0,无差异
2026-07-04,SKU0043,L0001,49,49,0,无差异
2026-07-04,SKU0194,L0073,86,86,0,无差异
2026-07-04,SKU0328,L0623,92,92,0,无差异
2026-07-04,SKU0409,L0705,135,135,0,无差异
2026-07-04,SKU0112,L0526,66,66,0,无差异
2026-07-04,SKU0007,L0395,113,113,0,无差异
2026-07-04,SKU0469,L0296,64,64,0,无差异
2026-07-04,SKU0457,L0449,88,88,0,无差异
2026-07-04,SKU0175,L0021,79,79,0,无差异
2026-07-04,SKU0171,L0374,81,81,0,无差异
2026-07-04,SKU0260,L0119,52,52,0,无差异
2026-07-04,SKU0053,L0149,80,80,0,无差异
2026-07-04,SKU0178,L0528,60,60,0,无差异
2026-07-04,SKU0293,L0541,61,61,0,无差异
2026-07-04,SKU0415,L0652,77,77,0,无差异
2026-07-04,SKU0248,L0373,105,105,0,无差异
2026-07-04,SKU0392,L0308,103,103,0,无差异
2026-07-04,SKU0463,L0561,78,78,0,无差异
2026-07-04,SKU0320,L0485,86,86,0,无差异
2026-07-04,SKU0164,L0082,81,81,0,无差异
2026-07-04,SKU0049,L0751,277,277,0,无差异
2026-07-04,SKU0153,L0713,305,305,0,无差异
2026-07-04,SKU0024,L0072,75,75,0,无差异
2026-07-04,SKU0097,L0133,78,78,0,无差异
2026-07-04,SKU0223,L0565,84,84,0,无差异
2026-07-04,SKU0433,L0045,78,78,0,无差异
2026-07-04,SKU0058,L0182,71,71,0,无差异
2026-07-04,SKU0387,L0609,90,90,0,无差异
2026-07-04,SKU0165,L0291,47,47,0,无差异
2026-07-04,SKU0155,L0569,125,125,0,无差异
2026-07-04,SKU0146,L0544,111,111,0,无差异
2026-07-04,SKU0491,L0252,67,67,0,无差异
2026-07-04,SKU0087,L0388,87,87,0,无差异
2026-07-04,SKU0093,L0657,131,131,0,无差异
2026-07-04,SKU0189,L0523,78,78,0,无差异
2026-07-04,SKU0379,L0782,212,212,0,无差异
2026-07-04,SKU0406,L0692,125,125,0,无差异
2026-07-04,SKU0124,L0444,70,73,3,盘盈
2026-07-04,SKU0023,L0404,52,52,0,无差异
2026-07-05,SKU0207,L0573,90,90,0,无差异
2026-07-05,SKU0388,L0708,243,243,0,无差异
2026-07-05,SKU0399,L0013,68,68,0,无差异
2026-07-05,SKU0377,L0387,113,113,0,无差异
2026-07-05,SKU0327,L0562,80,80,0,无差异
2026-07-05,SKU0238,L0421,130,130,0,无差异
2026-07-05,SKU0200,L0403,93,93,0,无差异
2026-07-05,SKU0288,L0197,88,88,0,无差异
2026-07-05,SKU0090,L0247,101,101,0,无差异
2026-07-05,SKU0191,L0432,76,76,0,无差异
2026-07-05,SKU0057,L0574,100,100,0,无差异
2026-07-05,SKU0467,L0532,68,68,0,无差异
2026-07-05,SKU0004,L0693,118,118,0,无差异
2026-07-05,SKU0258,L0084,72,72,0,无差异
2026-07-05,SKU0020,L0222,61,61,0,无差异
2026-07-05,SKU0417,L0550,123,123,0,无差异
2026-07-05,SKU0432,L0628,142,142,0,无差异
2026-07-05,SKU0291,L0366,75,75,0,无差异
2026-07-05,SKU0294,L0504,142,142,0,无差异
2026-07-05,SKU0153,L0713,295,295,0,无差异
2026-07-05,SKU0428,L0227,102,102,0,无差异
2026-07-05,SKU0419,L0627,201,201,0,无差异
2026-07-05,SKU0364,L0691,101,101,0,无差异
2026-07-05,SKU0085,L0711,236,236,0,无差异
2026-07-05,SKU0044,L0587,129,129,0,无差异
2026-07-05,SKU0317,L0677,431,431,0,无差异
2026-07-05,SKU0164,L0082,90,90,0,无差异
2026-07-05,SKU0005,L0358,71,71,0,无差异
2026-07-05,SKU0223,L0565,84,84,0,无差异
2026-07-05,SKU0374,L0016,80,80,0,无差异
2026-07-05,SKU0094,L0140,68,68,0,无差异
2026-07-05,SKU0185,L0375,90,90,0,无差异
2026-07-05,SKU0227,L0621,124,124,0,无差异
2026-07-05,SKU0316,L0590,167,167,0,无差异
2026-07-05,SKU0006,L0608,111,111,0,无差异
2026-07-05,SKU0383,L0747,200,200,0,无差异
2026-07-05,SKU0173,L0116,133,133,0,无差异
2026-07-05,SKU0313,L0030,106,102,-4,盘亏
2026-07-05,SKU0299,L0204,96,96,0,无差异
2026-07-05,SKU0287,L0479,206,206,0,无差异
2026-07-05,SKU0496,L0050,85,85,0,无差异
2026-07-05,SKU0107,L0060,79,79,0,无差异
2026-07-05,SKU0319,L0461,64,64,0,无差异
2026-07-05,SKU0077,L0524,88,88,0,无差异
2026-07-05,SKU0298,L0236,108,108,0,无差异
2026-07-05,SKU0215,L0146,80,80,0,无差异
2026-07-05,SKU0409,L0705,135,135,0,无差异
2026-07-05,SKU0149,L0108,117,117,0,无差异
2026-07-05,SKU0148,L0307,80,80,0,无差异
2026-07-05,SKU0181,L0275,131,131,0,无差异
2026-07-06,SKU0277,L0092,117,117,0,无差异
2026-07-06,SKU0366,L0064,107,107,0,无差异
2026-07-06,SKU0151,L0062,81,81,0,无差异
2026-07-06,SKU0182,L0258,69,69,0,无差异
2026-07-06,SKU0276,L0034,82,82,0,无差异
2026-07-06,SKU0121,L0622,142,142,0,无差异
2026-07-06,SKU0410,L0181,91,91,0,无差异
2026-07-06,SKU0228,L0276,140,140,0,无差异
2026-07-06,SKU0118,L0017,60,60,0,无差异
2026-07-06,SKU0272,L0093,76,76,0,无差异
2026-07-06,SKU0380,L0195,101,101,0,无差异
2026-07-06,SKU0144,L0354,122,122,0,无差异
2026-07-06,SKU0037,L0213,96,96,0,无差异
2026-07-06,SKU0032,L0066,91,91,0,无差异
2026-07-06,SKU0427,L0434,126,126,0,无差异
2026-07-06,SKU0358,L0004,71,71,0,无差异
2026-07-06,SKU0201,L0548,128,128,0,无差异
2026-07-06,SKU0458,L0003,121,121,0,无差异
2026-07-06,SKU0114,L0385,115,115,0,无差异
2026-07-06,SKU0016,L0762,78,78,0,无差异
2026-07-06,SKU0098,L0473,138,138,0,无差异
2026-07-06,SKU0359,L0217,75,75,0,无差异
2026-07-06,SKU0019,L0761,120,120,0,无差异
2026-07-06,SKU0313,L0030,106,106,0,无差异
2026-07-06,SKU0212,L0024,83,83,0,无差异
2026-07-06,SKU0126,L0200,90,90,0,无差异
2026-07-06,SKU0239,L0342,77,77,0,无差异
2026-07-06,SKU0299,L0204,105,105,0,无差异
2026-07-06,SKU0180,L0429,125,125,0,无差异
2026-07-06,SKU0371,L0559,251,251,0,无差异
2026-07-06,SKU0257,L0715,325,325,0,无差异
2026-07-06,SKU0425,L0219,122,122,0,无差异
2026-07-06,SKU0384,L0381,120,120,0,无差异
2026-07-06,SKU0268,L0175,78,78,0,无差异
2026-07-06,SKU0390,L0651,95,95,0,无差异
2026-07-06,SKU0167,L0298,45,45,0,无差异
2026-07-06,SKU0226,L0293,73,73,0,无差异
2026-07-06,SKU0223,L0565,98,98,0,无差异
2026-07-06,SKU0246,L0352,140,140,0,无差异
2026-07-06,SKU0383,L0747,198,198,0,无差异
2026-07-06,SKU0336,L0185,57,57,0,无差异
2026-07-06,SKU0337,L0589,156,156,0,无差异
2026-07-06,SKU0054,L0686,137,137,0,无差异
2026-07-06,SKU0190,L0606,97,97,0,无差异
2026-07-06,SKU0339,L0383,84,84,0,无差异
2026-07-06,SKU0462,L0612,108,108,0,无差异
2026-07-06,SKU0191,L0432,72,72,0,无差异
2026-07-06,SKU0361,L0207,96,96,0,无差异
2026-07-06,SKU0058,L0182,86,86,0,无差异
2026-07-06,SKU0350,L0593,195,195,0,无差异
2026-07-07,SKU0099,L0025,100,100,0,无差异
2026-07-07,SKU0482,L0684,117,117,0,无差异
2026-07-07,SKU0463,L0561,77,77,0,无差异
2026-07-07,SKU0211,L0329,46,46,0,无差异
2026-07-07,SKU0137,L0371,74,74,0,无差异
2026-07-07,SKU0040,L0534,50,50,0,无差异
2026-07-07,SKU0133,L0349,123,123,0,无差异
2026-07-07,SKU0490,L0109,112,112,0,无差异
2026-07-07,SKU0193,L0343,126,126,0,无差异
2026-07-07,SKU0227,L0621,129,129,0,无差异
2026-07-07,SKU0301,L0748,272,272,0,无差异
2026-07-07,SKU0442,L0644,72,72,0,无差异
2026-07-07,SKU0251,L0538,95,95,0,无差异
2026-07-07,SKU0103,L0201,74,74,0,无差异
2026-07-07,SKU0438,L0719,761,761,0,无差异
2026-07-07,SKU0212,L0024,83,83,0,无差异
2026-07-07,SKU0358,L0004,71,71,0,无差异
2026-07-07,SKU0224,L0422,84,84,0,无差异
2026-07-07,SKU0421,L0791,373,373,0,无差异
2026-07-07,SKU0479,L0268,102,102,0,无差异
2026-07-07,SKU0460,L0463,99,99,0,无差异
2026-07-07,SKU0332,L0759,1133,1133,0,无差异
2026-07-07,SKU0462,L0612,118,118,0,无差异
2026-07-07,SKU0037,L0213,92,92,0,无差异
2026-07-07,SKU0455,L0639,320,320,0,无差异
2026-07-07,SKU0340,L0604,97,97,0,无差异
2026-07-07,SKU0058,L0182,86,86,0,无差异
2026-07-07,SKU0268,L0175,91,91,0,无差异
2026-07-07,SKU0117,L0173,89,89,0,无差异
2026-07-07,SKU0059,L0783,173,173,0,无差异
2026-07-07,SKU0246,L0352,140,140,0,无差异
2026-07-07,SKU0372,L0120,92,92,0,无差异
2026-07-07,SKU0023,L0404,52,52,0,无差异
2026-07-07,SKU0348,L0439,151,151,0,无差异
2026-07-07,SKU0269,L0147,65,65,0,无差异
2026-07-07,SKU0028,L0243,64,64,0,无差异
2026-07-07,SKU0235,L0642,79,79,0,无差异
2026-07-07,SKU0062,L0144,85,85,0,无差异
2026-07-07,SKU0408,L0190,96,96,0,无差异
2026-07-07,SKU0176,L0613,91,91,0,无差异
2026-07-07,SKU0045,L0668,170,170,0,无差异
2026-07-07,SKU0114,L0385,112,112,0,无差异
2026-07-07,SKU0329,L0537,140,140,0,无差异
2026-07-07,SKU0061,L0714,409,409,0,无差异
2026-07-07,SKU0273,L0301,75,75,0,无差异
2026-07-07,SKU0178,L0528,53,53,0,无差异
2026-07-07,SKU0298,L0236,108,108,0,无差异
2026-07-07,SKU0436,L0462,116,116,0,无差异
2026-07-07,SKU0403,L0128,73,73,0,无差异
2026-07-07,SKU0181,L0275,121,121,0,无差异
2026-07-08,SKU0210,L0730,83,83,0,无差异
2026-07-08,SKU0151,L0062,90,90,0,无差异
2026-07-08,SKU0117,L0173,89,89,0,无差异
2026-07-08,SKU0066,L0525,62,62,0,无差异
2026-07-08,SKU0124,L0444,82,82,0,无差异
2026-07-08,SKU0422,L0556,189,189,0,无差异
2026-07-08,SKU0061,L0714,400,400,0,无差异
2026-07-08,SKU0097,L0133,88,92,4,盘盈
2026-07-08,SKU0280,L0772,165,165,0,无差异
2026-07-08,SKU0483,L0551,134,134,0,无差异
2026-07-08,SKU0497,L0362,55,55,0,无差异
2026-07-08,SKU0031,L0690,111,111,0,无差异
2026-07-08,SKU0242,L0154,85,85,0,无差异
2026-07-08,SKU0203,L0640,484,484,0,无差异
2026-07-08,SKU0120,L0605,105,105,0,无差异
2026-07-08,SKU0121,L0622,136,136,0,无差异
2026-07-08,SKU0455,L0639,308,308,0,无差异
2026-07-08,SKU0204,L0740,146,146,0,无差异
2026-07-08,SKU0331,L0369,91,91,0,无差异
2026-07-08,SKU0135,L0202,105,105,0,无差异
2026-07-08,SKU0212,L0024,94,94,0,无差异
2026-07-08,SKU0440,L0697,148,148,0,无差异
2026-07-08,SKU0264,L0592,179,179,0,无差异
2026-07-08,SKU0413,L0106,86,86,0,无差异
2026-07-08,SKU0362,L0134,109,109,0,无差异
2026-07-08,SKU0293,L0541,76,76,0,无差异
2026-07-08,SKU0235,L0642,96,96,0,无差异
2026-07-08,SKU0231,L0272,135,135,0,无差异
2026-07-08,SKU0361,L0207,90,90,0,无差异
2026-07-08,SKU0307,L0257,85,85,0,无差异
2026-07-08,SKU0028,L0243,63,63,0,无差异
2026-07-08,SKU0404,L0712,284,284,0,无差异
2026-07-08,SKU0312,L0661,131,131,0,无差异
2026-07-08,SKU0109,L0178,69,69,0,无差异
2026-07-08,SKU0116,L0631,212,212,0,无差异
2026-07-08,SKU0068,L0572,86,86,0,无差异
2026-07-08,SKU0054,L0686,140,140,0,无差异
2026-07-08,SKU0334,L0074,133,133,0,无差异
2026-07-08,SKU0034,L0660,162,162,0,无差异
2026-07-08,SKU0414,L0766,103,103,0,无差异
2026-07-08,SKU0439,L0305,90,90,0,无差异
2026-07-08,SKU0010,L0598,292,292,0,无差异
2026-07-08,SKU0213,L0040,131,131,0,无差异
2026-07-08,SKU0424,L0205,55,55,0,无差异
2026-07-08,SKU0099,L0025,98,98,0,无差异
2026-07-08,SKU0136,L0225,94,94,0,无差异
2026-07-08,SKU0274,L0557,272,272,0,无差异
2026-07-08,SKU0222,L0508,124,124,0,无差异
2026-07-08,SKU0148,L0307,94,91,-3,盘亏
2026-07-08,SKU0012,L0322,71,71,0,无差异
2026-07-09,SKU0391,L0237,125,125,0,无差异
2026-07-09,SKU0328,L0623,106,106,0,无差异
2026-07-09,SKU0463,L0561,85,85,0,无差异
2026-07-09,SKU0143,L0673,275,273,-2,盘亏
2026-07-09,SKU0446,L0402,93,93,0,无差异
2026-07-09,SKU0107,L0060,92,92,0,无差异
2026-07-09,SKU0167,L0298,59,59,0,无差异
2026-07-09,SKU0249,L0790,190,190,0,无差异
2026-07-09,SKU0305,L0142,92,92,0,无差异
2026-07-09,SKU0314,L0570,100,100,0,无差异
2026-07-09,SKU0175,L0021,92,92,0,无差异
2026-07-09,SKU0177,L0085,68,68,0,无差异
2026-07-09,SKU0178,L0528,48,48,0,无差异
2026-07-09,SKU0281,L0099,107,106,-1,盘亏
2026-07-09,SKU0032,L0066,87,87,0,无差异
2026-07-09,SKU0500,L0038,83,83,0,无差异
2026-07-09,SKU0114,L0385,112,112,0,无差异
2026-07-09,SKU0308,L0278,118,118,0,无差异
2026-07-09,SKU0042,L0675,333,333,0,无差异
2026-07-09,SKU0245,L0359,146,146,0,无差异
2026-07-09,SKU0498,L0097,81,81,0,无差异
2026-07-09,SKU0007,L0395,125,125,0,无差异
2026-07-09,SKU0025,L0718,779,779,0,无差异
2026-07-09,SKU0135,L0202,103,103,0,无差异
2026-07-09,SKU0173,L0116,153,153,0,无差异
2026-07-09,SKU0057,L0574,108,108,0,无差异
2026-07-09,SKU0128,L0571,96,96,0,无差异
2026-07-09,SKU0211,L0329,57,57,0,无差异
2026-07-09,SKU0172,L0254,50,50,0,无差异
2026-07-09,SKU0047,L0509,108,108,0,无差异
2026-07-09,SKU0226,L0293,88,88,0,无差异
2026-07-09,SKU0051,L0344,39,39,0,无差异
2026-07-09,SKU0462,L0612,118,118,0,无差异
2026-07-09,SKU0419,L0627,216,214,-2,盘亏
2026-07-09,SKU0409,L0705,140,140,0,无差异
2026-07-09,SKU0452,L0351,103,103,0,无差异
2026-07-09,SKU0027,L0558,249,249,0,无差异
2026-07-09,SKU0478,L0299,114,114,0,无差异
2026-07-09,SKU0005,L0358,93,93,0,无差异
2026-07-09,SKU0059,L0783,147,147,0,无差异
2026-07-09,SKU0340,L0604,90,90,0,无差异
2026-07-09,SKU0448,L0564,124,124,0,无差异
2026-07-09,SKU0102,L0634,278,278,0,无差异
2026-07-09,SKU0378,L0209,73,73,0,无差异
2026-07-09,SKU0034,L0660,160,160,0,无差异
2026-07-09,SKU0031,L0690,111,111,0,无差异
2026-07-09,SKU0210,L0730,83,83,0,无差异
2026-07-09,SKU0119,L0468,147,147,0,无差异
2026-07-09,SKU0023,L0404,66,66,0,无差异
2026-07-09,SKU0113,L0145,77,77,0,无差异
2026-07-10,SKU0019,L0761,127,132,5,盘盈
2026-07-10,SKU0242,L0154,85,85,0,无差异
2026-07-10,SKU0426,L0626,174,174,0,无差异
2026-07-10,SKU0466,L0607,102,102,0,无差异
2026-07-10,SKU0407,L0758,957,957,0,无差异
2026-07-10,SKU0442,L0644,67,67,0,无差异
2026-07-10,SKU0111,L0701,176,171,-5,盘亏
2026-07-10,SKU0394,L0545,127,127,0,无差异
2026-07-10,SKU0058,L0182,85,85,0,无差异
2026-07-10,SKU0234,L0682,86,86,0,无差异
2026-07-10,SKU0071,L0113,119,119,0,无差异
2026-07-10,SKU0473,L0234,126,126,0,无差异
2026-07-10,SKU0419,L0627,216,214,-2,盘亏
2026-07-10,SKU0149,L0108,128,128,0,无差异
2026-07-10,SKU0205,L0795,746,746,0,无差异
2026-07-10,SKU0268,L0175,89,89,0,无差异
2026-07-10,SKU0203,L0640,509,509,0,无差异
2026-07-10,SKU0368,L0583,115,115,0,无差异
2026-07-10,SKU0332,L0759,1030,1030,0,无差异
2026-07-10,SKU0241,L0112,92,92,0,无差异
2026-07-10,SKU0420,L0332,97,97,0,无差异
2026-07-10,SKU0455,L0639,401,401,0,无差异
2026-07-10,SKU0421,L0791,405,405,0,无差异
2026-07-10,SKU0401,L0285,71,71,0,无差异
2026-07-10,SKU0193,L0343,134,134,0,无差异
2026-07-10,SKU0165,L0291,60,60,0,无差异
2026-07-10,SKU0059,L0783,145,145,0,无差异
2026-07-10,SKU0144,L0354,120,120,0,无差异
2026-07-10,SKU0470,L0256,98,98,0,无差异
2026-07-10,SKU0482,L0684,121,121,0,无差异
2026-07-10,SKU0039,L0724,147,147,0,无差异
2026-07-10,SKU0102,L0634,266,266,0,无差异
2026-07-10,SKU0054,L0686,144,144,0,无差异
2026-07-10,SKU0425,L0219,142,142,0,无差异
2026-07-10,SKU0468,L0436,165,165,0,无差异
2026-07-10,SKU0172,L0254,50,50,0,无差异
2026-07-10,SKU0350,L0593,209,209,0,无差异
2026-07-10,SKU0126,L0200,98,98,0,无差异
2026-07-10,SKU0028,L0243,71,71,0,无差异
2026-07-10,SKU0080,L0737,137,137,0,无差异
2026-07-10,SKU0405,L0563,76,76,0,无差异
2026-07-10,SKU0179,L0311,128,128,0,无差异
2026-07-10,SKU0476,L0043,104,100,-4,盘亏
2026-07-10,SKU0325,L0364,90,90,0,无差异
2026-07-10,SKU0031,L0690,108,108,0,无差异
2026-07-10,SKU0198,L0478,197,197,0,无差异
2026-07-10,SKU0337,L0589,176,176,0,无差异
2026-07-10,SKU0392,L0308,109,109,0,无差异
2026-07-10,SKU0196,L0580,118,118,0,无差异
2026-07-10,SKU0355,L0357,116,116,0,无差异
2026-07-11,SKU0125,L0377,99,99,0,无差异
2026-07-11,SKU0474,L0431,92,92,0,无差异
2026-07-11,SKU0438,L0719,801,801,0,无差异
2026-07-11,SKU0494,L0347,123,123,0,无差异
2026-07-11,SKU0028,L0243,67,67,0,无差异
2026-07-11,SKU0238,L0421,123,123,0,无差异
2026-07-11,SKU0403,L0128,85,84,-1,盘亏
2026-07-11,SKU0145,L0800,4169,4169,0,无差异
2026-07-11,SKU0363,L0614,104,104,0,无差异
2026-07-11,SKU0497,L0362,55,55,0,无差异
2026-07-11,SKU0496,L0050,105,105,0,无差异
2026-07-11,SKU0375,L0253,88,88,0,无差异
2026-07-11,SKU0412,L0725,114,112,-2,盘亏
2026-07-11,SKU0085,L0711,266,266,0,无差异
2026-07-11,SKU0306,L0398,158,158,0,无差异
2026-07-11,SKU0341,L0162,93,93,0,无差异
2026-07-11,SKU0212,L0024,94,94,0,无差异
2026-07-11,SKU0303,L0277,150,150,0,无差异
2026-07-11,SKU0191,L0432,79,79,0,无差异
2026-07-11,SKU0466,L0607,116,116,0,无差异
2026-07-11,SKU0133,L0349,132,132,0,无差异
2026-07-11,SKU0217,L0238,121,121,0,无差异
2026-07-11,SKU0176,L0613,106,106,0,无差异
2026-07-11,SKU0033,L0797,1429,1429,0,无差异
2026-07-11,SKU0209,L0337,163,163,0,无差异
2026-07-11,SKU0058,L0182,76,76,0,无差异
2026-07-11,SKU0472,L0392,145,145,0,无差异
2026-07-11,SKU0467,L0532,84,84,0,无差异
2026-07-11,SKU0219,L0492,76,76,0,无差异
2026-07-11,SKU0258,L0084,85,85,0,无差异
2026-07-11,SKU0395,L0117,118,118,0,无差异
2026-07-11,SKU0317,L0677,448,448,0,无差异
2026-07-11,SKU0098,L0473,137,137,0,无差异
2026-07-11,SKU0410,L0181,100,100,0,无差异
2026-07-11,SKU0215,L0146,93,93,0,无差异
2026-07-11,SKU0353,L0361,77,73,-4,盘亏
2026-07-11,SKU0192,L0475,143,143,0,无差异
2026-07-11,SKU0422,L0556,210,210,0,无差异
2026-07-11,SKU0173,L0116,153,153,0,无差异
2026-07-11,SKU0172,L0254,50,50,0,无差异
2026-07-11,SKU0266,L0164,92,92,0,无差异
2026-07-11,SKU0091,L0617,87,87,0,无差异
2026-07-11,SKU0011,L0596,254,254,0,无差异
2026-07-11,SKU0074,L0425,103,103,0,无差异
2026-07-11,SKU0384,L0381,145,145,0,无差异
2026-07-11,SKU0201,L0548,141,141,0,无差异
2026-07-11,SKU0062,L0144,80,80,0,无差异
2026-07-11,SKU0245,L0359,135,135,0,无差异
2026-07-11,SKU0079,L0646,114,110,-4,盘亏
2026-07-11,SKU0034,L0660,153,153,0,无差异
2026-07-12,SKU0259,L0695,90,90,0,无差异
2026-07-12,SKU0336,L0185,56,56,0,无差异
2026-07-12,SKU0424,L0205,68,68,0,无差异
2026-07-12,SKU0269,L0147,65,65,0,无差异
2026-07-12,SKU0213,L0040,137,137,0,无差异
2026-07-12,SKU0414,L0766,99,99,0,无差异
2026-07-12,SKU0043,L0001,68,68,0,无差异
2026-07-12,SKU0082,L0194,105,105,0,无差异
2026-07-12,SKU0421,L0791,395,395,0,无差异
2026-07-12,SKU0300,L0401,80,80,0,无差异
2026-07-12,SKU0272,L0093,84,84,0,无差异
2026-07-12,SKU0402,L0522,78,78,0,无差异
2026-07-12,SKU0094,L0140,74,74,0,无差异
2026-07-12,SKU0363,L0614,104,109,5,盘盈
2026-07-12,SKU0429,L0755,533,533,0,无差异
2026-07-12,SKU0479,L0268,110,110,0,无差异
2026-07-12,SKU0265,L0244,86,86,0,无差异
2026-07-12,SKU0001,L0588,99,99,0,无差异
2026-07-12,SKU0349,L0053,83,83,0,无差异
2026-07-12,SKU0131,L0172,108,108,0,无差异
2026-07-12,SKU0046,L0764,102,102,0,无差异
2026-07-12,SKU0180,L0429,140,140,0,无差异
2026-07-12,SKU0185,L0375,99,99,0,无差异
2026-07-12,SKU0264,L0592,208,208,0,无差异
2026-07-12,SKU0309,L0211,71,71,0,无差异
2026-07-12,SKU0200,L0403,112,112,0,无差异
2026-07-12,SKU0276,L0034,81,81,0,无差异
2026-07-12,SKU0240,L0287,113,118,5,盘盈
2026-07-12,SKU0238,L0421,123,123,0,无差异
2026-07-12,SKU0286,L0501,132,132,0,无差异
2026-07-12,SKU0305,L0142,92,92,0,无差异
2026-07-12,SKU0255,L0027,105,105,0,无差异
2026-07-12,SKU0090,L0247,105,105,0,无差异
2026-07-12,SKU0154,L0380,120,120,0,无差异
2026-07-12,SKU0113,L0145,67,67,0,无差异
2026-07-12,SKU0078,L0019,62,62,0,无差异
2026-07-12,SKU0415,L0652,92,92,0,无差异
2026-07-12,SKU0115,L0306,102,102,0,无差异
2026-07-12,SKU0026,L0284,74,74,0,无差异
2026-07-12,SKU0217,L0238,117,117,0,无差异
2026-07-12,SKU0371,L0559,278,278,0,无差异
2026-07-12,SKU0160,L0411,135,135,0,无差异
2026-07-12,SKU0109,L0178,74,74,0,无差异
2026-07-12,SKU0100,L0228,89,89,0,无差异
2026-07-12,SKU0464,L0132,103,103,0,无差异
2026-07-12,SKU0408,L0190,107,107,0,无差异
2026-07-12,SKU0311,L0649,89,89,0,无差异
2026-07-12,SKU0262,L0136,68,68,0,无差异
2026-07-12,SKU0433,L0045,87,87,0,无差异
2026-07-12,SKU0254,L0363,63,63,0,无差异
2026-07-13,SKU0465,L0255,100,100,0,无差异
2026-07-13,SKU0460,L0463,109,109,0,无差异
2026-07-13,SKU0384,L0381,139,139,0,无差异
2026-07-13,SKU0032,L0066,95,95,0,无差异
2026-07-13,SKU0435,L0186,92,92,0,无差异
2026-07-13,SKU0043,L0001,63,63,0,无差异
2026-07-13,SKU0307,L0257,98,98,0,无差异
2026-07-13,SKU0314,L0570,97,97,0,无差异
2026-07-13,SKU0334,L0074,154,154,0,无差异
2026-07-13,SKU0074,L0425,102,102,0,无差异
2026-07-13,SKU0357,L0743,165,165,0,无差异
2026-07-13,SKU0134,L0018,91,91,0,无差异
2026-07-13,SKU0364,L0691,119,119,0,无差异
2026-07-13,SKU0060,L0512,168,168,0,无差异
2026-07-13,SKU0359,L0217,83,83,0,无差异
2026-07-13,SKU0455,L0639,360,360,0,无差异
2026-07-13,SKU0206,L0760,1837,1841,4,盘盈
2026-07-13,SKU0106,L0632,215,213,-2,盘亏
2026-07-13,SKU0159,L0355,172,172,0,无差异
2026-07-13,SKU0335,L0386,69,69,0,无差异
2026-07-13,SKU0207,L0573,110,110,0,无差异
2026-07-13,SKU0456,L0517,185,185,0,无差异
2026-07-13,SKU0094,L0140,74,74,0,无差异
2026-07-13,SKU0332,L0759,1187,1187,0,无差异
2026-07-13,SKU0236,L0442,73,73,0,无差异
2026-07-13,SKU0381,L0418,102,102,0,无差异
2026-07-13,SKU0192,L0475,129,129,0,无差异
2026-07-13,SKU0183,L0129,70,70,0,无差异
2026-07-13,SKU0337,L0589,197,197,0,无差异
2026-07-13,SKU0272,L0093,84,84,0,无差异
2026-07-13,SKU0090,L0247,116,116,0,无差异
2026-07-13,SKU0010,L0598,307,307,0,无差异
2026-07-13,SKU0128,L0571,102,102,0,无差异
2026-07-13,SKU0140,L0514,166,166,0,无差异
2026-07-13,SKU0131,L0172,108,108,0,无差异
2026-07-13,SKU0419,L0627,229,229,0,无差异
2026-07-13,SKU0247,L0048,142,142,0,无差异
2026-07-13,SKU0212,L0024,98,98,0,无差异
2026-07-13,SKU0123,L0560,314,314,0,无差异
2026-07-13,SKU0009,L0230,57,57,0,无差异
2026-07-13,SKU0144,L0354,144,144,0,无差异
2026-07-13,SKU0251,L0538,87,87,0,无差异
2026-07-13,SKU0351,L0549,160,160,0,无差异
2026-07-13,SKU0366,L0064,125,125,0,无差异
2026-07-13,SKU0333,L0063,90,90,0,无差异
2026-07-13,SKU0211,L0329,56,56,0,无差异
2026-07-13,SKU0327,L0562,85,85,0,无差异
2026-07-13,SKU0110,L0151,111,111,0,无差异
2026-07-13,SKU0488,L0191,136,136,0,无差异
2026-07-13,SKU0006,L0608,115,115,0,无差异
2026-07-14,SKU0407,L0758,854,854,0,无差异
2026-07-14,SKU0481,L0196,143,143,0,无差异
2026-07-14,SKU0293,L0541,75,75,0,无差异
2026-07-14,SKU0437,L0115,130,130,0,无差异
2026-07-14,SKU0129,L0742,212,212,0,无差异
2026-07-14,SKU0131,L0172,105,105,0,无差异
2026-07-14,SKU0083,L0014,120,120,0,无差异
2026-07-14,SKU0199,L0594,196,196,0,无差异
2026-07-14,SKU0109,L0178,84,84,0,无差异
2026-07-14,SKU0079,L0646,124,124,0,无差异
2026-07-14,SKU0121,L0622,160,160,0,无差异
2026-07-14,SKU0438,L0719,894,894,0,无差异
2026-07-14,SKU0016,L0762,75,75,0,无差异
2026-07-14,SKU0413,L0106,98,98,0,无差异
2026-07-14,SKU0193,L0343,132,132,0,无差异
2026-07-14,SKU0269,L0147,81,81,0,无差异
2026-07-14,SKU0219,L0492,80,80,0,无差异
2026-07-14,SKU0142,L0741,192,192,0,无差异
2026-07-14,SKU0027,L0558,263,263,0,无差异
2026-07-14,SKU0248,L0373,141,141,0,无差异
2026-07-14,SKU0178,L0528,60,60,0,无差异
2026-07-14,SKU0194,L0073,110,110,0,无差异
2026-07-14,SKU0490,L0109,126,126,0,无差异
2026-07-14,SKU0416,L0111,84,84,0,无差异
2026-07-14,SKU0279,L0775,94,94,0,无差异
2026-07-14,SKU0140,L0514,192,192,0,无差异
2026-07-14,SKU0046,L0764,90,90,0,无差异
2026-07-14,SKU0203,L0640,520,520,0,无差异
2026-07-14,SKU0457,L0449,122,122,0,无差异
2026-07-14,SKU0075,L0089,92,92,0,无差异
2026-07-14,SKU0285,L0071,105,105,0,无差异
2026-07-14,SKU0127,L0033,81,81,0,无差异
2026-07-14,SKU0493,L0087,106,106,0,无差异
2026-07-14,SKU0189,L0523,82,82,0,无差异
2026-07-14,SKU0181,L0275,124,124,0,无差异
2026-07-14,SKU0359,L0217,83,83,0,无差异
2026-07-14,SKU0149,L0108,128,128,0,无差异
2026-07-14,SKU0084,L0736,183,183,0,无差异
2026-07-14,SKU0254,L0363,58,58,0,无差异
2026-07-14,SKU0082,L0194,103,103,0,无差异
2026-07-14,SKU0275,L0049,106,106,0,无差异
2026-07-14,SKU0342,L0727,97,97,0,无差异
2026-07-14,SKU0126,L0200,115,115,0,无差异
2026-07-14,SKU0161,L0159,146,146,0,无差异
2026-07-14,SKU0237,L0184,84,84,0,无差异
2026-07-14,SKU0236,L0442,73,73,0,无差异
2026-07-14,SKU0434,L0382,98,98,0,无差异
2026-07-14,SKU0369,L0726,90,90,0,无差异
2026-07-14,SKU0147,L0739,116,113,-3,盘亏
2026-07-14,SKU0373,L0427,117,117,0,无差异
2026-07-15,SKU0462,L0612,140,140,0,无差异
2026-07-15,SKU0346,L0619,176,171,-5,盘亏
2026-07-15,SKU0154,L0380,129,129,0,无差异
2026-07-15,SKU0146,L0544,137,141,4,盘盈
2026-07-15,SKU0361,L0207,114,114,0,无差异
2026-07-15,SKU0263,L0735,144,141,-3,盘亏
2026-07-15,SKU0457,L0449,122,122,0,无差异
2026-07-15,SKU0010,L0598,364,364,0,无差异
2026-07-15,SKU0401,L0285,66,66,0,无差异
2026-07-15,SKU0292,L0221,61,61,0,无差异
2026-07-15,SKU0251,L0538,109,109,0,无差异
2026-07-15,SKU0498,L0097,88,88,0,无差异
2026-07-15,SKU0210,L0730,81,81,0,无差异
2026-07-15,SKU0438,L0719,862,862,0,无差异
2026-07-15,SKU0192,L0475,127,127,0,无差异
2026-07-15,SKU0145,L0800,3811,3811,0,无差异
2026-07-15,SKU0151,L0062,97,97,0,无差异
2026-07-15,SKU0214,L0676,348,348,0,无差异
2026-07-15,SKU0446,L0402,97,97,0,无差异
2026-07-15,SKU0187,L0290,88,88,0,无差异
2026-07-15,SKU0256,L0104,91,91,0,无差异
2026-07-15,SKU0467,L0532,99,99,0,无差异
2026-07-15,SKU0279,L0775,94,95,1,盘盈
2026-07-15,SKU0355,L0357,120,120,0,无差异
2026-07-15,SKU0494,L0347,138,138,0,无差异
2026-07-15,SKU0108,L0786,270,270,0,无差异
2026-07-15,SKU0084,L0736,193,193,0,无差异
2026-07-15,SKU0299,L0204,124,124,0,无差异
2026-07-15,SKU0470,L0256,100,100,0,无差异
2026-07-15,SKU0060,L0512,168,168,0,无差异
2026-07-15,SKU0089,L0707,197,197,0,无差异
2026-07-15,SKU0158,L0107,90,90,0,无差异
2026-07-15,SKU0006,L0608,121,121,0,无差异
2026-07-15,SKU0331,L0369,103,103,0,无差异
2026-07-15,SKU0065,L0721,147,147,0,无差异
2026-07-15,SKU0015,L0454,107,102,-5,盘亏
2026-07-15,SKU0404,L0712,350,350,0,无差异
2026-07-15,SKU0322,L0489,77,77,0,无差异
2026-07-15,SKU0167,L0298,65,65,0,无差异
2026-07-15,SKU0197,L0399,149,149,0,无差异
2026-07-15,SKU0019,L0761,139,134,-5,盘亏
2026-07-15,SKU0324,L0098,104,104,0,无差异
2026-07-15,SKU0371,L0559,284,281,-3,盘亏
2026-07-15,SKU0029,L0681,77,77,0,无差异
2026-07-15,SKU0127,L0033,77,77,0,无差异
2026-07-15,SKU0323,L0094,83,83,0,无差异
2026-07-15,SKU0052,L0793,639,639,0,无差异
2026-07-15,SKU0087,L0388,95,95,0,无差异
2026-07-15,SKU0362,L0134,128,128,0,无差异
2026-07-15,SKU0092,L0749,280,280,0,无差异
2026-07-16,SKU0402,L0522,73,73,0,无差异
2026-07-16,SKU0306,L0398,169,169,0,无差异
2026-07-16,SKU0271,L0246,91,96,5,盘盈
2026-07-16,SKU0326,L0700,167,167,0,无差异
2026-07-16,SKU0434,L0382,114,114,0,无差异
2026-07-16,SKU0211,L0329,65,65,0,无差异
2026-07-16,SKU0340,L0604,90,90,0,无差异
2026-07-16,SKU0052,L0793,616,616,0,无差异
2026-07-16,SKU0379,L0782,229,230,1,盘盈
2026-07-16,SKU0127,L0033,74,74,0,无差异
2026-07-16,SKU0015,L0454,111,111,0,无差异
2026-07-16,SKU0006,L0608,117,117,0,无差异
2026-07-16,SKU0294,L0504,162,162,0,无差异
2026-07-16,SKU0456,L0517,198,198,0,无差异
2026-07-16,SKU0027,L0558,292,292,0,无差异
2026-07-16,SKU0292,L0221,61,61,0,无差异
2026-07-16,SKU0096,L0167,102,102,0,无差异
2026-07-16,SKU0163,L0585,115,115,0,无差异
2026-07-16,SKU0366,L0064,135,135,0,无差异
2026-07-16,SKU0384,L0381,152,152,0,无差异
2026-07-16,SKU0345,L0379,101,101,0,无差异
2026-07-16,SKU0275,L0049,116,116,0,无差异
2026-07-16,SKU0267,L0581,149,149,0,无差异
2026-07-16,SKU0284,L0518,203,203,0,无差异
2026-07-16,SKU0117,L0173,103,103,0,无差异
2026-07-16,SKU0472,L0392,148,148,0,无差异
2026-07-16,SKU0455,L0639,335,335,0,无差异
2026-07-16,SKU0493,L0087,106,106,0,无差异
2026-07-16,SKU0222,L0508,126,126,0,无差异
2026-07-16,SKU0336,L0185,66,66,0,无差异
2026-07-16,SKU0353,L0361,87,87,0,无差异
2026-07-16,SKU0010,L0598,360,360,0,无差异
2026-07-16,SKU0453,L0270,113,113,0,无差异
2026-07-16,SKU0304,L0339,96,96,0,无差异
2026-07-16,SKU0432,L0628,176,176,0,无差异
2026-07-16,SKU0259,L0695,102,102,0,无差异
2026-07-16,SKU0097,L0133,93,92,-1,盘亏
2026-07-16,SKU0305,L0142,101,101,0,无差异
2026-07-16,SKU0375,L0253,82,82,0,无差异
2026-07-16,SKU0119,L0468,159,159,0,无差异
2026-07-16,SKU0016,L0762,70,70,0,无差异
2026-07-16,SKU0302,L0150,106,106,0,无差异
2026-07-16,SKU0400,L0210,76,76,0,无差异
2026-07-16,SKU0298,L0236,131,131,0,无差异
2026-07-16,SKU0138,L0335,104,104,0,无差异
2026-07-16,SKU0069,L0416,142,142,0,无差异
2026-07-16,SKU0082,L0194,105,105,0,无差异
2026-07-16,SKU0261,L0591,129,129,0,无差异
2026-07-16,SKU0034,L0660,137,137,0,无差异
2026-07-16,SKU0013,L0567,132,132,0,无差异
2026-07-17,SKU0491,L0252,69,69,0,无差异
2026-07-17,SKU0334,L0074,164,164,0,无差异
2026-07-17,SKU0004,L0693,131,131,0,无差异
2026-07-17,SKU0110,L0151,124,124,0,无差异
2026-07-17,SKU0149,L0108,138,138,0,无差异
2026-07-17,SKU0095,L0535,107,107,0,无差异
2026-07-17,SKU0412,L0725,133,133,0,无差异
2026-07-17,SKU0205,L0795,733,733,0,无差异
2026-07-17,SKU0151,L0062,97,97,0,无差异
2026-07-17,SKU0210,L0730,104,104,0,无差异
2026-07-17,SKU0255,L0027,114,114,0,无差异
2026-07-17,SKU0318,L0502,124,124,0,无差异
2026-07-17,SKU0359,L0217,79,79,0,无差异
2026-07-17,SKU0411,L0122,77,77,0,无差异
2026-07-17,SKU0278,L0068,110,110,0,无差异
2026-07-17,SKU0244,L0125,82,82,0,无差异
2026-07-17,SKU0181,L0275,145,145,0,无差异
2026-07-17,SKU0434,L0382,110,110,0,无差异
2026-07-17,SKU0459,L0716,493,493,0,无差异
2026-07-17,SKU0463,L0561,94,94,0,无差异
2026-07-17,SKU0055,L0239,115,115,0,无差异
2026-07-17,SKU0224,L0422,115,115,0,无差异
2026-07-17,SKU0495,L0794,816,816,0,无差异
2026-07-17,SKU0069,L0416,151,151,0,无差异
2026-07-17,SKU0429,L0755,556,556,0,无差异
2026-07-17,SKU0327,L0562,92,92,0,无差异
2026-07-17,SKU0131,L0172,116,116,0,无差异
2026-07-17,SKU0059,L0783,158,158,0,无差异
2026-07-17,SKU0354,L0476,207,207,0,无差异
2026-07-17,SKU0448,L0564,137,137,0,无差异
2026-07-17,SKU0180,L0429,158,158,0,无差异
2026-07-17,SKU0288,L0197,114,114,0,无差异
2026-07-17,SKU0117,L0173,103,103,0,无差异
2026-07-17,SKU0101,L0316,157,157,0,无差异
2026-07-17,SKU0395,L0117,135,135,0,无差异
2026-07-17,SKU0104,L0161,69,69,0,无差异
2026-07-17,SKU0322,L0489,90,90,0,无差异
2026-07-17,SKU0267,L0581,146,146,0,无差异
2026-07-17,SKU0289,L0083,87,87,0,无差异
2026-07-17,SKU0280,L0772,183,183,0,无差异
2026-07-17,SKU0189,L0523,80,80,0,无差异
2026-07-17,SKU0317,L0677,482,482,0,无差异
2026-07-17,SKU0295,L0389,118,118,0,无差异
2026-07-17,SKU0480,L0789,381,381,0,无差异
2026-07-17,SKU0192,L0475,153,153,0,无差异
2026-07-17,SKU0301,L0748,282,282,0,无差异
2026-07-17,SKU0187,L0290,98,98,0,无差异
2026-07-17,SKU0011,L0596,290,290,0,无差异
2026-07-17,SKU0215,L0146,101,101,0,无差异
2026-07-17,SKU0139,L0662,116,116,0,无差异
2026-07-18,SKU0118,L0017,92,97,5,盘盈
2026-07-18,SKU0219,L0492,90,90,0,无差异
2026-07-18,SKU0457,L0449,134,134,0,无差异
2026-07-18,SKU0354,L0476,206,206,0,无差异
2026-07-18,SKU0209,L0337,174,176,2,盘盈
2026-07-18,SKU0155,L0569,156,156,0,无差异
2026-07-18,SKU0210,L0730,103,103,0,无差异
2026-07-18,SKU0175,L0021,102,102,0,无差异
2026-07-18,SKU0188,L0331,94,94,0,无差异
2026-07-18,SKU0261,L0591,125,125,0,无差异
2026-07-18,SKU0019,L0761,150,150,0,无差异
2026-07-18,SKU0151,L0062,97,97,0,无差异
2026-07-18,SKU0134,L0018,86,86,0,无差异
2026-07-18,SKU0377,L0387,162,161,-1,盘亏
2026-07-18,SKU0320,L0485,92,92,0,无差异
2026-07-18,SKU0237,L0184,70,70,0,无差异
2026-07-18,SKU0330,L0414,93,93,0,无差异
2026-07-18,SKU0182,L0258,93,93,0,无差异
2026-07-18,SKU0031,L0690,127,127,0,无差异
2026-07-18,SKU0027,L0558,289,289,0,无差异
2026-07-18,SKU0363,L0614,138,138,0,无差异
2026-07-18,SKU0453,L0270,108,108,0,无差异
2026-07-18,SKU0139,L0662,149,149,0,无差异
2026-07-18,SKU0353,L0361,87,87,0,无差异
2026-07-18,SKU0497,L0362,76,76,0,无差异
2026-07-18,SKU0314,L0570,102,99,-3,盘亏
2026-07-18,SKU0333,L0063,102,102,0,无差异
2026-07-18,SKU0286,L0501,143,143,0,无差异
2026-07-18,SKU0073,L0179,89,89,0,无差异
2026-07-18,SKU0323,L0094,83,83,0,无差异
2026-07-18,SKU0294,L0504,173,173,0,无差异
2026-07-18,SKU0291,L0366,103,103,0,无差异
2026-07-18,SKU0413,L0106,103,103,0,无差异
2026-07-18,SKU0125,L0377,112,112,0,无差异
2026-07-18,SKU0403,L0128,93,93,0,无差异
2026-07-18,SKU0285,L0071,109,109,0,无差异
2026-07-18,SKU0030,L0510,117,117,0,无差异
2026-07-18,SKU0071,L0113,142,142,0,无差异
2026-07-18,SKU0159,L0355,165,165,0,无差异
2026-07-18,SKU0197,L0399,178,178,0,无差异
2026-07-18,SKU0477,L0321,71,71,0,无差异
2026-07-18,SKU0198,L0478,229,229,0,无差异
2026-07-18,SKU0025,L0718,830,830,0,无差异
2026-07-18,SKU0356,L0450,141,141,0,无差异
2026-07-18,SKU0054,L0686,160,160,0,无差异
2026-07-18,SKU0105,L0010,85,85,0,无差异
2026-07-18,SKU0499,L0212,147,147,0,无差异
2026-07-18,SKU0342,L0727,94,97,3,盘盈
2026-07-18,SKU0208,L0540,169,169,0,无差异
2026-07-18,SKU0220,L0282,114,119,5,盘盈
2026-07-19,SKU0058,L0182,92,92,0,无差异
2026-07-19,SKU0034,L0660,147,147,0,无差异
2026-07-19,SKU0245,L0359,183,183,0,无差异
2026-07-19,SKU0247,L0048,160,160,0,无差异
2026-07-19,SKU0491,L0252,82,82,0,无差异
2026-07-19,SKU0374,L0016,96,96,0,无差异
2026-07-19,SKU0444,L0155,122,122,0,无差异
2026-07-19,SKU0156,L0611,129,129,0,无差异
2026-07-19,SKU0157,L0616,135,135,0,无差异
2026-07-19,SKU0377,L0387,162,162,0,无差异
2026-07-19,SKU0266,L0164,110,110,0,无差异
2026-07-19,SKU0455,L0639,409,409,0,无差异
2026-07-19,SKU0315,L0020,98,98,0,无差异
2026-07-19,SKU0450,L0643,85,85,0,无差异
2026-07-19,SKU0161,L0159,154,154,0,无差异
2026-07-19,SKU0186,L0039,170,170,0,无差异
2026-07-19,SKU0181,L0275,135,135,0,无差异
2026-07-19,SKU0118,L0017,92,92,0,无差异
2026-07-19,SKU0033,L0797,1497,1497,0,无差异
2026-07-19,SKU0309,L0211,82,82,0,无差异
2026-07-19,SKU0494,L0347,144,144,0,无差异
2026-07-19,SKU0495,L0794,885,885,0,无差异
2026-07-19,SKU0290,L0327,79,79,0,无差异
2026-07-19,SKU0204,L0740,175,175,0,无差异
2026-07-19,SKU0399,L0013,88,86,-2,盘亏
2026-07-19,SKU0105,L0010,79,79,0,无差异
2026-07-19,SKU0327,L0562,79,79,0,无差异
2026-07-19,SKU0392,L0308,126,126,0,无差异
2026-07-19,SKU0464,L0132,109,109,0,无差异
2026-07-19,SKU0347,L0328,85,85,0,无差异
2026-07-19,SKU0113,L0145,85,85,0,无差异
2026-07-19,SKU0077,L0524,132,132,0,无差异
2026-07-19,SKU0262,L0136,75,75,0,无差异
2026-07-19,SKU0198,L0478,229,229,0,无差异
2026-07-19,SKU0030,L0510,117,117,0,无差异
2026-07-19,SKU0421,L0791,467,467,0,无差异
2026-07-19,SKU0336,L0185,81,81,0,无差异
2026-07-19,SKU0429,L0755,614,614,0,无差异
2026-07-19,SKU0132,L0602,127,127,0,无差异
2026-07-19,SKU0384,L0381,157,158,1,盘盈
2026-07-19,SKU0342,L0727,94,94,0,无差异
2026-07-19,SKU0223,L0565,112,112,0,无差异
2026-07-19,SKU0042,L0675,386,386,0,无差异
2026-07-19,SKU0376,L0271,110,110,0,无差异
2026-07-19,SKU0337,L0589,207,207,0,无差异
2026-07-19,SKU0412,L0725,133,128,-5,盘亏
2026-07-19,SKU0251,L0538,101,101,0,无差异
2026-07-19,SKU0341,L0162,101,101,0,无差异
2026-07-19,SKU0356,L0450,151,151,0,无差异
2026-07-19,SKU0426,L0626,186,186,0,无差异
2026-07-20,SKU0404,L0712,348,348,0,无差异
2026-07-20,SKU0235,L0642,94,94,0,无差异
2026-07-20,SKU0372,L0120,134,134,0,无差异
2026-07-20,SKU0124,L0444,102,102,0,无差异
2026-07-20,SKU0200,L0403,106,104,-2,盘亏
2026-07-20,SKU0111,L0701,201,201,0,无差异
2026-07-20,SKU0245,L0359,181,181,0,无差异
2026-07-20,SKU0052,L0793,563,563,0,无差异
2026-07-20,SKU0362,L0134,139,139,0,无差异
2026-07-20,SKU0246,L0352,149,149,0,无差异
2026-07-20,SKU0446,L0402,103,103,0,无差异
2026-07-20,SKU0376,L0271,110,110,0,无差异
2026-07-20,SKU0351,L0549,149,149,0,无差异
2026-07-20,SKU0090,L0247,117,117,0,无差异
2026-07-20,SKU0158,L0107,101,101,0,无差异
2026-07-20,SKU0314,L0570,113,113,0,无差异
2026-07-20,SKU0159,L0355,167,167,0,无差异
2026-07-20,SKU0309,L0211,94,94,0,无差异
2026-07-20,SKU0017,L0368,141,141,0,无差异
2026-07-20,SKU0409,L0705,178,178,0,无差异
2026-07-20,SKU0340,L0604,97,97,0,无差异
2026-07-20,SKU0064,L0513,209,209,0,无差异
2026-07-20,SKU0267,L0581,149,149,0,无差异
2026-07-20,SKU0050,L0051,131,131,0,无差异
2026-07-20,SKU0058,L0182,108,108,0,无差异
2026-07-20,SKU0215,L0146,97,97,0,无差异
2026-07-20,SKU0044,L0587,177,177,0,无差异
2026-07-20,SKU0356,L0450,151,151,0,无差异
2026-07-20,SKU0350,L0593,246,246,0,无差异
2026-07-20,SKU0389,L0477,216,216,0,无差异
2026-07-20,SKU0139,L0662,144,144,0,无差异
2026-07-20,SKU0077,L0524,131,131,0,无差异
2026-07-20,SKU0493,L0087,116,116,0,无差异
2026-07-20,SKU0442,L0644,92,92,0,无差异
2026-07-20,SKU0342,L0727,84,88,4,盘盈
2026-07-20,SKU0383,L0747,218,218,0,无差异
2026-07-20,SKU0221,L0315,156,156,0,无差异
2026-07-20,SKU0337,L0589,231,231,0,无差异
2026-07-20,SKU0013,L0567,144,144,0,无差异
2026-07-20,SKU0290,L0327,79,79,0,无差异
2026-07-20,SKU0075,L0089,101,101,0,无差异
2026-07-20,SKU0242,L0154,96,96,0,无差异
2026-07-20,SKU0255,L0027,125,125,0,无差异
2026-07-20,SKU0148,L0307,108,103,-5,盘亏
2026-07-20,SKU0281,L0099,146,151,5,盘盈
2026-07-20,SKU0208,L0540,174,174,0,无差异
2026-07-20,SKU0445,L0689,134,134,0,无差异
2026-07-20,SKU0329,L0537,174,174,0,无差异
2026-07-20,SKU0289,L0083,100,100,0,无差异
2026-07-20,SKU0100,L0228,118,118,0,无差异
2026-07-21,SKU0271,L0246,103,103,0,无差异
2026-07-21,SKU0152,L0126,131,131,0,无差异
2026-07-21,SKU0156,L0611,126,126,0,无差异
2026-07-21,SKU0394,L0545,150,150,0,无差异
2026-07-21,SKU0485,L0341,173,173,0,无差异
2026-07-21,SKU0487,L0658,103,103,0,无差异
2026-07-21,SKU0404,L0712,395,395,0,无差异
2026-07-21,SKU0207,L0573,118,118,0,无差异
2026-07-21,SKU0274,L0557,317,317,0,无差异
2026-07-21,SKU0136,L0225,115,115,0,无差异
2026-07-21,SKU0189,L0523,82,82,0,无差异
2026-07-21,SKU0310,L0127,106,106,0,无差异
2026-07-21,SKU0222,L0508,148,148,0,无差异
2026-07-21,SKU0090,L0247,128,128,0,无差异
2026-07-21,SKU0308,L0278,129,129,0,无差异
2026-07-21,SKU0380,L0195,117,112,-5,盘亏
2026-07-21,SKU0169,L0105,106,106,0,无差异
2026-07-21,SKU0272,L0093,104,104,0,无差异
2026-07-21,SKU0382,L0441,114,114,0,无差异
2026-07-21,SKU0400,L0210,83,83,0,无差异
2026-07-21,SKU0421,L0791,498,498,0,无差异
2026-07-21,SKU0148,L0307,106,106,0,无差异
2026-07-21,SKU0149,L0108,142,142,0,无差异
2026-07-21,SKU0364,L0691,141,141,0,无差异
2026-07-21,SKU0131,L0172,124,124,0,无差异
2026-07-21,SKU0117,L0173,111,111,0,无差异
2026-07-21,SKU0032,L0066,112,111,-1,盘亏
2026-07-21,SKU0055,L0239,112,112,0,无差异
2026-07-21,SKU0201,L0548,157,157,0,无差异
2026-07-21,SKU0069,L0416,153,153,0,无差异
2026-07-21,SKU0263,L0735,176,176,0,无差异
2026-07-21,SKU0367,L0340,100,102,2,盘盈
2026-07-21,SKU0321,L0452,130,130,0,无差异
2026-07-21,SKU0324,L0098,110,110,0,无差异
2026-07-21,SKU0385,L0597,310,310,0,无差异
2026-07-21,SKU0470,L0256,96,96,0,无差异
2026-07-21,SKU0261,L0591,164,164,0,无差异
2026-07-21,SKU0448,L0564,153,153,0,无差异
2026-07-21,SKU0206,L0760,2378,2378,0,无差异
2026-07-21,SKU0414,L0766,125,125,0,无差异
2026-07-21,SKU0395,L0117,139,139,0,无差异
2026-07-21,SKU0459,L0716,501,501,0,无差异
2026-07-21,SKU0100,L0228,118,118,0,无差异
2026-07-21,SKU0381,L0418,109,109,0,无差异
2026-07-21,SKU0377,L0387,167,167,0,无差异
2026-07-21,SKU0449,L0283,128,128,0,无差异
2026-07-21,SKU0286,L0501,146,146,0,无差异
2026-07-21,SKU0070,L0664,204,204,0,无差异
2026-07-21,SKU0412,L0725,117,117,0,无差异
2026-07-21,SKU0202,L0733,157,157,0,无差异
2026-07-22,SKU0003,L0288,103,103,0,无差异
2026-07-22,SKU0408,L0190,130,130,0,无差异
2026-07-22,SKU0327,L0562,91,89,-2,盘亏
2026-07-22,SKU0164,L0082,124,124,0,无差异
2026-07-22,SKU0386,L0168,82,82,0,无差异
2026-07-22,SKU0121,L0622,188,188,0,无差异
2026-07-22,SKU0066,L0525,73,73,0,无差异
2026-07-22,SKU0497,L0362,73,73,0,无差异
2026-07-22,SKU0445,L0689,144,144,0,无差异
2026-07-22,SKU0253,L0148,113,113,0,无差异
2026-07-22,SKU0431,L0769,91,91,0,无差异
2026-07-22,SKU0209,L0337,192,192,0,无差异
2026-07-22,SKU0483,L0551,194,194,0,无差异
2026-07-22,SKU0348,L0439,186,186,0,无差异
2026-07-22,SKU0038,L0487,65,65,0,无差异
2026-07-22,SKU0482,L0684,147,147,0,无差异
2026-07-22,SKU0480,L0789,416,416,0,无差异
2026-07-22,SKU0222,L0508,143,143,0,无差异
2026-07-22,SKU0089,L0707,212,212,0,无差异
2026-07-22,SKU0016,L0762,80,80,0,无差异
2026-07-22,SKU0187,L0290,95,95,0,无差异
2026-07-22,SKU0293,L0541,79,78,-1,盘亏
2026-07-22,SKU0216,L0464,148,148,0,无差异
2026-07-22,SKU0317,L0677,538,538,0,无差异
2026-07-22,SKU0137,L0371,106,106,0,无差异
2026-07-22,SKU0238,L0421,159,159,0,无差异
2026-07-22,SKU0354,L0476,227,227,0,无差异
2026-07-22,SKU0197,L0399,154,154,0,无差异
2026-07-22,SKU0020,L0222,95,95,0,无差异
2026-07-22,SKU0100,L0228,116,116,0,无差异
2026-07-22,SKU0249,L0790,249,249,0,无差异
2026-07-22,SKU0490,L0109,155,155,0,无差异
2026-07-22,SKU0468,L0436,213,213,0,无差异
2026-07-22,SKU0078,L0019,65,65,0,无差异
2026-07-22,SKU0493,L0087,123,123,0,无差异
2026-07-22,SKU0352,L0061,94,94,0,无差异
2026-07-22,SKU0282,L0734,139,139,0,无差异
2026-07-22,SKU0246,L0352,162,162,0,无差异
2026-07-22,SKU0402,L0522,73,73,0,无差异
2026-07-22,SKU0092,L0749,303,303,0,无差异
2026-07-22,SKU0266,L0164,109,108,-1,盘亏
2026-07-22,SKU0030,L0510,141,141,0,无差异
2026-07-22,SKU0442,L0644,91,91,0,无差异
2026-07-22,SKU0391,L0237,155,155,0,无差异
2026-07-22,SKU0206,L0760,2286,2283,-3,盘亏
2026-07-22,SKU0180,L0429,177,177,0,无差异
2026-07-22,SKU0068,L0572,99,99,0,无差异
2026-07-22,SKU0461,L0076,165,165,0,无差异
2026-07-22,SKU0177,L0085,102,102,0,无差异
2026-07-22,SKU0347,L0328,88,88,0,无差异
2026-07-23,SKU0151,L0062,110,110,0,无差异
2026-07-23,SKU0380,L0195,117,117,0,无差异
2026-07-23,SKU0040,L0534,101,101,0,无差异
2026-07-23,SKU0130,L0647,129,129,0,无差异
2026-07-23,SKU0284,L0518,233,233,0,无差异
2026-07-23,SKU0407,L0758,862,862,0,无差异
2026-07-23,SKU0267,L0581,156,156,0,无差异
2026-07-23,SKU0159,L0355,183,183,0,无差异
2026-07-23,SKU0391,L0237,155,155,0,无差异
2026-07-23,SKU0147,L0739,158,158,0,无差异
2026-07-23,SKU0175,L0021,107,107,0,无差异
2026-07-23,SKU0362,L0134,150,150,0,无差异
2026-07-23,SKU0483,L0551,194,194,0,无差异
2026-07-23,SKU0455,L0639,397,397,0,无差异
2026-07-23,SKU0304,L0339,112,112,0,无差异
2026-07-23,SKU0422,L0556,231,231,0,无差异
2026-07-23,SKU0269,L0147,82,82,0,无差异
2026-07-23,SKU0092,L0749,297,297,0,无差异
2026-07-23,SKU0090,L0247,126,126,0,无差异
2026-07-23,SKU0203,L0640,558,558,0,无差异
2026-07-23,SKU0002,L0781,174,174,0,无差异
2026-07-23,SKU0073,L0179,98,98,0,无差异
2026-07-23,SKU0248,L0373,161,161,0,无差异
2026-07-23,SKU0157,L0616,135,135,0,无差异
2026-07-23,SKU0259,L0695,88,88,0,无差异
2026-07-23,SKU0136,L0225,114,114,0,无差异
2026-07-23,SKU0426,L0626,193,193,0,无差异
2026-07-23,SKU0477,L0321,84,84,0,无差异
2026-07-23,SKU0148,L0307,98,98,0,无差异
2026-07-23,SKU0229,L0459,131,131,0,无差异
2026-07-23,SKU0201,L0548,169,169,0,无差异
2026-07-23,SKU0117,L0173,111,111,0,无差异
2026-07-23,SKU0348,L0439,180,180,0,无差异
2026-07-23,SKU0297,L0481,102,102,0,无差异
2026-07-23,SKU0396,L0189,140,140,0,无差异
2026-07-23,SKU0012,L0322,96,96,0,无差异
2026-07-23,SKU0319,L0461,72,72,0,无差异
2026-07-23,SKU0007,L0395,151,151,0,无差异
2026-07-23,SKU0093,L0657,166,166,0,无差异
2026-07-23,SKU0224,L0422,130,130,0,无差异
2026-07-23,SKU0389,L0477,232,232,0,无差异
2026-07-23,SKU0018,L0493,84,79,-5,盘亏
2026-07-23,SKU0053,L0149,116,111,-5,盘亏
2026-07-23,SKU0325,L0364,117,117,0,无差异
2026-07-23,SKU0340,L0604,100,100,0,无差异
2026-07-23,SKU0035,L0314,193,193,0,无差异
2026-07-23,SKU0492,L0408,143,143,0,无差异
2026-07-23,SKU0260,L0119,73,73,0,无差异
2026-07-23,SKU0416,L0111,108,108,0,无差异
2026-07-23,SKU0436,L0462,161,161,0,无差异
2026-07-24,SKU0070,L0664,196,196,0,无差异
2026-07-24,SKU0157,L0616,129,129,0,无差异
2026-07-24,SKU0487,L0658,124,124,0,无差异
2026-07-24,SKU0026,L0284,88,88,0,无差异
2026-07-24,SKU0083,L0014,142,142,0,无差异
2026-07-24,SKU0141,L0110,121,121,0,无差异
2026-07-24,SKU0120,L0605,123,123,0,无差异
2026-07-24,SKU0420,L0332,99,99,0,无差异
2026-07-24,SKU0445,L0689,141,141,0,无差异
2026-07-24,SKU0437,L0115,140,140,0,无差异
2026-07-24,SKU0271,L0246,115,115,0,无差异
2026-07-24,SKU0156,L0611,137,136,-1,盘亏
2026-07-24,SKU0362,L0134,150,150,0,无差异
2026-07-24,SKU0158,L0107,86,86,0,无差异
2026-07-24,SKU0254,L0363,71,71,0,无差异
2026-07-24,SKU0421,L0791,513,513,0,无差异
2026-07-24,SKU0202,L0733,158,158,0,无差异
2026-07-24,SKU0433,L0045,95,95,0,无差异
2026-07-24,SKU0174,L0248,126,126,0,无差异
2026-07-24,SKU0042,L0675,420,420,0,无差异
2026-07-24,SKU0072,L0507,138,138,0,无差异
2026-07-24,SKU0283,L0698,184,184,0,无差异
2026-07-24,SKU0092,L0749,282,282,0,无差异
2026-07-24,SKU0069,L0416,160,160,0,无差异
2026-07-24,SKU0229,L0459,126,126,0,无差异
2026-07-24,SKU0059,L0783,160,160,0,无差异
2026-07-24,SKU0226,L0293,105,105,0,无差异
2026-07-24,SKU0310,L0127,111,111,0,无差异
2026-07-24,SKU0093,L0657,166,168,2,盘盈
2026-07-24,SKU0488,L0191,155,155,0,无差异
2026-07-24,SKU0192,L0475,155,155,0,无差异
2026-07-24,SKU0150,L0180,133,133,0,无差异
2026-07-24,SKU0326,L0700,172,172,0,无差异
2026-07-24,SKU0122,L0317,236,236,0,无差异
2026-07-24,SKU0212,L0024,117,117,0,无差异
2026-07-24,SKU0319,L0461,68,68,0,无差异
2026-07-24,SKU0397,L0656,198,198,0,无差异
2026-07-24,SKU0298,L0236,153,153,0,无差异
2026-07-24,SKU0375,L0253,96,96,0,无差异
2026-07-24,SKU0449,L0283,135,135,0,无差异
2026-07-24,SKU0087,L0388,133,133,0,无差异
2026-07-24,SKU0335,L0386,92,92,0,无差异
2026-07-24,SKU0491,L0252,82,82,0,无差异
2026-07-24,SKU0267,L0581,156,156,0,无差异
2026-07-24,SKU0484,L0090,100,95,-5,盘亏
2026-07-24,SKU0019,L0761,170,170,0,无差异
2026-07-24,SKU0216,L0464,143,143,0,无差异
2026-07-24,SKU0091,L0617,90,90,0,无差异
2026-07-24,SKU0165,L0291,73,73,0,无差异
2026-07-24,SKU0297,L0481,102,102,0,无差异
2026-07-25,SKU0460,L0463,129,129,0,无差异
2026-07-25,SKU0004,L0693,166,170,4,盘盈
2026-07-25,SKU0410,L0181,112,112,0,无差异
2026-07-25,SKU0422,L0556,245,245,0,无差异
2026-07-25,SKU0402,L0522,87,87,0,无差异
2026-07-25,SKU0208,L0540,178,178,0,无差异
2026-07-25,SKU0291,L0366,107,107,0,无差异
2026-07-25,SKU0170,L0224,89,89,0,无差异
2026-07-25,SKU0089,L0707,200,200,0,无差异
2026-07-25,SKU0367,L0340,95,95,0,无差异
2026-07-25,SKU0279,L0775,132,129,-3,盘亏
2026-07-25,SKU0250,L0223,170,170,0,无差异
2026-07-25,SKU0117,L0173,111,111,0,无差异
2026-07-25,SKU0061,L0714,466,466,0,无差异
2026-07-25,SKU0222,L0508,143,143,0,无差异
2026-07-25,SKU0090,L0247,133,135,2,盘盈
2026-07-25,SKU0320,L0485,98,98,0,无差异
2026-07-25,SKU0127,L0033,83,83,0,无差异
2026-07-25,SKU0132,L0602,132,132,0,无差异
2026-07-25,SKU0010,L0598,414,414,0,无差异
2026-07-25,SKU0241,L0112,112,112,0,无差异
2026-07-25,SKU0137,L0371,100,100,0,无差异
2026-07-25,SKU0383,L0747,243,243,0,无差异
2026-07-25,SKU0097,L0133,102,102,0,无差异
2026-07-25,SKU0376,L0271,126,126,0,无差异
2026-07-25,SKU0076,L0680,582,582,0,无差异
2026-07-25,SKU0282,L0734,154,154,0,无差异
2026-07-25,SKU0223,L0565,121,121,0,无差异
2026-07-25,SKU0328,L0623,119,118,-1,盘亏
2026-07-25,SKU0204,L0740,184,184,0,无差异
2026-07-25,SKU0248,L0373,161,161,0,无差异
2026-07-25,SKU0242,L0154,104,104,0,无差异
2026-07-25,SKU0109,L0178,107,107,0,无差异
2026-07-25,SKU0179,L0311,124,124,0,无差异
2026-07-25,SKU0313,L0030,145,145,0,无差异
2026-07-25,SKU0349,L0053,104,104,0,无差异
2026-07-25,SKU0489,L0729,159,159,0,无差异
2026-07-25,SKU0190,L0606,130,130,0,无差异
2026-07-25,SKU0145,L0800,4274,4274,0,无差异
2026-07-25,SKU0315,L0020,105,105,0,无差异
2026-07-25,SKU0057,L0574,148,148,0,无差异
2026-07-25,SKU0442,L0644,103,103,0,无差异
2026-07-25,SKU0158,L0107,86,86,0,无差异
2026-07-25,SKU0025,L0718,952,952,0,无差异
2026-07-25,SKU0306,L0398,198,198,0,无差异
2026-07-25,SKU0474,L0431,143,143,0,无差异
2026-07-25,SKU0497,L0362,76,76,0,无差异
2026-07-25,SKU0050,L0051,139,134,-5,盘亏
2026-07-25,SKU0404,L0712,416,416,0,无差异
2026-07-25,SKU0430,L0685,110,110,0,无差异
2026-07-26,SKU0286,L0501,159,159,0,无差异
2026-07-26,SKU0451,L0706,224,224,0,无差异
2026-07-26,SKU0305,L0142,125,130,5,盘盈
2026-07-26,SKU0173,L0116,202,202,0,无差异
2026-07-26,SKU0350,L0593,265,265,0,无差异
2026-07-26,SKU0213,L0040,182,182,0,无差异
2026-07-26,SKU0205,L0795,706,706,0,无差异
2026-07-26,SKU0444,L0155,131,131,0,无差异
2026-07-26,SKU0413,L0106,129,129,0,无差异
2026-07-26,SKU0352,L0061,103,103,0,无差异
2026-07-26,SKU0261,L0591,197,197,0,无差异
2026-07-26,SKU0377,L0387,179,179,0,无差异
2026-07-26,SKU0233,L0075,116,116,0,无差异
2026-07-26,SKU0430,L0685,107,107,0,无差异
2026-07-26,SKU0281,L0099,166,166,0,无差异
2026-07-26,SKU0382,L0441,118,123,5,盘盈
2026-07-26,SKU0256,L0104,119,114,-5,盘亏
2026-07-26,SKU0485,L0341,191,191,0,无差异
2026-07-26,SKU0007,L0395,176,176,0,无差异
2026-07-26,SKU0191,L0432,136,136,0,无差异
2026-07-26,SKU0370,L0198,168,168,0,无差异
2026-07-26,SKU0424,L0205,89,89,0,无差异
2026-07-26,SKU0315,L0020,118,118,0,无差异
2026-07-26,SKU0443,L0302,94,94,0,无差异
2026-07-26,SKU0422,L0556,240,240,0,无差异
2026-07-26,SKU0275,L0049,128,128,0,无差异
2026-07-26,SKU0104,L0161,97,97,0,无差异
2026-07-26,SKU0016,L0762,78,78,0,无差异
2026-07-26,SKU0145,L0800,4965,4965,0,无差异
2026-07-26,SKU0218,L0318,194,194,0,无差异
2026-07-26,SKU0170,L0224,89,89,0,无差异
2026-07-26,SKU0133,L0349,163,163,0,无差异
2026-07-26,SKU0330,L0414,105,105,0,无差异
2026-07-26,SKU0012,L0322,105,102,-3,盘亏
2026-07-26,SKU0452,L0351,111,107,-4,盘亏
2026-07-26,SKU0124,L0444,105,105,0,无差异
2026-07-26,SKU0423,L0731,123,123,0,无差异
2026-07-26,SKU0439,L0305,113,113,0,无差异
2026-07-26,SKU0052,L0793,607,607,0,无差异
2026-07-26,SKU0243,L0156,119,119,0,无差异
2026-07-26,SKU0299,L0204,151,151,0,无差异
2026-07-26,SKU0340,L0604,110,110,0,无差异
2026-07-26,SKU0466,L0607,142,142,0,无差异
2026-07-26,SKU0333,L0063,94,94,0,无差异
2026-07-26,SKU0361,L0207,135,135,0,无差异
2026-07-26,SKU0258,L0084,115,115,0,无差异
2026-07-26,SKU0484,L0090,100,100,0,无差异
2026-07-26,SKU0385,L0597,374,374,0,无差异
2026-07-26,SKU0363,L0614,132,132,0,无差异
2026-07-26,SKU0488,L0191,145,145,0,无差异
2026-07-27,SKU0462,L0612,168,168,0,无差异
2026-07-27,SKU0472,L0392,205,205,0,无差异
2026-07-27,SKU0352,L0061,103,103,0,无差异
2026-07-27,SKU0400,L0210,83,83,0,无差异
2026-07-27,SKU0073,L0179,97,97,0,无差异
2026-07-27,SKU0002,L0781,163,163,0,无差异
2026-07-27,SKU0405,L0563,104,104,0,无差异
2026-07-27,SKU0087,L0388,126,126,0,无差异
2026-07-27,SKU0144,L0354,179,179,0,无差异
2026-07-27,SKU0136,L0225,114,114,0,无差异
2026-07-27,SKU0299,L0204,160,160,0,无差异
2026-07-27,SKU0486,L0046,156,156,0,无差异
2026-07-27,SKU0349,L0053,104,104,0,无差异
2026-07-27,SKU0347,L0328,97,97,0,无差异
2026-07-27,SKU0497,L0362,71,71,0,无差异
2026-07-27,SKU0297,L0481,95,95,0,无差异
2026-07-27,SKU0499,L0212,172,172,0,无差异
2026-07-27,SKU0027,L0558,354,354,0,无差异
2026-07-27,SKU0287,L0479,275,275,0,无差异
2026-07-27,SKU0301,L0748,356,356,0,无差异
2026-07-27,SKU0493,L0087,128,128,0,无差异
2026-07-27,SKU0179,L0311,144,144,0,无差异
2026-07-27,SKU0473,L0234,175,175,0,无差异
2026-07-27,SKU0157,L0616,145,145,0,无差异
2026-07-27,SKU0232,L0630,240,240,0,无差异
2026-07-27,SKU0045,L0668,241,241,0,无差异
2026-07-27,SKU0304,L0339,128,128,0,无差异
2026-07-27,SKU0007,L0395,176,176,0,无差异
2026-07-27,SKU0263,L0735,185,185,0,无差异
2026-07-27,SKU0432,L0628,176,176,0,无差异
2026-07-27,SKU0413,L0106,129,129,0,无差异
2026-07-27,SKU0168,L0792,644,644,0,无差异
2026-07-27,SKU0324,L0098,122,122,0,无差异
2026-07-27,SKU0327,L0562,91,91,0,无差异
2026-07-27,SKU0172,L0254,84,84,0,无差异
2026-07-27,SKU0133,L0349,159,159,0,无差异
2026-07-27,SKU0328,L0623,146,146,0,无差异
2026-07-27,SKU0337,L0589,219,219,0,无差异
2026-07-27,SKU0014,L0531,119,119,0,无差异
2026-07-27,SKU0022,L0026,164,164,0,无差异
2026-07-27,SKU0345,L0379,98,98,0,无差异
2026-07-27,SKU0485,L0341,189,189,0,无差异
2026-07-27,SKU0118,L0017,115,115,0,无差异
2026-07-27,SKU0458,L0003,167,167,0,无差异
2026-07-27,SKU0227,L0621,179,179,0,无差异
2026-07-27,SKU0311,L0649,121,121,0,无差异
2026-07-27,SKU0152,L0126,145,145,0,无差异
2026-07-27,SKU0460,L0463,129,129,0,无差异
2026-07-27,SKU0054,L0686,182,182,0,无差异
2026-07-27,SKU0086,L0044,119,114,-5,盘亏
2026-07-28,SKU0274,L0557,352,352,0,无差异
2026-07-28,SKU0431,L0769,105,105,0,无差异
2026-07-28,SKU0244,L0125,98,98,0,无差异
2026-07-28,SKU0002,L0781,154,154,0,无差异
2026-07-28,SKU0337,L0589,236,236,0,无差异
2026-07-28,SKU0320,L0485,104,104,0,无差异
2026-07-28,SKU0148,L0307,109,109,0,无差异
2026-07-28,SKU0255,L0027,142,142,0,无差异
2026-07-28,SKU0027,L0558,354,354,0,无差异
2026-07-28,SKU0331,L0369,123,123,0,无差异
2026-07-28,SKU0014,L0531,119,119,0,无差异
2026-07-28,SKU0247,L0048,172,172,0,无差异
2026-07-28,SKU0045,L0668,234,234,0,无差异
2026-07-28,SKU0037,L0213,145,145,0,无差异
2026-07-28,SKU0124,L0444,105,105,0,无差异
2026-07-28,SKU0184,L0235,155,155,0,无差异
2026-07-28,SKU0092,L0749,326,326,0,无差异
2026-07-28,SKU0338,L0625,146,146,0,无差异
2026-07-28,SKU0411,L0122,94,94,0,无差异
2026-07-28,SKU0044,L0587,199,199,0,无差异
2026-07-28,SKU0178,L0528,93,93,0,无差异
2026-07-28,SKU0479,L0268,145,145,0,无差异
2026-07-28,SKU0378,L0209,91,91,0,无差异
2026-07-28,SKU0026,L0284,94,94,0,无差异
2026-07-28,SKU0315,L0020,118,117,-1,盘亏
2026-07-28,SKU0397,L0656,216,216,0,无差异
2026-07-28,SKU0420,L0332,101,101,0,无差异
2026-07-28,SKU0415,L0652,133,133,0,无差异
2026-07-28,SKU0180,L0429,193,193,0,无差异
2026-07-28,SKU0095,L0535,127,127,0,无差异
2026-07-28,SKU0223,L0565,135,133,-2,盘亏
2026-07-28,SKU0451,L0706,253,253,0,无差异
2026-07-28,SKU0077,L0524,153,153,0,无差异
2026-07-28,SKU0201,L0548,184,184,0,无差异
2026-07-28,SKU0422,L0556,263,263,0,无差异
2026-07-28,SKU0091,L0617,110,110,0,无差异
2026-07-28,SKU0429,L0755,639,639,0,无差异
2026-07-28,SKU0189,L0523,81,81,0,无差异
2026-07-28,SKU0066,L0525,83,83,0,无差异
2026-07-28,SKU0197,L0399,185,185,0,无差异
2026-07-28,SKU0043,L0001,83,83,0,无差异
2026-07-28,SKU0225,L0005,129,129,0,无差异
2026-07-28,SKU0013,L0567,155,155,0,无差异
2026-07-28,SKU0289,L0083,106,106,0,无差异
2026-07-28,SKU0392,L0308,155,155,0,无差异
2026-07-28,SKU0498,L0097,111,111,0,无差异
2026-07-28,SKU0260,L0119,88,88,0,无差异
2026-07-28,SKU0276,L0034,104,104,0,无差异
2026-07-28,SKU0308,L0278,140,140,0,无差异
2026-07-28,SKU0430,L0685,121,121,0,无差异
2026-07-29,SKU0107,L0060,126,126,0,无差异
2026-07-29,SKU0481,L0196,157,157,0,无差异
2026-07-29,SKU0337,L0589,233,233,0,无差异
2026-07-29,SKU0341,L0162,121,121,0,无差异
2026-07-29,SKU0138,L0335,145,145,0,无差异
2026-07-29,SKU0470,L0256,111,111,0,无差异
2026-07-29,SKU0271,L0246,126,126,0,无差异
2026-07-29,SKU0261,L0591,195,195,0,无差异
2026-07-29,SKU0164,L0082,149,149,0,无差异
2026-07-29,SKU0381,L0418,105,105,0,无差异
2026-07-29,SKU0105,L0010,94,94,0,无差异
2026-07-29,SKU0011,L0596,353,353,0,无差异
2026-07-29,SKU0418,L0771,132,132,0,无差异
2026-07-29,SKU0117,L0173,118,118,0,无差异
2026-07-29,SKU0067,L0002,111,111,0,无差异
2026-07-29,SKU0112,L0526,96,96,0,无差异
2026-07-29,SKU0228,L0276,209,209,0,无差异
2026-07-29,SKU0254,L0363,62,62,0,无差异
2026-07-29,SKU0385,L0597,350,350,0,无差异
2026-07-29,SKU0375,L0253,107,107,0,无差异
2026-07-29,SKU0370,L0198,184,184,0,无差异
2026-07-29,SKU0025,L0718,1034,1034,0,无差异
2026-07-29,SKU0251,L0538,144,144,0,无差异
2026-07-29,SKU0317,L0677,592,592,0,无差异
2026-07-29,SKU0410,L0181,112,112,0,无差异
2026-07-29,SKU0046,L0764,131,133,2,盘盈
2026-07-29,SKU0425,L0219,173,173,0,无差异
2026-07-29,SKU0430,L0685,121,121,0,无差异
2026-07-29,SKU0239,L0342,118,118,0,无差异
2026-07-29,SKU0386,L0168,88,88,0,无差异
2026-07-29,SKU0343,L0267,121,121,0,无差异
2026-07-29,SKU0267,L0581,173,173,0,无差异
2026-07-29,SKU0285,L0071,141,141,0,无差异
2026-07-29,SKU0189,L0523,81,81,0,无差异
2026-07-29,SKU0349,L0053,116,116,0,无差异
2026-07-29,SKU0364,L0691,139,139,0,无差异
2026-07-29,SKU0293,L0541,99,99,0,无差异
2026-07-29,SKU0358,L0004,84,84,0,无差异
2026-07-29,SKU0336,L0185,82,82,0,无差异
2026-07-29,SKU0236,L0442,108,108,0,无差异
2026-07-29,SKU0437,L0115,162,162,0,无差异
2026-07-29,SKU0139,L0662,160,160,0,无差异
2026-07-29,SKU0299,L0204,160,160,0,无差异
2026-07-29,SKU0413,L0106,129,129,0,无差异
2026-07-29,SKU0446,L0402,121,121,0,无差异
2026-07-29,SKU0421,L0791,563,563,0,无差异
2026-07-29,SKU0347,L0328,108,108,0,无差异
2026-07-29,SKU0088,L0750,269,269,0,无差异
2026-07-29,SKU0106,L0632,254,254,0,无差异
2026-07-29,SKU0157,L0616,145,145,0,无差异
2026-07-30,SKU0287,L0479,290,290,0,无差异
2026-07-30,SKU0003,L0288,115,110,-5,盘亏
2026-07-30,SKU0410,L0181,121,121,0,无差异
2026-07-30,SKU0274,L0557,342,342,0,无差异
2026-07-30,SKU0412,L0725,131,131,0,无差异
2026-07-30,SKU0364,L0691,154,154,0,无差异
2026-07-30,SKU0293,L0541,99,99,0,无差异
2026-07-30,SKU0009,L0230,72,72,0,无差异
2026-07-30,SKU0132,L0602,142,142,0,无差异
2026-07-30,SKU0227,L0621,190,190,0,无差异
2026-07-30,SKU0256,L0104,122,122,0,无差异
2026-07-30,SKU0155,L0569,183,183,0,无差异
2026-07-30,SKU0074,L0425,122,123,1,盘盈
2026-07-30,SKU0157,L0616,141,141,0,无差异
2026-07-30,SKU0152,L0126,154,154,0,无差异
2026-07-30,SKU0137,L0371,108,108,0,无差异
2026-07-30,SKU0296,L0446,170,170,0,无差异
2026-07-30,SKU0226,L0293,116,116,0,无差异
2026-07-30,SKU0040,L0534,120,120,0,无差异
2026-07-30,SKU0361,L0207,151,151,0,无差异
2026-07-30,SKU0483,L0551,212,212,0,无差异
2026-07-30,SKU0248,L0373,185,185,0,无差异
2026-07-30,SKU0499,L0212,179,179,0,无差异
2026-07-30,SKU0311,L0649,129,129,0,无差异
2026-07-30,SKU0037,L0213,155,155,0,无差异
2026-07-30,SKU0261,L0591,192,192,0,无差异
2026-07-30,SKU0062,L0144,113,113,0,无差异
2026-07-30,SKU0390,L0651,150,150,0,无差异
2026-07-30,SKU0409,L0705,236,236,0,无差异
2026-07-30,SKU0058,L0182,118,118,0,无差异
2026-07-30,SKU0048,L0065,175,175,0,无差异
2026-07-30,SKU0496,L0050,139,139,0,无差异
2026-07-30,SKU0126,L0200,139,139,0,无差异
2026-07-30,SKU0086,L0044,119,119,0,无差异
2026-07-30,SKU0139,L0662,159,159,0,无差异
2026-07-30,SKU0045,L0668,255,255,0,无差异
2026-07-30,SKU0278,L0068,120,120,0,无差异
2026-07-30,SKU0255,L0027,142,142,0,无差异
2026-07-30,SKU0171,L0374,141,141,0,无差异
2026-07-30,SKU0242,L0154,115,115,0,无差异
2026-07-30,SKU0380,L0195,137,137,0,无差异
2026-07-30,SKU0450,L0643,107,107,0,无差异
2026-07-30,SKU0372,L0120,135,135,0,无差异
2026-07-30,SKU0167,L0298,81,81,0,无差异
2026-07-30,SKU0098,L0473,186,186,0,无差异
2026-07-30,SKU0027,L0558,349,349,0,无差异
2026-07-30,SKU0478,L0299,149,149,0,无差异
2026-07-30,SKU0008,L0763,136,136,0,无差异
2026-07-30,SKU0148,L0307,121,121,0,无差异
2026-07-30,SKU0247,L0048,172,172,0,无差异
2026-07-31,SKU0032,L0066,139,139,0,无差异
2026-07-31,SKU0249,L0790,359,359,0,无差异
2026-07-31,SKU0030,L0510,153,153,0,无差异
2026-07-31,SKU0280,L0772,220,220,0,无差异
2026-07-31,SKU0062,L0144,108,108,0,无差异
2026-07-31,SKU0365,L0390,197,197,0,无差异
2026-07-31,SKU0312,L0661,165,162,-3,盘亏
2026-07-31,SKU0260,L0119,97,97,0,无差异
2026-07-31,SKU0141,L0110,123,123,0,无差异
2026-07-31,SKU0050,L0051,156,156,0,无差异
2026-07-31,SKU0382,L0441,129,129,0,无差异
2026-07-31,SKU0236,L0442,106,106,0,无差异
2026-07-31,SKU0263,L0735,196,195,-1,盘亏
2026-07-31,SKU0221,L0315,184,184,0,无差异
2026-07-31,SKU0093,L0657,184,184,0,无差异
2026-07-31,SKU0290,L0327,82,82,0,无差异
2026-07-31,SKU0049,L0751,398,398,0,无差异
2026-07-31,SKU0118,L0017,108,108,0,无差异
2026-07-31,SKU0226,L0293,116,116,0,无差异
2026-07-31,SKU0461,L0076,190,190,0,无差异
2026-07-31,SKU0016,L0762,87,87,0,无差异
2026-07-31,SKU0103,L0201,71,71,0,无差异
2026-07-31,SKU0484,L0090,109,109,0,无差异
2026-07-31,SKU0314,L0570,119,119,0,无差异
2026-07-31,SKU0419,L0627,275,275,0,无差异
2026-07-31,SKU0079,L0646,166,166,0,无差异
2026-07-31,SKU0161,L0159,177,174,-3,盘亏
2026-07-31,SKU0395,L0117,151,151,0,无差异
2026-07-31,SKU0173,L0116,226,226,0,无差异
2026-07-31,SKU0096,L0167,129,129,0,无差异
2026-07-31,SKU0086,L0044,119,119,0,无差异
2026-07-31,SKU0414,L0766,140,140,0,无差异
2026-07-31,SKU0179,L0311,144,144,0,无差异
2026-07-31,SKU0065,L0721,178,178,0,无差异
2026-07-31,SKU0066,L0525,98,94,-4,盘亏
2026-07-31,SKU0238,L0421,172,172,0,无差异
2026-07-31,SKU0076,L0680,687,687,0,无差异
2026-07-31,SKU0368,L0583,134,134,0,无差异
2026-07-31,SKU0018,L0493,103,103,0,无差异
2026-07-31,SKU0299,L0204,169,169,0,无差异
2026-07-31,SKU0288,L0197,124,124,0,无差异
2026-07-31,SKU0027,L0558,384,383,-1,盘亏
2026-07-31,SKU0033,L0797,1843,1843,0,无差异
2026-07-31,SKU0094,L0140,97,97,0,无差异
2026-07-31,SKU0011,L0596,337,337,0,无差异
2026-07-31,SKU0398,L0595,311,311,0,无差异
2026-07-31,SKU0445,L0689,167,167,0,无差异
2026-07-31,SKU0010,L0598,454,454,0,无差异
2026-07-31,SKU0495,L0794,996,996,0,无差异
2026-07-31,SKU0048,L0065,175,175,0,无差异
2026-08-01,SKU0444,L0155,139,139,0,无差异
2026-08-01,SKU0368,L0583,159,159,0,无差异
2026-08-01,SKU0405,L0563,115,115,0,无差异
2026-08-01,SKU0365,L0390,192,192,0,无差异
2026-08-01,SKU0437,L0115,162,162,0,无差异
2026-08-01,SKU0128,L0571,123,123,0,无差异
2026-08-01,SKU0112,L0526,106,106,0,无差异
2026-08-01,SKU0067,L0002,122,122,0,无差异
2026-08-01,SKU0191,L0432,157,157,0,无差异
2026-08-01,SKU0417,L0550,203,203,0,无差异
2026-08-01,SKU0089,L0707,235,235,0,无差异
2026-08-01,SKU0187,L0290,121,121,0,无差异
2026-08-01,SKU0272,L0093,117,117,0,无差异
2026-08-01,SKU0071,L0113,156,156,0,无差异
2026-08-01,SKU0298,L0236,155,155,0,无差异
2026-08-01,SKU0432,L0628,196,196,0,无差异
2026-08-01,SKU0499,L0212,179,177,-2,盘亏
2026-08-01,SKU0188,L0331,113,113,0,无差异
2026-08-01,SKU0254,L0363,73,73,0,无差异
2026-08-01,SKU0203,L0640,634,634,0,无差异
2026-08-01,SKU0445,L0689,167,167,0,无差异
2026-08-01,SKU0131,L0172,153,153,0,无差异
2026-08-01,SKU0103,L0201,71,71,0,无差异
2026-08-01,SKU0451,L0706,266,266,0,无差异
2026-08-01,SKU0379,L0782,293,293,0,无差异
2026-08-01,SKU0471,L0320,178,178,0,无差异
2026-08-01,SKU0050,L0051,156,156,0,无差异
2026-08-01,SKU0184,L0235,161,161,0,无差异
2026-08-01,SKU0273,L0301,118,118,0,无差异
2026-08-01,SKU0317,L0677,598,598,0,无差异
2026-08-01,SKU0194,L0073,130,130,0,无差异
2026-08-01,SKU0238,L0421,172,172,0,无差异
2026-08-01,SKU0391,L0237,166,166,0,无差异
2026-08-01,SKU0080,L0737,199,199,0,无差异
2026-08-01,SKU0136,L0225,122,122,0,无差异
2026-08-01,SKU0179,L0311,164,164,0,无差异
2026-08-01,SKU0216,L0464,168,168,0,无差异
2026-08-01,SKU0473,L0234,173,173,0,无差异
2026-08-01,SKU0126,L0200,162,162,0,无差异
2026-08-01,SKU0480,L0789,424,424,0,无差异
2026-08-01,SKU0299,L0204,167,170,3,盘盈
2026-08-01,SKU0122,L0317,265,265,0,无差异
2026-08-01,SKU0189,L0523,77,77,0,无差异
2026-08-01,SKU0083,L0014,159,159,0,无差异
2026-08-01,SKU0387,L0609,156,156,0,无差异
2026-08-01,SKU0388,L0708,321,321,0,无差异
2026-08-01,SKU0258,L0084,123,123,0,无差异
2026-08-01,SKU0459,L0716,598,598,0,无差异
2026-08-01,SKU0090,L0247,144,144,0,无差异
2026-08-01,SKU0324,L0098,130,130,0,无差异
2026-08-02,SKU0389,L0477,235,235,0,无差异
2026-08-02,SKU0299,L0204,176,176,0,无差异
2026-08-02,SKU0235,L0642,111,111,0,无差异
2026-08-02,SKU0402,L0522,95,95,0,无差异
2026-08-02,SKU0375,L0253,113,113,0,无差异
2026-08-02,SKU0194,L0073,130,130,0,无差异
2026-08-02,SKU0429,L0755,634,634,0,无差异
2026-08-02,SKU0123,L0560,380,380,0,无差异
2026-08-02,SKU0467,L0532,116,116,0,无差异
2026-08-02,SKU0034,L0660,183,183,0,无差异
2026-08-02,SKU0157,L0616,144,144,0,无差异
2026-08-02,SKU0102,L0634,364,364,0,无差异
2026-08-02,SKU0091,L0617,118,118,0,无差异
2026-08-02,SKU0097,L0133,124,124,0,无差异
2026-08-02,SKU0353,L0361,121,119,-2,盘亏
2026-08-02,SKU0438,L0719,995,995,0,无差异
2026-08-02,SKU0495,L0794,934,930,-4,盘亏
2026-08-02,SKU0114,L0385,148,148,0,无差异
2026-08-02,SKU0169,L0105,120,120,0,无差异
2026-08-02,SKU0074,L0425,112,112,0,无差异
2026-08-02,SKU0328,L0623,155,155,0,无差异
2026-08-02,SKU0397,L0656,224,221,-3,盘亏
2026-08-02,SKU0475,L0367,133,133,0,无差异
2026-08-02,SKU0174,L0248,133,133,0,无差异
2026-08-02,SKU0363,L0614,141,141,0,无差异
2026-08-02,SKU0333,L0063,102,102,0,无差异
2026-08-02,SKU0292,L0221,101,101,0,无差异
2026-08-02,SKU0033,L0797,1741,1741,0,无差异
2026-08-02,SKU0405,L0563,115,115,0,无差异
2026-08-02,SKU0455,L0639,487,487,0,无差异
2026-08-02,SKU0083,L0014,159,159,0,无差异
2026-08-02,SKU0082,L0194,121,121,0,无差异
2026-08-02,SKU0272,L0093,117,117,0,无差异
2026-08-02,SKU0087,L0388,148,145,-3,盘亏
2026-08-02,SKU0152,L0126,163,163,0,无差异
2026-08-02,SKU0109,L0178,115,115,0,无差异
2026-08-02,SKU0196,L0580,162,162,0,无差异
2026-08-02,SKU0139,L0662,178,178,0,无差异
2026-08-02,SKU0257,L0715,498,498,0,无差异
2026-08-02,SKU0253,L0148,130,130,0,无差异
2026-08-02,SKU0126,L0200,157,157,0,无差异
2026-08-02,SKU0159,L0355,197,196,-1,盘亏
2026-08-02,SKU0118,L0017,116,116,0,无差异
2026-08-02,SKU0316,L0590,252,252,0,无差异
2026-08-02,SKU0032,L0066,127,127,0,无差异
2026-08-02,SKU0326,L0700,197,193,-4,盘亏
2026-08-02,SKU0453,L0270,128,128,0,无差异
2026-08-02,SKU0378,L0209,91,91,0,无差异
2026-08-02,SKU0202,L0733,161,161,0,无差异
2026-08-02,SKU0480,L0789,417,417,0,无差异
2026-08-03,SKU0086,L0044,133,133,0,无差异
2026-08-03,SKU0434,L0382,147,147,0,无差异
2026-08-03,SKU0253,L0148,129,129,0,无差异
2026-08-03,SKU0233,L0075,142,142,0,无差异
2026-08-03,SKU0257,L0715,491,491,0,无差异
2026-08-03,SKU0069,L0416,188,188,0,无差异
2026-08-03,SKU0118,L0017,114,114,0,无差异
2026-08-03,SKU0161,L0159,190,190,0,无差异
2026-08-03,SKU0030,L0510,171,171,0,无差异
2026-08-03,SKU0154,L0380,157,157,0,无差异
2026-08-03,SKU0364,L0691,166,166,0,无差异
2026-08-03,SKU0393,L0139,168,168,0,无差异
2026-08-03,SKU0300,L0401,112,112,0,无差异
2026-08-03,SKU0017,L0368,177,177,0,无差异
2026-08-03,SKU0283,L0698,226,226,0,无差异
2026-08-03,SKU0362,L0134,160,160,0,无差异
2026-08-03,SKU0332,L0759,1512,1512,0,无差异
2026-08-03,SKU0311,L0649,137,137,0,无差异
2026-08-03,SKU0120,L0605,144,144,0,无差异
2026-08-03,SKU0155,L0569,187,187,0,无差异
2026-08-03,SKU0054,L0686,192,192,0,无差异
2026-08-03,SKU0144,L0354,189,189,0,无差异
2026-08-03,SKU0156,L0611,152,152,0,无差异
2026-08-03,SKU0400,L0210,95,95,0,无差异
2026-08-03,SKU0063,L0460,212,212,0,无差异
2026-08-03,SKU0147,L0739,175,175,0,无差异
2026-08-03,SKU0483,L0551,220,220,0,无差异
2026-08-03,SKU0368,L0583,159,159,0,无差异
2026-08-03,SKU0201,L0548,200,200,0,无差异
2026-08-03,SKU0271,L0246,138,142,4,盘盈
2026-08-03,SKU0149,L0108,171,171,0,无差异
2026-08-03,SKU0131,L0172,148,148,0,无差异
2026-08-03,SKU0021,L0482,119,119,0,无差异
2026-08-03,SKU0388,L0708,364,364,0,无差异
2026-08-03,SKU0096,L0167,129,129,0,无差异
2026-08-03,SKU0194,L0073,130,130,0,无差异
2026-08-03,SKU0359,L0217,96,96,0,无差异
2026-08-03,SKU0124,L0444,115,115,0,无差异
2026-08-03,SKU0135,L0202,169,169,0,无差异
2026-08-03,SKU0093,L0657,192,192,0,无差异
2026-08-03,SKU0153,L0713,405,405,0,无差异
2026-08-03,SKU0018,L0493,95,95,0,无差异
2026-08-03,SKU0497,L0362,87,87,0,无差异
2026-08-03,SKU0061,L0714,532,532,0,无差异
2026-08-03,SKU0356,L0450,190,190,0,无差异
2026-08-03,SKU0022,L0026,181,181,0,无差异
2026-08-03,SKU0490,L0109,190,190,0,无差异
2026-08-03,SKU0241,L0112,120,120,0,无差异
2026-08-03,SKU0170,L0224,102,102,0,无差异
2026-08-03,SKU0117,L0173,123,127,4,盘盈
2026-08-04,SKU0450,L0643,97,97,0,无差异
2026-08-04,SKU0393,L0139,165,165,0,无差异
2026-08-04,SKU0332,L0759,1497,1497,0,无差异
2026-08-04,SKU0263,L0735,203,203,0,无差异
2026-08-04,SKU0382,L0441,136,136,0,无差异
2026-08-04,SKU0422,L0556,280,280,0,无差异
2026-08-04,SKU0066,L0525,110,110,0,无差异
2026-08-04,SKU0404,L0712,427,427,0,无差异
2026-08-04,SKU0449,L0283,165,165,0,无差异
2026-08-04,SKU0476,L0043,154,154,0,无差异
2026-08-04,SKU0028,L0243,95,95,0,无差异
2026-08-04,SKU0396,L0189,164,164,0,无差异
2026-08-04,SKU0302,L0150,152,152,0,无差异
2026-08-04,SKU0207,L0573,134,134,0,无差异
2026-08-04,SKU0234,L0682,108,108,0,无差异
2026-08-04,SKU0199,L0594,264,264,0,无差异
2026-08-04,SKU0335,L0386,89,89,0,无差异
2026-08-04,SKU0329,L0537,217,217,0,无差异
2026-08-04,SKU0373,L0427,190,190,0,无差异
2026-08-04,SKU0184,L0235,170,170,0,无差异
2026-08-04,SKU0497,L0362,85,85,0,无差异
2026-08-04,SKU0119,L0468,215,215,0,无差异
2026-08-04,SKU0113,L0145,110,110,0,无差异
2026-08-04,SKU0096,L0167,139,139,0,无差异
2026-08-04,SKU0448,L0564,175,175,0,无差异
2026-08-04,SKU0397,L0656,230,230,0,无差异
2026-08-04,SKU0009,L0230,82,79,-3,盘亏
2026-08-04,SKU0142,L0741,247,247,0,无差异
2026-08-04,SKU0301,L0748,378,378,0,无差异
2026-08-04,SKU0186,L0039,204,204,0,无差异
2026-08-04,SKU0361,L0207,157,157,0,无差异
2026-08-04,SKU0069,L0416,199,199,0,无差异
2026-08-04,SKU0494,L0347,176,176,0,无差异
2026-08-04,SKU0407,L0758,1114,1114,0,无差异
2026-08-04,SKU0191,L0432,151,151,0,无差异
2026-08-04,SKU0046,L0764,133,133,0,无差异
2026-08-04,SKU0254,L0363,68,68,0,无差异
2026-08-04,SKU0375,L0253,113,113,0,无差异
2026-08-04,SKU0368,L0583,159,159,0,无差异
2026-08-04,SKU0456,L0517,276,276,0,无差异
2026-08-04,SKU0044,L0587,234,234,0,无差异
2026-08-04,SKU0140,L0514,277,277,0,无差异
2026-08-04,SKU0437,L0115,169,169,0,无差异
2026-08-04,SKU0097,L0133,124,124,0,无差异
2026-08-04,SKU0413,L0106,136,136,0,无差异
2026-08-04,SKU0168,L0792,637,637,0,无差异
2026-08-04,SKU0005,L0358,110,110,0,无差异
2026-08-04,SKU0001,L0588,186,186,0,无差异
2026-08-04,SKU0477,L0321,100,100,0,无差异
2026-08-04,SKU0445,L0689,182,182,0,无差异
2026-08-05,SKU0135,L0202,169,169,0,无差异
2026-08-05,SKU0054,L0686,187,187,0,无差异
2026-08-05,SKU0314,L0570,130,130,0,无差异
2026-08-05,SKU0165,L0291,88,88,0,无差异
2026-08-05,SKU0021,L0482,119,119,0,无差异
2026-08-05,SKU0055,L0239,151,151,0,无差异
2026-08-05,SKU0140,L0514,263,263,0,无差异
2026-08-05,SKU0356,L0450,190,190,0,无差异
2026-08-05,SKU0138,L0335,156,156,0,无差异
2026-08-05,SKU0126,L0200,151,151,0,无差异
2026-08-05,SKU0219,L0492,127,127,0,无差异
2026-08-05,SKU0306,L0398,239,239,0,无差异
2026-08-05,SKU0239,L0342,108,108,0,无差异
2026-08-05,SKU0490,L0109,199,199,0,无差异
2026-08-05,SKU0438,L0719,1071,1071,0,无差异
2026-08-05,SKU0044,L0587,232,232,0,无差异
2026-08-05,SKU0075,L0089,119,119,0,无差异
2026-08-05,SKU0204,L0740,212,212,0,无差异
2026-08-05,SKU0412,L0725,140,140,0,无差异
2026-08-05,SKU0094,L0140,111,111,0,无差异
2026-08-05,SKU0187,L0290,134,134,0,无差异
2026-08-05,SKU0391,L0237,160,160,0,无差异
2026-08-05,SKU0259,L0695,120,120,0,无差异
2026-08-05,SKU0107,L0060,139,139,0,无差异
2026-08-05,SKU0276,L0034,127,127,0,无差异
2026-08-05,SKU0209,L0337,218,218,0,无差异
2026-08-05,SKU0100,L0228,120,120,0,无差异
2026-08-05,SKU0176,L0613,171,167,-4,盘亏
2026-08-05,SKU0296,L0446,182,182,0,无差异
2026-08-05,SKU0192,L0475,134,134,0,无差异
2026-08-05,SKU0043,L0001,100,100,0,无差异
2026-08-05,SKU0136,L0225,132,132,0,无差异
2026-08-05,SKU0221,L0315,193,193,0,无差异
2026-08-05,SKU0146,L0544,183,183,0,无差异
2026-08-05,SKU0275,L0049,157,157,0,无差异
2026-08-05,SKU0235,L0642,123,123,0,无差异
2026-08-05,SKU0350,L0593,307,307,0,无差异
2026-08-05,SKU0042,L0675,453,453,0,无差异
2026-08-05,SKU0500,L0038,128,128,0,无差异
2026-08-05,SKU0198,L0478,295,295,0,无差异
2026-08-05,SKU0070,L0664,216,216,0,无差异
2026-08-05,SKU0442,L0644,129,129,0,无差异
2026-08-05,SKU0137,L0371,114,114,0,无差异
2026-08-05,SKU0298,L0236,172,172,0,无差异
2026-08-05,SKU0346,L0619,248,248,0,无差异
2026-08-05,SKU0240,L0287,166,166,0,无差异
2026-08-05,SKU0341,L0162,129,129,0,无差异
2026-08-05,SKU0463,L0561,131,135,4,盘盈
2026-08-05,SKU0430,L0685,121,121,0,无差异
2026-08-05,SKU0144,L0354,213,213,0,无差异
2026-08-06,SKU0116,L0631,328,328,0,无差异
2026-08-06,SKU0419,L0627,299,299,0,无差异
2026-08-06,SKU0374,L0016,120,120,0,无差异
2026-08-06,SKU0301,L0748,386,386,0,无差异
2026-08-06,SKU0174,L0248,143,143,0,无差异
2026-08-06,SKU0197,L0399,205,205,0,无差异
2026-08-06,SKU0283,L0698,237,237,0,无差异
2026-08-06,SKU0226,L0293,121,121,0,无差异
2026-08-06,SKU0014,L0531,145,145,0,无差异
2026-08-06,SKU0187,L0290,134,134,0,无差异
2026-08-06,SKU0417,L0550,207,207,0,无差异
2026-08-06,SKU0083,L0014,168,168,0,无差异
2026-08-06,SKU0270,L0553,296,296,0,无差异
2026-08-06,SKU0480,L0789,463,463,0,无差异
2026-08-06,SKU0019,L0761,205,205,0,无差异
2026-08-06,SKU0015,L0454,120,120,0,无差异
2026-08-06,SKU0152,L0126,176,176,0,无差异
2026-08-06,SKU0002,L0781,205,205,0,无差异
2026-08-06,SKU0138,L0335,168,168,0,无差异
2026-08-06,SKU0057,L0574,166,166,0,无差异
2026-08-06,SKU0170,L0224,102,102,0,无差异
2026-08-06,SKU0165,L0291,88,88,0,无差异
2026-08-06,SKU0470,L0256,121,121,0,无差异
2026-08-06,SKU0410,L0181,131,131,0,无差异
2026-08-06,SKU0211,L0329,90,90,0,无差异
2026-08-06,SKU0387,L0609,147,147,0,无差异
2026-08-06,SKU0322,L0489,106,106,0,无差异
2026-08-06,SKU0176,L0613,171,171,0,无差异
2026-08-06,SKU0362,L0134,170,170,0,无差异
2026-08-06,SKU0359,L0217,107,107,0,无差异
2026-08-06,SKU0035,L0314,242,242,0,无差异
2026-08-06,SKU0379,L0782,326,326,0,无差异
2026-08-06,SKU0006,L0608,144,144,0,无差异
2026-08-06,SKU0110,L0151,172,172,0,无差异
2026-08-06,SKU0313,L0030,162,162,0,无差异
2026-08-06,SKU0218,L0318,217,212,-5,盘亏
2026-08-06,SKU0377,L0387,203,203,0,无差异
2026-08-06,SKU0437,L0115,177,177,0,无差异
2026-08-06,SKU0223,L0565,154,154,0,无差异
2026-08-06,SKU0048,L0065,193,193,0,无差异
2026-08-06,SKU0051,L0344,77,77,0,无差异
2026-08-06,SKU0332,L0759,1667,1667,0,无差异
2026-08-06,SKU0490,L0109,199,199,0,无差异
2026-08-06,SKU0295,L0389,146,146,0,无差异
2026-08-06,SKU0266,L0164,124,124,0,无差异
2026-08-06,SKU0422,L0556,282,282,0,无差异
2026-08-06,SKU0373,L0427,183,180,-3,盘亏
2026-08-06,SKU0143,L0673,373,373,0,无差异
2026-08-06,SKU0167,L0298,91,91,0,无差异
2026-08-06,SKU0113,L0145,110,110,0,无差异
2026-08-07,SKU0177,L0085,127,127,0,无差异
2026-08-07,SKU0258,L0084,130,130,0,无差异
2026-08-07,SKU0403,L0128,114,114,0,无差异
2026-08-07,SKU0441,L0633,343,343,0,无差异
2026-08-07,SKU0278,L0068,136,136,0,无差异
2026-08-07,SKU0436,L0462,179,179,0,无差异
2026-08-07,SKU0357,L0743,226,226,0,无差异
2026-08-07,SKU0370,L0198,197,197,0,无差异
2026-08-07,SKU0256,L0104,139,139,0,无差异
2026-08-07,SKU0136,L0225,131,131,0,无差异
2026-08-07,SKU0046,L0764,124,124,0,无差异
2026-08-07,SKU0267,L0581,185,185,0,无差异
2026-08-07,SKU0398,L0595,338,338,0,无差异
2026-08-07,SKU0224,L0422,148,148,0,无差异
2026-08-07,SKU0162,L0785,275,275,0,无差异
2026-08-07,SKU0429,L0755,656,656,0,无差异
2026-08-07,SKU0098,L0473,230,230,0,无差异
2026-08-07,SKU0390,L0651,166,166,0,无差异
2026-08-07,SKU0076,L0680,697,697,0,无差异
2026-08-07,SKU0419,L0627,299,299,0,无差异
2026-08-07,SKU0035,L0314,237,237,0,无差异
2026-08-07,SKU0326,L0700,210,210,0,无差异
2026-08-07,SKU0417,L0550,203,203,0,无差异
2026-08-07,SKU0255,L0027,148,148,0,无差异
2026-08-07,SKU0132,L0602,148,148,0,无差异
2026-08-07,SKU0306,L0398,247,247,0,无差异
2026-08-07,SKU0272,L0093,130,130,0,无差异
2026-08-07,SKU0263,L0735,218,218,0,无差异
2026-08-07,SKU0337,L0589,268,268,0,无差异
2026-08-07,SKU0489,L0729,176,173,-3,盘亏
2026-08-07,SKU0424,L0205,107,107,0,无差异
2026-08-07,SKU0041,L0143,157,157,0,无差异
2026-08-07,SKU0125,L0377,139,139,0,无差异
2026-08-07,SKU0022,L0026,188,188,0,无差异
2026-08-07,SKU0493,L0087,156,156,0,无差异
2026-08-07,SKU0251,L0538,158,158,0,无差异
2026-08-07,SKU0439,L0305,123,123,0,无差异
2026-08-07,SKU0297,L0481,110,110,0,无差异
2026-08-07,SKU0139,L0662,156,156,0,无差异
2026-08-07,SKU0341,L0162,134,134,0,无差异
2026-08-07,SKU0380,L0195,147,147,0,无差异
2026-08-07,SKU0166,L0118,175,175,0,无差异
2026-08-07,SKU0345,L0379,116,116,0,无差异
2026-08-07,SKU0410,L0181,127,127,0,无差异
2026-08-07,SKU0465,L0255,106,106,0,无差异
2026-08-07,SKU0463,L0561,131,131,0,无差异
2026-08-07,SKU0165,L0291,87,84,-3,盘亏
2026-08-07,SKU0447,L0584,220,220,0,无差异
2026-08-07,SKU0095,L0535,136,136,0,无差异
2026-08-07,SKU0237,L0184,91,95,4,盘盈
2026-08-08,SKU0397,L0656,243,243,0,无差异
2026-08-08,SKU0119,L0468,224,224,0,无差异
2026-08-08,SKU0314,L0570,145,145,0,无差异
2026-08-08,SKU0250,L0223,202,202,0,无差异
2026-08-08,SKU0066,L0525,104,104,0,无差异
2026-08-08,SKU0176,L0613,179,179,0,无差异
2026-08-08,SKU0416,L0111,127,127,0,无差异
2026-08-08,SKU0125,L0377,139,139,0,无差异
2026-08-08,SKU0401,L0285,101,101,0,无差异
2026-08-08,SKU0191,L0432,168,168,0,无差异
2026-08-08,SKU0286,L0501,191,191,0,无差异
2026-08-08,SKU0219,L0492,132,132,0,无差异
2026-08-08,SKU0222,L0508,179,179,0,无差异
2026-08-08,SKU0291,L0366,128,128,0,无差异
2026-08-08,SKU0153,L0713,432,432,0,无差异
2026-08-08,SKU0345,L0379,116,116,0,无差异
2026-08-08,SKU0086,L0044,126,126,0,无差异
2026-08-08,SKU0467,L0532,126,126,0,无差异
2026-08-08,SKU0430,L0685,109,109,0,无差异
2026-08-08,SKU0156,L0611,174,174,0,无差异
2026-08-08,SKU0073,L0179,123,123,0,无差异
2026-08-08,SKU0364,L0691,168,168,0,无差异
2026-08-08,SKU0197,L0399,230,230,0,无差异
2026-08-08,SKU0424,L0205,120,120,0,无差异
2026-08-08,SKU0051,L0344,76,76,0,无差异
2026-08-08,SKU0041,L0143,152,152,0,无差异
2026-08-08,SKU0090,L0247,159,157,-2,盘亏
2026-08-08,SKU0415,L0652,142,142,0,无差异
2026-08-08,SKU0431,L0769,123,123,0,无差异
2026-08-08,SKU0039,L0724,213,213,0,无差异
2026-08-08,SKU0482,L0684,183,183,0,无差异
2026-08-08,SKU0091,L0617,129,129,0,无差异
2026-08-08,SKU0170,L0224,102,102,0,无差异
2026-08-08,SKU0212,L0024,145,145,0,无差异
2026-08-08,SKU0138,L0335,168,168,0,无差异
2026-08-08,SKU0487,L0658,133,133,0,无差异
2026-08-08,SKU0366,L0064,180,180,0,无差异
2026-08-08,SKU0160,L0411,201,201,0,无差异
2026-08-08,SKU0255,L0027,148,148,0,无差异
2026-08-08,SKU0110,L0151,172,172,0,无差异
2026-08-08,SKU0290,L0327,75,75,0,无差异
2026-08-08,SKU0158,L0107,109,109,0,无差异
2026-08-08,SKU0010,L0598,514,514,0,无差异
2026-08-08,SKU0048,L0065,203,203,0,无差异
2026-08-08,SKU0413,L0106,146,146,0,无差异
2026-08-08,SKU0500,L0038,128,128,0,无差异
2026-08-08,SKU0347,L0328,116,116,0,无差异
2026-08-08,SKU0319,L0461,96,96,0,无差异
2026-08-08,SKU0318,L0502,114,114,0,无差异
2026-08-08,SKU0069,L0416,203,203,0,无差异
2026-08-09,SKU0003,L0288,118,118,0,无差异
2026-08-09,SKU0389,L0477,254,254,0,无差异
2026-08-09,SKU0234,L0682,110,110,0,无差异
2026-08-09,SKU0223,L0565,150,150,0,无差异
2026-08-09,SKU0248,L0373,190,190,0,无差异
2026-08-09,SKU0040,L0534,123,123,0,无差异
2026-08-09,SKU0382,L0441,145,145,0,无差异
2026-08-09,SKU0069,L0416,203,203,0,无差异
2026-08-09,SKU0020,L0222,114,114,0,无差异
2026-08-09,SKU0462,L0612,209,209,0,无差异
2026-08-09,SKU0126,L0200,169,169,0,无差异
2026-08-09,SKU0270,L0553,307,307,0,无差异
2026-08-09,SKU0366,L0064,190,190,0,无差异
2026-08-09,SKU0398,L0595,321,321,0,无差异
2026-08-09,SKU0457,L0449,179,179,0,无差异
2026-08-09,SKU0061,L0714,530,530,0,无差异
2026-08-09,SKU0266,L0164,133,133,0,无差异
2026-08-09,SKU0447,L0584,240,240,0,无差异
2026-08-09,SKU0213,L0040,191,191,0,无差异
2026-08-09,SKU0410,L0181,129,129,0,无差异
2026-08-09,SKU0341,L0162,134,134,0,无差异
2026-08-09,SKU0150,L0180,161,161,0,无差异
2026-08-09,SKU0163,L0585,169,169,0,无差异
2026-08-09,SKU0326,L0700,210,210,0,无差异
2026-08-09,SKU0178,L0528,118,118,0,无差异
2026-08-09,SKU0144,L0354,211,211,0,无差异
2026-08-09,SKU0073,L0179,118,118,0,无差异
2026-08-09,SKU0204,L0740,184,184,0,无差异
2026-08-09,SKU0491,L0252,121,121,0,无差异
2026-08-09,SKU0111,L0701,245,245,0,无差异
2026-08-09,SKU0228,L0276,244,244,0,无差异
2026-08-09,SKU0214,L0676,477,477,0,无差异
2026-08-09,SKU0046,L0764,142,142,0,无差异
2026-08-09,SKU0418,L0771,146,146,0,无差异
2026-08-09,SKU0441,L0633,379,379,0,无差异
2026-08-09,SKU0487,L0658,157,157,0,无差异
2026-08-09,SKU0271,L0246,149,149,0,无差异
2026-08-09,SKU0437,L0115,175,175,0,无差异
2026-08-09,SKU0053,L0149,164,164,0,无差异
2026-08-09,SKU0133,L0349,180,180,0,无差异
2026-08-09,SKU0317,L0677,675,675,0,无差异
2026-08-09,SKU0482,L0684,194,194,0,无差异
2026-08-09,SKU0012,L0322,125,125,0,无差异
2026-08-09,SKU0343,L0267,127,127,0,无差异
2026-08-09,SKU0222,L0508,209,209,0,无差异
2026-08-09,SKU0220,L0282,163,163,0,无差异
2026-08-09,SKU0219,L0492,132,132,0,无差异
2026-08-09,SKU0035,L0314,242,242,0,无差异
2026-08-09,SKU0198,L0478,315,315,0,无差异
2026-08-09,SKU0429,L0755,709,709,0,无差异
2026-08-10,SKU0135,L0202,186,186,0,无差异
2026-08-10,SKU0425,L0219,196,196,0,无差异
2026-08-10,SKU0151,L0062,127,127,0,无差异
2026-08-10,SKU0174,L0248,153,153,0,无差异
2026-08-10,SKU0190,L0606,166,166,0,无差异
2026-08-10,SKU0455,L0639,502,502,0,无差异
2026-08-10,SKU0146,L0544,196,196,0,无差异
2026-08-10,SKU0186,L0039,216,216,0,无差异
2026-08-10,SKU0309,L0211,124,124,0,无差异
2026-08-10,SKU0096,L0167,151,151,0,无差异
2026-08-10,SKU0384,L0381,190,190,0,无差异
2026-08-10,SKU0122,L0317,295,295,0,无差异
2026-08-10,SKU0117,L0173,139,139,0,无差异
2026-08-10,SKU0441,L0633,376,376,0,无差异
2026-08-10,SKU0217,L0238,167,167,0,无差异
2026-08-10,SKU0445,L0689,189,189,0,无差异
2026-08-10,SKU0057,L0574,180,180,0,无差异
2026-08-10,SKU0084,L0736,266,266,0,无差异
2026-08-10,SKU0167,L0298,94,94,0,无差异
2026-08-10,SKU0238,L0421,205,205,0,无差异
2026-08-10,SKU0417,L0550,214,214,0,无差异
2026-08-10,SKU0150,L0180,161,161,0,无差异
2026-08-10,SKU0126,L0200,164,164,0,无差异
2026-08-10,SKU0353,L0361,119,119,0,无差异
2026-08-10,SKU0193,L0343,177,177,0,无差异
2026-08-10,SKU0003,L0288,128,128,0,无差异
2026-08-10,SKU0177,L0085,136,136,0,无差异
2026-08-10,SKU0209,L0337,225,225,0,无差异
2026-08-10,SKU0195,L0055,203,203,0,无差异
2026-08-10,SKU0304,L0339,169,169,0,无差异
2026-08-10,SKU0475,L0367,146,146,0,无差异
2026-08-10,SKU0215,L0146,138,138,0,无差异
2026-08-10,SKU0458,L0003,197,197,0,无差异
2026-08-10,SKU0063,L0460,219,219,0,无差异
2026-08-10,SKU0294,L0504,235,235,0,无差异
2026-08-10,SKU0331,L0369,130,130,0,无差异
2026-08-10,SKU0471,L0320,181,181,0,无差异
2026-08-10,SKU0143,L0673,414,414,0,无差异
2026-08-10,SKU0406,L0692,182,182,0,无差异
2026-08-10,SKU0464,L0132,162,162,0,无差异
2026-08-10,SKU0244,L0125,110,110,0,无差异
2026-08-10,SKU0108,L0786,334,334,0,无差异
2026-08-10,SKU0103,L0201,84,84,0,无差异
2026-08-10,SKU0237,L0184,105,105,0,无差异
2026-08-10,SKU0005,L0358,122,122,0,无差异
2026-08-10,SKU0075,L0089,126,126,0,无差异
2026-08-10,SKU0287,L0479,331,331,0,无差异
2026-08-10,SKU0120,L0605,156,156,0,无差异
2026-08-10,SKU0165,L0291,101,101,0,无差异
2026-08-10,SKU0138,L0335,180,180,0,无差异
2026-08-11,SKU0444,L0155,133,133,0,无差异
2026-08-11,SKU0101,L0316,242,242,0,无差异
2026-08-11,SKU0411,L0122,125,125,0,无差异
2026-08-11,SKU0263,L0735,234,234,0,无差异
2026-08-11,SKU0267,L0581,199,199,0,无差异
2026-08-11,SKU0278,L0068,136,136,0,无差异
2026-08-11,SKU0350,L0593,304,304,0,无差异
2026-08-11,SKU0470,L0256,138,138,0,无差异
2026-08-11,SKU0041,L0143,160,160,0,无差异
2026-08-11,SKU0230,L0699,289,289,0,无差异
2026-08-11,SKU0013,L0567,161,161,0,无差异
2026-08-11,SKU0285,L0071,171,171,0,无差异
2026-08-11,SKU0337,L0589,290,290,0,无差异
2026-08-11,SKU0190,L0606,166,166,0,无差异
2026-08-11,SKU0165,L0291,101,97,-4,盘亏
2026-08-11,SKU0225,L0005,145,145,0,无差异
2026-08-11,SKU0016,L0762,109,109,0,无差异
2026-08-11,SKU0049,L0751,410,410,0,无差异
2026-08-11,SKU0213,L0040,203,203,0,无差异
2026-08-11,SKU0009,L0230,90,90,0,无差异
2026-08-11,SKU0293,L0541,120,120,0,无差异
2026-08-11,SKU0366,L0064,189,189,0,无差异
2026-08-11,SKU0403,L0128,122,122,0,无差异
2026-08-11,SKU0118,L0017,131,131,0,无差异
2026-08-11,SKU0272,L0093,130,130,0,无差异
2026-08-11,SKU0298,L0236,174,174,0,无差异
2026-08-11,SKU0062,L0144,131,131,0,无差异
2026-08-11,SKU0195,L0055,198,198,0,无差异
2026-08-11,SKU0079,L0646,194,194,0,无差异
2026-08-11,SKU0497,L0362,94,94,0,无差异
2026-08-11,SKU0382,L0441,156,156,0,无差异
2026-08-11,SKU0046,L0764,142,142,0,无差异
2026-08-11,SKU0456,L0517,308,308,0,无差异
2026-08-11,SKU0083,L0014,186,186,0,无差异
2026-08-11,SKU0490,L0109,218,218,0,无差异
2026-08-11,SKU0001,L0588,208,208,0,无差异
2026-08-11,SKU0318,L0502,131,131,0,无差异
2026-08-11,SKU0486,L0046,182,182,0,无差异
2026-08-11,SKU0198,L0478,300,300,0,无差异
2026-08-11,SKU0438,L0719,1204,1204,0,无差异
2026-08-11,SKU0153,L0713,408,408,0,无差异
2026-08-11,SKU0039,L0724,217,217,0,无差异
2026-08-11,SKU0396,L0189,159,159,0,无差异
2026-08-11,SKU0125,L0377,152,152,0,无差异
2026-08-11,SKU0265,L0244,112,112,0,无差异
2026-08-11,SKU0260,L0119,123,123,0,无差异
2026-08-11,SKU0437,L0115,184,184,0,无差异
2026-08-11,SKU0427,L0434,216,216,0,无差异
2026-08-11,SKU0157,L0616,168,168,0,无差异
2026-08-11,SKU0201,L0548,233,233,0,无差异
2026-08-12,SKU0455,L0639,485,485,0,无差异
2026-08-12,SKU0336,L0185,92,92,0,无差异
2026-08-12,SKU0088,L0750,307,311,4,盘盈
2026-08-12,SKU0024,L0072,144,144,0,无差异
2026-08-12,SKU0040,L0534,116,116,0,无差异
2026-08-12,SKU0424,L0205,113,113,0,无差异
2026-08-12,SKU0422,L0556,321,321,0,无差异
2026-08-12,SKU0308,L0278,160,160,0,无差异
2026-08-12,SKU0406,L0692,188,188,0,无差异
2026-08-12,SKU0340,L0604,137,137,0,无差异
2026-08-12,SKU0014,L0531,159,159,0,无差异
2026-08-12,SKU0463,L0561,135,135,0,无差异
2026-08-12,SKU0055,L0239,151,151,0,无差异
2026-08-12,SKU0379,L0782,347,347,0,无差异
2026-08-12,SKU0076,L0680,775,775,0,无差异
2026-08-12,SKU0309,L0211,124,124,0,无差异
2026-08-12,SKU0382,L0441,153,153,0,无差异
2026-08-12,SKU0209,L0337,236,236,0,无差异
2026-08-12,SKU0403,L0128,116,116,0,无差异
2026-08-12,SKU0415,L0652,157,157,0,无差异
2026-08-12,SKU0054,L0686,209,209,0,无差异
2026-08-12,SKU0111,L0701,267,262,-5,盘亏
2026-08-12,SKU0476,L0043,174,174,0,无差异
2026-08-12,SKU0280,L0772,259,259,0,无差异
2026-08-12,SKU0105,L0010,108,108,0,无差异
2026-08-12,SKU0474,L0431,193,193,0,无差异
2026-08-12,SKU0060,L0512,207,202,-5,盘亏
2026-08-12,SKU0096,L0167,147,147,0,无差异
2026-08-12,SKU0357,L0743,234,234,0,无差异
2026-08-12,SKU0316,L0590,262,262,0,无差异
2026-08-12,SKU0332,L0759,1748,1748,0,无差异
2026-08-12,SKU0487,L0658,142,142,0,无差异
2026-08-12,SKU0098,L0473,244,244,0,无差异
2026-08-12,SKU0195,L0055,202,202,0,无差异
2026-08-12,SKU0237,L0184,99,99,0,无差异
2026-08-12,SKU0304,L0339,176,176,0,无差异
2026-08-12,SKU0227,L0621,216,216,0,无差异
2026-08-12,SKU0311,L0649,142,142,0,无差异
2026-08-12,SKU0157,L0616,181,181,0,无差异
2026-08-12,SKU0117,L0173,132,132,0,无差异
2026-08-12,SKU0299,L0204,200,200,0,无差异
2026-08-12,SKU0197,L0399,224,224,0,无差异
2026-08-12,SKU0361,L0207,175,175,0,无差异
2026-08-12,SKU0001,L0588,204,204,0,无差异
2026-08-12,SKU0045,L0668,295,295,0,无差异
2026-08-12,SKU0193,L0343,185,185,0,无差异
2026-08-12,SKU0225,L0005,156,156,0,无差异
2026-08-12,SKU0182,L0258,99,99,0,无差异
2026-08-12,SKU0418,L0771,133,133,0,无差异
2026-08-12,SKU0434,L0382,179,179,0,无差异
2026-08-13,SKU0429,L0755,715,715,0,无差异
2026-08-13,SKU0086,L0044,139,139,0,无差异
2026-08-13,SKU0198,L0478,279,279,0,无差异
2026-08-13,SKU0130,L0647,169,169,0,无差异
2026-08-13,SKU0275,L0049,167,167,0,无差异
2026-08-13,SKU0419,L0627,312,312,0,无差异
2026-08-13,SKU0388,L0708,361,361,0,无差异
2026-08-13,SKU0036,L0624,254,254,0,无差异
2026-08-13,SKU0496,L0050,169,169,0,无差异
2026-08-13,SKU0160,L0411,213,213,0,无差异
2026-08-13,SKU0163,L0585,142,142,0,无差异
2026-08-13,SKU0483,L0551,240,240,0,无差异
2026-08-13,SKU0210,L0730,114,114,0,无差异
2026-08-13,SKU0313,L0030,167,167,0,无差异
2026-08-13,SKU0297,L0481,116,116,0,无差异
2026-08-13,SKU0360,L0768,155,155,0,无差异
2026-08-13,SKU0040,L0534,135,135,0,无差异
2026-08-13,SKU0495,L0794,1034,1034,0,无差异
2026-08-13,SKU0223,L0565,155,155,0,无差异
2026-08-13,SKU0065,L0721,218,218,0,无差异
2026-08-13,SKU0201,L0548,226,226,0,无差异
2026-08-13,SKU0316,L0590,297,297,0,无差异
2026-08-13,SKU0291,L0366,140,140,0,无差异
2026-08-13,SKU0191,L0432,184,184,0,无差异
2026-08-13,SKU0139,L0662,167,167,0,无差异
2026-08-13,SKU0035,L0314,256,256,0,无差异
2026-08-13,SKU0189,L0523,89,89,0,无差异
2026-08-13,SKU0498,L0097,126,126,0,无差异
2026-08-13,SKU0066,L0525,118,118,0,无差异
2026-08-13,SKU0249,L0790,409,405,-4,盘亏
2026-08-13,SKU0362,L0134,176,176,0,无差异
2026-08-13,SKU0185,L0375,152,152,0,无差异
2026-08-13,SKU0443,L0302,131,131,0,无差异
2026-08-13,SKU0400,L0210,110,110,0,无差异
2026-08-13,SKU0069,L0416,208,208,0,无差异
2026-08-13,SKU0045,L0668,286,286,0,无差异
2026-08-13,SKU0072,L0507,172,172,0,无差异
2026-08-13,SKU0206,L0760,2484,2484,0,无差异
2026-08-13,SKU0475,L0367,143,143,0,无差异
2026-08-13,SKU0021,L0482,130,130,0,无差异
2026-08-13,SKU0232,L0630,296,296,0,无差异
2026-08-13,SKU0202,L0733,199,199,0,无差异
2026-08-13,SKU0354,L0476,280,280,0,无差异
2026-08-13,SKU0092,L0749,384,380,-4,盘亏
2026-08-13,SKU0270,L0553,322,322,0,无差异
2026-08-13,SKU0433,L0045,135,135,0,无差异
2026-08-13,SKU0436,L0462,203,203,0,无差异
2026-08-13,SKU0032,L0066,153,153,0,无差异
2026-08-13,SKU0019,L0761,224,224,0,无差异
2026-08-13,SKU0229,L0459,165,165,0,无差异
2026-08-14,SKU0193,L0343,196,196,0,无差异
2026-08-14,SKU0329,L0537,232,232,0,无差异
2026-08-14,SKU0348,L0439,216,216,0,无差异
2026-08-14,SKU0419,L0627,312,312,0,无差异
2026-08-14,SKU0221,L0315,231,231,0,无差异
2026-08-14,SKU0208,L0540,226,226,0,无差异
2026-08-14,SKU0125,L0377,148,148,0,无差异
2026-08-14,SKU0147,L0739,214,214,0,无差异
2026-08-14,SKU0398,L0595,348,348,0,无差异
2026-08-14,SKU0408,L0190,163,163,0,无差异
2026-08-14,SKU0226,L0293,129,129,0,无差异
2026-08-14,SKU0262,L0136,123,123,0,无差异
2026-08-14,SKU0086,L0044,139,139,0,无差异
2026-08-14,SKU0342,L0727,124,124,0,无差异
2026-08-14,SKU0292,L0221,113,111,-2,盘亏
2026-08-14,SKU0199,L0594,316,316,0,无差异
2026-08-14,SKU0362,L0134,176,176,0,无差异
2026-08-14,SKU0289,L0083,133,133,0,无差异
2026-08-14,SKU0217,L0238,160,160,0,无差异
2026-08-14,SKU0033,L0797,2052,2052,0,无差异
2026-08-14,SKU0383,L0747,270,270,0,无差异
2026-08-14,SKU0024,L0072,156,156,0,无差异
2026-08-14,SKU0164,L0082,181,181,0,无差异
2026-08-14,SKU0306,L0398,272,272,0,无差异
2026-08-14,SKU0159,L0355,228,228,0,无差异
2026-08-14,SKU0198,L0478,278,278,0,无差异
2026-08-14,SKU0313,L0030,176,176,0,无差异
2026-08-14,SKU0422,L0556,306,306,0,无差异
2026-08-14,SKU0464,L0132,173,173,0,无差异
2026-08-14,SKU0030,L0510,173,173,0,无差异
2026-08-14,SKU0309,L0211,136,136,0,无差异
2026-08-14,SKU0458,L0003,206,206,0,无差异
2026-08-14,SKU0350,L0593,335,335,0,无差异
2026-08-14,SKU0189,L0523,103,103,0,无差异
2026-08-14,SKU0293,L0541,130,130,0,无差异
2026-08-14,SKU0044,L0587,233,233,0,无差异
2026-08-14,SKU0115,L0306,180,176,-4,盘亏
2026-08-14,SKU0085,L0711,419,419,0,无差异
2026-08-14,SKU0390,L0651,170,170,0,无差异
2026-08-14,SKU0341,L0162,145,145,0,无差异
2026-08-14,SKU0288,L0197,143,143,0,无差异
2026-08-14,SKU0110,L0151,190,190,0,无差异
2026-08-14,SKU0236,L0442,129,129,0,无差异
2026-08-14,SKU0301,L0748,402,402,0,无差异
2026-08-14,SKU0253,L0148,152,152,0,无差异
2026-08-14,SKU0141,L0110,141,137,-4,盘亏
2026-08-14,SKU0322,L0489,110,110,0,无差异
2026-08-14,SKU0387,L0609,165,165,0,无差异
2026-08-14,SKU0355,L0357,183,183,0,无差异
2026-08-14,SKU0103,L0201,96,96,0,无差异
2026-08-15,SKU0426,L0626,234,234,0,无差异
2026-08-15,SKU0292,L0221,113,113,0,无差异
2026-08-15,SKU0244,L0125,119,119,0,无差异
2026-08-15,SKU0125,L0377,164,164,0,无差异
2026-08-15,SKU0022,L0026,217,217,0,无差异
2026-08-15,SKU0109,L0178,154,154,0,无差异
2026-08-15,SKU0130,L0647,179,179,0,无差异
2026-08-15,SKU0158,L0107,114,114,0,无差异
2026-08-15,SKU0495,L0794,1081,1081,0,无差异
2026-08-15,SKU0188,L0331,124,124,0,无差异
2026-08-15,SKU0403,L0128,128,128,0,无差异
2026-08-15,SKU0005,L0358,140,140,0,无差异
2026-08-15,SKU0291,L0366,147,147,0,无差异
2026-08-15,SKU0484,L0090,134,134,0,无差异
2026-08-15,SKU0144,L0354,221,221,0,无差异
2026-08-15,SKU0393,L0139,182,182,0,无差异
2026-08-15,SKU0356,L0450,221,221,0,无差异
2026-08-15,SKU0118,L0017,124,124,0,无差异
2026-08-15,SKU0171,L0374,162,162,0,无差异
2026-08-15,SKU0290,L0327,79,79,0,无差异
2026-08-15,SKU0152,L0126,198,198,0,无差异
2026-08-15,SKU0191,L0432,182,182,0,无差异
2026-08-15,SKU0132,L0602,156,156,0,无差异
2026-08-15,SKU0265,L0244,121,121,0,无差异
2026-08-15,SKU0189,L0523,103,104,1,盘盈
2026-08-15,SKU0433,L0045,135,138,3,盘盈
2026-08-15,SKU0035,L0314,265,265,0,无差异
2026-08-15,SKU0421,L0791,602,602,0,无差异
2026-08-15,SKU0376,L0271,187,187,0,无差异
2026-08-15,SKU0387,L0609,173,173,0,无差异
2026-08-15,SKU0155,L0569,208,208,0,无差异
2026-08-15,SKU0457,L0449,198,198,0,无差异
2026-08-15,SKU0305,L0142,173,173,0,无差异
2026-08-15,SKU0485,L0341,234,234,0,无差异
2026-08-15,SKU0149,L0108,204,204,0,无差异
2026-08-15,SKU0051,L0344,93,93,0,无差异
2026-08-15,SKU0218,L0318,225,225,0,无差异
2026-08-15,SKU0079,L0646,205,205,0,无差异
2026-08-15,SKU0227,L0621,220,220,0,无差异
2026-08-15,SKU0204,L0740,181,181,0,无差异
2026-08-15,SKU0123,L0560,456,456,0,无差异
2026-08-15,SKU0299,L0204,203,203,0,无差异
2026-08-15,SKU0435,L0186,132,132,0,无差异
2026-08-15,SKU0351,L0549,211,211,0,无差异
2026-08-15,SKU0423,L0731,136,136,0,无差异
2026-08-15,SKU0477,L0321,115,115,0,无差异
2026-08-15,SKU0450,L0643,118,118,0,无差异
2026-08-15,SKU0066,L0525,106,106,0,无差异
2026-08-15,SKU0077,L0524,206,206,0,无差异
2026-08-15,SKU0247,L0048,221,221,0,无差异
2026-08-16,SKU0199,L0594,308,308,0,无差异
2026-08-16,SKU0389,L0477,298,298,0,无差异
2026-08-16,SKU0044,L0587,248,248,0,无差异
2026-08-16,SKU0236,L0442,143,143,0,无差异
2026-08-16,SKU0328,L0623,180,180,0,无差异
2026-08-16,SKU0101,L0316,243,243,0,无差异
2026-08-16,SKU0366,L0064,195,195,0,无差异
2026-08-16,SKU0174,L0248,154,154,0,无差异
2026-08-16,SKU0348,L0439,233,233,0,无差异
2026-08-16,SKU0456,L0517,317,317,0,无差异
2026-08-16,SKU0011,L0596,444,444,0,无差异
2026-08-16,SKU0412,L0725,163,163,0,无差异
2026-08-16,SKU0233,L0075,157,157,0,无差异
2026-08-16,SKU0446,L0402,142,142,0,无差异
2026-08-16,SKU0045,L0668,288,288,0,无差异
2026-08-16,SKU0108,L0786,307,307,0,无差异
2026-08-16,SKU0229,L0459,176,176,0,无差异
2026-08-16,SKU0126,L0200,169,169,0,无差异
2026-08-16,SKU0448,L0564,172,172,0,无差异
2026-08-16,SKU0433,L0045,135,135,0,无差异
2026-08-16,SKU0311,L0649,157,157,0,无差异
2026-08-16,SKU0287,L0479,336,336,0,无差异
2026-08-16,SKU0016,L0762,100,100,0,无差异
2026-08-16,SKU0165,L0291,111,111,0,无差异
2026-08-16,SKU0185,L0375,146,146,0,无差异
2026-08-16,SKU0267,L0581,230,230,0,无差异
2026-08-16,SKU0493,L0087,168,168,0,无差异
2026-08-16,SKU0499,L0212,218,218,0,无差异
2026-08-16,SKU0441,L0633,397,397,0,无差异
2026-08-16,SKU0254,L0363,83,83,0,无差异
2026-08-16,SKU0058,L0182,140,140,0,无差异
2026-08-16,SKU0015,L0454,135,135,0,无差异
2026-08-16,SKU0034,L0660,200,200,0,无差异
2026-08-16,SKU0159,L0355,238,238,0,无差异
2026-08-16,SKU0143,L0673,364,364,0,无差异
2026-08-16,SKU0193,L0343,193,193,0,无差异
2026-08-16,SKU0243,L0156,152,152,0,无差异
2026-08-16,SKU0450,L0643,118,116,-2,盘亏
2026-08-16,SKU0164,L0082,190,190,0,无差异
2026-08-16,SKU0313,L0030,176,179,3,盘盈
2026-08-16,SKU0062,L0144,130,130,0,无差异
2026-08-16,SKU0334,L0074,239,239,0,无差异
2026-08-16,SKU0009,L0230,96,96,0,无差异
2026-08-16,SKU0293,L0541,128,128,0,无差异
2026-08-16,SKU0331,L0369,142,142,0,无差异
2026-08-16,SKU0365,L0390,216,216,0,无差异
2026-08-16,SKU0231,L0272,220,220,0,无差异
2026-08-16,SKU0224,L0422,150,150,0,无差异
2026-08-16,SKU0238,L0421,210,210,0,无差异
2026-08-16,SKU0006,L0608,174,174,0,无差异
2026-08-17,SKU0434,L0382,188,188,0,无差异
2026-08-17,SKU0174,L0248,165,165,0,无差异
2026-08-17,SKU0041,L0143,164,164,0,无差异
2026-08-17,SKU0336,L0185,84,84,0,无差异
2026-08-17,SKU0033,L0797,1842,1842,0,无差异
2026-08-17,SKU0469,L0296,146,146,0,无差异
2026-08-17,SKU0114,L0385,170,170,0,无差异
2026-08-17,SKU0008,L0763,129,129,0,无差异
2026-08-17,SKU0304,L0339,188,188,0,无差异
2026-08-17,SKU0185,L0375,146,146,0,无差异
2026-08-17,SKU0480,L0789,526,526,0,无差异
2026-08-17,SKU0496,L0050,160,160,0,无差异
2026-08-17,SKU0038,L0487,111,111,0,无差异
2026-08-17,SKU0111,L0701,239,239,0,无差异
2026-08-17,SKU0392,L0308,162,162,0,无差异
2026-08-17,SKU0171,L0374,174,174,0,无差异
2026-08-17,SKU0379,L0782,326,326,0,无差异
2026-08-17,SKU0133,L0349,205,205,0,无差异
2026-08-17,SKU0483,L0551,243,243,0,无差异
2026-08-17,SKU0074,L0425,143,143,0,无差异
2026-08-17,SKU0486,L0046,195,195,0,无差异
2026-08-17,SKU0370,L0198,200,200,0,无差异
2026-08-17,SKU0245,L0359,268,268,0,无差异
2026-08-17,SKU0094,L0140,130,130,0,无差异
2026-08-17,SKU0121,L0622,291,291,0,无差异
2026-08-17,SKU0065,L0721,212,212,0,无差异
2026-08-17,SKU0241,L0112,137,137,0,无差异
2026-08-17,SKU0013,L0567,175,175,0,无差异
2026-08-17,SKU0197,L0399,243,243,0,无差异
2026-08-17,SKU0217,L0238,180,180,0,无差异
2026-08-17,SKU0269,L0147,123,123,0,无差异
2026-08-17,SKU0184,L0235,202,202,0,无差异
2026-08-17,SKU0377,L0387,234,234,0,无差异
2026-08-17,SKU0438,L0719,1158,1158,0,无差异
2026-08-17,SKU0251,L0538,161,159,-2,盘亏
2026-08-17,SKU0175,L0021,125,125,0,无差异
2026-08-17,SKU0238,L0421,206,206,0,无差异
2026-08-17,SKU0345,L0379,139,139,0,无差异
2026-08-17,SKU0293,L0541,146,146,0,无差异
2026-08-17,SKU0009,L0230,96,96,0,无差异
2026-08-17,SKU0333,L0063,118,118,0,无差异
2026-08-17,SKU0448,L0564,179,179,0,无差异
2026-08-17,SKU0128,L0571,145,145,0,无差异
2026-08-17,SKU0096,L0167,155,155,0,无差异
2026-08-17,SKU0382,L0441,159,159,0,无差异
2026-08-17,SKU0025,L0718,1195,1195,0,无差异
2026-08-17,SKU0120,L0605,170,170,0,无差异
2026-08-17,SKU0152,L0126,196,192,-4,盘亏
2026-08-17,SKU0220,L0282,179,179,0,无差异
2026-08-17,SKU0001,L0588,196,196,0,无差异
2026-08-18,SKU0065,L0721,211,211,0,无差异
2026-08-18,SKU0288,L0197,157,157,0,无差异
2026-08-18,SKU0140,L0514,274,274,0,无差异
2026-08-18,SKU0034,L0660,216,216,0,无差异
2026-08-18,SKU0471,L0320,193,193,0,无差异
2026-08-18,SKU0183,L0129,136,136,0,无差异
2026-08-18,SKU0093,L0657,239,239,0,无差异
2026-08-18,SKU0070,L0664,229,229,0,无差异
2026-08-18,SKU0031,L0690,209,209,0,无差异
2026-08-18,SKU0443,L0302,128,128,0,无差异
2026-08-18,SKU0367,L0340,145,145,0,无差异
2026-08-18,SKU0394,L0545,182,182,0,无差异
2026-08-18,SKU0354,L0476,283,283,0,无差异
2026-08-18,SKU0148,L0307,137,137,0,无差异
2026-08-18,SKU0043,L0001,119,119,0,无差异
2026-08-18,SKU0448,L0564,175,175,0,无差异
2026-08-18,SKU0158,L0107,127,127,0,无差异
2026-08-18,SKU0462,L0612,236,236,0,无差异
2026-08-18,SKU0128,L0571,161,161,0,无差异
2026-08-18,SKU0076,L0680,826,826,0,无差异
2026-08-18,SKU0380,L0195,182,182,0,无差异
2026-08-18,SKU0326,L0700,221,221,0,无差异
2026-08-18,SKU0137,L0371,136,136,0,无差异
2026-08-18,SKU0001,L0588,227,227,0,无差异
2026-08-18,SKU0134,L0018,125,125,0,无差异
2026-08-18,SKU0207,L0573,157,157,0,无差异
2026-08-18,SKU0365,L0390,210,210,0,无差异
2026-08-18,SKU0480,L0789,520,520,0,无差异
2026-08-18,SKU0475,L0367,165,160,-5,盘亏
2026-08-18,SKU0175,L0021,125,125,0,无差异
2026-08-18,SKU0181,L0275,220,220,0,无差异
2026-08-18,SKU0359,L0217,125,125,0,无差异
2026-08-18,SKU0341,L0162,155,155,0,无差异
2026-08-18,SKU0274,L0557,412,412,0,无差异
2026-08-18,SKU0278,L0068,148,148,0,无差异
2026-08-18,SKU0188,L0331,122,122,0,无差异
2026-08-18,SKU0387,L0609,165,165,0,无差异
2026-08-18,SKU0121,L0622,291,291,0,无差异
2026-08-18,SKU0250,L0223,238,238,0,无差异
2026-08-18,SKU0027,L0558,456,456,0,无差异
2026-08-18,SKU0263,L0735,255,255,0,无差异
2026-08-18,SKU0055,L0239,166,169,3,盘盈
2026-08-18,SKU0254,L0363,79,79,0,无差异
2026-08-18,SKU0116,L0631,349,349,0,无差异
2026-08-18,SKU0415,L0652,163,163,0,无差异
2026-08-18,SKU0258,L0084,140,140,0,无差异
2026-08-18,SKU0040,L0534,135,135,0,无差异
2026-08-18,SKU0290,L0327,91,88,-3,盘亏
2026-08-18,SKU0431,L0769,141,141,0,无差异
2026-08-18,SKU0129,L0742,301,301,0,无差异
2026-08-19,SKU0315,L0020,161,161,0,无差异
2026-08-19,SKU0426,L0626,249,249,0,无差异
2026-08-19,SKU0439,L0305,129,129,0,无差异
2026-08-19,SKU0422,L0556,324,324,0,无差异
2026-08-19,SKU0382,L0441,168,168,0,无差异
2026-08-19,SKU0228,L0276,251,251,0,无差异
2026-08-19,SKU0313,L0030,188,188,0,无差异
2026-08-19,SKU0007,L0395,193,193,0,无差异
2026-08-19,SKU0219,L0492,155,155,0,无差异
2026-08-19,SKU0270,L0553,335,335,0,无差异
2026-08-19,SKU0242,L0154,154,154,0,无差异
2026-08-19,SKU0060,L0512,206,206,0,无差异
2026-08-19,SKU0336,L0185,98,98,0,无差异
2026-08-19,SKU0134,L0018,125,125,0,无差异
2026-08-19,SKU0443,L0302,145,145,0,无差异
2026-08-19,SKU0179,L0311,185,185,0,无差异
2026-08-19,SKU0381,L0418,131,131,0,无差异
2026-08-19,SKU0330,L0414,165,165,0,无差异
2026-08-19,SKU0466,L0607,173,173,0,无差异
2026-08-19,SKU0274,L0557,398,398,0,无差异
2026-08-19,SKU0354,L0476,283,283,0,无差异
2026-08-19,SKU0390,L0651,184,184,0,无差异
2026-08-19,SKU0453,L0270,178,178,0,无差异
2026-08-19,SKU0299,L0204,212,212,0,无差异
2026-08-19,SKU0392,L0308,159,159,0,无差异
2026-08-19,SKU0273,L0301,154,154,0,无差异
2026-08-19,SKU0063,L0460,244,244,0,无差异
2026-08-19,SKU0154,L0380,177,177,0,无差异
2026-08-19,SKU0083,L0014,209,209,0,无差异
2026-08-19,SKU0303,L0277,256,256,0,无差异
2026-08-19,SKU0236,L0442,138,138,0,无差异
2026-08-19,SKU0120,L0605,182,182,0,无差异
2026-08-19,SKU0400,L0210,124,124,0,无差异
2026-08-19,SKU0482,L0684,226,226,0,无差异
2026-08-19,SKU0059,L0783,267,267,0,无差异
2026-08-19,SKU0368,L0583,194,194,0,无差异
2026-08-19,SKU0094,L0140,138,134,-4,盘亏
2026-08-19,SKU0224,L0422,164,159,-5,盘亏
2026-08-19,SKU0409,L0705,283,283,0,无差异
2026-08-19,SKU0091,L0617,122,122,0,无差异
2026-08-19,SKU0435,L0186,143,143,0,无差异
2026-08-19,SKU0216,L0464,207,207,0,无差异
2026-08-19,SKU0092,L0749,414,414,0,无差异
2026-08-19,SKU0450,L0643,113,113,0,无差异
2026-08-19,SKU0480,L0789,514,514,0,无差异
2026-08-19,SKU0410,L0181,140,140,0,无差异
2026-08-19,SKU0226,L0293,121,121,0,无差异
2026-08-19,SKU0196,L0580,185,185,0,无差异
2026-08-19,SKU0138,L0335,195,195,0,无差异
2026-08-19,SKU0217,L0238,178,178,0,无差异
2026-08-20,SKU0332,L0759,1695,1695,0,无差异
2026-08-20,SKU0391,L0237,191,191,0,无差异
2026-08-20,SKU0400,L0210,124,124,0,无差异
2026-08-20,SKU0371,L0559,429,429,0,无差异
2026-08-20,SKU0024,L0072,155,155,0,无差异
2026-08-20,SKU0046,L0764,158,158,0,无差异
2026-08-20,SKU0128,L0571,157,157,0,无差异
2026-08-20,SKU0340,L0604,150,150,0,无差异
2026-08-20,SKU0353,L0361,140,140,0,无差异
2026-08-20,SKU0492,L0408,215,215,0,无差异
2026-08-20,SKU0424,L0205,129,129,0,无差异
2026-08-20,SKU0260,L0119,120,120,0,无差异
2026-08-20,SKU0022,L0026,235,235,0,无差异
2026-08-20,SKU0198,L0478,281,281,0,无差异
2026-08-20,SKU0136,L0225,148,148,0,无差异
2026-08-20,SKU0041,L0143,177,172,-5,盘亏
2026-08-20,SKU0094,L0140,138,138,0,无差异
2026-08-20,SKU0174,L0248,163,163,0,无差异
2026-08-20,SKU0318,L0502,128,127,-1,盘亏
2026-08-20,SKU0017,L0368,220,220,0,无差异
2026-08-20,SKU0274,L0557,424,424,0,无差异
2026-08-20,SKU0172,L0254,109,109,0,无差异
2026-08-20,SKU0005,L0358,155,155,0,无差异
2026-08-20,SKU0273,L0301,170,170,0,无差异
2026-08-20,SKU0474,L0431,206,206,0,无差异
2026-08-20,SKU0108,L0786,347,347,0,无差异
2026-08-20,SKU0295,L0389,137,137,0,无差异
2026-08-20,SKU0119,L0468,231,231,0,无差异
2026-08-20,SKU0078,L0019,112,112,0,无差异
2026-08-20,SKU0088,L0750,333,333,0,无差异
2026-08-20,SKU0444,L0155,147,147,0,无差异
2026-08-20,SKU0266,L0164,155,155,0,无差异
2026-08-20,SKU0095,L0535,160,160,0,无差异
2026-08-20,SKU0262,L0136,125,125,0,无差异
2026-08-20,SKU0141,L0110,150,150,0,无差异
2026-08-20,SKU0289,L0083,142,142,0,无差异
2026-08-20,SKU0288,L0197,157,157,0,无差异
2026-08-20,SKU0016,L0762,113,113,0,无差异
2026-08-20,SKU0388,L0708,417,417,0,无差异
2026-08-20,SKU0367,L0340,140,140,0,无差异
2026-08-20,SKU0076,L0680,799,799,0,无差异
2026-08-20,SKU0490,L0109,243,243,0,无差异
2026-08-20,SKU0216,L0464,207,205,-2,盘亏
2026-08-20,SKU0325,L0364,153,153,0,无差异
2026-08-20,SKU0291,L0366,150,146,-4,盘亏
2026-08-20,SKU0368,L0583,192,192,0,无差异
2026-08-20,SKU0044,L0587,259,259,0,无差异
2026-08-20,SKU0456,L0517,337,337,0,无差异
2026-08-20,SKU0012,L0322,132,132,0,无差异
2026-08-20,SKU0374,L0016,145,145,0,无差异
2026-08-21,SKU0489,L0729,219,219,0,无差异
2026-08-21,SKU0300,L0401,154,154,0,无差异
2026-08-21,SKU0498,L0097,147,147,0,无差异
2026-08-21,SKU0493,L0087,167,167,0,无差异
2026-08-21,SKU0383,L0747,286,286,0,无差异
2026-08-21,SKU0349,L0053,136,136,0,无差异
2026-08-21,SKU0436,L0462,224,224,0,无差异
2026-08-21,SKU0142,L0741,302,302,0,无差异
2026-08-21,SKU0494,L0347,212,212,0,无差异
2026-08-21,SKU0281,L0099,229,224,-5,盘亏
2026-08-21,SKU0094,L0140,134,134,0,无差异
2026-08-21,SKU0178,L0528,142,142,0,无差异
2026-08-21,SKU0429,L0755,748,748,0,无差异
2026-08-21,SKU0104,L0161,129,129,0,无差异
2026-08-21,SKU0201,L0548,252,252,0,无差异
2026-08-21,SKU0026,L0284,118,118,0,无差异
2026-08-21,SKU0359,L0217,124,124,0,无差异
2026-08-21,SKU0062,L0144,139,144,5,盘盈
2026-08-21,SKU0276,L0034,140,140,0,无差异
2026-08-21,SKU0027,L0558,486,486,0,无差异
2026-08-21,SKU0443,L0302,140,140,0,无差异
2026-08-21,SKU0463,L0561,152,152,0,无差异
2026-08-21,SKU0314,L0570,171,171,0,无差异
2026-08-21,SKU0022,L0026,235,235,0,无差异
2026-08-21,SKU0183,L0129,136,136,0,无差异
2026-08-21,SKU0105,L0010,113,113,0,无差异
2026-08-21,SKU0332,L0759,1925,1925,0,无差异
2026-08-21,SKU0063,L0460,256,256,0,无差异
2026-08-21,SKU0347,L0328,156,156,0,无差异
2026-08-21,SKU0418,L0771,171,171,0,无差异
2026-08-21,SKU0392,L0308,176,176,0,无差异
2026-08-21,SKU0135,L0202,217,217,0,无差异
2026-08-21,SKU0381,L0418,131,131,0,无差异
2026-08-21,SKU0430,L0685,134,134,0,无差异
2026-08-21,SKU0391,L0237,209,209,0,无差异
2026-08-21,SKU0169,L0105,135,135,0,无差异
2026-08-21,SKU0458,L0003,217,217,0,无差异
2026-08-21,SKU0040,L0534,149,149,0,无差异
2026-08-21,SKU0053,L0149,183,183,0,无差异
2026-08-21,SKU0354,L0476,305,305,0,无差异
2026-08-21,SKU0005,L0358,146,146,0,无差异
2026-08-21,SKU0495,L0794,1108,1108,0,无差异
2026-08-21,SKU0145,L0800,5890,5890,0,无差异
2026-08-21,SKU0160,L0411,231,231,0,无差异
2026-08-21,SKU0112,L0526,135,135,0,无差异
2026-08-21,SKU0330,L0414,165,165,0,无差异
2026-08-21,SKU0209,L0337,260,260,0,无差异
2026-08-21,SKU0239,L0342,134,134,0,无差异
2026-08-21,SKU0323,L0094,138,138,0,无差异
2026-08-21,SKU0487,L0658,170,170,0,无差异
2026-08-22,SKU0404,L0712,533,533,0,无差异
2026-08-22,SKU0236,L0442,148,144,-4,盘亏
2026-08-22,SKU0406,L0692,193,193,0,无差异
2026-08-22,SKU0163,L0585,171,174,3,盘盈
2026-08-22,SKU0109,L0178,163,163,0,无差异
2026-08-22,SKU0253,L0148,169,169,0,无差异
2026-08-22,SKU0055,L0239,177,177,0,无差异
2026-08-22,SKU0105,L0010,109,109,0,无差异
2026-08-22,SKU0209,L0337,260,260,0,无差异
2026-08-22,SKU0437,L0115,213,213,0,无差异
2026-08-22,SKU0391,L0237,209,209,0,无差异
2026-08-22,SKU0354,L0476,295,295,0,无差异
2026-08-22,SKU0248,L0373,221,221,0,无差异
2026-08-22,SKU0436,L0462,224,224,0,无差异
2026-08-22,SKU0214,L0676,607,607,0,无差异
2026-08-22,SKU0176,L0613,176,176,0,无差异
2026-08-22,SKU0300,L0401,154,154,0,无差异
2026-08-22,SKU0023,L0404,102,102,0,无差异
2026-08-22,SKU0383,L0747,334,334,0,无差异
2026-08-22,SKU0004,L0693,206,206,0,无差异
2026-08-22,SKU0184,L0235,219,219,0,无差异
2026-08-22,SKU0409,L0705,272,272,0,无差异
2026-08-22,SKU0249,L0790,421,421,0,无差异
2026-08-22,SKU0312,L0661,191,191,0,无差异
2026-08-22,SKU0440,L0697,252,252,0,无差异
2026-08-22,SKU0298,L0236,231,231,0,无差异
2026-08-22,SKU0028,L0243,116,116,0,无差异
2026-08-22,SKU0429,L0755,733,733,0,无差异
2026-08-22,SKU0122,L0317,334,334,0,无差异
2026-08-22,SKU0445,L0689,207,207,0,无差异
2026-08-22,SKU0181,L0275,241,241,0,无差异
2026-08-22,SKU0331,L0369,148,148,0,无差异
2026-08-22,SKU0173,L0116,274,274,0,无差异
2026-08-22,SKU0394,L0545,193,193,0,无差异
2026-08-22,SKU0098,L0473,278,278,0,无差异
2026-08-22,SKU0183,L0129,136,136,0,无差异
2026-08-22,SKU0198,L0478,318,318,0,无差异
2026-08-22,SKU0162,L0785,336,336,0,无差异
2026-08-22,SKU0057,L0574,214,214,0,无差异
2026-08-22,SKU0430,L0685,132,132,0,无差异
2026-08-22,SKU0369,L0726,168,168,0,无差异
2026-08-22,SKU0231,L0272,235,235,0,无差异
2026-08-22,SKU0270,L0553,363,363,0,无差异
2026-08-22,SKU0274,L0557,415,415,0,无差异
2026-08-22,SKU0110,L0151,210,205,-5,盘亏
2026-08-22,SKU0081,L0438,339,339,0,无差异
2026-08-22,SKU0084,L0736,296,296,0,无差异
2026-08-22,SKU0379,L0782,323,323,0,无差异
2026-08-22,SKU0200,L0403,156,156,0,无差异
2026-08-22,SKU0053,L0149,183,183,0,无差异
2026-08-23,SKU0487,L0658,168,168,0,无差异
2026-08-23,SKU0184,L0235,214,214,0,无差异
2026-08-23,SKU0106,L0632,365,365,0,无差异
2026-08-23,SKU0323,L0094,137,134,-3,盘亏
2026-08-23,SKU0495,L0794,1061,1061,0,无差异
2026-08-23,SKU0229,L0459,184,184,0,无差异
2026-08-23,SKU0150,L0180,184,184,0,无差异
2026-08-23,SKU0295,L0389,153,153,0,无差异
2026-08-23,SKU0414,L0766,203,203,0,无差异
2026-08-23,SKU0499,L0212,232,232,0,无差异
2026-08-23,SKU0395,L0117,200,200,0,无差异
2026-08-23,SKU0044,L0587,277,277,0,无差异
2026-08-23,SKU0266,L0164,167,167,0,无差异
2026-08-23,SKU0250,L0223,243,243,0,无差异
2026-08-23,SKU0353,L0361,135,135,0,无差异
2026-08-23,SKU0257,L0715,520,520,0,无差异
2026-08-23,SKU0383,L0747,331,331,0,无差异
2026-08-23,SKU0068,L0572,177,177,0,无差异
2026-08-23,SKU0265,L0244,134,134,0,无差异
2026-08-23,SKU0204,L0740,236,236,0,无差异
2026-08-23,SKU0244,L0125,119,119,0,无差异
2026-08-23,SKU0197,L0399,262,262,0,无差异
2026-08-23,SKU0109,L0178,176,176,0,无差异
2026-08-23,SKU0428,L0227,208,208,0,无差异
2026-08-23,SKU0014,L0531,181,181,0,无差异
2026-08-23,SKU0138,L0335,203,203,0,无差异
2026-08-23,SKU0053,L0149,183,183,0,无差异
2026-08-23,SKU0099,L0025,206,206,0,无差异
2026-08-23,SKU0221,L0315,245,245,0,无差异
2026-08-23,SKU0113,L0145,113,111,-2,盘亏
2026-08-23,SKU0310,L0127,164,164,0,无差异
2026-08-23,SKU0249,L0790,496,496,0,无差异
2026-08-23,SKU0055,L0239,177,177,0,无差异
2026-08-23,SKU0308,L0278,174,174,0,无差异
2026-08-23,SKU0469,L0296,151,151,0,无差异
2026-08-23,SKU0016,L0762,112,112,0,无差异
2026-08-23,SKU0321,L0452,156,156,0,无差异
2026-08-23,SKU0090,L0247,181,181,0,无差异
2026-08-23,SKU0161,L0159,241,241,0,无差异
2026-08-23,SKU0128,L0571,148,148,0,无差异
2026-08-23,SKU0136,L0225,144,144,0,无差异
2026-08-23,SKU0189,L0523,105,105,0,无差异
2026-08-23,SKU0332,L0759,1823,1823,0,无差异
2026-08-23,SKU0422,L0556,311,311,0,无差异
2026-08-23,SKU0121,L0622,320,320,0,无差异
2026-08-23,SKU0347,L0328,156,156,0,无差异
2026-08-23,SKU0281,L0099,239,239,0,无差异
2026-08-23,SKU0304,L0339,205,205,0,无差异
2026-08-23,SKU0410,L0181,140,140,0,无差异
2026-08-23,SKU0324,L0098,164,164,0,无差异
2026-08-24,SKU0165,L0291,119,119,0,无差异
2026-08-24,SKU0213,L0040,236,236,0,无差异
2026-08-24,SKU0103,L0201,107,107,0,无差异
2026-08-24,SKU0373,L0427,213,213,0,无差异
2026-08-24,SKU0464,L0132,189,189,0,无差异
2026-08-24,SKU0196,L0580,194,194,0,无差异
2026-08-24,SKU0465,L0255,124,124,0,无差异
2026-08-24,SKU0182,L0258,108,108,0,无差异
2026-08-24,SKU0037,L0213,210,210,0,无差异
2026-08-24,SKU0288,L0197,166,166,0,无差异
2026-08-24,SKU0042,L0675,495,495,0,无差异
2026-08-24,SKU0133,L0349,212,212,0,无差异
2026-08-24,SKU0059,L0783,287,287,0,无差异
2026-08-24,SKU0311,L0649,166,166,0,无差异
2026-08-24,SKU0012,L0322,143,143,0,无差异
2026-08-24,SKU0033,L0797,1957,1957,0,无差异
2026-08-24,SKU0433,L0045,143,143,0,无差异
2026-08-24,SKU0385,L0597,487,487,0,无差异
2026-08-24,SKU0426,L0626,266,266,0,无差异
2026-08-24,SKU0195,L0055,226,226,0,无差异
2026-08-24,SKU0225,L0005,177,173,-4,盘亏
2026-08-24,SKU0395,L0117,200,200,0,无差异
2026-08-24,SKU0387,L0609,182,182,0,无差异
2026-08-24,SKU0079,L0646,219,219,0,无差异
2026-08-24,SKU0035,L0314,273,273,0,无差异
2026-08-24,SKU0280,L0772,303,303,0,无差异
2026-08-24,SKU0206,L0760,2697,2697,0,无差异
2026-08-24,SKU0127,L0033,104,104,0,无差异
2026-08-24,SKU0363,L0614,159,159,0,无差异
2026-08-24,SKU0463,L0561,152,152,0,无差异
2026-08-24,SKU0118,L0017,144,144,0,无差异
2026-08-24,SKU0282,L0734,248,248,0,无差异
2026-08-24,SKU0274,L0557,439,439,0,无差异
2026-08-24,SKU0190,L0606,190,190,0,无差异
2026-08-24,SKU0149,L0108,226,226,0,无差异
2026-08-24,SKU0184,L0235,214,214,0,无差异
2026-08-24,SKU0479,L0268,211,211,0,无差异
2026-08-24,SKU0072,L0507,211,211,0,无差异
2026-08-24,SKU0022,L0026,245,245,0,无差异
2026-08-24,SKU0121,L0622,314,314,0,无差异
2026-08-24,SKU0354,L0476,288,288,0,无差异
2026-08-24,SKU0039,L0724,262,262,0,无差异
2026-08-24,SKU0060,L0512,238,238,0,无差异
2026-08-24,SKU0090,L0247,181,181,0,无差异
2026-08-24,SKU0216,L0464,211,211,0,无差异
2026-08-24,SKU0236,L0442,143,143,0,无差异
2026-08-24,SKU0128,L0571,165,165,0,无差异
2026-08-24,SKU0346,L0619,294,298,4,盘盈
2026-08-24,SKU0044,L0587,277,277,0,无差异
2026-08-24,SKU0392,L0308,169,169,0,无差异
2026-08-25,SKU0363,L0614,158,158,0,无差异
2026-08-25,SKU0374,L0016,143,143,0,无差异
2026-08-25,SKU0223,L0565,179,179,0,无差异
2026-08-25,SKU0012,L0322,143,143,0,无差异
2026-08-25,SKU0308,L0278,201,197,-4,盘亏
2026-08-25,SKU0108,L0786,363,363,0,无差异
2026-08-25,SKU0316,L0590,346,346,0,无差异
2026-08-25,SKU0235,L0642,131,131,0,无差异
2026-08-25,SKU0259,L0695,178,178,0,无差异
2026-08-25,SKU0046,L0764,142,142,0,无差异
2026-08-25,SKU0158,L0107,140,140,0,无差异
2026-08-25,SKU0461,L0076,252,252,0,无差异
2026-08-25,SKU0132,L0602,182,182,0,无差异
2026-08-25,SKU0147,L0739,214,214,0,无差异
2026-08-25,SKU0082,L0194,153,153,0,无差异
2026-08-25,SKU0185,L0375,167,167,0,无差异
2026-08-25,SKU0489,L0729,228,228,0,无差异
2026-08-25,SKU0317,L0677,727,727,0,无差异
2026-08-25,SKU0008,L0763,159,159,0,无差异
2026-08-25,SKU0417,L0550,245,245,0,无差异
2026-08-25,SKU0400,L0210,138,138,0,无差异
2026-08-25,SKU0358,L0004,111,111,0,无差异
2026-08-25,SKU0035,L0314,265,265,0,无差异
2026-08-25,SKU0441,L0633,423,423,0,无差异
2026-08-25,SKU0255,L0027,198,198,0,无差异
2026-08-25,SKU0144,L0354,262,262,0,无差异
2026-08-25,SKU0443,L0302,136,136,0,无差异
2026-08-25,SKU0124,L0444,153,153,0,无差异
2026-08-25,SKU0249,L0790,490,490,0,无差异
2026-08-25,SKU0109,L0178,176,176,0,无差异
2026-08-25,SKU0160,L0411,241,241,0,无差异
2026-08-25,SKU0208,L0540,262,262,0,无差异
2026-08-25,SKU0432,L0628,237,237,0,无差异
2026-08-25,SKU0465,L0255,119,119,0,无差异
2026-08-25,SKU0114,L0385,192,192,0,无差异
2026-08-25,SKU0181,L0275,223,223,0,无差异
2026-08-25,SKU0425,L0219,240,240,0,无差异
2026-08-25,SKU0290,L0327,95,95,0,无差异
2026-08-25,SKU0140,L0514,303,303,0,无差异
2026-08-25,SKU0264,L0592,347,347,0,无差异
2026-08-25,SKU0013,L0567,192,192,0,无差异
2026-08-25,SKU0162,L0785,357,357,0,无差异
2026-08-25,SKU0215,L0146,154,150,-4,盘亏
2026-08-25,SKU0044,L0587,277,277,0,无差异
2026-08-25,SKU0484,L0090,139,139,0,无差异
2026-08-25,SKU0321,L0452,154,150,-4,盘亏
2026-08-25,SKU0032,L0066,167,166,-1,盘亏
2026-08-25,SKU0097,L0133,172,172,0,无差异
2026-08-25,SKU0165,L0291,119,119,0,无差异
2026-08-25,SKU0495,L0794,1138,1138,0,无差异
2026-08-26,SKU0006,L0608,197,197,0,无差异
2026-08-26,SKU0050,L0051,214,214,0,无差异
2026-08-26,SKU0140,L0514,293,293,0,无差异
2026-08-26,SKU0049,L0751,508,508,0,无差异
2026-08-26,SKU0455,L0639,552,552,0,无差异
2026-08-26,SKU0481,L0196,196,196,0,无差异
2026-08-26,SKU0360,L0768,171,171,0,无差异
2026-08-26,SKU0235,L0642,141,141,0,无差异
2026-08-26,SKU0016,L0762,118,118,0,无差异
2026-08-26,SKU0063,L0460,272,272,0,无差异
2026-08-26,SKU0005,L0358,160,160,0,无差异
2026-08-26,SKU0216,L0464,201,201,0,无差异
2026-08-26,SKU0231,L0272,248,248,0,无差异
2026-08-26,SKU0393,L0139,200,200,0,无差异
2026-08-26,SKU0436,L0462,236,239,3,盘盈
2026-08-26,SKU0239,L0342,147,147,0,无差异
2026-08-26,SKU0167,L0298,117,117,0,无差异
2026-08-26,SKU0281,L0099,249,249,0,无差异
2026-08-26,SKU0398,L0595,347,347,0,无差异
2026-08-26,SKU0411,L0122,158,158,0,无差异
2026-08-26,SKU0440,L0697,267,267,0,无差异
2026-08-26,SKU0128,L0571,165,165,0,无差异
2026-08-26,SKU0105,L0010,122,122,0,无差异
2026-08-26,SKU0435,L0186,149,149,0,无差异
2026-08-26,SKU0438,L0719,1293,1293,0,无差异
2026-08-26,SKU0316,L0590,336,336,0,无差异
2026-08-26,SKU0317,L0677,718,718,0,无差异
2026-08-26,SKU0454,L0445,192,192,0,无差异
2026-08-26,SKU0154,L0380,192,192,0,无差异
2026-08-26,SKU0054,L0686,239,239,0,无差异
2026-08-26,SKU0493,L0087,180,180,0,无差异
2026-08-26,SKU0333,L0063,115,115,0,无差异
2026-08-26,SKU0134,L0018,130,130,0,无差异
2026-08-26,SKU0446,L0402,166,166,0,无差异
2026-08-26,SKU0073,L0179,137,137,0,无差异
2026-08-26,SKU0240,L0287,223,223,0,无差异
2026-08-26,SKU0420,L0332,155,160,5,盘盈
2026-08-26,SKU0139,L0662,206,206,0,无差异
2026-08-26,SKU0044,L0587,272,272,0,无差异
2026-08-26,SKU0018,L0493,136,136,0,无差异
2026-08-26,SKU0310,L0127,158,158,0,无差异
2026-08-26,SKU0010,L0598,543,543,0,无差异
2026-08-26,SKU0138,L0335,201,201,0,无差异
2026-08-26,SKU0209,L0337,271,271,0,无差异
2026-08-26,SKU0307,L0257,165,165,0,无差异
2026-08-26,SKU0156,L0611,197,197,0,无差异
2026-08-26,SKU0452,L0351,184,184,0,无差异
2026-08-26,SKU0328,L0623,197,197,0,无差异
2026-08-26,SKU0101,L0316,270,270,0,无差异
2026-08-26,SKU0229,L0459,193,193,0,无差异
2026-08-27,SKU0050,L0051,214,214,0,无差异
2026-08-27,SKU0265,L0244,132,132,0,无差异
2026-08-27,SKU0365,L0390,232,232,0,无差异
2026-08-27,SKU0108,L0786,344,344,0,无差异
2026-08-27,SKU0278,L0068,176,176,0,无差异
2026-08-27,SKU0325,L0364,168,168,0,无差异
2026-08-27,SKU0189,L0523,110,108,-2,盘亏
2026-08-27,SKU0491,L0252,143,143,0,无差异
2026-08-27,SKU0005,L0358,150,150,0,无差异
2026-08-27,SKU0264,L0592,356,356,0,无差异
2026-08-27,SKU0097,L0133,172,172,0,无差异
2026-08-27,SKU0390,L0651,211,211,0,无差异
2026-08-27,SKU0428,L0227,214,214,0,无差异
2026-08-27,SKU0289,L0083,156,156,0,无差异
2026-08-27,SKU0301,L0748,422,422,0,无差异
2026-08-27,SKU0204,L0740,220,220,0,无差异
2026-08-27,SKU0369,L0726,167,167,0,无差异
2026-08-27,SKU0383,L0747,312,312,0,无差异
2026-08-27,SKU0238,L0421,233,233,0,无差异
2026-08-27,SKU0219,L0492,175,175,0,无差异
2026-08-27,SKU0424,L0205,133,133,0,无差异
2026-08-27,SKU0477,L0321,131,131,0,无差异
2026-08-27,SKU0448,L0564,200,205,5,盘盈
2026-08-27,SKU0487,L0658,176,176,0,无差异
2026-08-27,SKU0300,L0401,162,162,0,无差异
2026-08-27,SKU0357,L0743,287,287,0,无差异
2026-08-27,SKU0146,L0544,214,214,0,无差异
2026-08-27,SKU0221,L0315,250,250,0,无差异
2026-08-27,SKU0144,L0354,260,260,0,无差异
2026-08-27,SKU0248,L0373,229,229,0,无差异
2026-08-27,SKU0356,L0450,256,256,0,无差异
2026-08-27,SKU0337,L0589,338,338,0,无差异
2026-08-27,SKU0030,L0510,198,198,0,无差异
2026-08-27,SKU0040,L0534,157,157,0,无差异
2026-08-27,SKU0037,L0213,214,215,1,盘盈
2026-08-27,SKU0462,L0612,267,267,0,无差异
2026-08-27,SKU0139,L0662,202,202,0,无差异
2026-08-27,SKU0106,L0632,382,382,0,无差异
2026-08-27,SKU0343,L0267,167,167,0,无差异
2026-08-27,SKU0474,L0431,239,239,0,无差异
2026-08-27,SKU0371,L0559,488,488,0,无差异
2026-08-27,SKU0410,L0181,149,149,0,无差异
2026-08-27,SKU0229,L0459,193,193,0,无差异
2026-08-27,SKU0033,L0797,1793,1793,0,无差异
2026-08-27,SKU0391,L0237,217,217,0,无差异
2026-08-27,SKU0016,L0762,116,116,0,无差异
2026-08-27,SKU0168,L0792,629,629,0,无差异
2026-08-27,SKU0123,L0560,486,486,0,无差异
2026-08-27,SKU0412,L0725,181,181,0,无差异
2026-08-27,SKU0425,L0219,250,250,0,无差异
2026-08-28,SKU0057,L0574,217,217,0,无差异
2026-08-28,SKU0356,L0450,251,251,0,无差异
2026-08-28,SKU0066,L0525,139,139,0,无差异
2026-08-28,SKU0163,L0585,179,182,3,盘盈
2026-08-28,SKU0266,L0164,174,174,0,无差异
2026-08-28,SKU0110,L0151,218,218,0,无差异
2026-08-28,SKU0122,L0317,336,336,0,无差异
2026-08-28,SKU0098,L0473,294,294,0,无差异
2026-08-28,SKU0470,L0256,168,168,0,无差异
2026-08-28,SKU0300,L0401,162,162,0,无差异
2026-08-28,SKU0200,L0403,168,168,0,无差异
2026-08-28,SKU0479,L0268,222,222,0,无差异
2026-08-28,SKU0165,L0291,117,114,-3,盘亏
2026-08-28,SKU0338,L0625,245,245,0,无差异
2026-08-28,SKU0339,L0383,157,156,-1,盘亏
2026-08-28,SKU0114,L0385,192,192,0,无差异
2026-08-28,SKU0442,L0644,142,142,0,无差异
2026-08-28,SKU0401,L0285,132,132,0,无差异
2026-08-28,SKU0023,L0404,106,106,0,无差异
2026-08-28,SKU0336,L0185,104,104,0,无差异
2026-08-28,SKU0372,L0120,194,194,0,无差异
2026-08-28,SKU0418,L0771,179,179,0,无差异
2026-08-28,SKU0032,L0066,178,178,0,无差异
2026-08-28,SKU0463,L0561,158,158,0,无差异
2026-08-28,SKU0403,L0128,138,138,0,无差异
2026-08-28,SKU0411,L0122,165,165,0,无差异
2026-08-28,SKU0216,L0464,214,214,0,无差异
2026-08-28,SKU0289,L0083,156,156,0,无差异
2026-08-28,SKU0402,L0522,120,120,0,无差异
2026-08-28,SKU0376,L0271,199,199,0,无差异
2026-08-28,SKU0303,L0277,277,277,0,无差异
2026-08-28,SKU0347,L0328,156,156,0,无差异
2026-08-28,SKU0345,L0379,145,145,0,无差异
2026-08-28,SKU0253,L0148,183,183,0,无差异
2026-08-28,SKU0323,L0094,146,146,0,无差异
2026-08-28,SKU0449,L0283,231,231,0,无差异
2026-08-28,SKU0466,L0607,192,192,0,无差异
2026-08-28,SKU0160,L0411,249,249,0,无差异
2026-08-28,SKU0031,L0690,220,220,0,无差异
2026-08-28,SKU0245,L0359,270,270,0,无差异
2026-08-28,SKU0219,L0492,172,172,0,无差异
2026-08-28,SKU0081,L0438,364,364,0,无差异
2026-08-28,SKU0397,L0656,306,306,0,无差异
2026-08-28,SKU0257,L0715,559,559,0,无差异
2026-08-28,SKU0011,L0596,464,464,0,无差异
2026-08-28,SKU0490,L0109,259,259,0,无差异
2026-08-28,SKU0448,L0564,200,200,0,无差异
2026-08-28,SKU0238,L0421,230,230,0,无差异
2026-08-28,SKU0161,L0159,267,267,0,无差异
2026-08-28,SKU0292,L0221,115,115,0,无差异
2026-08-29,SKU0316,L0590,324,324,0,无差异
2026-08-29,SKU0094,L0140,133,133,0,无差异
2026-08-29,SKU0133,L0349,212,212,0,无差异
2026-08-29,SKU0072,L0507,222,222,0,无差异
2026-08-29,SKU0098,L0473,290,290,0,无差异
2026-08-29,SKU0248,L0373,229,229,0,无差异
2026-08-29,SKU0231,L0272,259,259,0,无差异
2026-08-29,SKU0370,L0198,221,221,0,无差异
2026-08-29,SKU0223,L0565,179,179,0,无差异
2026-08-29,SKU0006,L0608,208,208,0,无差异
2026-08-29,SKU0382,L0441,182,182,0,无差异
2026-08-29,SKU0030,L0510,194,194,0,无差异
2026-08-29,SKU0269,L0147,122,122,0,无差异
2026-08-29,SKU0431,L0769,145,145,0,无差异
2026-08-29,SKU0205,L0795,1099,1099,0,无差异
2026-08-29,SKU0126,L0200,203,203,0,无差异
2026-08-29,SKU0057,L0574,226,226,0,无差异
2026-08-29,SKU0067,L0002,174,174,0,无差异
2026-08-29,SKU0146,L0544,207,207,0,无差异
2026-08-29,SKU0028,L0243,126,126,0,无差异
2026-08-29,SKU0102,L0634,413,413,0,无差异
2026-08-29,SKU0195,L0055,235,235,0,无差异
2026-08-29,SKU0349,L0053,148,148,0,无差异
2026-08-29,SKU0143,L0673,417,417,0,无差异
2026-08-29,SKU0275,L0049,191,191,0,无差异
2026-08-29,SKU0474,L0431,231,231,0,无差异
2026-08-29,SKU0329,L0537,261,261,0,无差异
2026-08-29,SKU0187,L0290,170,170,0,无差异
2026-08-29,SKU0462,L0612,263,263,0,无差异
2026-08-29,SKU0409,L0705,297,297,0,无差异
2026-08-29,SKU0056,L0618,191,191,0,无差异
2026-08-29,SKU0460,L0463,206,210,4,盘盈
2026-08-29,SKU0190,L0606,197,197,0,无差异
2026-08-29,SKU0469,L0296,165,165,0,无差异
2026-08-29,SKU0228,L0276,283,283,0,无差异
2026-08-29,SKU0374,L0016,152,152,0,无差异
2026-08-29,SKU0394,L0545,218,218,0,无差异
2026-08-29,SKU0121,L0622,333,333,0,无差异
2026-08-29,SKU0110,L0151,231,231,0,无差异
2026-08-29,SKU0078,L0019,130,130,0,无差异
2026-08-29,SKU0136,L0225,160,160,0,无差异
2026-08-29,SKU0075,L0089,143,143,0,无差异
2026-08-29,SKU0384,L0381,232,232,0,无差异
2026-08-29,SKU0241,L0112,160,160,0,无差异
2026-08-29,SKU0113,L0145,119,119,0,无差异
2026-08-29,SKU0091,L0617,151,151,0,无差异
2026-08-29,SKU0416,L0111,173,172,-1,盘亏
2026-08-29,SKU0353,L0361,147,147,0,无差异
2026-08-29,SKU0285,L0071,229,229,0,无差异
2026-08-29,SKU0070,L0664,244,244,0,无差异
