order_id,date,poi_id,poi_name,region,lng,lat,weight_kg,volume_m3,window_start,window_end,priority
DO202606010000,2026-06-01,P002,十二超市(佳年华广场1期店),R06,104.131787,30.627615,97.61,0.4293,875,995,低
DO202606010001,2026-06-01,P002,十二超市(佳年华广场1期店),R06,104.131787,30.627615,240.32,0.0913,878,998,中
DO202606010002,2026-06-01,P003,红旗连锁,R06,104.132763,30.627528,6.11,0.2543,887,1007,高
DO202606010003,2026-06-01,P003,红旗连锁,R06,104.132763,30.627528,41.68,0.2697,888,1008,中
DO202606010004,2026-06-01,P003,红旗连锁,R06,104.132763,30.627528,5.85,0.6074,892,1012,高
DO202606010005,2026-06-01,P004,老蔡小卖部(水碾河路北社区三街店),R06,104.099234,30.648748,47.03,1.8399,850,970,低
DO202606010006,2026-06-01,P004,老蔡小卖部(水碾河路北社区三街店),R06,104.099234,30.648748,14.98,1.9655,854,974,高
DO202606010007,2026-06-01,P005,郝英超市,R06,104.129707,30.628761,20.98,0.2333,746,866,低
DO202606010008,2026-06-01,P005,郝英超市,R06,104.129707,30.628761,26.69,1.0261,747,867,低
DO202606010009,2026-06-01,P006,全家便利店(龙江路店),R03,104.077199,30.641639,9.61,0.0934,729,849,高
DO202606010010,2026-06-01,P006,全家便利店(龙江路店),R03,104.077199,30.641639,966.48,0.0423,731,851,高
DO202606010011,2026-06-01,P006,全家便利店(龙江路店),R03,104.077199,30.641639,442.33,0.7188,736,856,低
DO202606010012,2026-06-01,P006,全家便利店(龙江路店),R03,104.077199,30.641639,1.59,0.1863,738,858,中
DO202606010013,2026-06-01,P007,永辉超市(成都市新城吾悦广场店),R03,103.988663,30.626255,59.22,0.145,740,860,高
DO202606010014,2026-06-01,P009,永辉超市(龙湖成都金楠天街店),R03,103.995986,30.648731,15.95,0.5868,635,755,中
DO202606010015,2026-06-01,P010,百分百超市(心语店),R03,104.045915,30.545712,8.7,0.7458,627,747,中
DO202606010016,2026-06-01,P010,百分百超市(心语店),R03,104.045915,30.545712,115.21,0.3241,628,748,低
DO202606010017,2026-06-01,P012,永辉超市(成都市蜀都万达广场店),R01,103.907862,30.807642,99.94,0.6533,562,682,中
DO202606010018,2026-06-01,P012,永辉超市(成都市蜀都万达广场店),R01,103.907862,30.807642,46.9,0.375,562,682,低
DO202606010019,2026-06-01,P012,永辉超市(成都市蜀都万达广场店),R01,103.907862,30.807642,6.9,2.6746,564,684,高
DO202606010020,2026-06-01,P012,永辉超市(成都市蜀都万达广场店),R01,103.907862,30.807642,116.04,0.1477,565,685,高
DO202606010021,2026-06-01,P013,永辉超市(爱琴海购物中心店),R01,103.991901,30.737566,86.83,0.4792,593,713,中
DO202606010022,2026-06-01,P013,永辉超市(爱琴海购物中心店),R01,103.991901,30.737566,70.87,0.7323,596,716,高
DO202606010023,2026-06-01,P013,永辉超市(爱琴海购物中心店),R01,103.991901,30.737566,4.49,0.2533,596,716,低
DO202606010024,2026-06-01,P013,永辉超市(爱琴海购物中心店),R01,103.991901,30.737566,29.13,0.2038,598,718,中
DO202606010025,2026-06-01,P014,永辉超市(龙湖成都时代天街店),R01,103.921214,30.750831,306.41,2.129,788,908,中
DO202606010026,2026-06-01,P014,永辉超市(龙湖成都时代天街店),R01,103.921214,30.750831,370.13,0.2481,788,908,低
DO202606010027,2026-06-01,P014,永辉超市(龙湖成都时代天街店),R01,103.921214,30.750831,126.63,0.2176,789,909,高
DO202606010028,2026-06-01,P014,永辉超市(龙湖成都时代天街店),R01,103.921214,30.750831,6.24,0.1092,794,914,低
DO202606010029,2026-06-01,P015,红旗超市(龙湖时代天街店),R01,103.919653,30.752444,19.35,1.7302,752,872,中
DO202606010030,2026-06-01,P015,红旗超市(龙湖时代天街店),R01,103.919653,30.752444,36.89,3.6828,754,874,中
DO202606010031,2026-06-01,P015,红旗超市(龙湖时代天街店),R01,103.919653,30.752444,46.92,1.0268,755,875,中
DO202606010032,2026-06-01,P015,红旗超市(龙湖时代天街店),R01,103.919653,30.752444,53.08,0.0116,755,875,高
DO202606010033,2026-06-01,P015,红旗超市(龙湖时代天街店),R01,103.919653,30.752444,128.94,0.3338,760,880,低
DO202606010034,2026-06-01,P016,LAWSON罗森(枣子巷15号院店),R04,104.044885,30.667759,42.55,0.4635,527,647,低
DO202606010035,2026-06-01,P016,LAWSON罗森(枣子巷15号院店),R04,104.044885,30.667759,9.78,0.614,535,655,中
DO202606010036,2026-06-01,P017,LAWSON罗森(龙湖成都上城天街店),R04,104.071944,30.68395,5.64,0.3336,812,932,高
DO202606010037,2026-06-01,P017,LAWSON罗森(龙湖成都上城天街店),R04,104.071944,30.68395,297.18,0.1378,814,934,中
DO202606010038,2026-06-01,P017,LAWSON罗森(龙湖成都上城天街店),R04,104.071944,30.68395,12.8,0.6528,816,936,高
DO202606010039,2026-06-01,P018,乐多(成华西街一店),R04,104.071998,30.683402,437.39,0.2528,748,868,高
DO202606010040,2026-06-01,P018,乐多(成华西街一店),R04,104.071998,30.683402,3.29,0.8192,749,869,高
DO202606010041,2026-06-01,P021,Ole 精品超市(IFS国际金融中心店),R05,104.081893,30.655003,2.12,0.3234,726,846,中
DO202606010042,2026-06-01,P022,四川舞东风超市连锁股份有限公司,R05,104.082047,30.660437,51.2,0.2497,512,632,中
DO202606010043,2026-06-01,P022,四川舞东风超市连锁股份有限公司,R05,104.082047,30.660437,20.1,0.9346,513,633,高
DO202606010044,2026-06-01,P022,四川舞东风超市连锁股份有限公司,R05,104.082047,30.660437,11.05,0.3621,513,633,低
DO202606010045,2026-06-01,P022,四川舞东风超市连锁股份有限公司,R05,104.082047,30.660437,10.1,0.3104,516,636,低
DO202606010046,2026-06-01,P022,四川舞东风超市连锁股份有限公司,R05,104.082047,30.660437,4.52,0.6444,518,638,高
DO202606010047,2026-06-01,P022,四川舞东风超市连锁股份有限公司,R05,104.082047,30.660437,139.88,0.1502,519,639,低
DO202606010048,2026-06-01,P023,永辉超市(文华广场店),R05,104.107695,30.637048,130.26,0.2498,633,753,高
DO202606010049,2026-06-01,P027,大荣发连锁超市(和顺雅苑店),R07,104.253582,30.90011,2.99,0.1846,564,684,中
DO202606010050,2026-06-01,P027,大荣发连锁超市(和顺雅苑店),R07,104.253582,30.90011,39.93,0.1856,564,684,高
DO202606010051,2026-06-01,P027,大荣发连锁超市(和顺雅苑店),R07,104.253582,30.90011,27.19,0.4716,564,684,低
DO202606010052,2026-06-01,P027,大荣发连锁超市(和顺雅苑店),R07,104.253582,30.90011,67.27,0.3712,567,687,中
DO202606010053,2026-06-01,P027,大荣发连锁超市(和顺雅苑店),R07,104.253582,30.90011,8.18,1.0254,568,688,中
DO202606010054,2026-06-01,P027,大荣发连锁超市(和顺雅苑店),R07,104.253582,30.90011,178.52,0.2215,572,692,低
DO202606010055,2026-06-01,P028,永辉超市(天府欧城店),R07,104.256388,30.892152,65.71,0.3199,544,664,中
DO202606010056,2026-06-01,P028,永辉超市(天府欧城店),R07,104.256388,30.892152,101.66,2.7083,548,668,中
DO202606010057,2026-06-01,P029,永辉超市(青白江万达广场店),R07,104.253652,30.878095,34.15,2.1712,719,839,低
DO202606010058,2026-06-01,P029,永辉超市(青白江万达广场店),R07,104.253652,30.878095,17.99,1.0845,722,842,中
DO202606010059,2026-06-01,P030,润都连锁生活超市(正兴路店),R07,104.188354,30.87079,282.85,0.8033,794,914,高
DO202606010060,2026-06-01,P030,润都连锁生活超市(正兴路店),R07,104.188354,30.87079,2255.32,0.1101,801,921,中
DO202606010061,2026-06-01,P030,润都连锁生活超市(正兴路店),R07,104.188354,30.87079,170.14,0.4132,802,922,中
DO202606010062,2026-06-01,P030,润都连锁生活超市(正兴路店),R07,104.188354,30.87079,75.17,2.1243,803,923,中
DO202606010063,2026-06-01,P031,渝华连锁超市(学苑路店),R07,104.276426,30.875299,54.23,0.8211,618,738,中
DO202606010064,2026-06-01,P031,渝华连锁超市(学苑路店),R07,104.276426,30.875299,51.36,1.6431,618,738,中
DO202606010065,2026-06-01,P032,渝华连锁超市(绣川新城店),R07,104.330571,30.85576,309.98,0.1273,593,713,高
DO202606010066,2026-06-01,P033,红旗超市(团结花园店),R07,104.246885,30.877313,59.55,1.8785,621,741,高
DO202606010067,2026-06-01,P033,红旗超市(团结花园店),R07,104.246885,30.877313,24.75,0.1169,624,744,低
DO202606010068,2026-06-01,P033,红旗超市(团结花园店),R07,104.246885,30.877313,56.97,0.7789,626,746,低
DO202606010069,2026-06-01,P034,红旗连锁(北城新界民族花园店),R07,104.201632,30.877318,76.44,0.6008,689,809,高
DO202606010070,2026-06-01,P034,红旗连锁(北城新界民族花园店),R07,104.201632,30.877318,4.14,0.0532,690,810,中
DO202606010071,2026-06-01,P035,红旗连锁(青白江同金街便利店),R07,104.244552,30.889503,14.97,0.0681,787,907,高
DO202606010072,2026-06-01,P036,红旗连锁(青白江城厢首府分场),R07,104.323054,30.860039,9.33,0.0469,619,739,中
DO202606010073,2026-06-01,P036,红旗连锁(青白江城厢首府分场),R07,104.323054,30.860039,2.1,0.4562,620,740,中
DO202606010074,2026-06-01,P037,红旗连锁(青白江石家碾西路店),R07,104.253962,30.887052,12.2,0.162,544,664,高
DO202606010075,2026-06-01,P037,红旗连锁(青白江石家碾西路店),R07,104.253962,30.887052,174.27,0.1995,547,667,中
DO202606010076,2026-06-01,P037,红旗连锁(青白江石家碾西路店),R07,104.253962,30.887052,25.6,0.121,554,674,高
DO202606010077,2026-06-01,P038,青江一家超市,R07,104.284321,30.880989,66.74,0.2852,560,680,高
DO202606010078,2026-06-01,P039,青江百货连锁超市,R07,104.269502,30.876837,7.46,0.2061,611,731,中
DO202606010079,2026-06-01,P040,上蔬永辉超市(西单商场店),R02,104.000521,30.674866,134.33,0.166,822,942,中
DO202606010080,2026-06-01,P041,永辉超市(成都青羊中铁大道店),R02,103.961452,30.670211,198.72,0.1565,831,951,中
DO202606010081,2026-06-01,P041,永辉超市(成都青羊中铁大道店),R02,103.961452,30.670211,5.81,0.0922,832,952,中
DO202606010082,2026-06-01,P041,永辉超市(成都青羊中铁大道店),R02,103.961452,30.670211,267.36,0.3876,837,957,低
DO202606010083,2026-06-01,P042,永辉超市(青羊新城市店),R02,104.057614,30.67321,52.78,1.4008,776,896,中
DO202606010084,2026-06-01,P042,永辉超市(青羊新城市店),R02,104.057614,30.67321,184.95,0.492,776,896,低
DO202606010085,2026-06-01,P042,永辉超市(青羊新城市店),R02,104.057614,30.67321,52.37,0.0306,779,899,高
DO202606010086,2026-06-01,P042,永辉超市(青羊新城市店),R02,104.057614,30.67321,12.82,2.317,782,902,中
DO202606010087,2026-06-01,P043,红旗超市(中同仁路分场),R02,104.052373,30.668819,8.95,2.6454,623,743,低
DO202606010088,2026-06-01,P043,红旗超市(中同仁路分场),R02,104.052373,30.668819,4.66,0.1044,626,746,中
DO202606010089,2026-06-01,P044,邻你生活超市(大庆店),R02,104.032527,30.669557,20.36,0.3567,822,942,低
DO202606010090,2026-06-01,P045,世纪红连锁超市,R08,104.208007,30.532247,166.25,1.093,801,921,中
DO202606010091,2026-06-01,P045,世纪红连锁超市,R08,104.208007,30.532247,94.53,0.0319,810,930,高
DO202606010092,2026-06-01,P046,尚喜超市(锦绣路店),R08,104.308338,30.606726,290.34,0.135,687,807,高
DO202606010093,2026-06-01,P046,尚喜超市(锦绣路店),R08,104.308338,30.606726,8.23,0.112,689,809,高
DO202606010094,2026-06-01,P046,尚喜超市(锦绣路店),R08,104.308338,30.606726,3.35,0.1493,690,810,高
DO202606010095,2026-06-01,P046,尚喜超市(锦绣路店),R08,104.308338,30.606726,8.58,0.1357,690,810,高
DO202606010096,2026-06-01,P046,尚喜超市(锦绣路店),R08,104.308338,30.606726,60.32,0.1147,695,815,高
DO202606010097,2026-06-01,P047,永辉超市(成都龙泉驿万达广场店),R08,104.269392,30.566865,44.01,0.2609,748,868,中
DO202606010098,2026-06-01,P047,永辉超市(成都龙泉驿万达广场店),R08,104.269392,30.566865,4.25,0.1386,748,868,中
DO202606010099,2026-06-01,P047,永辉超市(成都龙泉驿万达广场店),R08,104.269392,30.566865,18.28,0.2509,751,871,低
DO202606010100,2026-06-01,P048,汇联美连锁超市(中街店),R08,104.27333,30.560098,18.78,0.0868,617,737,中
DO202606010101,2026-06-01,P048,汇联美连锁超市(中街店),R08,104.27333,30.560098,253.8,0.4643,620,740,中
DO202606010102,2026-06-01,P048,汇联美连锁超市(中街店),R08,104.27333,30.560098,154.71,0.0311,624,744,中
DO202606010103,2026-06-01,P048,汇联美连锁超市(中街店),R08,104.27333,30.560098,324.46,0.2231,624,744,低
DO202606010104,2026-06-01,P049,百伦生活超市(龙泉店),R08,104.273346,30.559846,10.06,0.2657,869,989,中
DO202606020000,2026-06-02,P001,689便民(荣盛·香榭兰庭店),R06,104.135375,30.623625,22.41,0.5754,812,932,高
DO202606020001,2026-06-02,P002,十二超市(佳年华广场1期店),R06,104.131787,30.627615,19.98,0.111,583,703,高
DO202606020002,2026-06-02,P002,十二超市(佳年华广场1期店),R06,104.131787,30.627615,16.92,0.0417,591,711,中
DO202606020003,2026-06-02,P004,老蔡小卖部(水碾河路北社区三街店),R06,104.099234,30.648748,51.25,0.4385,896,1016,中
DO202606020004,2026-06-02,P004,老蔡小卖部(水碾河路北社区三街店),R06,104.099234,30.648748,52.42,0.0641,901,1021,中
DO202606020005,2026-06-02,P004,老蔡小卖部(水碾河路北社区三街店),R06,104.099234,30.648748,6.81,0.0319,901,1021,高
DO202606020006,2026-06-02,P004,老蔡小卖部(水碾河路北社区三街店),R06,104.099234,30.648748,9.03,0.0839,904,1024,高
DO202606020007,2026-06-02,P004,老蔡小卖部(水碾河路北社区三街店),R06,104.099234,30.648748,57.21,0.0293,905,1025,中
DO202606020008,2026-06-02,P004,老蔡小卖部(水碾河路北社区三街店),R06,104.099234,30.648748,314.53,1.7465,906,1026,低
DO202606020009,2026-06-02,P006,全家便利店(龙江路店),R03,104.077199,30.641639,128.82,0.0225,555,675,高
DO202606020010,2026-06-02,P007,永辉超市(成都市新城吾悦广场店),R03,103.988663,30.626255,467.23,0.3238,748,868,高
DO202606020011,2026-06-02,P007,永辉超市(成都市新城吾悦广场店),R03,103.988663,30.626255,13.32,1.8542,757,877,中
DO202606020012,2026-06-02,P008,永辉超市(银泰城店),R03,104.058121,30.541191,248.45,0.6216,576,696,高
DO202606020013,2026-06-02,P009,永辉超市(龙湖成都金楠天街店),R03,103.995986,30.648731,86.13,0.0614,722,842,高
DO202606020014,2026-06-02,P009,永辉超市(龙湖成都金楠天街店),R03,103.995986,30.648731,936.31,2.2144,722,842,中
DO202606020015,2026-06-02,P010,百分百超市(心语店),R03,104.045915,30.545712,12.73,1.1459,877,997,高
DO202606020016,2026-06-02,P010,百分百超市(心语店),R03,104.045915,30.545712,62.93,0.285,878,998,低
DO202606020017,2026-06-02,P010,百分百超市(心语店),R03,104.045915,30.545712,29.56,0.1679,878,998,中
DO202606020018,2026-06-02,P010,百分百超市(心语店),R03,104.045915,30.545712,12.8,0.0435,879,999,中
DO202606020019,2026-06-02,P012,永辉超市(成都市蜀都万达广场店),R01,103.907862,30.807642,7.59,0.0685,858,978,低
DO202606020020,2026-06-02,P013,永辉超市(爱琴海购物中心店),R01,103.991901,30.737566,184.98,0.1744,792,912,高
DO202606020021,2026-06-02,P013,永辉超市(爱琴海购物中心店),R01,103.991901,30.737566,30.39,0.1989,795,915,低
DO202606020022,2026-06-02,P014,永辉超市(龙湖成都时代天街店),R01,103.921214,30.750831,11.74,0.2726,720,840,低
DO202606020023,2026-06-02,P014,永辉超市(龙湖成都时代天街店),R01,103.921214,30.750831,20.75,0.3032,721,841,高
DO202606020024,2026-06-02,P015,红旗超市(龙湖时代天街店),R01,103.919653,30.752444,2594.54,0.7658,599,719,中
DO202606020025,2026-06-02,P015,红旗超市(龙湖时代天街店),R01,103.919653,30.752444,43.36,1.0183,603,723,高
DO202606020026,2026-06-02,P015,红旗超市(龙湖时代天街店),R01,103.919653,30.752444,16.39,0.1982,604,724,中
DO202606020027,2026-06-02,P017,LAWSON罗森(龙湖成都上城天街店),R04,104.071944,30.68395,30.94,0.2509,807,927,中
DO202606020028,2026-06-02,P017,LAWSON罗森(龙湖成都上城天街店),R04,104.071944,30.68395,202.1,0.3773,809,929,低
DO202606020029,2026-06-02,P017,LAWSON罗森(龙湖成都上城天街店),R04,104.071944,30.68395,35.83,0.5041,813,933,中
DO202606020030,2026-06-02,P018,乐多(成华西街一店),R04,104.071998,30.683402,29.3,0.8717,664,784,高
DO202606020031,2026-06-02,P018,乐多(成华西街一店),R04,104.071998,30.683402,37.79,0.6126,665,785,中
DO202606020032,2026-06-02,P018,乐多(成华西街一店),R04,104.071998,30.683402,258.82,0.1376,665,785,高
DO202606020033,2026-06-02,P018,乐多(成华西街一店),R04,104.071998,30.683402,20.61,0.4496,668,788,低
DO202606020034,2026-06-02,P018,乐多(成华西街一店),R04,104.071998,30.683402,32.29,0.2666,670,790,低
DO202606020035,2026-06-02,P019,奥特乐(成都龙湖上城天街店),R04,104.072004,30.684929,36.77,0.1477,802,922,中
DO202606020036,2026-06-02,P019,奥特乐(成都龙湖上城天街店),R04,104.072004,30.684929,30.73,0.405,805,925,高
DO202606020037,2026-06-02,P020,朴朴超市(西体路店),R04,104.061775,30.681195,103.67,0.1244,543,663,中
DO202606020038,2026-06-02,P020,朴朴超市(西体路店),R04,104.061775,30.681195,212.52,0.3776,543,663,中
DO202606020039,2026-06-02,P020,朴朴超市(西体路店),R04,104.061775,30.681195,0.87,0.0311,546,666,低
DO202606020040,2026-06-02,P022,四川舞东风超市连锁股份有限公司,R05,104.082047,30.660437,16.49,0.1597,688,808,低
DO202606020041,2026-06-02,P022,四川舞东风超市连锁股份有限公司,R05,104.082047,30.660437,76.78,0.086,689,809,低
DO202606020042,2026-06-02,P023,永辉超市(文华广场店),R05,104.107695,30.637048,65.58,0.7352,728,848,高
DO202606020043,2026-06-02,P023,永辉超市(文华广场店),R05,104.107695,30.637048,62.23,1.4874,731,851,低
DO202606020044,2026-06-02,P023,永辉超市(文华广场店),R05,104.107695,30.637048,9.62,0.7331,733,853,高
DO202606020045,2026-06-02,P024,永辉超市(锦江城市花园店),R05,104.142752,30.595134,2.08,0.7501,623,743,中
DO202606020046,2026-06-02,P026,友好多连锁超市(界牌店),R07,104.313922,30.880419,233.65,0.6206,547,667,中
DO202606020047,2026-06-02,P026,友好多连锁超市(界牌店),R07,104.313922,30.880419,33.42,2.5642,548,668,高
DO202606020048,2026-06-02,P026,友好多连锁超市(界牌店),R07,104.313922,30.880419,172.67,0.0563,549,669,低
DO202606020049,2026-06-02,P027,大荣发连锁超市(和顺雅苑店),R07,104.253582,30.90011,40.07,0.3497,841,961,高
DO202606020050,2026-06-02,P027,大荣发连锁超市(和顺雅苑店),R07,104.253582,30.90011,9.46,1.6781,846,966,中
DO202606020051,2026-06-02,P027,大荣发连锁超市(和顺雅苑店),R07,104.253582,30.90011,33.26,1.4062,849,969,高
DO202606020052,2026-06-02,P028,永辉超市(天府欧城店),R07,104.256388,30.892152,140.08,0.2284,569,689,中
DO202606020053,2026-06-02,P028,永辉超市(天府欧城店),R07,104.256388,30.892152,37.67,0.2029,570,690,高
DO202606020054,2026-06-02,P028,永辉超市(天府欧城店),R07,104.256388,30.892152,34.23,0.5698,572,692,低
DO202606020055,2026-06-02,P029,永辉超市(青白江万达广场店),R07,104.253652,30.878095,154.56,0.5453,597,717,低
DO202606020056,2026-06-02,P030,润都连锁生活超市(正兴路店),R07,104.188354,30.87079,98.22,0.1421,823,943,中
DO202606020057,2026-06-02,P031,渝华连锁超市(学苑路店),R07,104.276426,30.875299,46.67,0.2453,803,923,低
DO202606020058,2026-06-02,P032,渝华连锁超市(绣川新城店),R07,104.330571,30.85576,16.54,1.2424,852,972,中
DO202606020059,2026-06-02,P033,红旗超市(团结花园店),R07,104.246885,30.877313,15.1,0.1673,691,811,高
DO202606020060,2026-06-02,P033,红旗超市(团结花园店),R07,104.246885,30.877313,16.86,0.3842,694,814,中
DO202606020061,2026-06-02,P034,红旗连锁(北城新界民族花园店),R07,104.201632,30.877318,200.29,0.286,654,774,低
DO202606020062,2026-06-02,P034,红旗连锁(北城新界民族花园店),R07,104.201632,30.877318,25.28,1.1017,655,775,中
DO202606020063,2026-06-02,P034,红旗连锁(北城新界民族花园店),R07,104.201632,30.877318,14.24,0.4768,656,776,中
DO202606020064,2026-06-02,P035,红旗连锁(青白江同金街便利店),R07,104.244552,30.889503,26.55,0.4571,869,989,中
DO202606020065,2026-06-02,P037,红旗连锁(青白江石家碾西路店),R07,104.253962,30.887052,167.44,0.1384,528,648,高
DO202606020066,2026-06-02,P037,红旗连锁(青白江石家碾西路店),R07,104.253962,30.887052,29.99,1.4649,531,651,中
DO202606020067,2026-06-02,P037,红旗连锁(青白江石家碾西路店),R07,104.253962,30.887052,2.73,0.1718,532,652,高
DO202606020068,2026-06-02,P038,青江一家超市,R07,104.284321,30.880989,82.13,0.1719,854,974,中
DO202606020069,2026-06-02,P038,青江一家超市,R07,104.284321,30.880989,25.59,0.0522,856,976,中
DO202606020070,2026-06-02,P038,青江一家超市,R07,104.284321,30.880989,98.41,0.8103,860,980,高
DO202606020071,2026-06-02,P039,青江百货连锁超市,R07,104.269502,30.876837,16.76,0.0909,579,699,中
DO202606020072,2026-06-02,P039,青江百货连锁超市,R07,104.269502,30.876837,81.42,0.0316,580,700,中
DO202606020073,2026-06-02,P039,青江百货连锁超市,R07,104.269502,30.876837,5.84,0.1773,580,700,高
DO202606020074,2026-06-02,P039,青江百货连锁超市,R07,104.269502,30.876837,17.69,0.1555,587,707,中
DO202606020075,2026-06-02,P041,永辉超市(成都青羊中铁大道店),R02,103.961452,30.670211,75.29,0.3214,587,707,中
DO202606020076,2026-06-02,P041,永辉超市(成都青羊中铁大道店),R02,103.961452,30.670211,312.4,0.2084,595,715,高
DO202606020077,2026-06-02,P041,永辉超市(成都青羊中铁大道店),R02,103.961452,30.670211,12.17,0.1999,595,715,高
DO202606020078,2026-06-02,P042,永辉超市(青羊新城市店),R02,104.057614,30.67321,43.52,2.4697,543,663,中
DO202606020079,2026-06-02,P043,红旗超市(中同仁路分场),R02,104.052373,30.668819,14.72,0.0768,806,926,高
DO202606020080,2026-06-02,P043,红旗超市(中同仁路分场),R02,104.052373,30.668819,305.99,0.2794,810,930,中
DO202606020081,2026-06-02,P044,邻你生活超市(大庆店),R02,104.032527,30.669557,37.38,0.3637,617,737,高
DO202606020082,2026-06-02,P044,邻你生活超市(大庆店),R02,104.032527,30.669557,35.72,0.1513,618,738,低
DO202606020083,2026-06-02,P044,邻你生活超市(大庆店),R02,104.032527,30.669557,116.77,0.2136,619,739,高
DO202606020084,2026-06-02,P044,邻你生活超市(大庆店),R02,104.032527,30.669557,667.82,0.3861,622,742,中
DO202606020085,2026-06-02,P044,邻你生活超市(大庆店),R02,104.032527,30.669557,5.7,0.9695,623,743,中
DO202606020086,2026-06-02,P044,邻你生活超市(大庆店),R02,104.032527,30.669557,142.46,0.4191,624,744,低
DO202606020087,2026-06-02,P046,尚喜超市(锦绣路店),R08,104.308338,30.606726,36.7,0.7436,787,907,中
DO202606020088,2026-06-02,P046,尚喜超市(锦绣路店),R08,104.308338,30.606726,200.15,0.3898,792,912,中
DO202606020089,2026-06-02,P048,汇联美连锁超市(中街店),R08,104.27333,30.560098,97.2,0.1886,648,768,低
DO202606020090,2026-06-02,P048,汇联美连锁超市(中街店),R08,104.27333,30.560098,56.46,0.3225,649,769,中
DO202606030000,2026-06-03,P002,十二超市(佳年华广场1期店),R06,104.131787,30.627615,83.09,0.4735,782,902,低
DO202606030001,2026-06-03,P002,十二超市(佳年华广场1期店),R06,104.131787,30.627615,117.66,0.2555,782,902,中
DO202606030002,2026-06-03,P004,老蔡小卖部(水碾河路北社区三街店),R06,104.099234,30.648748,21.84,0.4632,815,935,高
DO202606030003,2026-06-03,P005,郝英超市,R06,104.129707,30.628761,36.69,0.1216,730,850,中
DO202606030004,2026-06-03,P005,郝英超市,R06,104.129707,30.628761,511.54,0.4526,740,860,中
DO202606030005,2026-06-03,P007,永辉超市(成都市新城吾悦广场店),R03,103.988663,30.626255,379.03,0.3955,708,828,中
DO202606030006,2026-06-03,P007,永辉超市(成都市新城吾悦广场店),R03,103.988663,30.626255,430.8,0.278,714,834,低
DO202606030007,2026-06-03,P007,永辉超市(成都市新城吾悦广场店),R03,103.988663,30.626255,48.19,0.1863,715,835,中
DO202606030008,2026-06-03,P008,永辉超市(银泰城店),R03,104.058121,30.541191,15.55,0.0459,619,739,高
DO202606030009,2026-06-03,P008,永辉超市(银泰城店),R03,104.058121,30.541191,355.09,0.0335,622,742,高
DO202606030010,2026-06-03,P008,永辉超市(银泰城店),R03,104.058121,30.541191,113.72,0.1637,623,743,中
DO202606030011,2026-06-03,P008,永辉超市(银泰城店),R03,104.058121,30.541191,35.88,0.0171,626,746,低
DO202606030012,2026-06-03,P008,永辉超市(银泰城店),R03,104.058121,30.541191,35.16,0.7562,626,746,高
DO202606030013,2026-06-03,P009,永辉超市(龙湖成都金楠天街店),R03,103.995986,30.648731,118.47,0.3723,863,983,中
DO202606030014,2026-06-03,P009,永辉超市(龙湖成都金楠天街店),R03,103.995986,30.648731,10.03,0.0235,864,984,中
DO202606030015,2026-06-03,P009,永辉超市(龙湖成都金楠天街店),R03,103.995986,30.648731,2224.59,0.5505,870,990,高
DO202606030016,2026-06-03,P009,永辉超市(龙湖成都金楠天街店),R03,103.995986,30.648731,14.3,0.2706,872,992,高
DO202606030017,2026-06-03,P010,百分百超市(心语店),R03,104.045915,30.545712,60.25,1.8834,757,877,中
DO202606030018,2026-06-03,P010,百分百超市(心语店),R03,104.045915,30.545712,209.88,1.4986,761,881,中
DO202606030019,2026-06-03,P011,永辉超市(成都市双铁广场店),R01,103.975737,30.758309,73.46,0.4633,827,947,中
DO202606030020,2026-06-03,P012,永辉超市(成都市蜀都万达广场店),R01,103.907862,30.807642,35.65,0.2483,719,839,中
DO202606030021,2026-06-03,P012,永辉超市(成都市蜀都万达广场店),R01,103.907862,30.807642,69.86,0.4242,722,842,低
DO202606030022,2026-06-03,P012,永辉超市(成都市蜀都万达广场店),R01,103.907862,30.807642,126.1,0.3269,723,843,中
DO202606030023,2026-06-03,P013,永辉超市(爱琴海购物中心店),R01,103.991901,30.737566,32.28,0.1944,889,1009,中
DO202606030024,2026-06-03,P013,永辉超市(爱琴海购物中心店),R01,103.991901,30.737566,19.2,0.3649,892,1012,中
DO202606030025,2026-06-03,P013,永辉超市(爱琴海购物中心店),R01,103.991901,30.737566,296.61,0.2784,895,1015,低
DO202606030026,2026-06-03,P014,永辉超市(龙湖成都时代天街店),R01,103.921214,30.750831,34.88,2.9393,718,838,高
DO202606030027,2026-06-03,P014,永辉超市(龙湖成都时代天街店),R01,103.921214,30.750831,53.12,0.1848,720,840,低
DO202606030028,2026-06-03,P014,永辉超市(龙湖成都时代天街店),R01,103.921214,30.750831,140.86,0.145,721,841,高
DO202606030029,2026-06-03,P014,永辉超市(龙湖成都时代天街店),R01,103.921214,30.750831,2.91,0.4914,722,842,低
DO202606030030,2026-06-03,P014,永辉超市(龙湖成都时代天街店),R01,103.921214,30.750831,112.83,0.1057,725,845,高
DO202606030031,2026-06-03,P014,永辉超市(龙湖成都时代天街店),R01,103.921214,30.750831,26.53,0.1656,728,848,中
DO202606030032,2026-06-03,P015,红旗超市(龙湖时代天街店),R01,103.919653,30.752444,73.98,0.0436,520,640,高
DO202606030033,2026-06-03,P015,红旗超市(龙湖时代天街店),R01,103.919653,30.752444,57.05,0.1696,521,641,中
DO202606030034,2026-06-03,P015,红旗超市(龙湖时代天街店),R01,103.919653,30.752444,142.72,0.0868,526,646,低
DO202606030035,2026-06-03,P016,LAWSON罗森(枣子巷15号院店),R04,104.044885,30.667759,193.05,0.2501,902,1022,低
DO202606030036,2026-06-03,P017,LAWSON罗森(龙湖成都上城天街店),R04,104.071944,30.68395,240.45,0.0199,652,772,低
DO202606030037,2026-06-03,P017,LAWSON罗森(龙湖成都上城天街店),R04,104.071944,30.68395,39.31,0.0832,655,775,低
DO202606030038,2026-06-03,P017,LAWSON罗森(龙湖成都上城天街店),R04,104.071944,30.68395,31.44,0.4477,658,778,低
DO202606030039,2026-06-03,P018,乐多(成华西街一店),R04,104.071998,30.683402,8.84,0.2054,811,931,低
DO202606030040,2026-06-03,P018,乐多(成华西街一店),R04,104.071998,30.683402,783.29,0.698,812,932,中
DO202606030041,2026-06-03,P018,乐多(成华西街一店),R04,104.071998,30.683402,28.15,0.0311,816,936,高
DO202606030042,2026-06-03,P018,乐多(成华西街一店),R04,104.071998,30.683402,40.81,2.9018,819,939,中
DO202606030043,2026-06-03,P019,奥特乐(成都龙湖上城天街店),R04,104.072004,30.684929,7.73,0.0379,580,700,高
DO202606030044,2026-06-03,P019,奥特乐(成都龙湖上城天街店),R04,104.072004,30.684929,10.76,0.3029,582,702,中
DO202606030045,2026-06-03,P020,朴朴超市(西体路店),R04,104.061775,30.681195,39.01,0.9081,888,1008,中
DO202606030046,2026-06-03,P021,Ole 精品超市(IFS国际金融中心店),R05,104.081893,30.655003,35.95,0.1568,860,980,中
DO202606030047,2026-06-03,P021,Ole 精品超市(IFS国际金融中心店),R05,104.081893,30.655003,3.88,0.2288,868,988,中
DO202606030048,2026-06-03,P022,四川舞东风超市连锁股份有限公司,R05,104.082047,30.660437,8.26,2.8538,657,777,低
DO202606030049,2026-06-03,P022,四川舞东风超市连锁股份有限公司,R05,104.082047,30.660437,12.48,0.1311,658,778,中
DO202606030050,2026-06-03,P022,四川舞东风超市连锁股份有限公司,R05,104.082047,30.660437,5.18,0.6204,659,779,高
DO202606030051,2026-06-03,P022,四川舞东风超市连锁股份有限公司,R05,104.082047,30.660437,97.39,0.0688,660,780,低
DO202606030052,2026-06-03,P023,永辉超市(文华广场店),R05,104.107695,30.637048,18.64,0.3687,712,832,中
DO202606030053,2026-06-03,P023,永辉超市(文华广场店),R05,104.107695,30.637048,27.09,0.044,713,833,低
DO202606030054,2026-06-03,P024,永辉超市(锦江城市花园店),R05,104.142752,30.595134,11.64,0.8094,577,697,低
DO202606030055,2026-06-03,P024,永辉超市(锦江城市花园店),R05,104.142752,30.595134,41.96,0.4654,577,697,低
DO202606030056,2026-06-03,P024,永辉超市(锦江城市花园店),R05,104.142752,30.595134,13.11,0.1196,582,702,中
DO202606030057,2026-06-03,P025,红旗超市(成都红旗商厦店),R05,104.072081,30.658735,55.26,0.5448,656,776,高
DO202606030058,2026-06-03,P026,友好多连锁超市(界牌店),R07,104.313922,30.880419,7.06,0.2162,624,744,中
DO202606030059,2026-06-03,P026,友好多连锁超市(界牌店),R07,104.313922,30.880419,17.19,2.5013,631,751,高
DO202606030060,2026-06-03,P027,大荣发连锁超市(和顺雅苑店),R07,104.253582,30.90011,13.44,1.6576,661,781,低
DO202606030061,2026-06-03,P028,永辉超市(天府欧城店),R07,104.256388,30.892152,4.1,0.2555,873,993,中
DO202606030062,2026-06-03,P029,永辉超市(青白江万达广场店),R07,104.253652,30.878095,31.62,0.8244,775,895,高
DO202606030063,2026-06-03,P029,永辉超市(青白江万达广场店),R07,104.253652,30.878095,59.17,1.4324,777,897,低
DO202606030064,2026-06-03,P029,永辉超市(青白江万达广场店),R07,104.253652,30.878095,46.75,2.8569,777,897,中
DO202606030065,2026-06-03,P029,永辉超市(青白江万达广场店),R07,104.253652,30.878095,10.89,0.1924,783,903,高
DO202606030066,2026-06-03,P030,润都连锁生活超市(正兴路店),R07,104.188354,30.87079,143.68,4.0185,820,940,低
DO202606030067,2026-06-03,P030,润都连锁生活超市(正兴路店),R07,104.188354,30.87079,102.06,0.09,824,944,低
DO202606030068,2026-06-03,P031,渝华连锁超市(学苑路店),R07,104.276426,30.875299,13.78,0.061,708,828,中
DO202606030069,2026-06-03,P031,渝华连锁超市(学苑路店),R07,104.276426,30.875299,22.35,0.6712,708,828,中
DO202606030070,2026-06-03,P033,红旗超市(团结花园店),R07,104.246885,30.877313,108.89,0.0822,874,994,高
DO202606030071,2026-06-03,P033,红旗超市(团结花园店),R07,104.246885,30.877313,154.26,0.0249,874,994,中
DO202606030072,2026-06-03,P033,红旗超市(团结花园店),R07,104.246885,30.877313,18.19,2.5689,877,997,高
DO202606030073,2026-06-03,P034,红旗连锁(北城新界民族花园店),R07,104.201632,30.877318,256.62,0.282,581,701,高
DO202606030074,2026-06-03,P036,红旗连锁(青白江城厢首府分场),R07,104.323054,30.860039,38.13,0.0324,698,818,低
DO202606030075,2026-06-03,P036,红旗连锁(青白江城厢首府分场),R07,104.323054,30.860039,32.25,0.6414,700,820,中
DO202606030076,2026-06-03,P037,红旗连锁(青白江石家碾西路店),R07,104.253962,30.887052,110.91,0.4307,862,982,高
DO202606030077,2026-06-03,P037,红旗连锁(青白江石家碾西路店),R07,104.253962,30.887052,9.54,0.3714,862,982,高
DO202606030078,2026-06-03,P037,红旗连锁(青白江石家碾西路店),R07,104.253962,30.887052,6.11,0.3771,866,986,中
DO202606030079,2026-06-03,P037,红旗连锁(青白江石家碾西路店),R07,104.253962,30.887052,37.37,1.0936,868,988,高
DO202606030080,2026-06-03,P037,红旗连锁(青白江石家碾西路店),R07,104.253962,30.887052,199.56,0.0429,870,990,高
DO202606030081,2026-06-03,P038,青江一家超市,R07,104.284321,30.880989,15.82,0.83,783,903,中
DO202606030082,2026-06-03,P038,青江一家超市,R07,104.284321,30.880989,23.19,0.8063,785,905,中
DO202606030083,2026-06-03,P039,青江百货连锁超市,R07,104.269502,30.876837,9.61,0.0971,660,780,中
DO202606030084,2026-06-03,P039,青江百货连锁超市,R07,104.269502,30.876837,113.13,0.0839,662,782,中
DO202606030085,2026-06-03,P039,青江百货连锁超市,R07,104.269502,30.876837,118.25,0.0325,664,784,中
DO202606030086,2026-06-03,P039,青江百货连锁超市,R07,104.269502,30.876837,40.19,0.3159,668,788,中
DO202606030087,2026-06-03,P040,上蔬永辉超市(西单商场店),R02,104.000521,30.674866,11.19,0.2202,866,986,中
DO202606030088,2026-06-03,P040,上蔬永辉超市(西单商场店),R02,104.000521,30.674866,516.14,5.7688,874,994,高
DO202606030089,2026-06-03,P040,上蔬永辉超市(西单商场店),R02,104.000521,30.674866,133.86,1.5445,875,995,高
DO202606030090,2026-06-03,P041,永辉超市(成都青羊中铁大道店),R02,103.961452,30.670211,12.47,1.4674,860,980,中
DO202606030091,2026-06-03,P041,永辉超市(成都青羊中铁大道店),R02,103.961452,30.670211,11.88,0.0752,861,981,中
DO202606030092,2026-06-03,P041,永辉超市(成都青羊中铁大道店),R02,103.961452,30.670211,32.54,0.6728,863,983,低
DO202606030093,2026-06-03,P041,永辉超市(成都青羊中铁大道店),R02,103.961452,30.670211,27.98,0.1269,864,984,中
DO202606030094,2026-06-03,P041,永辉超市(成都青羊中铁大道店),R02,103.961452,30.670211,53.54,4.2651,865,985,低
DO202606030095,2026-06-03,P041,永辉超市(成都青羊中铁大道店),R02,103.961452,30.670211,374.54,0.2565,865,985,中
DO202606030096,2026-06-03,P041,永辉超市(成都青羊中铁大道店),R02,103.961452,30.670211,300.15,0.5815,866,986,低
DO202606030097,2026-06-03,P041,永辉超市(成都青羊中铁大道店),R02,103.961452,30.670211,17.93,0.158,867,987,低
DO202606030098,2026-06-03,P041,永辉超市(成都青羊中铁大道店),R02,103.961452,30.670211,71.79,0.0043,869,989,中
DO202606030099,2026-06-03,P042,永辉超市(青羊新城市店),R02,104.057614,30.67321,22.84,0.2769,574,694,中
DO202606030100,2026-06-03,P043,红旗超市(中同仁路分场),R02,104.052373,30.668819,9.43,0.3129,817,937,低
DO202606030101,2026-06-03,P043,红旗超市(中同仁路分场),R02,104.052373,30.668819,63.17,0.5764,821,941,中
DO202606030102,2026-06-03,P043,红旗超市(中同仁路分场),R02,104.052373,30.668819,53.88,0.0967,823,943,低
DO202606030103,2026-06-03,P043,红旗超市(中同仁路分场),R02,104.052373,30.668819,3.49,1.4035,827,947,中
DO202606030104,2026-06-03,P045,世纪红连锁超市,R08,104.208007,30.532247,27.49,0.2806,670,790,中
DO202606030105,2026-06-03,P045,世纪红连锁超市,R08,104.208007,30.532247,20.36,0.3344,670,790,中
DO202606030106,2026-06-03,P046,尚喜超市(锦绣路店),R08,104.308338,30.606726,18.28,1.3656,748,868,低
DO202606030107,2026-06-03,P046,尚喜超市(锦绣路店),R08,104.308338,30.606726,36.88,1.1041,748,868,低
DO202606030108,2026-06-03,P047,永辉超市(成都龙泉驿万达广场店),R08,104.269392,30.566865,64.81,0.3683,704,824,中
DO202606030109,2026-06-03,P048,汇联美连锁超市(中街店),R08,104.27333,30.560098,11.7,0.3755,769,889,低
DO202606030110,2026-06-03,P048,汇联美连锁超市(中街店),R08,104.27333,30.560098,93.15,0.0701,776,896,高
DO202606030111,2026-06-03,P048,汇联美连锁超市(中街店),R08,104.27333,30.560098,11.62,0.1009,777,897,中
DO202606030112,2026-06-03,P049,百伦生活超市(龙泉店),R08,104.273346,30.559846,46.96,2.6871,719,839,中
DO202606030113,2026-06-03,P049,百伦生活超市(龙泉店),R08,104.273346,30.559846,95.05,16.9836,721,841,中
DO202606030114,2026-06-03,P049,百伦生活超市(龙泉店),R08,104.273346,30.559846,28.57,0.2951,723,843,中
DO202606030115,2026-06-03,P049,百伦生活超市(龙泉店),R08,104.273346,30.559846,184.78,2.4116,728,848,低
DO202606040000,2026-06-04,P001,689便民(荣盛·香榭兰庭店),R06,104.135375,30.623625,133.74,0.8637,627,747,中
DO202606040001,2026-06-04,P002,十二超市(佳年华广场1期店),R06,104.131787,30.627615,313.22,0.767,620,740,中
DO202606040002,2026-06-04,P002,十二超市(佳年华广场1期店),R06,104.131787,30.627615,195.01,0.1616,621,741,中
DO202606040003,2026-06-04,P003,红旗连锁,R06,104.132763,30.627528,34.9,1.2703,865,985,中
DO202606040004,2026-06-04,P003,红旗连锁,R06,104.132763,30.627528,786.57,0.1123,866,986,低
DO202606040005,2026-06-04,P003,红旗连锁,R06,104.132763,30.627528,83.12,0.509,867,987,高
DO202606040006,2026-06-04,P003,红旗连锁,R06,104.132763,30.627528,49.88,0.1931,867,987,高
DO202606040007,2026-06-04,P004,老蔡小卖部(水碾河路北社区三街店),R06,104.099234,30.648748,348.12,0.362,615,735,中
DO202606040008,2026-06-04,P004,老蔡小卖部(水碾河路北社区三街店),R06,104.099234,30.648748,90.46,2.4448,618,738,低
DO202606040009,2026-06-04,P004,老蔡小卖部(水碾河路北社区三街店),R06,104.099234,30.648748,50.23,0.2862,621,741,高
DO202606040010,2026-06-04,P004,老蔡小卖部(水碾河路北社区三街店),R06,104.099234,30.648748,245.11,0.0866,623,743,高
DO202606040011,2026-06-04,P005,郝英超市,R06,104.129707,30.628761,19.0,0.2232,730,850,低
DO202606040012,2026-06-04,P005,郝英超市,R06,104.129707,30.628761,60.77,0.7631,733,853,高
DO202606040013,2026-06-04,P006,全家便利店(龙江路店),R03,104.077199,30.641639,30.15,0.561,687,807,高
DO202606040014,2026-06-04,P006,全家便利店(龙江路店),R03,104.077199,30.641639,17.23,0.3644,691,811,高
DO202606040015,2026-06-04,P006,全家便利店(龙江路店),R03,104.077199,30.641639,249.03,2.7192,692,812,中
DO202606040016,2026-06-04,P007,永辉超市(成都市新城吾悦广场店),R03,103.988663,30.626255,121.96,0.1013,827,947,高
DO202606040017,2026-06-04,P007,永辉超市(成都市新城吾悦广场店),R03,103.988663,30.626255,74.31,0.0628,831,951,低
DO202606040018,2026-06-04,P007,永辉超市(成都市新城吾悦广场店),R03,103.988663,30.626255,25.44,0.0886,831,951,高
DO202606040019,2026-06-04,P008,永辉超市(银泰城店),R03,104.058121,30.541191,46.94,0.1514,567,687,中
DO202606040020,2026-06-04,P009,永辉超市(龙湖成都金楠天街店),R03,103.995986,30.648731,17.17,0.0711,906,1026,高
DO202606040021,2026-06-04,P009,永辉超市(龙湖成都金楠天街店),R03,103.995986,30.648731,174.69,0.4837,907,1027,中
DO202606040022,2026-06-04,P009,永辉超市(龙湖成都金楠天街店),R03,103.995986,30.648731,253.59,0.0536,908,1028,高
DO202606040023,2026-06-04,P009,永辉超市(龙湖成都金楠天街店),R03,103.995986,30.648731,1.49,0.0532,908,1028,中
DO202606040024,2026-06-04,P010,百分百超市(心语店),R03,104.045915,30.545712,21.85,0.7993,830,950,中
DO202606040025,2026-06-04,P010,百分百超市(心语店),R03,104.045915,30.545712,28.61,0.1044,839,959,低
DO202606040026,2026-06-04,P011,永辉超市(成都市双铁广场店),R01,103.975737,30.758309,119.67,1.8891,517,637,中
DO202606040027,2026-06-04,P011,永辉超市(成都市双铁广场店),R01,103.975737,30.758309,31.69,0.3119,518,638,中
DO202606040028,2026-06-04,P011,永辉超市(成都市双铁广场店),R01,103.975737,30.758309,191.26,0.4081,522,642,中
DO202606040029,2026-06-04,P011,永辉超市(成都市双铁广场店),R01,103.975737,30.758309,23.76,0.4923,525,645,高
DO202606040030,2026-06-04,P012,永辉超市(成都市蜀都万达广场店),R01,103.907862,30.807642,39.52,0.6952,531,651,高
DO202606040031,2026-06-04,P012,永辉超市(成都市蜀都万达广场店),R01,103.907862,30.807642,100.05,2.7022,533,653,中
DO202606040032,2026-06-04,P012,永辉超市(成都市蜀都万达广场店),R01,103.907862,30.807642,14.1,1.2207,538,658,低
DO202606040033,2026-06-04,P015,红旗超市(龙湖时代天街店),R01,103.919653,30.752444,11.83,13.94,560,680,低
DO202606040034,2026-06-04,P016,LAWSON罗森(枣子巷15号院店),R04,104.044885,30.667759,143.25,0.2155,532,652,中
DO202606040035,2026-06-04,P017,LAWSON罗森(龙湖成都上城天街店),R04,104.071944,30.68395,90.33,0.2255,760,880,高
DO202606040036,2026-06-04,P017,LAWSON罗森(龙湖成都上城天街店),R04,104.071944,30.68395,58.34,0.0857,762,882,高
DO202606040037,2026-06-04,P017,LAWSON罗森(龙湖成都上城天街店),R04,104.071944,30.68395,11.87,0.5321,763,883,高
DO202606040038,2026-06-04,P018,乐多(成华西街一店),R04,104.071998,30.683402,2.56,0.1275,676,796,低
DO202606040039,2026-06-04,P018,乐多(成华西街一店),R04,104.071998,30.683402,60.15,2.8736,676,796,低
DO202606040040,2026-06-04,P018,乐多(成华西街一店),R04,104.071998,30.683402,100.13,0.1025,678,798,低
DO202606040041,2026-06-04,P019,奥特乐(成都龙湖上城天街店),R04,104.072004,30.684929,15.58,0.5748,901,1021,中
DO202606040042,2026-06-04,P019,奥特乐(成都龙湖上城天街店),R04,104.072004,30.684929,182.4,0.1678,906,1026,中
DO202606040043,2026-06-04,P019,奥特乐(成都龙湖上城天街店),R04,104.072004,30.684929,67.21,0.1005,907,1027,中
DO202606040044,2026-06-04,P021,Ole 精品超市(IFS国际金融中心店),R05,104.081893,30.655003,27.34,0.1807,560,680,高
DO202606040045,2026-06-04,P021,Ole 精品超市(IFS国际金融中心店),R05,104.081893,30.655003,26.1,0.7236,562,682,中
DO202606040046,2026-06-04,P021,Ole 精品超市(IFS国际金融中心店),R05,104.081893,30.655003,25.71,0.9871,562,682,高
DO202606040047,2026-06-04,P022,四川舞东风超市连锁股份有限公司,R05,104.082047,30.660437,22.27,1.3908,691,811,高
DO202606040048,2026-06-04,P022,四川舞东风超市连锁股份有限公司,R05,104.082047,30.660437,7.91,0.5817,693,813,中
DO202606040049,2026-06-04,P022,四川舞东风超市连锁股份有限公司,R05,104.082047,30.660437,120.1,0.9855,697,817,高
DO202606040050,2026-06-04,P022,四川舞东风超市连锁股份有限公司,R05,104.082047,30.660437,91.53,0.137,697,817,中
DO202606040051,2026-06-04,P022,四川舞东风超市连锁股份有限公司,R05,104.082047,30.660437,29.54,0.2133,699,819,中
DO202606040052,2026-06-04,P023,永辉超市(文华广场店),R05,104.107695,30.637048,64.74,0.0525,624,744,中
DO202606040053,2026-06-04,P024,永辉超市(锦江城市花园店),R05,104.142752,30.595134,13.3,0.3285,883,1003,高
DO202606040054,2026-06-04,P024,永辉超市(锦江城市花园店),R05,104.142752,30.595134,13.97,0.5556,883,1003,高
DO202606040055,2026-06-04,P025,红旗超市(成都红旗商厦店),R05,104.072081,30.658735,31.32,3.2329,617,737,低
DO202606040056,2026-06-04,P027,大荣发连锁超市(和顺雅苑店),R07,104.253582,30.90011,59.05,0.1665,792,912,中
DO202606040057,2026-06-04,P027,大荣发连锁超市(和顺雅苑店),R07,104.253582,30.90011,163.19,0.0987,793,913,低
DO202606040058,2026-06-04,P027,大荣发连锁超市(和顺雅苑店),R07,104.253582,30.90011,91.25,0.2442,798,918,低
DO202606040059,2026-06-04,P028,永辉超市(天府欧城店),R07,104.256388,30.892152,151.92,0.2176,523,643,高
DO202606040060,2026-06-04,P028,永辉超市(天府欧城店),R07,104.256388,30.892152,3.45,0.551,527,647,中
DO202606040061,2026-06-04,P029,永辉超市(青白江万达广场店),R07,104.253652,30.878095,63.4,0.0824,843,963,高
DO202606040062,2026-06-04,P030,润都连锁生活超市(正兴路店),R07,104.188354,30.87079,18.75,0.1936,578,698,高
DO202606040063,2026-06-04,P032,渝华连锁超市(绣川新城店),R07,104.330571,30.85576,2.6,0.0962,879,999,低
DO202606040064,2026-06-04,P032,渝华连锁超市(绣川新城店),R07,104.330571,30.85576,115.77,0.2016,887,1007,高
DO202606040065,2026-06-04,P033,红旗超市(团结花园店),R07,104.246885,30.877313,524.79,0.1284,553,673,中
DO202606040066,2026-06-04,P033,红旗超市(团结花园店),R07,104.246885,30.877313,3.26,0.4076,555,675,高
DO202606040067,2026-06-04,P034,红旗连锁(北城新界民族花园店),R07,104.201632,30.877318,6.63,0.1515,566,686,中
DO202606040068,2026-06-04,P034,红旗连锁(北城新界民族花园店),R07,104.201632,30.877318,51.16,0.2666,572,692,中
DO202606040069,2026-06-04,P037,红旗连锁(青白江石家碾西路店),R07,104.253962,30.887052,8.72,0.0347,826,946,低
DO202606040070,2026-06-04,P037,红旗连锁(青白江石家碾西路店),R07,104.253962,30.887052,144.11,0.1032,826,946,中
DO202606040071,2026-06-04,P037,红旗连锁(青白江石家碾西路店),R07,104.253962,30.887052,9.58,0.1736,827,947,中
DO202606040072,2026-06-04,P037,红旗连锁(青白江石家碾西路店),R07,104.253962,30.887052,20.24,0.3494,832,952,高
DO202606040073,2026-06-04,P038,青江一家超市,R07,104.284321,30.880989,9.54,0.1023,769,889,中
DO202606040074,2026-06-04,P038,青江一家超市,R07,104.284321,30.880989,2.57,2.9442,771,891,中
DO202606040075,2026-06-04,P038,青江一家超市,R07,104.284321,30.880989,8.99,0.0415,776,896,高
DO202606040076,2026-06-04,P038,青江一家超市,R07,104.284321,30.880989,36.39,0.4924,777,897,中
DO202606040077,2026-06-04,P039,青江百货连锁超市,R07,104.269502,30.876837,107.32,0.1091,768,888,中
DO202606040078,2026-06-04,P041,永辉超市(成都青羊中铁大道店),R02,103.961452,30.670211,10.81,1.5155,875,995,中
DO202606040079,2026-06-04,P041,永辉超市(成都青羊中铁大道店),R02,103.961452,30.670211,40.89,0.0673,876,996,中
DO202606040080,2026-06-04,P041,永辉超市(成都青羊中铁大道店),R02,103.961452,30.670211,31.48,0.017,880,1000,中
DO202606040081,2026-06-04,P041,永辉超市(成都青羊中铁大道店),R02,103.961452,30.670211,68.66,0.4783,880,1000,中
DO202606040082,2026-06-04,P042,永辉超市(青羊新城市店),R02,104.057614,30.67321,87.81,0.3677,883,1003,低
DO202606040083,2026-06-04,P042,永辉超市(青羊新城市店),R02,104.057614,30.67321,52.17,1.2286,883,1003,高
DO202606040084,2026-06-04,P042,永辉超市(青羊新城市店),R02,104.057614,30.67321,24.28,0.448,883,1003,中
DO202606040085,2026-06-04,P042,永辉超市(青羊新城市店),R02,104.057614,30.67321,151.43,4.9545,888,1008,低
DO202606040086,2026-06-04,P043,红旗超市(中同仁路分场),R02,104.052373,30.668819,14.63,0.076,594,714,低
DO202606040087,2026-06-04,P043,红旗超市(中同仁路分场),R02,104.052373,30.668819,21.37,0.7499,595,715,低
DO202606040088,2026-06-04,P043,红旗超市(中同仁路分场),R02,104.052373,30.668819,34.36,0.2011,596,716,中
DO202606040089,2026-06-04,P043,红旗超市(中同仁路分场),R02,104.052373,30.668819,135.86,0.0924,596,716,高
DO202606040090,2026-06-04,P044,邻你生活超市(大庆店),R02,104.032527,30.669557,14.64,0.4139,755,875,中
DO202606040091,2026-06-04,P044,邻你生活超市(大庆店),R02,104.032527,30.669557,59.27,0.306,758,878,高
DO202606040092,2026-06-04,P044,邻你生活超市(大庆店),R02,104.032527,30.669557,89.67,2.8473,759,879,低
DO202606040093,2026-06-04,P044,邻你生活超市(大庆店),R02,104.032527,30.669557,4.83,1.2671,760,880,高
DO202606040094,2026-06-04,P044,邻你生活超市(大庆店),R02,104.032527,30.669557,114.98,0.1318,763,883,高
DO202606040095,2026-06-04,P046,尚喜超市(锦绣路店),R08,104.308338,30.606726,42.71,0.3342,727,847,低
DO202606040096,2026-06-04,P046,尚喜超市(锦绣路店),R08,104.308338,30.606726,32.91,0.0449,731,851,高
DO202606040097,2026-06-04,P047,永辉超市(成都龙泉驿万达广场店),R08,104.269392,30.566865,36.7,0.3522,649,769,高
DO202606040098,2026-06-04,P047,永辉超市(成都龙泉驿万达广场店),R08,104.269392,30.566865,62.98,1.3508,652,772,中
DO202606040099,2026-06-04,P047,永辉超市(成都龙泉驿万达广场店),R08,104.269392,30.566865,47.53,0.1255,653,773,中
DO202606040100,2026-06-04,P048,汇联美连锁超市(中街店),R08,104.27333,30.560098,73.28,1.3545,824,944,中
DO202606040101,2026-06-04,P048,汇联美连锁超市(中街店),R08,104.27333,30.560098,95.91,0.1757,825,945,低
DO202606040102,2026-06-04,P048,汇联美连锁超市(中街店),R08,104.27333,30.560098,16.26,0.6291,826,946,中
DO202606040103,2026-06-04,P048,汇联美连锁超市(中街店),R08,104.27333,30.560098,32.81,0.6768,829,949,高
DO202606040104,2026-06-04,P049,百伦生活超市(龙泉店),R08,104.273346,30.559846,16.01,0.015,738,858,高
DO202606040105,2026-06-04,P049,百伦生活超市(龙泉店),R08,104.273346,30.559846,2.91,0.0292,739,859,中
DO202606040106,2026-06-04,P049,百伦生活超市(龙泉店),R08,104.273346,30.559846,150.21,0.2708,739,859,高
DO202606050000,2026-06-05,P001,689便民(荣盛·香榭兰庭店),R06,104.135375,30.623625,51.37,0.0499,663,783,中
DO202606050001,2026-06-05,P001,689便民(荣盛·香榭兰庭店),R06,104.135375,30.623625,22.23,1.6942,668,788,高
DO202606050002,2026-06-05,P001,689便民(荣盛·香榭兰庭店),R06,104.135375,30.623625,57.22,0.4512,669,789,低
DO202606050003,2026-06-05,P002,十二超市(佳年华广场1期店),R06,104.131787,30.627615,176.83,0.882,560,680,高
DO202606050004,2026-06-05,P002,十二超市(佳年华广场1期店),R06,104.131787,30.627615,187.82,0.7372,560,680,中
DO202606050005,2026-06-05,P003,红旗连锁,R06,104.132763,30.627528,42.51,0.075,545,665,高
DO202606050006,2026-06-05,P003,红旗连锁,R06,104.132763,30.627528,3.54,0.1452,546,666,高
DO202606050007,2026-06-05,P003,红旗连锁,R06,104.132763,30.627528,30.62,0.3591,547,667,低
DO202606050008,2026-06-05,P003,红旗连锁,R06,104.132763,30.627528,93.2,1.6067,551,671,中
DO202606050009,2026-06-05,P004,老蔡小卖部(水碾河路北社区三街店),R06,104.099234,30.648748,7.8,0.2535,799,919,高
DO202606050010,2026-06-05,P006,全家便利店(龙江路店),R03,104.077199,30.641639,8.55,0.3341,683,803,中
DO202606050011,2026-06-05,P006,全家便利店(龙江路店),R03,104.077199,30.641639,110.94,0.0624,683,803,高
DO202606050012,2026-06-05,P006,全家便利店(龙江路店),R03,104.077199,30.641639,68.16,0.126,685,805,中
DO202606050013,2026-06-05,P006,全家便利店(龙江路店),R03,104.077199,30.641639,133.83,0.2449,689,809,中
DO202606050014,2026-06-05,P008,永辉超市(银泰城店),R03,104.058121,30.541191,33.11,0.9615,833,953,低
DO202606050015,2026-06-05,P009,永辉超市(龙湖成都金楠天街店),R03,103.995986,30.648731,323.57,0.047,614,734,中
DO202606050016,2026-06-05,P010,百分百超市(心语店),R03,104.045915,30.545712,7.51,0.0963,680,800,中
DO202606050017,2026-06-05,P010,百分百超市(心语店),R03,104.045915,30.545712,342.21,0.0784,680,800,中
DO202606050018,2026-06-05,P010,百分百超市(心语店),R03,104.045915,30.545712,52.93,0.0315,682,802,中
DO202606050019,2026-06-05,P011,永辉超市(成都市双铁广场店),R01,103.975737,30.758309,29.52,0.2208,771,891,低
DO202606050020,2026-06-05,P011,永辉超市(成都市双铁广场店),R01,103.975737,30.758309,30.41,0.3827,775,895,高
DO202606050021,2026-06-05,P012,永辉超市(成都市蜀都万达广场店),R01,103.907862,30.807642,328.29,0.0747,887,1007,高
DO202606050022,2026-06-05,P013,永辉超市(爱琴海购物中心店),R01,103.991901,30.737566,42.78,0.528,540,660,中
DO202606050023,2026-06-05,P013,永辉超市(爱琴海购物中心店),R01,103.991901,30.737566,25.86,0.1298,542,662,低
DO202606050024,2026-06-05,P014,永辉超市(龙湖成都时代天街店),R01,103.921214,30.750831,32.17,0.9963,575,695,低
DO202606050025,2026-06-05,P014,永辉超市(龙湖成都时代天街店),R01,103.921214,30.750831,813.57,0.4047,579,699,低
DO202606050026,2026-06-05,P014,永辉超市(龙湖成都时代天街店),R01,103.921214,30.750831,831.16,0.3121,582,702,中
DO202606050027,2026-06-05,P014,永辉超市(龙湖成都时代天街店),R01,103.921214,30.750831,49.0,0.1392,583,703,高
DO202606050028,2026-06-05,P015,红旗超市(龙湖时代天街店),R01,103.919653,30.752444,4.87,0.2184,866,986,中
DO202606050029,2026-06-05,P015,红旗超市(龙湖时代天街店),R01,103.919653,30.752444,11.16,0.2983,867,987,高
DO202606050030,2026-06-05,P015,红旗超市(龙湖时代天街店),R01,103.919653,30.752444,13.94,0.1757,867,987,高
DO202606050031,2026-06-05,P015,红旗超市(龙湖时代天街店),R01,103.919653,30.752444,79.03,0.0527,868,988,高
DO202606050032,2026-06-05,P015,红旗超市(龙湖时代天街店),R01,103.919653,30.752444,32.28,0.1344,868,988,低
DO202606050033,2026-06-05,P016,LAWSON罗森(枣子巷15号院店),R04,104.044885,30.667759,18.77,0.1342,718,838,中
DO202606050034,2026-06-05,P017,LAWSON罗森(龙湖成都上城天街店),R04,104.071944,30.68395,28.69,2.1188,898,1018,中
DO202606050035,2026-06-05,P017,LAWSON罗森(龙湖成都上城天街店),R04,104.071944,30.68395,10.48,1.1331,899,1019,高
DO202606050036,2026-06-05,P017,LAWSON罗森(龙湖成都上城天街店),R04,104.071944,30.68395,151.0,0.193,901,1021,中
DO202606050037,2026-06-05,P017,LAWSON罗森(龙湖成都上城天街店),R04,104.071944,30.68395,19.93,0.2076,906,1026,低
DO202606050038,2026-06-05,P018,乐多(成华西街一店),R04,104.071998,30.683402,11.09,0.1302,821,941,低
DO202606050039,2026-06-05,P018,乐多(成华西街一店),R04,104.071998,30.683402,23.76,0.6204,827,947,中
DO202606050040,2026-06-05,P019,奥特乐(成都龙湖上城天街店),R04,104.072004,30.684929,71.08,0.1753,729,849,低
DO202606050041,2026-06-05,P019,奥特乐(成都龙湖上城天街店),R04,104.072004,30.684929,52.26,0.3339,731,851,高
DO202606050042,2026-06-05,P021,Ole 精品超市(IFS国际金融中心店),R05,104.081893,30.655003,265.9,0.1916,844,964,高
DO202606050043,2026-06-05,P022,四川舞东风超市连锁股份有限公司,R05,104.082047,30.660437,57.85,0.0956,882,1002,低
DO202606050044,2026-06-05,P022,四川舞东风超市连锁股份有限公司,R05,104.082047,30.660437,296.78,1.7914,882,1002,高
DO202606050045,2026-06-05,P022,四川舞东风超市连锁股份有限公司,R05,104.082047,30.660437,69.19,0.1268,887,1007,低
DO202606050046,2026-06-05,P022,四川舞东风超市连锁股份有限公司,R05,104.082047,30.660437,129.73,0.2228,888,1008,中
DO202606050047,2026-06-05,P023,永辉超市(文华广场店),R05,104.107695,30.637048,5.99,1.3028,807,927,高
DO202606050048,2026-06-05,P023,永辉超市(文华广场店),R05,104.107695,30.637048,67.63,0.099,813,933,低
DO202606050049,2026-06-05,P024,永辉超市(锦江城市花园店),R05,104.142752,30.595134,10.72,0.8017,557,677,低
DO202606050050,2026-06-05,P025,红旗超市(成都红旗商厦店),R05,104.072081,30.658735,5.03,0.1753,565,685,低
DO202606050051,2026-06-05,P026,友好多连锁超市(界牌店),R07,104.313922,30.880419,10.4,0.2294,708,828,高
DO202606050052,2026-06-05,P026,友好多连锁超市(界牌店),R07,104.313922,30.880419,32.21,0.0657,709,829,低
DO202606050053,2026-06-05,P026,友好多连锁超市(界牌店),R07,104.313922,30.880419,115.19,0.7169,710,830,高
DO202606050054,2026-06-05,P027,大荣发连锁超市(和顺雅苑店),R07,104.253582,30.90011,13.95,0.2326,746,866,中
DO202606050055,2026-06-05,P027,大荣发连锁超市(和顺雅苑店),R07,104.253582,30.90011,201.16,0.0346,746,866,低
DO202606050056,2026-06-05,P027,大荣发连锁超市(和顺雅苑店),R07,104.253582,30.90011,826.08,0.0683,749,869,低
DO202606050057,2026-06-05,P027,大荣发连锁超市(和顺雅苑店),R07,104.253582,30.90011,50.63,1.3866,750,870,中
DO202606050058,2026-06-05,P027,大荣发连锁超市(和顺雅苑店),R07,104.253582,30.90011,14.29,0.2454,750,870,中
DO202606050059,2026-06-05,P027,大荣发连锁超市(和顺雅苑店),R07,104.253582,30.90011,101.98,0.7651,750,870,中
DO202606050060,2026-06-05,P027,大荣发连锁超市(和顺雅苑店),R07,104.253582,30.90011,15.55,1.2235,754,874,中
DO202606050061,2026-06-05,P027,大荣发连锁超市(和顺雅苑店),R07,104.253582,30.90011,45.67,1.0658,755,875,高
DO202606050062,2026-06-05,P029,永辉超市(青白江万达广场店),R07,104.253652,30.878095,15.63,1.0757,784,904,中
DO202606050063,2026-06-05,P030,润都连锁生活超市(正兴路店),R07,104.188354,30.87079,2.2,1.9181,708,828,中
DO202606050064,2026-06-05,P030,润都连锁生活超市(正兴路店),R07,104.188354,30.87079,46.56,0.3096,708,828,中
DO202606050065,2026-06-05,P031,渝华连锁超市(学苑路店),R07,104.276426,30.875299,14.88,0.1905,734,854,中
DO202606050066,2026-06-05,P031,渝华连锁超市(学苑路店),R07,104.276426,30.875299,358.44,0.1126,735,855,低
DO202606050067,2026-06-05,P032,渝华连锁超市(绣川新城店),R07,104.330571,30.85576,37.89,0.2826,787,907,中
DO202606050068,2026-06-05,P032,渝华连锁超市(绣川新城店),R07,104.330571,30.85576,6.64,1.2336,788,908,中
DO202606050069,2026-06-05,P032,渝华连锁超市(绣川新城店),R07,104.330571,30.85576,7.94,0.0331,789,909,高
DO202606050070,2026-06-05,P032,渝华连锁超市(绣川新城店),R07,104.330571,30.85576,1.91,0.1014,790,910,中
DO202606050071,2026-06-05,P032,渝华连锁超市(绣川新城店),R07,104.330571,30.85576,27.58,0.5226,797,917,高
DO202606050072,2026-06-05,P033,红旗超市(团结花园店),R07,104.246885,30.877313,59.25,0.1269,705,825,低
DO202606050073,2026-06-05,P033,红旗超市(团结花园店),R07,104.246885,30.877313,245.31,0.913,705,825,中
DO202606050074,2026-06-05,P034,红旗连锁(北城新界民族花园店),R07,104.201632,30.877318,10.53,0.8326,793,913,高
DO202606050075,2026-06-05,P035,红旗连锁(青白江同金街便利店),R07,104.244552,30.889503,31.84,0.2247,548,668,中
DO202606050076,2026-06-05,P035,红旗连锁(青白江同金街便利店),R07,104.244552,30.889503,285.98,0.1115,551,671,中
DO202606050077,2026-06-05,P035,红旗连锁(青白江同金街便利店),R07,104.244552,30.889503,108.41,0.3141,555,675,中
DO202606050078,2026-06-05,P036,红旗连锁(青白江城厢首府分场),R07,104.323054,30.860039,57.45,0.2288,737,857,中
DO202606050079,2026-06-05,P037,红旗连锁(青白江石家碾西路店),R07,104.253962,30.887052,10.88,0.4519,580,700,中
DO202606050080,2026-06-05,P037,红旗连锁(青白江石家碾西路店),R07,104.253962,30.887052,63.79,0.017,583,703,中
DO202606050081,2026-06-05,P037,红旗连锁(青白江石家碾西路店),R07,104.253962,30.887052,61.62,0.0444,587,707,低
DO202606050082,2026-06-05,P037,红旗连锁(青白江石家碾西路店),R07,104.253962,30.887052,15.24,0.1102,587,707,低
DO202606050083,2026-06-05,P038,青江一家超市,R07,104.284321,30.880989,37.62,0.0191,760,880,低
DO202606050084,2026-06-05,P038,青江一家超市,R07,104.284321,30.880989,9.99,0.1771,761,881,中
DO202606050085,2026-06-05,P038,青江一家超市,R07,104.284321,30.880989,292.6,0.7667,761,881,低
DO202606050086,2026-06-05,P039,青江百货连锁超市,R07,104.269502,30.876837,6.16,0.2716,837,957,低
DO202606050087,2026-06-05,P041,永辉超市(成都青羊中铁大道店),R02,103.961452,30.670211,51.01,0.0978,722,842,中
DO202606050088,2026-06-05,P041,永辉超市(成都青羊中铁大道店),R02,103.961452,30.670211,53.96,1.2864,725,845,低
DO202606050089,2026-06-05,P042,永辉超市(青羊新城市店),R02,104.057614,30.67321,19.36,0.9665,699,819,低
DO202606050090,2026-06-05,P043,红旗超市(中同仁路分场),R02,104.052373,30.668819,24.14,1.1783,658,778,低
DO202606050091,2026-06-05,P043,红旗超市(中同仁路分场),R02,104.052373,30.668819,49.38,0.2468,658,778,低
DO202606050092,2026-06-05,P044,邻你生活超市(大庆店),R02,104.032527,30.669557,130.04,0.144,605,725,高
DO202606050093,2026-06-05,P045,世纪红连锁超市,R08,104.208007,30.532247,61.48,0.1581,630,750,中
DO202606050094,2026-06-05,P045,世纪红连锁超市,R08,104.208007,30.532247,47.63,0.0562,631,751,低
DO202606050095,2026-06-05,P046,尚喜超市(锦绣路店),R08,104.308338,30.606726,8.03,1.1673,548,668,中
DO202606050096,2026-06-05,P046,尚喜超市(锦绣路店),R08,104.308338,30.606726,1.78,0.3635,549,669,高
DO202606050097,2026-06-05,P046,尚喜超市(锦绣路店),R08,104.308338,30.606726,1363.0,0.2817,556,676,中
DO202606050098,2026-06-05,P046,尚喜超市(锦绣路店),R08,104.308338,30.606726,41.47,0.1952,558,678,高
DO202606050099,2026-06-05,P047,永辉超市(成都龙泉驿万达广场店),R08,104.269392,30.566865,251.17,0.3155,731,851,中
DO202606050100,2026-06-05,P048,汇联美连锁超市(中街店),R08,104.27333,30.560098,197.54,0.0778,813,933,中
DO202606060000,2026-06-06,P001,689便民(荣盛·香榭兰庭店),R06,104.135375,30.623625,93.4,0.4494,719,839,中
DO202606060001,2026-06-06,P001,689便民(荣盛·香榭兰庭店),R06,104.135375,30.623625,57.57,1.9558,719,839,低
DO202606060002,2026-06-06,P002,十二超市(佳年华广场1期店),R06,104.131787,30.627615,3.91,0.0603,713,833,低
DO202606060003,2026-06-06,P002,十二超市(佳年华广场1期店),R06,104.131787,30.627615,54.49,1.5011,717,837,中
DO202606060004,2026-06-06,P003,红旗连锁,R06,104.132763,30.627528,94.76,0.1942,706,826,中
DO202606060005,2026-06-06,P003,红旗连锁,R06,104.132763,30.627528,3.53,0.4968,709,829,中
DO202606060006,2026-06-06,P004,老蔡小卖部(水碾河路北社区三街店),R06,104.099234,30.648748,48.61,0.3407,883,1003,高
DO202606060007,2026-06-06,P004,老蔡小卖部(水碾河路北社区三街店),R06,104.099234,30.648748,217.69,0.2171,885,1005,中
DO202606060008,2026-06-06,P004,老蔡小卖部(水碾河路北社区三街店),R06,104.099234,30.648748,284.89,1.1155,891,1011,高
DO202606060009,2026-06-06,P006,全家便利店(龙江路店),R03,104.077199,30.641639,2.56,0.1004,783,903,中
DO202606060010,2026-06-06,P006,全家便利店(龙江路店),R03,104.077199,30.641639,4.26,0.5345,787,907,高
DO202606060011,2026-06-06,P006,全家便利店(龙江路店),R03,104.077199,30.641639,5.2,0.3044,787,907,高
DO202606060012,2026-06-06,P006,全家便利店(龙江路店),R03,104.077199,30.641639,148.41,0.0989,789,909,低
DO202606060013,2026-06-06,P008,永辉超市(银泰城店),R03,104.058121,30.541191,432.39,4.2168,821,941,中
DO202606060014,2026-06-06,P008,永辉超市(银泰城店),R03,104.058121,30.541191,95.08,3.0528,824,944,高
DO202606060015,2026-06-06,P008,永辉超市(银泰城店),R03,104.058121,30.541191,31.46,0.0551,826,946,低
DO202606060016,2026-06-06,P009,永辉超市(龙湖成都金楠天街店),R03,103.995986,30.648731,179.02,0.0309,847,967,中
DO202606060017,2026-06-06,P009,永辉超市(龙湖成都金楠天街店),R03,103.995986,30.648731,30.28,0.8106,851,971,中
DO202606060018,2026-06-06,P009,永辉超市(龙湖成都金楠天街店),R03,103.995986,30.648731,28.87,0.2615,852,972,中
DO202606060019,2026-06-06,P009,永辉超市(龙湖成都金楠天街店),R03,103.995986,30.648731,12.55,10.9683,852,972,低
DO202606060020,2026-06-06,P010,百分百超市(心语店),R03,104.045915,30.545712,59.88,0.0739,749,869,高
DO202606060021,2026-06-06,P011,永辉超市(成都市双铁广场店),R01,103.975737,30.758309,47.4,0.0567,630,750,中
DO202606060022,2026-06-06,P011,永辉超市(成都市双铁广场店),R01,103.975737,30.758309,54.9,13.0934,631,751,低
DO202606060023,2026-06-06,P012,永辉超市(成都市蜀都万达广场店),R01,103.907862,30.807642,13.69,1.0159,623,743,高
DO202606060024,2026-06-06,P012,永辉超市(成都市蜀都万达广场店),R01,103.907862,30.807642,29.64,0.2218,625,745,中
DO202606060025,2026-06-06,P013,永辉超市(爱琴海购物中心店),R01,103.991901,30.737566,152.61,0.3829,878,998,高
DO202606060026,2026-06-06,P013,永辉超市(爱琴海购物中心店),R01,103.991901,30.737566,5.37,0.0979,879,999,中
DO202606060027,2026-06-06,P014,永辉超市(龙湖成都时代天街店),R01,103.921214,30.750831,85.82,0.4188,590,710,低
DO202606060028,2026-06-06,P014,永辉超市(龙湖成都时代天街店),R01,103.921214,30.750831,25.71,0.8996,591,711,低
DO202606060029,2026-06-06,P014,永辉超市(龙湖成都时代天街店),R01,103.921214,30.750831,2.1,0.4361,591,711,中
DO202606060030,2026-06-06,P014,永辉超市(龙湖成都时代天街店),R01,103.921214,30.750831,25.94,0.8697,591,711,低
DO202606060031,2026-06-06,P014,永辉超市(龙湖成都时代天街店),R01,103.921214,30.750831,122.29,0.2701,593,713,低
DO202606060032,2026-06-06,P014,永辉超市(龙湖成都时代天街店),R01,103.921214,30.750831,85.22,0.5379,597,717,中
DO202606060033,2026-06-06,P014,永辉超市(龙湖成都时代天街店),R01,103.921214,30.750831,162.14,0.6866,598,718,中
DO202606060034,2026-06-06,P014,永辉超市(龙湖成都时代天街店),R01,103.921214,30.750831,111.99,2.6698,599,719,低
DO202606060035,2026-06-06,P014,永辉超市(龙湖成都时代天街店),R01,103.921214,30.750831,9.9,0.2,599,719,中
DO202606060036,2026-06-06,P015,红旗超市(龙湖时代天街店),R01,103.919653,30.752444,2.98,0.2592,666,786,中
DO202606060037,2026-06-06,P015,红旗超市(龙湖时代天街店),R01,103.919653,30.752444,460.84,0.1602,669,789,低
DO202606060038,2026-06-06,P016,LAWSON罗森(枣子巷15号院店),R04,104.044885,30.667759,30.08,0.2769,624,744,高
DO202606060039,2026-06-06,P017,LAWSON罗森(龙湖成都上城天街店),R04,104.071944,30.68395,48.99,0.5518,728,848,高
DO202606060040,2026-06-06,P018,乐多(成华西街一店),R04,104.071998,30.683402,120.02,0.2308,828,948,中
DO202606060041,2026-06-06,P018,乐多(成华西街一店),R04,104.071998,30.683402,15.19,0.8703,833,953,低
DO202606060042,2026-06-06,P018,乐多(成华西街一店),R04,104.071998,30.683402,49.44,0.6193,833,953,高
DO202606060043,2026-06-06,P018,乐多(成华西街一店),R04,104.071998,30.683402,116.19,5.172,836,956,高
DO202606060044,2026-06-06,P019,奥特乐(成都龙湖上城天街店),R04,104.072004,30.684929,128.07,1.0712,533,653,中
DO202606060045,2026-06-06,P019,奥特乐(成都龙湖上城天街店),R04,104.072004,30.684929,13.68,0.2936,541,661,中
DO202606060046,2026-06-06,P020,朴朴超市(西体路店),R04,104.061775,30.681195,27.8,0.0974,699,819,中
DO202606060047,2026-06-06,P020,朴朴超市(西体路店),R04,104.061775,30.681195,43.75,2.6555,707,827,中
DO202606060048,2026-06-06,P022,四川舞东风超市连锁股份有限公司,R05,104.082047,30.660437,39.85,0.0903,553,673,低
DO202606060049,2026-06-06,P022,四川舞东风超市连锁股份有限公司,R05,104.082047,30.660437,2.91,0.6569,553,673,低
DO202606060050,2026-06-06,P022,四川舞东风超市连锁股份有限公司,R05,104.082047,30.660437,97.34,0.45,555,675,中
DO202606060051,2026-06-06,P022,四川舞东风超市连锁股份有限公司,R05,104.082047,30.660437,33.8,0.2374,559,679,低
DO202606060052,2026-06-06,P023,永辉超市(文华广场店),R05,104.107695,30.637048,114.36,0.1329,771,891,高
DO202606060053,2026-06-06,P024,永辉超市(锦江城市花园店),R05,104.142752,30.595134,119.38,5.031,607,727,高
DO202606060054,2026-06-06,P024,永辉超市(锦江城市花园店),R05,104.142752,30.595134,139.51,0.1541,612,732,中
DO202606060055,2026-06-06,P025,红旗超市(成都红旗商厦店),R05,104.072081,30.658735,124.7,0.92,546,666,中
DO202606060056,2026-06-06,P025,红旗超市(成都红旗商厦店),R05,104.072081,30.658735,128.89,0.0141,555,675,中
DO202606060057,2026-06-06,P027,大荣发连锁超市(和顺雅苑店),R07,104.253582,30.90011,23.91,1.0932,868,988,高
DO202606060058,2026-06-06,P027,大荣发连锁超市(和顺雅苑店),R07,104.253582,30.90011,307.4,0.7983,874,994,中
DO202606060059,2026-06-06,P027,大荣发连锁超市(和顺雅苑店),R07,104.253582,30.90011,3.65,1.0941,874,994,中
DO202606060060,2026-06-06,P029,永辉超市(青白江万达广场店),R07,104.253652,30.878095,46.02,0.5816,753,873,中
DO202606060061,2026-06-06,P029,永辉超市(青白江万达广场店),R07,104.253652,30.878095,27.52,0.1868,754,874,高
DO202606060062,2026-06-06,P029,永辉超市(青白江万达广场店),R07,104.253652,30.878095,39.46,0.1617,755,875,高
DO202606060063,2026-06-06,P029,永辉超市(青白江万达广场店),R07,104.253652,30.878095,115.75,1.7616,760,880,低
DO202606060064,2026-06-06,P029,永辉超市(青白江万达广场店),R07,104.253652,30.878095,60.85,0.452,761,881,中
DO202606060065,2026-06-06,P030,润都连锁生活超市(正兴路店),R07,104.188354,30.87079,32.77,0.943,692,812,中
DO202606060066,2026-06-06,P030,润都连锁生活超市(正兴路店),R07,104.188354,30.87079,166.8,0.3025,693,813,中
DO202606060067,2026-06-06,P031,渝华连锁超市(学苑路店),R07,104.276426,30.875299,2.57,0.9194,797,917,中
DO202606060068,2026-06-06,P031,渝华连锁超市(学苑路店),R07,104.276426,30.875299,6.76,0.0848,798,918,中
DO202606060069,2026-06-06,P031,渝华连锁超市(学苑路店),R07,104.276426,30.875299,18.65,0.1074,798,918,中
DO202606060070,2026-06-06,P033,红旗超市(团结花园店),R07,104.246885,30.877313,729.16,0.3497,900,1020,高
DO202606060071,2026-06-06,P033,红旗超市(团结花园店),R07,104.246885,30.877313,20.36,0.3728,901,1021,中
DO202606060072,2026-06-06,P033,红旗超市(团结花园店),R07,104.246885,30.877313,38.53,0.1614,903,1023,中
DO202606060073,2026-06-06,P034,红旗连锁(北城新界民族花园店),R07,104.201632,30.877318,4.61,0.1774,822,942,低
DO202606060074,2026-06-06,P034,红旗连锁(北城新界民族花园店),R07,104.201632,30.877318,46.44,0.0823,824,944,低
DO202606060075,2026-06-06,P034,红旗连锁(北城新界民族花园店),R07,104.201632,30.877318,357.9,0.2984,825,945,低
DO202606060076,2026-06-06,P035,红旗连锁(青白江同金街便利店),R07,104.244552,30.889503,8.55,0.0715,844,964,中
DO202606060077,2026-06-06,P036,红旗连锁(青白江城厢首府分场),R07,104.323054,30.860039,10.22,0.0812,682,802,中
DO202606060078,2026-06-06,P037,红旗连锁(青白江石家碾西路店),R07,104.253962,30.887052,21.31,1.8214,818,938,中
DO202606060079,2026-06-06,P038,青江一家超市,R07,104.284321,30.880989,83.09,0.188,895,1015,中
DO202606060080,2026-06-06,P038,青江一家超市,R07,104.284321,30.880989,3.08,0.6834,895,1015,高
DO202606060081,2026-06-06,P038,青江一家超市,R07,104.284321,30.880989,238.98,0.6219,901,1021,中
DO202606060082,2026-06-06,P038,青江一家超市,R07,104.284321,30.880989,99.12,0.3734,902,1022,低
DO202606060083,2026-06-06,P038,青江一家超市,R07,104.284321,30.880989,169.78,0.315,903,1023,低
DO202606060084,2026-06-06,P039,青江百货连锁超市,R07,104.269502,30.876837,303.64,0.4556,514,634,高
DO202606060085,2026-06-06,P040,上蔬永辉超市(西单商场店),R02,104.000521,30.674866,73.89,0.1162,707,827,低
DO202606060086,2026-06-06,P041,永辉超市(成都青羊中铁大道店),R02,103.961452,30.670211,10.47,0.3137,688,808,中
DO202606060087,2026-06-06,P041,永辉超市(成都青羊中铁大道店),R02,103.961452,30.670211,20.61,0.2442,689,809,高
DO202606060088,2026-06-06,P041,永辉超市(成都青羊中铁大道店),R02,103.961452,30.670211,81.81,0.3968,692,812,中
DO202606060089,2026-06-06,P042,永辉超市(青羊新城市店),R02,104.057614,30.67321,8.54,0.0528,645,765,中
DO202606060090,2026-06-06,P043,红旗超市(中同仁路分场),R02,104.052373,30.668819,526.21,0.254,692,812,高
DO202606060091,2026-06-06,P043,红旗超市(中同仁路分场),R02,104.052373,30.668819,23.76,0.7566,698,818,高
DO202606060092,2026-06-06,P044,邻你生活超市(大庆店),R02,104.032527,30.669557,55.19,0.1721,674,794,高
DO202606060093,2026-06-06,P044,邻你生活超市(大庆店),R02,104.032527,30.669557,19.7,0.0212,676,796,低
DO202606060094,2026-06-06,P044,邻你生活超市(大庆店),R02,104.032527,30.669557,35.92,0.0606,677,797,高
DO202606060095,2026-06-06,P044,邻你生活超市(大庆店),R02,104.032527,30.669557,244.2,0.0405,679,799,高
DO202606060096,2026-06-06,P044,邻你生活超市(大庆店),R02,104.032527,30.669557,20.8,0.6439,681,801,低
DO202606060097,2026-06-06,P046,尚喜超市(锦绣路店),R08,104.308338,30.606726,157.08,0.0995,556,676,低
DO202606060098,2026-06-06,P046,尚喜超市(锦绣路店),R08,104.308338,30.606726,187.12,0.5164,559,679,中
DO202606060099,2026-06-06,P046,尚喜超市(锦绣路店),R08,104.308338,30.606726,95.64,2.4716,559,679,高
DO202606060100,2026-06-06,P047,永辉超市(成都龙泉驿万达广场店),R08,104.269392,30.566865,30.72,0.251,587,707,高
DO202606060101,2026-06-06,P047,永辉超市(成都龙泉驿万达广场店),R08,104.269392,30.566865,133.82,0.0593,587,707,中
DO202606060102,2026-06-06,P048,汇联美连锁超市(中街店),R08,104.27333,30.560098,15.54,0.3899,722,842,高
DO202606060103,2026-06-06,P049,百伦生活超市(龙泉店),R08,104.273346,30.559846,12.67,0.0649,770,890,中
DO202606060104,2026-06-06,P049,百伦生活超市(龙泉店),R08,104.273346,30.559846,99.79,0.5709,771,891,中
DO202606060105,2026-06-06,P049,百伦生活超市(龙泉店),R08,104.273346,30.559846,40.55,0.3831,771,891,低
DO202606060106,2026-06-06,P049,百伦生活超市(龙泉店),R08,104.273346,30.559846,2.13,0.2606,772,892,高
DO202606070000,2026-06-07,P002,十二超市(佳年华广场1期店),R06,104.131787,30.627615,39.55,0.0237,741,861,中
DO202606070001,2026-06-07,P002,十二超市(佳年华广场1期店),R06,104.131787,30.627615,70.59,0.6747,742,862,低
DO202606070002,2026-06-07,P002,十二超市(佳年华广场1期店),R06,104.131787,30.627615,238.6,4.0362,745,865,高
DO202606070003,2026-06-07,P003,红旗连锁,R06,104.132763,30.627528,86.59,0.5059,724,844,高
DO202606070004,2026-06-07,P003,红旗连锁,R06,104.132763,30.627528,74.26,0.3053,729,849,低
DO202606070005,2026-06-07,P004,老蔡小卖部(水碾河路北社区三街店),R06,104.099234,30.648748,324.53,1.9012,516,636,低
DO202606070006,2026-06-07,P004,老蔡小卖部(水碾河路北社区三街店),R06,104.099234,30.648748,14.38,0.5648,522,642,中
DO202606070007,2026-06-07,P004,老蔡小卖部(水碾河路北社区三街店),R06,104.099234,30.648748,10.81,0.0565,523,643,中
DO202606070008,2026-06-07,P004,老蔡小卖部(水碾河路北社区三街店),R06,104.099234,30.648748,1.04,0.1864,525,645,低
DO202606070009,2026-06-07,P005,郝英超市,R06,104.129707,30.628761,16.79,0.2304,837,957,高
DO202606070010,2026-06-07,P005,郝英超市,R06,104.129707,30.628761,103.56,0.486,846,966,中
DO202606070011,2026-06-07,P006,全家便利店(龙江路店),R03,104.077199,30.641639,42.71,0.5498,665,785,中
DO202606070012,2026-06-07,P006,全家便利店(龙江路店),R03,104.077199,30.641639,4.28,0.0564,670,790,高
DO202606070013,2026-06-07,P007,永辉超市(成都市新城吾悦广场店),R03,103.988663,30.626255,51.29,2.0868,616,736,中
DO202606070014,2026-06-07,P007,永辉超市(成都市新城吾悦广场店),R03,103.988663,30.626255,9.23,0.2534,618,738,中
DO202606070015,2026-06-07,P007,永辉超市(成都市新城吾悦广场店),R03,103.988663,30.626255,38.75,0.7532,622,742,中
DO202606070016,2026-06-07,P010,百分百超市(心语店),R03,104.045915,30.545712,3.72,3.0385,620,740,低
DO202606070017,2026-06-07,P010,百分百超市(心语店),R03,104.045915,30.545712,6.47,0.4771,625,745,高
DO202606070018,2026-06-07,P011,永辉超市(成都市双铁广场店),R01,103.975737,30.758309,94.84,0.5402,551,671,高
DO202606070019,2026-06-07,P011,永辉超市(成都市双铁广场店),R01,103.975737,30.758309,105.89,0.0704,552,672,中
DO202606070020,2026-06-07,P011,永辉超市(成都市双铁广场店),R01,103.975737,30.758309,307.57,0.5935,555,675,中
DO202606070021,2026-06-07,P011,永辉超市(成都市双铁广场店),R01,103.975737,30.758309,99.57,0.2806,560,680,中
DO202606070022,2026-06-07,P012,永辉超市(成都市蜀都万达广场店),R01,103.907862,30.807642,106.9,1.3824,810,930,高
DO202606070023,2026-06-07,P012,永辉超市(成都市蜀都万达广场店),R01,103.907862,30.807642,176.95,0.149,816,936,低
DO202606070024,2026-06-07,P012,永辉超市(成都市蜀都万达广场店),R01,103.907862,30.807642,116.11,0.0397,818,938,低
DO202606070025,2026-06-07,P013,永辉超市(爱琴海购物中心店),R01,103.991901,30.737566,40.91,0.0169,524,644,低
DO202606070026,2026-06-07,P013,永辉超市(爱琴海购物中心店),R01,103.991901,30.737566,43.6,0.0258,524,644,中
DO202606070027,2026-06-07,P014,永辉超市(龙湖成都时代天街店),R01,103.921214,30.750831,92.08,1.1542,538,658,低
DO202606070028,2026-06-07,P014,永辉超市(龙湖成都时代天街店),R01,103.921214,30.750831,71.41,0.2457,538,658,中
DO202606070029,2026-06-07,P014,永辉超市(龙湖成都时代天街店),R01,103.921214,30.750831,510.14,0.3734,539,659,中
DO202606070030,2026-06-07,P014,永辉超市(龙湖成都时代天街店),R01,103.921214,30.750831,143.71,0.1986,541,661,中
DO202606070031,2026-06-07,P015,红旗超市(龙湖时代天街店),R01,103.919653,30.752444,60.59,0.1137,514,634,高
DO202606070032,2026-06-07,P015,红旗超市(龙湖时代天街店),R01,103.919653,30.752444,16.92,0.2271,515,635,高
DO202606070033,2026-06-07,P015,红旗超市(龙湖时代天街店),R01,103.919653,30.752444,33.94,0.8852,515,635,低
DO202606070034,2026-06-07,P015,红旗超市(龙湖时代天街店),R01,103.919653,30.752444,90.29,1.2107,516,636,高
DO202606070035,2026-06-07,P015,红旗超市(龙湖时代天街店),R01,103.919653,30.752444,210.97,0.0486,519,639,中
DO202606070036,2026-06-07,P017,LAWSON罗森(龙湖成都上城天街店),R04,104.071944,30.68395,40.69,0.1673,538,658,低
DO202606070037,2026-06-07,P017,LAWSON罗森(龙湖成都上城天街店),R04,104.071944,30.68395,11.85,1.0209,538,658,高
DO202606070038,2026-06-07,P017,LAWSON罗森(龙湖成都上城天街店),R04,104.071944,30.68395,164.73,0.4244,538,658,高
DO202606070039,2026-06-07,P017,LAWSON罗森(龙湖成都上城天街店),R04,104.071944,30.68395,21.04,0.5108,543,663,中
DO202606070040,2026-06-07,P017,LAWSON罗森(龙湖成都上城天街店),R04,104.071944,30.68395,308.79,0.197,543,663,低
DO202606070041,2026-06-07,P018,乐多(成华西街一店),R04,104.071998,30.683402,80.12,0.1822,675,795,高
DO202606070042,2026-06-07,P018,乐多(成华西街一店),R04,104.071998,30.683402,79.81,0.0604,678,798,高
DO202606070043,2026-06-07,P018,乐多(成华西街一店),R04,104.071998,30.683402,5.25,0.0568,682,802,低
DO202606070044,2026-06-07,P018,乐多(成华西街一店),R04,104.071998,30.683402,12.28,0.5299,683,803,中
DO202606070045,2026-06-07,P018,乐多(成华西街一店),R04,104.071998,30.683402,641.71,0.2358,683,803,低
DO202606070046,2026-06-07,P020,朴朴超市(西体路店),R04,104.061775,30.681195,38.96,0.0238,902,1022,中
DO202606070047,2026-06-07,P020,朴朴超市(西体路店),R04,104.061775,30.681195,13.99,1.3543,903,1023,高
DO202606070048,2026-06-07,P020,朴朴超市(西体路店),R04,104.061775,30.681195,201.62,0.1619,906,1026,低
DO202606070049,2026-06-07,P021,Ole 精品超市(IFS国际金融中心店),R05,104.081893,30.655003,44.48,0.5362,519,639,中
DO202606070050,2026-06-07,P021,Ole 精品超市(IFS国际金融中心店),R05,104.081893,30.655003,9.8,2.8817,526,646,低
DO202606070051,2026-06-07,P021,Ole 精品超市(IFS国际金融中心店),R05,104.081893,30.655003,2.16,0.084,526,646,中
DO202606070052,2026-06-07,P022,四川舞东风超市连锁股份有限公司,R05,104.082047,30.660437,9.05,0.7674,745,865,中
DO202606070053,2026-06-07,P022,四川舞东风超市连锁股份有限公司,R05,104.082047,30.660437,179.57,0.0377,749,869,中
DO202606070054,2026-06-07,P022,四川舞东风超市连锁股份有限公司,R05,104.082047,30.660437,4.65,0.1773,751,871,中
DO202606070055,2026-06-07,P023,永辉超市(文华广场店),R05,104.107695,30.637048,17.87,0.2779,892,1012,高
DO202606070056,2026-06-07,P024,永辉超市(锦江城市花园店),R05,104.142752,30.595134,18.96,0.2659,584,704,高
DO202606070057,2026-06-07,P025,红旗超市(成都红旗商厦店),R05,104.072081,30.658735,30.5,0.539,827,947,中
DO202606070058,2026-06-07,P025,红旗超市(成都红旗商厦店),R05,104.072081,30.658735,44.36,1.0647,831,951,低
DO202606070059,2026-06-07,P025,红旗超市(成都红旗商厦店),R05,104.072081,30.658735,6.21,0.7401,837,957,中
DO202606070060,2026-06-07,P027,大荣发连锁超市(和顺雅苑店),R07,104.253582,30.90011,42.85,0.7954,534,654,中
DO202606070061,2026-06-07,P027,大荣发连锁超市(和顺雅苑店),R07,104.253582,30.90011,142.69,0.7138,534,654,高
DO202606070062,2026-06-07,P028,永辉超市(天府欧城店),R07,104.256388,30.892152,627.59,0.182,834,954,低
DO202606070063,2026-06-07,P028,永辉超市(天府欧城店),R07,104.256388,30.892152,76.77,0.1325,835,955,低
DO202606070064,2026-06-07,P029,永辉超市(青白江万达广场店),R07,104.253652,30.878095,333.02,0.0846,550,670,低
DO202606070065,2026-06-07,P029,永辉超市(青白江万达广场店),R07,104.253652,30.878095,59.47,0.6665,555,675,中
DO202606070066,2026-06-07,P030,润都连锁生活超市(正兴路店),R07,104.188354,30.87079,98.91,0.4712,515,635,低
DO202606070067,2026-06-07,P030,润都连锁生活超市(正兴路店),R07,104.188354,30.87079,65.72,0.7732,516,636,低
DO202606070068,2026-06-07,P030,润都连锁生活超市(正兴路店),R07,104.188354,30.87079,36.7,0.457,522,642,中
DO202606070069,2026-06-07,P031,渝华连锁超市(学苑路店),R07,104.276426,30.875299,25.25,0.0319,769,889,低
DO202606070070,2026-06-07,P031,渝华连锁超市(学苑路店),R07,104.276426,30.875299,53.24,0.6989,772,892,低
DO202606070071,2026-06-07,P032,渝华连锁超市(绣川新城店),R07,104.330571,30.85576,164.55,0.1472,903,1023,低
DO202606070072,2026-06-07,P032,渝华连锁超市(绣川新城店),R07,104.330571,30.85576,229.11,0.7739,908,1028,中
DO202606070073,2026-06-07,P033,红旗超市(团结花园店),R07,104.246885,30.877313,28.32,0.7886,819,939,高
DO202606070074,2026-06-07,P033,红旗超市(团结花园店),R07,104.246885,30.877313,156.77,0.2912,824,944,低
DO202606070075,2026-06-07,P033,红旗超市(团结花园店),R07,104.246885,30.877313,52.39,0.2524,826,946,低
DO202606070076,2026-06-07,P033,红旗超市(团结花园店),R07,104.246885,30.877313,7.77,0.5521,827,947,中
DO202606070077,2026-06-07,P034,红旗连锁(北城新界民族花园店),R07,104.201632,30.877318,3.5,0.1712,661,781,低
DO202606070078,2026-06-07,P034,红旗连锁(北城新界民族花园店),R07,104.201632,30.877318,1.56,0.1092,661,781,中
DO202606070079,2026-06-07,P034,红旗连锁(北城新界民族花园店),R07,104.201632,30.877318,49.67,1.7307,662,782,中
DO202606070080,2026-06-07,P034,红旗连锁(北城新界民族花园店),R07,104.201632,30.877318,9.44,0.076,665,785,高
DO202606070081,2026-06-07,P034,红旗连锁(北城新界民族花园店),R07,104.201632,30.877318,348.83,0.1025,666,786,高
DO202606070082,2026-06-07,P035,红旗连锁(青白江同金街便利店),R07,104.244552,30.889503,89.13,0.2312,881,1001,中
DO202606070083,2026-06-07,P035,红旗连锁(青白江同金街便利店),R07,104.244552,30.889503,174.89,0.5887,886,1006,中
DO202606070084,2026-06-07,P037,红旗连锁(青白江石家碾西路店),R07,104.253962,30.887052,77.32,0.2364,690,810,高
DO202606070085,2026-06-07,P037,红旗连锁(青白江石家碾西路店),R07,104.253962,30.887052,58.7,0.8477,692,812,中
DO202606070086,2026-06-07,P038,青江一家超市,R07,104.284321,30.880989,8.23,0.2344,862,982,中
DO202606070087,2026-06-07,P038,青江一家超市,R07,104.284321,30.880989,675.48,0.2729,864,984,低
DO202606070088,2026-06-07,P038,青江一家超市,R07,104.284321,30.880989,19.46,1.5788,869,989,低
DO202606070089,2026-06-07,P038,青江一家超市,R07,104.284321,30.880989,290.39,0.3671,870,990,中
DO202606070090,2026-06-07,P038,青江一家超市,R07,104.284321,30.880989,26.94,1.0719,871,991,中
DO202606070091,2026-06-07,P038,青江一家超市,R07,104.284321,30.880989,37.95,0.2187,871,991,低
DO202606070092,2026-06-07,P039,青江百货连锁超市,R07,104.269502,30.876837,17.87,3.8462,581,701,中
DO202606070093,2026-06-07,P040,上蔬永辉超市(西单商场店),R02,104.000521,30.674866,5.03,0.1032,608,728,中
DO202606070094,2026-06-07,P040,上蔬永辉超市(西单商场店),R02,104.000521,30.674866,96.2,0.4628,614,734,中
DO202606070095,2026-06-07,P041,永辉超市(成都青羊中铁大道店),R02,103.961452,30.670211,34.71,1.4311,619,739,低
DO202606070096,2026-06-07,P041,永辉超市(成都青羊中铁大道店),R02,103.961452,30.670211,3.47,0.0856,621,741,高
DO202606070097,2026-06-07,P041,永辉超市(成都青羊中铁大道店),R02,103.961452,30.670211,2.04,0.0487,627,747,高
DO202606070098,2026-06-07,P041,永辉超市(成都青羊中铁大道店),R02,103.961452,30.670211,50.87,0.2942,627,747,中
DO202606070099,2026-06-07,P043,红旗超市(中同仁路分场),R02,104.052373,30.668819,90.42,0.2401,655,775,中
DO202606070100,2026-06-07,P043,红旗超市(中同仁路分场),R02,104.052373,30.668819,51.33,0.4028,657,777,中
DO202606070101,2026-06-07,P043,红旗超市(中同仁路分场),R02,104.052373,30.668819,115.81,0.1258,657,777,中
DO202606070102,2026-06-07,P043,红旗超市(中同仁路分场),R02,104.052373,30.668819,4.82,0.1488,659,779,中
DO202606070103,2026-06-07,P043,红旗超市(中同仁路分场),R02,104.052373,30.668819,77.92,0.9247,659,779,中
DO202606070104,2026-06-07,P044,邻你生活超市(大庆店),R02,104.032527,30.669557,5.94,0.2137,548,668,低
DO202606070105,2026-06-07,P045,世纪红连锁超市,R08,104.208007,30.532247,316.95,0.5124,641,761,高
DO202606070106,2026-06-07,P046,尚喜超市(锦绣路店),R08,104.308338,30.606726,322.59,0.5091,521,641,高
DO202606070107,2026-06-07,P046,尚喜超市(锦绣路店),R08,104.308338,30.606726,287.24,0.1344,523,643,高
DO202606070108,2026-06-07,P046,尚喜超市(锦绣路店),R08,104.308338,30.606726,35.42,0.4337,526,646,中
DO202606070109,2026-06-07,P046,尚喜超市(锦绣路店),R08,104.308338,30.606726,114.33,0.358,526,646,低
DO202606070110,2026-06-07,P046,尚喜超市(锦绣路店),R08,104.308338,30.606726,11.13,0.0396,529,649,高
DO202606070111,2026-06-07,P046,尚喜超市(锦绣路店),R08,104.308338,30.606726,60.85,3.4345,531,651,高
DO202606070112,2026-06-07,P047,永辉超市(成都龙泉驿万达广场店),R08,104.269392,30.566865,210.98,0.3775,666,786,中
DO202606070113,2026-06-07,P047,永辉超市(成都龙泉驿万达广场店),R08,104.269392,30.566865,17.4,0.2158,670,790,高
DO202606070114,2026-06-07,P048,汇联美连锁超市(中街店),R08,104.27333,30.560098,79.14,0.1102,792,912,中
DO202606070115,2026-06-07,P048,汇联美连锁超市(中街店),R08,104.27333,30.560098,9.24,0.5922,794,914,高
DO202606070116,2026-06-07,P048,汇联美连锁超市(中街店),R08,104.27333,30.560098,16.03,1.6442,796,916,高
DO202606070117,2026-06-07,P048,汇联美连锁超市(中街店),R08,104.27333,30.560098,64.49,0.1072,802,922,中
DO202606070118,2026-06-07,P049,百伦生活超市(龙泉店),R08,104.273346,30.559846,61.65,1.1688,603,723,高
DO202606080000,2026-06-08,P001,689便民(荣盛·香榭兰庭店),R06,104.135375,30.623625,15.42,1.9252,519,639,中
DO202606080001,2026-06-08,P003,红旗连锁,R06,104.132763,30.627528,43.79,0.0606,714,834,中
DO202606080002,2026-06-08,P003,红旗连锁,R06,104.132763,30.627528,86.95,0.0919,715,835,高
DO202606080003,2026-06-08,P003,红旗连锁,R06,104.132763,30.627528,23.06,0.6752,716,836,高
DO202606080004,2026-06-08,P003,红旗连锁,R06,104.132763,30.627528,8.18,7.7625,721,841,低
DO202606080005,2026-06-08,P004,老蔡小卖部(水碾河路北社区三街店),R06,104.099234,30.648748,134.21,0.0539,844,964,低
DO202606080006,2026-06-08,P005,郝英超市,R06,104.129707,30.628761,42.17,0.9028,605,725,中
DO202606080007,2026-06-08,P006,全家便利店(龙江路店),R03,104.077199,30.641639,406.84,0.0849,741,861,中
DO202606080008,2026-06-08,P007,永辉超市(成都市新城吾悦广场店),R03,103.988663,30.626255,3.13,0.7506,604,724,低
DO202606080009,2026-06-08,P008,永辉超市(银泰城店),R03,104.058121,30.541191,202.83,0.2341,762,882,低
DO202606080010,2026-06-08,P008,永辉超市(银泰城店),R03,104.058121,30.541191,48.0,0.1328,769,889,中
DO202606080011,2026-06-08,P009,永辉超市(龙湖成都金楠天街店),R03,103.995986,30.648731,49.69,0.5103,791,911,中
DO202606080012,2026-06-08,P009,永辉超市(龙湖成都金楠天街店),R03,103.995986,30.648731,174.96,0.1396,795,915,中
DO202606080013,2026-06-08,P010,百分百超市(心语店),R03,104.045915,30.545712,44.26,1.6695,822,942,高
DO202606080014,2026-06-08,P010,百分百超市(心语店),R03,104.045915,30.545712,62.27,2.3567,829,949,中
DO202606080015,2026-06-08,P011,永辉超市(成都市双铁广场店),R01,103.975737,30.758309,188.58,0.0523,780,900,低
DO202606080016,2026-06-08,P011,永辉超市(成都市双铁广场店),R01,103.975737,30.758309,38.96,2.6823,781,901,低
DO202606080017,2026-06-08,P011,永辉超市(成都市双铁广场店),R01,103.975737,30.758309,94.85,0.2348,785,905,高
DO202606080018,2026-06-08,P011,永辉超市(成都市双铁广场店),R01,103.975737,30.758309,10.31,0.1077,786,906,中
DO202606080019,2026-06-08,P012,永辉超市(成都市蜀都万达广场店),R01,103.907862,30.807642,153.88,0.5167,753,873,中
DO202606080020,2026-06-08,P012,永辉超市(成都市蜀都万达广场店),R01,103.907862,30.807642,9.39,0.103,761,881,低
DO202606080021,2026-06-08,P013,永辉超市(爱琴海购物中心店),R01,103.991901,30.737566,70.07,1.2918,536,656,低
DO202606080022,2026-06-08,P013,永辉超市(爱琴海购物中心店),R01,103.991901,30.737566,734.05,0.8538,539,659,低
DO202606080023,2026-06-08,P014,永辉超市(龙湖成都时代天街店),R01,103.921214,30.750831,255.26,2.6417,770,890,中
DO202606080024,2026-06-08,P015,红旗超市(龙湖时代天街店),R01,103.919653,30.752444,36.23,0.1115,596,716,中
DO202606080025,2026-06-08,P015,红旗超市(龙湖时代天街店),R01,103.919653,30.752444,20.99,0.5452,597,717,中
DO202606080026,2026-06-08,P015,红旗超市(龙湖时代天街店),R01,103.919653,30.752444,20.47,0.4436,599,719,中
DO202606080027,2026-06-08,P016,LAWSON罗森(枣子巷15号院店),R04,104.044885,30.667759,106.35,0.0986,677,797,低
DO202606080028,2026-06-08,P016,LAWSON罗森(枣子巷15号院店),R04,104.044885,30.667759,72.81,0.6285,683,803,中
DO202606080029,2026-06-08,P017,LAWSON罗森(龙湖成都上城天街店),R04,104.071944,30.68395,65.85,0.1157,888,1008,中
DO202606080030,2026-06-08,P017,LAWSON罗森(龙湖成都上城天街店),R04,104.071944,30.68395,730.22,0.1889,891,1011,中
DO202606080031,2026-06-08,P017,LAWSON罗森(龙湖成都上城天街店),R04,104.071944,30.68395,31.23,0.4841,891,1011,中
DO202606080032,2026-06-08,P018,乐多(成华西街一店),R04,104.071998,30.683402,54.9,1.1836,760,880,中
DO202606080033,2026-06-08,P018,乐多(成华西街一店),R04,104.071998,30.683402,18.29,0.3426,761,881,中
DO202606080034,2026-06-08,P018,乐多(成华西街一店),R04,104.071998,30.683402,9.15,0.0155,766,886,中
DO202606080035,2026-06-08,P019,奥特乐(成都龙湖上城天街店),R04,104.072004,30.684929,101.08,1.0932,899,1019,中
DO202606080036,2026-06-08,P019,奥特乐(成都龙湖上城天街店),R04,104.072004,30.684929,52.28,0.1263,903,1023,高
DO202606080037,2026-06-08,P019,奥特乐(成都龙湖上城天街店),R04,104.072004,30.684929,81.03,0.0814,906,1026,中
DO202606080038,2026-06-08,P021,Ole 精品超市(IFS国际金融中心店),R05,104.081893,30.655003,12.26,0.4152,614,734,中
DO202606080039,2026-06-08,P025,红旗超市(成都红旗商厦店),R05,104.072081,30.658735,83.64,1.0185,742,862,中
DO202606080040,2026-06-08,P025,红旗超市(成都红旗商厦店),R05,104.072081,30.658735,23.83,0.1198,747,867,中
DO202606080041,2026-06-08,P025,红旗超市(成都红旗商厦店),R05,104.072081,30.658735,52.96,0.9516,750,870,低
DO202606080042,2026-06-08,P027,大荣发连锁超市(和顺雅苑店),R07,104.253582,30.90011,834.28,0.0941,656,776,高
DO202606080043,2026-06-08,P027,大荣发连锁超市(和顺雅苑店),R07,104.253582,30.90011,418.3,0.7062,659,779,中
DO202606080044,2026-06-08,P027,大荣发连锁超市(和顺雅苑店),R07,104.253582,30.90011,17.83,0.3887,663,783,中
DO202606080045,2026-06-08,P029,永辉超市(青白江万达广场店),R07,104.253652,30.878095,31.65,0.521,788,908,中
DO202606080046,2026-06-08,P029,永辉超市(青白江万达广场店),R07,104.253652,30.878095,30.62,27.4341,788,908,中
DO202606080047,2026-06-08,P029,永辉超市(青白江万达广场店),R07,104.253652,30.878095,976.89,1.4335,789,909,低
DO202606080048,2026-06-08,P029,永辉超市(青白江万达广场店),R07,104.253652,30.878095,351.12,0.3929,794,914,低
DO202606080049,2026-06-08,P029,永辉超市(青白江万达广场店),R07,104.253652,30.878095,2.97,0.576,794,914,中
DO202606080050,2026-06-08,P030,润都连锁生活超市(正兴路店),R07,104.188354,30.87079,67.32,0.0388,592,712,高
DO202606080051,2026-06-08,P030,润都连锁生活超市(正兴路店),R07,104.188354,30.87079,55.04,0.2147,595,715,高
DO202606080052,2026-06-08,P030,润都连锁生活超市(正兴路店),R07,104.188354,30.87079,16.16,0.3483,598,718,高
DO202606080053,2026-06-08,P030,润都连锁生活超市(正兴路店),R07,104.188354,30.87079,4.5,1.0264,599,719,中
DO202606080054,2026-06-08,P031,渝华连锁超市(学苑路店),R07,104.276426,30.875299,3.44,0.5084,701,821,中
DO202606080055,2026-06-08,P031,渝华连锁超市(学苑路店),R07,104.276426,30.875299,86.16,0.0632,704,824,中
DO202606080056,2026-06-08,P031,渝华连锁超市(学苑路店),R07,104.276426,30.875299,18.83,0.7134,704,824,中
DO202606080057,2026-06-08,P031,渝华连锁超市(学苑路店),R07,104.276426,30.875299,590.8,0.4341,706,826,低
DO202606080058,2026-06-08,P031,渝华连锁超市(学苑路店),R07,104.276426,30.875299,7.47,0.3276,707,827,中
DO202606080059,2026-06-08,P033,红旗超市(团结花园店),R07,104.246885,30.877313,24.28,1.6147,822,942,中
DO202606080060,2026-06-08,P033,红旗超市(团结花园店),R07,104.246885,30.877313,52.9,0.1792,827,947,中
DO202606080061,2026-06-08,P035,红旗连锁(青白江同金街便利店),R07,104.244552,30.889503,242.21,0.5391,685,805,高
DO202606080062,2026-06-08,P036,红旗连锁(青白江城厢首府分场),R07,104.323054,30.860039,24.51,0.2747,774,894,低
DO202606080063,2026-06-08,P036,红旗连锁(青白江城厢首府分场),R07,104.323054,30.860039,34.8,1.3476,782,902,中
DO202606080064,2026-06-08,P036,红旗连锁(青白江城厢首府分场),R07,104.323054,30.860039,15.57,1.507,782,902,高
DO202606080065,2026-06-08,P037,红旗连锁(青白江石家碾西路店),R07,104.253962,30.887052,129.58,0.2757,635,755,中
DO202606080066,2026-06-08,P037,红旗连锁(青白江石家碾西路店),R07,104.253962,30.887052,7.67,0.5548,637,757,低
DO202606080067,2026-06-08,P037,红旗连锁(青白江石家碾西路店),R07,104.253962,30.887052,63.86,1.4289,640,760,高
DO202606080068,2026-06-08,P037,红旗连锁(青白江石家碾西路店),R07,104.253962,30.887052,257.27,0.0939,641,761,中
DO202606080069,2026-06-08,P038,青江一家超市,R07,104.284321,30.880989,24.81,0.0762,629,749,低
DO202606080070,2026-06-08,P039,青江百货连锁超市,R07,104.269502,30.876837,226.21,0.3904,713,833,中
DO202606080071,2026-06-08,P040,上蔬永辉超市(西单商场店),R02,104.000521,30.674866,97.19,0.6418,881,1001,中
DO202606080072,2026-06-08,P041,永辉超市(成都青羊中铁大道店),R02,103.961452,30.670211,46.56,0.0752,555,675,高
DO202606080073,2026-06-08,P041,永辉超市(成都青羊中铁大道店),R02,103.961452,30.670211,29.19,0.0045,564,684,高
DO202606080074,2026-06-08,P042,永辉超市(青羊新城市店),R02,104.057614,30.67321,155.73,0.0405,623,743,高
DO202606080075,2026-06-08,P042,永辉超市(青羊新城市店),R02,104.057614,30.67321,26.36,0.0873,627,747,低
DO202606080076,2026-06-08,P043,红旗超市(中同仁路分场),R02,104.052373,30.668819,8.85,0.039,711,831,中
DO202606080077,2026-06-08,P044,邻你生活超市(大庆店),R02,104.032527,30.669557,25.39,0.0435,606,726,中
DO202606080078,2026-06-08,P045,世纪红连锁超市,R08,104.208007,30.532247,175.83,2.5051,756,876,低
DO202606080079,2026-06-08,P045,世纪红连锁超市,R08,104.208007,30.532247,38.43,0.1018,757,877,中
DO202606080080,2026-06-08,P045,世纪红连锁超市,R08,104.208007,30.532247,86.39,0.0372,757,877,中
DO202606080081,2026-06-08,P045,世纪红连锁超市,R08,104.208007,30.532247,118.42,0.1221,757,877,低
DO202606080082,2026-06-08,P045,世纪红连锁超市,R08,104.208007,30.532247,344.35,0.2463,760,880,中
DO202606080083,2026-06-08,P046,尚喜超市(锦绣路店),R08,104.308338,30.606726,40.81,0.067,822,942,高
DO202606080084,2026-06-08,P047,永辉超市(成都龙泉驿万达广场店),R08,104.269392,30.566865,20.64,0.4845,585,705,中
DO202606080085,2026-06-08,P047,永辉超市(成都龙泉驿万达广场店),R08,104.269392,30.566865,8.06,0.2127,586,706,中
DO202606080086,2026-06-08,P047,永辉超市(成都龙泉驿万达广场店),R08,104.269392,30.566865,270.58,1.3168,594,714,中
DO202606080087,2026-06-08,P048,汇联美连锁超市(中街店),R08,104.27333,30.560098,24.1,0.293,838,958,低
DO202606080088,2026-06-08,P048,汇联美连锁超市(中街店),R08,104.27333,30.560098,43.97,1.1004,840,960,中
DO202606080089,2026-06-08,P048,汇联美连锁超市(中街店),R08,104.27333,30.560098,218.24,0.4064,840,960,低
DO202606080090,2026-06-08,P049,百伦生活超市(龙泉店),R08,104.273346,30.559846,25.39,0.2222,524,644,中
DO202606080091,2026-06-08,P049,百伦生活超市(龙泉店),R08,104.273346,30.559846,52.74,0.2033,530,650,高
DO202606080092,2026-06-08,P049,百伦生活超市(龙泉店),R08,104.273346,30.559846,40.23,0.1072,531,651,低
DO202606090000,2026-06-09,P001,689便民(荣盛·香榭兰庭店),R06,104.135375,30.623625,1.24,3.3749,831,951,低
DO202606090001,2026-06-09,P001,689便民(荣盛·香榭兰庭店),R06,104.135375,30.623625,372.54,0.5414,837,957,中
DO202606090002,2026-06-09,P001,689便民(荣盛·香榭兰庭店),R06,104.135375,30.623625,135.44,0.0769,837,957,中
DO202606090003,2026-06-09,P002,十二超市(佳年华广场1期店),R06,104.131787,30.627615,44.7,1.6162,566,686,中
DO202606090004,2026-06-09,P003,红旗连锁,R06,104.132763,30.627528,7.8,1.7339,625,745,中
DO202606090005,2026-06-09,P003,红旗连锁,R06,104.132763,30.627528,309.76,0.4561,628,748,中
DO202606090006,2026-06-09,P004,老蔡小卖部(水碾河路北社区三街店),R06,104.099234,30.648748,8.34,1.1803,849,969,中
DO202606090007,2026-06-09,P005,郝英超市,R06,104.129707,30.628761,71.43,0.1497,759,879,高
DO202606090008,2026-06-09,P005,郝英超市,R06,104.129707,30.628761,5.59,0.0077,760,880,高
DO202606090009,2026-06-09,P005,郝英超市,R06,104.129707,30.628761,9.28,0.9473,761,881,高
DO202606090010,2026-06-09,P006,全家便利店(龙江路店),R03,104.077199,30.641639,154.55,0.3259,604,724,中
DO202606090011,2026-06-09,P006,全家便利店(龙江路店),R03,104.077199,30.641639,129.64,0.8802,607,727,中
DO202606090012,2026-06-09,P007,永辉超市(成都市新城吾悦广场店),R03,103.988663,30.626255,50.2,0.1174,589,709,高
DO202606090013,2026-06-09,P007,永辉超市(成都市新城吾悦广场店),R03,103.988663,30.626255,94.51,0.3999,590,710,中
DO202606090014,2026-06-09,P009,永辉超市(龙湖成都金楠天街店),R03,103.995986,30.648731,11.08,0.2359,737,857,中
DO202606090015,2026-06-09,P009,永辉超市(龙湖成都金楠天街店),R03,103.995986,30.648731,2.52,0.4426,738,858,中
DO202606090016,2026-06-09,P009,永辉超市(龙湖成都金楠天街店),R03,103.995986,30.648731,276.12,0.1401,745,865,中
DO202606090017,2026-06-09,P010,百分百超市(心语店),R03,104.045915,30.545712,59.99,0.0482,784,904,高
DO202606090018,2026-06-09,P010,百分百超市(心语店),R03,104.045915,30.545712,37.56,0.2432,787,907,中
DO202606090019,2026-06-09,P011,永辉超市(成都市双铁广场店),R01,103.975737,30.758309,120.33,4.0331,835,955,中
DO202606090020,2026-06-09,P011,永辉超市(成都市双铁广场店),R01,103.975737,30.758309,36.3,0.2707,837,957,低
DO202606090021,2026-06-09,P011,永辉超市(成都市双铁广场店),R01,103.975737,30.758309,29.76,0.2852,842,962,高
DO202606090022,2026-06-09,P011,永辉超市(成都市双铁广场店),R01,103.975737,30.758309,19.72,0.0251,845,965,低
DO202606090023,2026-06-09,P012,永辉超市(成都市蜀都万达广场店),R01,103.907862,30.807642,21.37,1.4302,718,838,高
DO202606090024,2026-06-09,P015,红旗超市(龙湖时代天街店),R01,103.919653,30.752444,206.86,0.0311,893,1013,高
DO202606090025,2026-06-09,P015,红旗超市(龙湖时代天街店),R01,103.919653,30.752444,26.58,0.0497,894,1014,低
DO202606090026,2026-06-09,P015,红旗超市(龙湖时代天街店),R01,103.919653,30.752444,981.67,0.0326,896,1016,中
DO202606090027,2026-06-09,P015,红旗超市(龙湖时代天街店),R01,103.919653,30.752444,389.99,0.1629,899,1019,高
DO202606090028,2026-06-09,P016,LAWSON罗森(枣子巷15号院店),R04,104.044885,30.667759,259.94,0.0833,747,867,低
DO202606090029,2026-06-09,P017,LAWSON罗森(龙湖成都上城天街店),R04,104.071944,30.68395,43.71,0.2626,831,951,低
DO202606090030,2026-06-09,P018,乐多(成华西街一店),R04,104.071998,30.683402,11.87,0.1378,673,793,低
DO202606090031,2026-06-09,P018,乐多(成华西街一店),R04,104.071998,30.683402,2.44,0.0825,678,798,高
DO202606090032,2026-06-09,P019,奥特乐(成都龙湖上城天街店),R04,104.072004,30.684929,73.56,1.0033,725,845,中
DO202606090033,2026-06-09,P019,奥特乐(成都龙湖上城天街店),R04,104.072004,30.684929,5.48,0.2932,728,848,低
DO202606090034,2026-06-09,P020,朴朴超市(西体路店),R04,104.061775,30.681195,247.22,0.5782,784,904,中
DO202606090035,2026-06-09,P020,朴朴超市(西体路店),R04,104.061775,30.681195,189.45,0.5835,784,904,低
DO202606090036,2026-06-09,P020,朴朴超市(西体路店),R04,104.061775,30.681195,13.14,2.9251,785,905,中
DO202606090037,2026-06-09,P021,Ole 精品超市(IFS国际金融中心店),R05,104.081893,30.655003,42.19,0.0291,728,848,中
DO202606090038,2026-06-09,P022,四川舞东风超市连锁股份有限公司,R05,104.082047,30.660437,665.81,0.0388,836,956,高
DO202606090039,2026-06-09,P022,四川舞东风超市连锁股份有限公司,R05,104.082047,30.660437,51.22,0.2917,846,966,中
DO202606090040,2026-06-09,P024,永辉超市(锦江城市花园店),R05,104.142752,30.595134,10.07,0.7289,579,699,中
DO202606090041,2026-06-09,P024,永辉超市(锦江城市花园店),R05,104.142752,30.595134,7.14,1.7652,584,704,中
DO202606090042,2026-06-09,P025,红旗超市(成都红旗商厦店),R05,104.072081,30.658735,8.45,0.7691,650,770,中
DO202606090043,2026-06-09,P027,大荣发连锁超市(和顺雅苑店),R07,104.253582,30.90011,237.6,0.6468,803,923,中
DO202606090044,2026-06-09,P027,大荣发连锁超市(和顺雅苑店),R07,104.253582,30.90011,35.52,0.1346,809,929,高
DO202606090045,2026-06-09,P027,大荣发连锁超市(和顺雅苑店),R07,104.253582,30.90011,10.82,0.0563,811,931,低
DO202606090046,2026-06-09,P029,永辉超市(青白江万达广场店),R07,104.253652,30.878095,1.33,0.6324,729,849,中
DO202606090047,2026-06-09,P029,永辉超市(青白江万达广场店),R07,104.253652,30.878095,56.44,0.4529,733,853,中
DO202606090048,2026-06-09,P029,永辉超市(青白江万达广场店),R07,104.253652,30.878095,20.65,0.1136,735,855,中
DO202606090049,2026-06-09,P029,永辉超市(青白江万达广场店),R07,104.253652,30.878095,13.55,0.4012,735,855,中
DO202606090050,2026-06-09,P029,永辉超市(青白江万达广场店),R07,104.253652,30.878095,147.37,0.7942,738,858,高
DO202606090051,2026-06-09,P032,渝华连锁超市(绣川新城店),R07,104.330571,30.85576,98.86,0.0854,750,870,高
DO202606090052,2026-06-09,P032,渝华连锁超市(绣川新城店),R07,104.330571,30.85576,37.94,0.2869,750,870,高
DO202606090053,2026-06-09,P032,渝华连锁超市(绣川新城店),R07,104.330571,30.85576,7.04,19.3943,756,876,中
DO202606090054,2026-06-09,P033,红旗超市(团结花园店),R07,104.246885,30.877313,58.05,0.4331,685,805,中
DO202606090055,2026-06-09,P033,红旗超市(团结花园店),R07,104.246885,30.877313,54.81,0.2956,692,812,低
DO202606090056,2026-06-09,P033,红旗超市(团结花园店),R07,104.246885,30.877313,47.51,0.9997,695,815,高
DO202606090057,2026-06-09,P034,红旗连锁(北城新界民族花园店),R07,104.201632,30.877318,73.91,0.2133,685,805,中
DO202606090058,2026-06-09,P034,红旗连锁(北城新界民族花园店),R07,104.201632,30.877318,28.12,1.027,685,805,低
DO202606090059,2026-06-09,P035,红旗连锁(青白江同金街便利店),R07,104.244552,30.889503,3.49,0.3124,573,693,低
DO202606090060,2026-06-09,P036,红旗连锁(青白江城厢首府分场),R07,104.323054,30.860039,8.69,0.8786,801,921,高
DO202606090061,2026-06-09,P037,红旗连锁(青白江石家碾西路店),R07,104.253962,30.887052,4.19,1.0843,603,723,低
DO202606090062,2026-06-09,P037,红旗连锁(青白江石家碾西路店),R07,104.253962,30.887052,41.43,0.8733,603,723,中
DO202606090063,2026-06-09,P037,红旗连锁(青白江石家碾西路店),R07,104.253962,30.887052,26.8,0.138,607,727,高
DO202606090064,2026-06-09,P038,青江一家超市,R07,104.284321,30.880989,11.36,0.3515,558,678,中
DO202606090065,2026-06-09,P038,青江一家超市,R07,104.284321,30.880989,3.73,0.7811,567,687,中
DO202606090066,2026-06-09,P039,青江百货连锁超市,R07,104.269502,30.876837,22.18,1.6677,822,942,低
DO202606090067,2026-06-09,P039,青江百货连锁超市,R07,104.269502,30.876837,84.01,0.4909,823,943,低
DO202606090068,2026-06-09,P040,上蔬永辉超市(西单商场店),R02,104.000521,30.674866,70.47,0.1807,606,726,中
DO202606090069,2026-06-09,P040,上蔬永辉超市(西单商场店),R02,104.000521,30.674866,13.87,0.3725,608,728,中
DO202606090070,2026-06-09,P041,永辉超市(成都青羊中铁大道店),R02,103.961452,30.670211,195.62,0.2883,731,851,中
DO202606090071,2026-06-09,P041,永辉超市(成都青羊中铁大道店),R02,103.961452,30.670211,21.83,0.5378,735,855,低
DO202606090072,2026-06-09,P041,永辉超市(成都青羊中铁大道店),R02,103.961452,30.670211,268.84,0.5571,735,855,高
DO202606090073,2026-06-09,P042,永辉超市(青羊新城市店),R02,104.057614,30.67321,36.8,0.2564,684,804,低
DO202606090074,2026-06-09,P043,红旗超市(中同仁路分场),R02,104.052373,30.668819,160.34,0.306,684,804,中
DO202606090075,2026-06-09,P043,红旗超市(中同仁路分场),R02,104.052373,30.668819,16.45,0.0919,688,808,低
DO202606090076,2026-06-09,P043,红旗超市(中同仁路分场),R02,104.052373,30.668819,151.99,0.2827,689,809,中
DO202606090077,2026-06-09,P044,邻你生活超市(大庆店),R02,104.032527,30.669557,83.68,0.3089,522,642,高
DO202606090078,2026-06-09,P044,邻你生活超市(大庆店),R02,104.032527,30.669557,89.96,0.2988,525,645,中
DO202606090079,2026-06-09,P044,邻你生活超市(大庆店),R02,104.032527,30.669557,275.29,0.6407,526,646,中
DO202606090080,2026-06-09,P044,邻你生活超市(大庆店),R02,104.032527,30.669557,19.68,0.2528,527,647,高
DO202606090081,2026-06-09,P044,邻你生活超市(大庆店),R02,104.032527,30.669557,70.0,10.2543,528,648,中
DO202606090082,2026-06-09,P044,邻你生活超市(大庆店),R02,104.032527,30.669557,119.42,0.6611,529,649,中
DO202606090083,2026-06-09,P046,尚喜超市(锦绣路店),R08,104.308338,30.606726,73.06,0.1188,890,1010,中
DO202606090084,2026-06-09,P046,尚喜超市(锦绣路店),R08,104.308338,30.606726,122.13,0.4146,894,1014,中
DO202606090085,2026-06-09,P046,尚喜超市(锦绣路店),R08,104.308338,30.606726,197.28,0.6892,896,1016,低
DO202606090086,2026-06-09,P046,尚喜超市(锦绣路店),R08,104.308338,30.606726,44.7,1.1881,898,1018,高
DO202606090087,2026-06-09,P047,永辉超市(成都龙泉驿万达广场店),R08,104.269392,30.566865,22.98,0.1785,633,753,中
DO202606090088,2026-06-09,P047,永辉超市(成都龙泉驿万达广场店),R08,104.269392,30.566865,256.02,0.4169,634,754,中
DO202606090089,2026-06-09,P047,永辉超市(成都龙泉驿万达广场店),R08,104.269392,30.566865,21.94,0.1258,635,755,中
DO202606090090,2026-06-09,P047,永辉超市(成都龙泉驿万达广场店),R08,104.269392,30.566865,153.25,0.1039,637,757,高
DO202606090091,2026-06-09,P048,汇联美连锁超市(中街店),R08,104.27333,30.560098,70.23,0.3333,707,827,中
DO202606090092,2026-06-09,P048,汇联美连锁超市(中街店),R08,104.27333,30.560098,31.38,0.0463,710,830,中
DO202606090093,2026-06-09,P049,百伦生活超市(龙泉店),R08,104.273346,30.559846,49.85,0.2633,527,647,中
DO202606090094,2026-06-09,P049,百伦生活超市(龙泉店),R08,104.273346,30.559846,544.69,0.2001,527,647,中
DO202606100000,2026-06-10,P001,689便民(荣盛·香榭兰庭店),R06,104.135375,30.623625,378.74,0.263,799,919,中
DO202606100001,2026-06-10,P002,十二超市(佳年华广场1期店),R06,104.131787,30.627615,7.45,0.3692,585,705,中
DO202606100002,2026-06-10,P004,老蔡小卖部(水碾河路北社区三街店),R06,104.099234,30.648748,23.47,0.2389,762,882,低
DO202606100003,2026-06-10,P004,老蔡小卖部(水碾河路北社区三街店),R06,104.099234,30.648748,115.71,0.3075,762,882,中
DO202606100004,2026-06-10,P004,老蔡小卖部(水碾河路北社区三街店),R06,104.099234,30.648748,32.95,0.5125,766,886,低
DO202606100005,2026-06-10,P004,老蔡小卖部(水碾河路北社区三街店),R06,104.099234,30.648748,25.13,0.0447,770,890,中
DO202606100006,2026-06-10,P005,郝英超市,R06,104.129707,30.628761,32.56,1.0497,673,793,高
DO202606100007,2026-06-10,P005,郝英超市,R06,104.129707,30.628761,13.61,0.0602,673,793,中
DO202606100008,2026-06-10,P006,全家便利店(龙江路店),R03,104.077199,30.641639,1.72,0.4112,569,689,中
DO202606100009,2026-06-10,P006,全家便利店(龙江路店),R03,104.077199,30.641639,84.34,0.2296,570,690,低
DO202606100010,2026-06-10,P007,永辉超市(成都市新城吾悦广场店),R03,103.988663,30.626255,10.61,0.1199,628,748,中
DO202606100011,2026-06-10,P007,永辉超市(成都市新城吾悦广场店),R03,103.988663,30.626255,1.96,0.9777,631,751,中
DO202606100012,2026-06-10,P008,永辉超市(银泰城店),R03,104.058121,30.541191,19.32,1.0394,521,641,中
DO202606100013,2026-06-10,P008,永辉超市(银泰城店),R03,104.058121,30.541191,27.61,0.3534,524,644,中
DO202606100014,2026-06-10,P008,永辉超市(银泰城店),R03,104.058121,30.541191,2.93,0.1539,526,646,高
DO202606100015,2026-06-10,P008,永辉超市(银泰城店),R03,104.058121,30.541191,104.6,0.318,526,646,中
DO202606100016,2026-06-10,P009,永辉超市(龙湖成都金楠天街店),R03,103.995986,30.648731,14.02,1.0605,672,792,低
DO202606100017,2026-06-10,P010,百分百超市(心语店),R03,104.045915,30.545712,28.09,0.01,770,890,低
DO202606100018,2026-06-10,P010,百分百超市(心语店),R03,104.045915,30.545712,1.65,0.1397,771,891,中
DO202606100019,2026-06-10,P010,百分百超市(心语店),R03,104.045915,30.545712,25.28,0.2239,773,893,中
DO202606100020,2026-06-10,P010,百分百超市(心语店),R03,104.045915,30.545712,14.92,0.4149,778,898,中
DO202606100021,2026-06-10,P011,永辉超市(成都市双铁广场店),R01,103.975737,30.758309,16.35,0.1759,867,987,低
DO202606100022,2026-06-10,P011,永辉超市(成都市双铁广场店),R01,103.975737,30.758309,33.44,0.0589,868,988,高
DO202606100023,2026-06-10,P011,永辉超市(成都市双铁广场店),R01,103.975737,30.758309,19.03,0.3135,870,990,低
DO202606100024,2026-06-10,P011,永辉超市(成都市双铁广场店),R01,103.975737,30.758309,12.44,0.4386,871,991,高
DO202606100025,2026-06-10,P011,永辉超市(成都市双铁广场店),R01,103.975737,30.758309,127.77,0.0665,873,993,低
DO202606100026,2026-06-10,P011,永辉超市(成都市双铁广场店),R01,103.975737,30.758309,47.69,0.0698,874,994,高
DO202606100027,2026-06-10,P012,永辉超市(成都市蜀都万达广场店),R01,103.907862,30.807642,27.31,0.0873,783,903,高
DO202606100028,2026-06-10,P013,永辉超市(爱琴海购物中心店),R01,103.991901,30.737566,5.62,0.1046,724,844,高
DO202606100029,2026-06-10,P013,永辉超市(爱琴海购物中心店),R01,103.991901,30.737566,1178.25,0.0628,730,850,中
DO202606100030,2026-06-10,P013,永辉超市(爱琴海购物中心店),R01,103.991901,30.737566,18.97,0.989,733,853,高
DO202606100031,2026-06-10,P014,永辉超市(龙湖成都时代天街店),R01,103.921214,30.750831,66.86,0.0319,576,696,中
DO202606100032,2026-06-10,P014,永辉超市(龙湖成都时代天街店),R01,103.921214,30.750831,7.9,0.8981,584,704,中
DO202606100033,2026-06-10,P014,永辉超市(龙湖成都时代天街店),R01,103.921214,30.750831,453.06,0.6229,585,705,低
DO202606100034,2026-06-10,P014,永辉超市(龙湖成都时代天街店),R01,103.921214,30.750831,22.47,0.0591,586,706,中
DO202606100035,2026-06-10,P015,红旗超市(龙湖时代天街店),R01,103.919653,30.752444,116.99,0.0718,592,712,中
DO202606100036,2026-06-10,P016,LAWSON罗森(枣子巷15号院店),R04,104.044885,30.667759,35.69,1.9136,589,709,高
DO202606100037,2026-06-10,P016,LAWSON罗森(枣子巷15号院店),R04,104.044885,30.667759,209.58,0.7738,589,709,中
DO202606100038,2026-06-10,P018,乐多(成华西街一店),R04,104.071998,30.683402,230.11,0.1312,603,723,低
DO202606100039,2026-06-10,P019,奥特乐(成都龙湖上城天街店),R04,104.072004,30.684929,204.16,0.8795,760,880,高
DO202606100040,2026-06-10,P019,奥特乐(成都龙湖上城天街店),R04,104.072004,30.684929,55.96,0.105,760,880,中
DO202606100041,2026-06-10,P020,朴朴超市(西体路店),R04,104.061775,30.681195,39.05,0.1083,801,921,低
DO202606100042,2026-06-10,P021,Ole 精品超市(IFS国际金融中心店),R05,104.081893,30.655003,65.58,0.4437,601,721,中
DO202606100043,2026-06-10,P022,四川舞东风超市连锁股份有限公司,R05,104.082047,30.660437,102.28,0.0502,762,882,中
DO202606100044,2026-06-10,P022,四川舞东风超市连锁股份有限公司,R05,104.082047,30.660437,23.62,0.0934,762,882,低
DO202606100045,2026-06-10,P022,四川舞东风超市连锁股份有限公司,R05,104.082047,30.660437,24.12,0.2488,764,884,低
DO202606100046,2026-06-10,P024,永辉超市(锦江城市花园店),R05,104.142752,30.595134,4.64,5.9685,806,926,中
DO202606100047,2026-06-10,P024,永辉超市(锦江城市花园店),R05,104.142752,30.595134,9.08,0.8116,813,933,高
DO202606100048,2026-06-10,P025,红旗超市(成都红旗商厦店),R05,104.072081,30.658735,14.53,0.2222,825,945,低
DO202606100049,2026-06-10,P025,红旗超市(成都红旗商厦店),R05,104.072081,30.658735,97.66,0.1067,829,949,中
DO202606100050,2026-06-10,P027,大荣发连锁超市(和顺雅苑店),R07,104.253582,30.90011,4.75,0.1368,879,999,高
DO202606100051,2026-06-10,P027,大荣发连锁超市(和顺雅苑店),R07,104.253582,30.90011,8.66,0.0612,879,999,低
DO202606100052,2026-06-10,P027,大荣发连锁超市(和顺雅苑店),R07,104.253582,30.90011,7.49,0.6613,880,1000,中
DO202606100053,2026-06-10,P029,永辉超市(青白江万达广场店),R07,104.253652,30.878095,27.86,0.2465,743,863,中
DO202606100054,2026-06-10,P029,永辉超市(青白江万达广场店),R07,104.253652,30.878095,196.07,0.2247,744,864,中
DO202606100055,2026-06-10,P029,永辉超市(青白江万达广场店),R07,104.253652,30.878095,17.08,0.6328,746,866,高
DO202606100056,2026-06-10,P030,润都连锁生活超市(正兴路店),R07,104.188354,30.87079,52.94,0.0687,784,904,低
DO202606100057,2026-06-10,P030,润都连锁生活超市(正兴路店),R07,104.188354,30.87079,59.42,0.0209,784,904,高
DO202606100058,2026-06-10,P030,润都连锁生活超市(正兴路店),R07,104.188354,30.87079,14.97,0.045,785,905,高
DO202606100059,2026-06-10,P030,润都连锁生活超市(正兴路店),R07,104.188354,30.87079,26.59,0.1443,788,908,低
DO202606100060,2026-06-10,P030,润都连锁生活超市(正兴路店),R07,104.188354,30.87079,165.98,0.0448,793,913,中
DO202606100061,2026-06-10,P031,渝华连锁超市(学苑路店),R07,104.276426,30.875299,123.84,0.5973,888,1008,中
DO202606100062,2026-06-10,P031,渝华连锁超市(学苑路店),R07,104.276426,30.875299,169.88,0.0196,892,1012,高
DO202606100063,2026-06-10,P033,红旗超市(团结花园店),R07,104.246885,30.877313,49.08,0.2707,667,787,高
DO202606100064,2026-06-10,P033,红旗超市(团结花园店),R07,104.246885,30.877313,76.97,0.2981,669,789,中
DO202606100065,2026-06-10,P033,红旗超市(团结花园店),R07,104.246885,30.877313,26.93,0.1665,672,792,中
DO202606100066,2026-06-10,P034,红旗连锁(北城新界民族花园店),R07,104.201632,30.877318,48.55,0.1224,897,1017,低
DO202606100067,2026-06-10,P034,红旗连锁(北城新界民族花园店),R07,104.201632,30.877318,128.68,0.9436,904,1024,中
DO202606100068,2026-06-10,P035,红旗连锁(青白江同金街便利店),R07,104.244552,30.889503,19.68,0.1675,894,1014,高
DO202606100069,2026-06-10,P035,红旗连锁(青白江同金街便利店),R07,104.244552,30.889503,87.12,0.8391,896,1016,高
DO202606100070,2026-06-10,P035,红旗连锁(青白江同金街便利店),R07,104.244552,30.889503,58.69,1.1491,901,1021,中
DO202606100071,2026-06-10,P037,红旗连锁(青白江石家碾西路店),R07,104.253962,30.887052,84.94,0.0783,572,692,高
DO202606100072,2026-06-10,P037,红旗连锁(青白江石家碾西路店),R07,104.253962,30.887052,57.13,0.3332,576,696,中
DO202606100073,2026-06-10,P037,红旗连锁(青白江石家碾西路店),R07,104.253962,30.887052,23.63,0.07,579,699,中
DO202606100074,2026-06-10,P037,红旗连锁(青白江石家碾西路店),R07,104.253962,30.887052,41.28,0.054,580,700,高
DO202606100075,2026-06-10,P038,青江一家超市,R07,104.284321,30.880989,11.6,0.8782,760,880,中
DO202606100076,2026-06-10,P039,青江百货连锁超市,R07,104.269502,30.876837,25.85,0.1055,563,683,低
DO202606100077,2026-06-10,P039,青江百货连锁超市,R07,104.269502,30.876837,1.69,0.7229,570,690,低
DO202606100078,2026-06-10,P039,青江百货连锁超市,R07,104.269502,30.876837,30.08,0.074,571,691,中
DO202606100079,2026-06-10,P041,永辉超市(成都青羊中铁大道店),R02,103.961452,30.670211,215.5,1.079,722,842,中
DO202606100080,2026-06-10,P041,永辉超市(成都青羊中铁大道店),R02,103.961452,30.670211,24.54,0.6772,723,843,低
DO202606100081,2026-06-10,P041,永辉超市(成都青羊中铁大道店),R02,103.961452,30.670211,60.96,0.1069,724,844,中
DO202606100082,2026-06-10,P041,永辉超市(成都青羊中铁大道店),R02,103.961452,30.670211,44.4,0.5697,726,846,高
DO202606100083,2026-06-10,P042,永辉超市(青羊新城市店),R02,104.057614,30.67321,15.01,0.439,541,661,中
DO202606100084,2026-06-10,P043,红旗超市(中同仁路分场),R02,104.052373,30.668819,118.74,0.1927,641,761,低
DO202606100085,2026-06-10,P044,邻你生活超市(大庆店),R02,104.032527,30.669557,100.4,0.2666,605,725,高
DO202606100086,2026-06-10,P045,世纪红连锁超市,R08,104.208007,30.532247,31.08,0.1427,621,741,低
DO202606100087,2026-06-10,P045,世纪红连锁超市,R08,104.208007,30.532247,35.64,0.2194,621,741,低
DO202606100088,2026-06-10,P045,世纪红连锁超市,R08,104.208007,30.532247,12.4,0.9413,621,741,低
DO202606100089,2026-06-10,P045,世纪红连锁超市,R08,104.208007,30.532247,146.02,3.5713,623,743,高
DO202606100090,2026-06-10,P047,永辉超市(成都龙泉驿万达广场店),R08,104.269392,30.566865,6.39,0.402,718,838,低
DO202606100091,2026-06-10,P047,永辉超市(成都龙泉驿万达广场店),R08,104.269392,30.566865,6.85,0.0353,719,839,高
DO202606100092,2026-06-10,P047,永辉超市(成都龙泉驿万达广场店),R08,104.269392,30.566865,13.12,0.6422,720,840,中
DO202606100093,2026-06-10,P047,永辉超市(成都龙泉驿万达广场店),R08,104.269392,30.566865,438.28,0.5297,721,841,中
DO202606100094,2026-06-10,P048,汇联美连锁超市(中街店),R08,104.27333,30.560098,27.09,0.7401,517,637,高
DO202606100095,2026-06-10,P048,汇联美连锁超市(中街店),R08,104.27333,30.560098,17.1,0.2968,521,641,高
DO202606100096,2026-06-10,P049,百伦生活超市(龙泉店),R08,104.273346,30.559846,4.08,0.6512,565,685,低
DO202606100097,2026-06-10,P049,百伦生活超市(龙泉店),R08,104.273346,30.559846,17.97,0.1465,570,690,中
DO202606110000,2026-06-11,P002,十二超市(佳年华广场1期店),R06,104.131787,30.627615,11.21,0.5734,850,970,中
DO202606110001,2026-06-11,P003,红旗连锁,R06,104.132763,30.627528,55.05,0.1332,663,783,低
DO202606110002,2026-06-11,P003,红旗连锁,R06,104.132763,30.627528,341.22,0.2929,666,786,低
DO202606110003,2026-06-11,P003,红旗连锁,R06,104.132763,30.627528,86.99,0.2243,667,787,高
DO202606110004,2026-06-11,P003,红旗连锁,R06,104.132763,30.627528,21.58,0.1124,670,790,低
DO202606110005,2026-06-11,P006,全家便利店(龙江路店),R03,104.077199,30.641639,18.06,0.5349,776,896,中
DO202606110006,2026-06-11,P006,全家便利店(龙江路店),R03,104.077199,30.641639,58.03,1.2508,779,899,低
DO202606110007,2026-06-11,P006,全家便利店(龙江路店),R03,104.077199,30.641639,47.4,1.2451,781,901,中
DO202606110008,2026-06-11,P006,全家便利店(龙江路店),R03,104.077199,30.641639,35.38,0.1189,782,902,高
DO202606110009,2026-06-11,P006,全家便利店(龙江路店),R03,104.077199,30.641639,32.65,4.2593,783,903,中
DO202606110010,2026-06-11,P006,全家便利店(龙江路店),R03,104.077199,30.641639,261.4,4.1293,785,905,中
DO202606110011,2026-06-11,P007,永辉超市(成都市新城吾悦广场店),R03,103.988663,30.626255,47.17,0.2238,794,914,中
DO202606110012,2026-06-11,P008,永辉超市(银泰城店),R03,104.058121,30.541191,32.51,0.0246,869,989,中
DO202606110013,2026-06-11,P009,永辉超市(龙湖成都金楠天街店),R03,103.995986,30.648731,41.5,0.0262,842,962,低
DO202606110014,2026-06-11,P009,永辉超市(龙湖成都金楠天街店),R03,103.995986,30.648731,33.36,1.0342,850,970,高
DO202606110015,2026-06-11,P009,永辉超市(龙湖成都金楠天街店),R03,103.995986,30.648731,44.84,0.9545,851,971,高
DO202606110016,2026-06-11,P009,永辉超市(龙湖成都金楠天街店),R03,103.995986,30.648731,82.86,0.7139,851,971,低
DO202606110017,2026-06-11,P010,百分百超市(心语店),R03,104.045915,30.545712,192.94,0.699,893,1013,低
DO202606110018,2026-06-11,P010,百分百超市(心语店),R03,104.045915,30.545712,19.33,0.2863,896,1016,低
DO202606110019,2026-06-11,P010,百分百超市(心语店),R03,104.045915,30.545712,234.41,1.375,899,1019,中
DO202606110020,2026-06-11,P010,百分百超市(心语店),R03,104.045915,30.545712,142.3,1.3385,902,1022,中
DO202606110021,2026-06-11,P011,永辉超市(成都市双铁广场店),R01,103.975737,30.758309,3.32,1.0685,644,764,高
DO202606110022,2026-06-11,P011,永辉超市(成都市双铁广场店),R01,103.975737,30.758309,20.88,0.0284,647,767,低
DO202606110023,2026-06-11,P011,永辉超市(成都市双铁广场店),R01,103.975737,30.758309,3.59,0.121,649,769,中
DO202606110024,2026-06-11,P011,永辉超市(成都市双铁广场店),R01,103.975737,30.758309,569.96,0.3619,650,770,中
DO202606110025,2026-06-11,P011,永辉超市(成都市双铁广场店),R01,103.975737,30.758309,44.8,0.1908,654,774,高
DO202606110026,2026-06-11,P011,永辉超市(成都市双铁广场店),R01,103.975737,30.758309,197.98,2.1,654,774,低
DO202606110027,2026-06-11,P012,永辉超市(成都市蜀都万达广场店),R01,103.907862,30.807642,62.15,0.5041,522,642,中
DO202606110028,2026-06-11,P013,永辉超市(爱琴海购物中心店),R01,103.991901,30.737566,108.7,0.1169,520,640,高
DO202606110029,2026-06-11,P013,永辉超市(爱琴海购物中心店),R01,103.991901,30.737566,9.15,0.1387,520,640,高
DO202606110030,2026-06-11,P014,永辉超市(龙湖成都时代天街店),R01,103.921214,30.750831,28.82,0.7343,543,663,高
DO202606110031,2026-06-11,P014,永辉超市(龙湖成都时代天街店),R01,103.921214,30.750831,77.87,0.2027,546,666,中
DO202606110032,2026-06-11,P014,永辉超市(龙湖成都时代天街店),R01,103.921214,30.750831,317.9,1.3334,546,666,中
DO202606110033,2026-06-11,P014,永辉超市(龙湖成都时代天街店),R01,103.921214,30.750831,212.25,0.0739,549,669,中
DO202606110034,2026-06-11,P014,永辉超市(龙湖成都时代天街店),R01,103.921214,30.750831,73.87,1.6891,549,669,高
DO202606110035,2026-06-11,P015,红旗超市(龙湖时代天街店),R01,103.919653,30.752444,38.04,5.5125,612,732,中
DO202606110036,2026-06-11,P015,红旗超市(龙湖时代天街店),R01,103.919653,30.752444,96.72,0.2649,613,733,中
DO202606110037,2026-06-11,P016,LAWSON罗森(枣子巷15号院店),R04,104.044885,30.667759,648.91,1.7527,814,934,高
DO202606110038,2026-06-11,P017,LAWSON罗森(龙湖成都上城天街店),R04,104.071944,30.68395,2.44,0.1623,721,841,低
DO202606110039,2026-06-11,P017,LAWSON罗森(龙湖成都上城天街店),R04,104.071944,30.68395,212.28,0.1112,724,844,中
DO202606110040,2026-06-11,P019,奥特乐(成都龙湖上城天街店),R04,104.072004,30.684929,37.26,0.1248,692,812,中
DO202606110041,2026-06-11,P019,奥特乐(成都龙湖上城天街店),R04,104.072004,30.684929,68.93,0.5525,696,816,中
DO202606110042,2026-06-11,P019,奥特乐(成都龙湖上城天街店),R04,104.072004,30.684929,4.71,0.3698,697,817,中
DO202606110043,2026-06-11,P019,奥特乐(成都龙湖上城天街店),R04,104.072004,30.684929,216.66,0.6144,700,820,低
DO202606110044,2026-06-11,P020,朴朴超市(西体路店),R04,104.061775,30.681195,14.55,0.0566,512,632,低
DO202606110045,2026-06-11,P021,Ole 精品超市(IFS国际金融中心店),R05,104.081893,30.655003,8.06,1.0297,578,698,低
DO202606110046,2026-06-11,P022,四川舞东风超市连锁股份有限公司,R05,104.082047,30.660437,1.19,0.1665,796,916,中
DO202606110047,2026-06-11,P022,四川舞东风超市连锁股份有限公司,R05,104.082047,30.660437,72.52,0.1245,798,918,中
DO202606110048,2026-06-11,P022,四川舞东风超市连锁股份有限公司,R05,104.082047,30.660437,14.69,0.0594,798,918,中
DO202606110049,2026-06-11,P023,永辉超市(文华广场店),R05,104.107695,30.637048,83.02,0.0513,881,1001,中
DO202606110050,2026-06-11,P023,永辉超市(文华广场店),R05,104.107695,30.637048,34.64,0.3513,886,1006,高
DO202606110051,2026-06-11,P024,永辉超市(锦江城市花园店),R05,104.142752,30.595134,147.18,0.2038,524,644,中
DO202606110052,2026-06-11,P024,永辉超市(锦江城市花园店),R05,104.142752,30.595134,1491.89,0.4722,526,646,中
DO202606110053,2026-06-11,P025,红旗超市(成都红旗商厦店),R05,104.072081,30.658735,25.31,0.216,556,676,高
DO202606110054,2026-06-11,P026,友好多连锁超市(界牌店),R07,104.313922,30.880419,18.36,0.1446,729,849,高
DO202606110055,2026-06-11,P026,友好多连锁超市(界牌店),R07,104.313922,30.880419,10.77,0.3055,737,857,低
DO202606110056,2026-06-11,P027,大荣发连锁超市(和顺雅苑店),R07,104.253582,30.90011,34.31,0.6573,754,874,中
DO202606110057,2026-06-11,P027,大荣发连锁超市(和顺雅苑店),R07,104.253582,30.90011,61.81,0.2289,757,877,低
DO202606110058,2026-06-11,P027,大荣发连锁超市(和顺雅苑店),R07,104.253582,30.90011,2055.49,0.7582,762,882,低
DO202606110059,2026-06-11,P028,永辉超市(天府欧城店),R07,104.256388,30.892152,37.92,0.3149,833,953,中
DO202606110060,2026-06-11,P028,永辉超市(天府欧城店),R07,104.256388,30.892152,399.8,0.0222,840,960,高
DO202606110061,2026-06-11,P029,永辉超市(青白江万达广场店),R07,104.253652,30.878095,629.98,0.1283,612,732,低
DO202606110062,2026-06-11,P029,永辉超市(青白江万达广场店),R07,104.253652,30.878095,208.01,0.1965,614,734,低
DO202606110063,2026-06-11,P029,永辉超市(青白江万达广场店),R07,104.253652,30.878095,33.51,0.2605,617,737,中
DO202606110064,2026-06-11,P030,润都连锁生活超市(正兴路店),R07,104.188354,30.87079,108.8,0.0469,772,892,低
DO202606110065,2026-06-11,P030,润都连锁生活超市(正兴路店),R07,104.188354,30.87079,18.25,0.3389,774,894,高
DO202606110066,2026-06-11,P031,渝华连锁超市(学苑路店),R07,104.276426,30.875299,84.96,0.6782,742,862,低
DO202606110067,2026-06-11,P032,渝华连锁超市(绣川新城店),R07,104.330571,30.85576,80.54,0.1229,745,865,中
DO202606110068,2026-06-11,P033,红旗超市(团结花园店),R07,104.246885,30.877313,68.7,0.3392,859,979,中
DO202606110069,2026-06-11,P033,红旗超市(团结花园店),R07,104.246885,30.877313,1.41,0.1757,861,981,中
DO202606110070,2026-06-11,P033,红旗超市(团结花园店),R07,104.246885,30.877313,517.17,0.1262,862,982,中
DO202606110071,2026-06-11,P033,红旗超市(团结花园店),R07,104.246885,30.877313,21.08,0.0208,863,983,高
DO202606110072,2026-06-11,P034,红旗连锁(北城新界民族花园店),R07,104.201632,30.877318,52.95,1.5462,674,794,中
DO202606110073,2026-06-11,P034,红旗连锁(北城新界民族花园店),R07,104.201632,30.877318,29.35,0.7007,675,795,中
DO202606110074,2026-06-11,P034,红旗连锁(北城新界民族花园店),R07,104.201632,30.877318,39.45,0.0466,684,804,中
DO202606110075,2026-06-11,P036,红旗连锁(青白江城厢首府分场),R07,104.323054,30.860039,42.72,0.102,878,998,高
DO202606110076,2026-06-11,P036,红旗连锁(青白江城厢首府分场),R07,104.323054,30.860039,85.75,0.1529,880,1000,中
DO202606110077,2026-06-11,P037,红旗连锁(青白江石家碾西路店),R07,104.253962,30.887052,156.92,1.2596,653,773,高
DO202606110078,2026-06-11,P037,红旗连锁(青白江石家碾西路店),R07,104.253962,30.887052,2.38,0.6917,662,782,高
DO202606110079,2026-06-11,P037,红旗连锁(青白江石家碾西路店),R07,104.253962,30.887052,44.84,2.4303,662,782,高
DO202606110080,2026-06-11,P038,青江一家超市,R07,104.284321,30.880989,247.9,0.3268,778,898,中
DO202606110081,2026-06-11,P039,青江百货连锁超市,R07,104.269502,30.876837,9.07,0.1194,767,887,低
DO202606110082,2026-06-11,P039,青江百货连锁超市,R07,104.269502,30.876837,3.5,0.3198,768,888,中
DO202606110083,2026-06-11,P040,上蔬永辉超市(西单商场店),R02,104.000521,30.674866,10.19,0.663,888,1008,中
DO202606110084,2026-06-11,P040,上蔬永辉超市(西单商场店),R02,104.000521,30.674866,1570.05,1.3372,893,1013,低
DO202606110085,2026-06-11,P041,永辉超市(成都青羊中铁大道店),R02,103.961452,30.670211,20.03,1.3243,649,769,低
DO202606110086,2026-06-11,P043,红旗超市(中同仁路分场),R02,104.052373,30.668819,28.3,0.2488,517,637,中
DO202606110087,2026-06-11,P043,红旗超市(中同仁路分场),R02,104.052373,30.668819,396.17,0.1365,524,644,高
DO202606110088,2026-06-11,P044,邻你生活超市(大庆店),R02,104.032527,30.669557,23.89,0.033,522,642,中
DO202606110089,2026-06-11,P044,邻你生活超市(大庆店),R02,104.032527,30.669557,271.41,0.2377,525,645,中
DO202606110090,2026-06-11,P044,邻你生活超市(大庆店),R02,104.032527,30.669557,65.59,0.1288,529,649,高
DO202606110091,2026-06-11,P046,尚喜超市(锦绣路店),R08,104.308338,30.606726,14.23,0.0584,903,1023,中
DO202606110092,2026-06-11,P046,尚喜超市(锦绣路店),R08,104.308338,30.606726,39.39,0.1341,904,1024,高
DO202606110093,2026-06-11,P046,尚喜超市(锦绣路店),R08,104.308338,30.606726,211.9,0.5016,907,1027,高
DO202606110094,2026-06-11,P047,永辉超市(成都龙泉驿万达广场店),R08,104.269392,30.566865,31.89,0.0461,746,866,高
DO202606110095,2026-06-11,P047,永辉超市(成都龙泉驿万达广场店),R08,104.269392,30.566865,22.35,1.041,748,868,中
DO202606110096,2026-06-11,P048,汇联美连锁超市(中街店),R08,104.27333,30.560098,180.53,0.0566,870,990,低
DO202606110097,2026-06-11,P048,汇联美连锁超市(中街店),R08,104.27333,30.560098,244.34,0.4248,874,994,中
DO202606110098,2026-06-11,P048,汇联美连锁超市(中街店),R08,104.27333,30.560098,43.09,0.7929,879,999,高
DO202606110099,2026-06-11,P049,百伦生活超市(龙泉店),R08,104.273346,30.559846,51.92,0.3587,597,717,高
DO202606110100,2026-06-11,P049,百伦生活超市(龙泉店),R08,104.273346,30.559846,298.79,2.6687,599,719,低
DO202606120000,2026-06-12,P001,689便民(荣盛·香榭兰庭店),R06,104.135375,30.623625,20.05,0.9108,665,785,中
DO202606120001,2026-06-12,P001,689便民(荣盛·香榭兰庭店),R06,104.135375,30.623625,194.95,1.2182,665,785,高
DO202606120002,2026-06-12,P002,十二超市(佳年华广场1期店),R06,104.131787,30.627615,117.45,0.9006,550,670,高
DO202606120003,2026-06-12,P002,十二超市(佳年华广场1期店),R06,104.131787,30.627615,1.12,0.3838,550,670,高
DO202606120004,2026-06-12,P002,十二超市(佳年华广场1期店),R06,104.131787,30.627615,248.18,5.7929,552,672,低
DO202606120005,2026-06-12,P002,十二超市(佳年华广场1期店),R06,104.131787,30.627615,1233.49,0.1235,556,676,高
DO202606120006,2026-06-12,P003,红旗连锁,R06,104.132763,30.627528,97.01,0.2015,612,732,高
DO202606120007,2026-06-12,P003,红旗连锁,R06,104.132763,30.627528,83.95,0.0857,614,734,高
DO202606120008,2026-06-12,P003,红旗连锁,R06,104.132763,30.627528,143.22,1.5257,616,736,中
DO202606120009,2026-06-12,P004,老蔡小卖部(水碾河路北社区三街店),R06,104.099234,30.648748,13.88,0.1872,761,881,高
DO202606120010,2026-06-12,P004,老蔡小卖部(水碾河路北社区三街店),R06,104.099234,30.648748,29.67,0.1167,762,882,高
DO202606120011,2026-06-12,P004,老蔡小卖部(水碾河路北社区三街店),R06,104.099234,30.648748,74.87,0.1603,765,885,高
DO202606120012,2026-06-12,P004,老蔡小卖部(水碾河路北社区三街店),R06,104.099234,30.648748,103.19,0.1471,770,890,低
DO202606120013,2026-06-12,P004,老蔡小卖部(水碾河路北社区三街店),R06,104.099234,30.648748,118.73,1.3928,771,891,低
DO202606120014,2026-06-12,P005,郝英超市,R06,104.129707,30.628761,3.54,4.8732,846,966,中
DO202606120015,2026-06-12,P005,郝英超市,R06,104.129707,30.628761,130.72,3.357,848,968,高
DO202606120016,2026-06-12,P006,全家便利店(龙江路店),R03,104.077199,30.641639,27.18,0.1612,766,886,中
DO202606120017,2026-06-12,P006,全家便利店(龙江路店),R03,104.077199,30.641639,1.43,2.5469,768,888,中
DO202606120018,2026-06-12,P006,全家便利店(龙江路店),R03,104.077199,30.641639,20.7,1.0144,768,888,中
DO202606120019,2026-06-12,P007,永辉超市(成都市新城吾悦广场店),R03,103.988663,30.626255,11.59,0.8501,575,695,中
DO202606120020,2026-06-12,P008,永辉超市(银泰城店),R03,104.058121,30.541191,238.45,0.5103,748,868,中
DO202606120021,2026-06-12,P009,永辉超市(龙湖成都金楠天街店),R03,103.995986,30.648731,54.28,0.4022,654,774,高
DO202606120022,2026-06-12,P009,永辉超市(龙湖成都金楠天街店),R03,103.995986,30.648731,112.05,1.4968,656,776,低
DO202606120023,2026-06-12,P010,百分百超市(心语店),R03,104.045915,30.545712,13.11,0.2392,602,722,中
DO202606120024,2026-06-12,P010,百分百超市(心语店),R03,104.045915,30.545712,21.74,0.5931,604,724,高
DO202606120025,2026-06-12,P011,永辉超市(成都市双铁广场店),R01,103.975737,30.758309,1.41,0.0661,653,773,中
DO202606120026,2026-06-12,P011,永辉超市(成都市双铁广场店),R01,103.975737,30.758309,6.46,0.1274,658,778,中
DO202606120027,2026-06-12,P011,永辉超市(成都市双铁广场店),R01,103.975737,30.758309,45.45,0.9782,661,781,中
DO202606120028,2026-06-12,P012,永辉超市(成都市蜀都万达广场店),R01,103.907862,30.807642,194.65,0.0365,850,970,中
DO202606120029,2026-06-12,P012,永辉超市(成都市蜀都万达广场店),R01,103.907862,30.807642,80.47,0.7241,852,972,中
DO202606120030,2026-06-12,P013,永辉超市(爱琴海购物中心店),R01,103.991901,30.737566,13.41,0.267,559,679,高
DO202606120031,2026-06-12,P014,永辉超市(龙湖成都时代天街店),R01,103.921214,30.750831,7.62,0.2071,742,862,低
DO202606120032,2026-06-12,P014,永辉超市(龙湖成都时代天街店),R01,103.921214,30.750831,152.66,0.3189,747,867,高
DO202606120033,2026-06-12,P015,红旗超市(龙湖时代天街店),R01,103.919653,30.752444,205.49,0.4165,697,817,低
DO202606120034,2026-06-12,P015,红旗超市(龙湖时代天街店),R01,103.919653,30.752444,3.45,0.0766,697,817,中
DO202606120035,2026-06-12,P015,红旗超市(龙湖时代天街店),R01,103.919653,30.752444,3.02,1.1573,701,821,低
DO202606120036,2026-06-12,P017,LAWSON罗森(龙湖成都上城天街店),R04,104.071944,30.68395,4.38,0.2549,528,648,中
DO202606120037,2026-06-12,P017,LAWSON罗森(龙湖成都上城天街店),R04,104.071944,30.68395,11.67,1.7478,531,651,中
DO202606120038,2026-06-12,P017,LAWSON罗森(龙湖成都上城天街店),R04,104.071944,30.68395,89.83,0.4035,535,655,高
DO202606120039,2026-06-12,P018,乐多(成华西街一店),R04,104.071998,30.683402,28.3,0.4872,517,637,中
DO202606120040,2026-06-12,P018,乐多(成华西街一店),R04,104.071998,30.683402,12.33,0.2625,519,639,中
DO202606120041,2026-06-12,P018,乐多(成华西街一店),R04,104.071998,30.683402,55.58,0.4459,520,640,中
DO202606120042,2026-06-12,P019,奥特乐(成都龙湖上城天街店),R04,104.072004,30.684929,14.64,0.287,881,1001,高
DO202606120043,2026-06-12,P019,奥特乐(成都龙湖上城天街店),R04,104.072004,30.684929,253.49,4.1817,886,1006,低
DO202606120044,2026-06-12,P020,朴朴超市(西体路店),R04,104.061775,30.681195,105.36,1.9053,624,744,高
DO202606120045,2026-06-12,P020,朴朴超市(西体路店),R04,104.061775,30.681195,23.61,0.0831,628,748,中
DO202606120046,2026-06-12,P020,朴朴超市(西体路店),R04,104.061775,30.681195,17.08,0.398,629,749,中
DO202606120047,2026-06-12,P022,四川舞东风超市连锁股份有限公司,R05,104.082047,30.660437,6.32,0.0487,610,730,中
DO202606120048,2026-06-12,P022,四川舞东风超市连锁股份有限公司,R05,104.082047,30.660437,77.65,0.1614,612,732,低
DO202606120049,2026-06-12,P022,四川舞东风超市连锁股份有限公司,R05,104.082047,30.660437,29.25,0.6102,612,732,高
DO202606120050,2026-06-12,P022,四川舞东风超市连锁股份有限公司,R05,104.082047,30.660437,470.08,1.5417,612,732,低
DO202606120051,2026-06-12,P024,永辉超市(锦江城市花园店),R05,104.142752,30.595134,22.24,0.5342,776,896,高
DO202606120052,2026-06-12,P026,友好多连锁超市(界牌店),R07,104.313922,30.880419,7.66,0.2318,909,1029,高
DO202606120053,2026-06-12,P027,大荣发连锁超市(和顺雅苑店),R07,104.253582,30.90011,244.96,0.0751,743,863,低
DO202606120054,2026-06-12,P027,大荣发连锁超市(和顺雅苑店),R07,104.253582,30.90011,383.36,0.365,745,865,中
DO202606120055,2026-06-12,P027,大荣发连锁超市(和顺雅苑店),R07,104.253582,30.90011,9.27,0.0396,745,865,高
DO202606120056,2026-06-12,P027,大荣发连锁超市(和顺雅苑店),R07,104.253582,30.90011,173.77,0.6831,747,867,高
DO202606120057,2026-06-12,P027,大荣发连锁超市(和顺雅苑店),R07,104.253582,30.90011,55.89,0.2464,748,868,低
DO202606120058,2026-06-12,P027,大荣发连锁超市(和顺雅苑店),R07,104.253582,30.90011,128.14,0.1585,751,871,中
DO202606120059,2026-06-12,P028,永辉超市(天府欧城店),R07,104.256388,30.892152,2.53,0.1524,838,958,低
DO202606120060,2026-06-12,P028,永辉超市(天府欧城店),R07,104.256388,30.892152,32.19,1.0898,847,967,中
DO202606120061,2026-06-12,P028,永辉超市(天府欧城店),R07,104.256388,30.892152,46.43,0.9526,847,967,高
DO202606120062,2026-06-12,P028,永辉超市(天府欧城店),R07,104.256388,30.892152,21.51,0.0491,847,967,中
DO202606120063,2026-06-12,P029,永辉超市(青白江万达广场店),R07,104.253652,30.878095,103.39,0.2927,667,787,低
DO202606120064,2026-06-12,P029,永辉超市(青白江万达广场店),R07,104.253652,30.878095,71.07,14.0449,670,790,中
DO202606120065,2026-06-12,P030,润都连锁生活超市(正兴路店),R07,104.188354,30.87079,16.75,0.0717,583,703,中
DO202606120066,2026-06-12,P030,润都连锁生活超市(正兴路店),R07,104.188354,30.87079,298.05,0.0428,585,705,高
DO202606120067,2026-06-12,P030,润都连锁生活超市(正兴路店),R07,104.188354,30.87079,204.3,1.3722,590,710,中
DO202606120068,2026-06-12,P031,渝华连锁超市(学苑路店),R07,104.276426,30.875299,124.95,3.7214,644,764,低
DO202606120069,2026-06-12,P031,渝华连锁超市(学苑路店),R07,104.276426,30.875299,5.29,0.5822,651,771,低
DO202606120070,2026-06-12,P032,渝华连锁超市(绣川新城店),R07,104.330571,30.85576,5.57,0.5116,529,649,中
DO202606120071,2026-06-12,P033,红旗超市(团结花园店),R07,104.246885,30.877313,71.15,0.1687,618,738,中
DO202606120072,2026-06-12,P033,红旗超市(团结花园店),R07,104.246885,30.877313,236.16,0.1185,619,739,中
DO202606120073,2026-06-12,P033,红旗超市(团结花园店),R07,104.246885,30.877313,147.7,0.1738,621,741,低
DO202606120074,2026-06-12,P033,红旗超市(团结花园店),R07,104.246885,30.877313,135.16,1.2734,622,742,高
DO202606120075,2026-06-12,P034,红旗连锁(北城新界民族花园店),R07,104.201632,30.877318,175.08,0.3592,679,799,中
DO202606120076,2026-06-12,P034,红旗连锁(北城新界民族花园店),R07,104.201632,30.877318,190.8,0.2718,682,802,中
DO202606120077,2026-06-12,P034,红旗连锁(北城新界民族花园店),R07,104.201632,30.877318,88.79,1.0295,687,807,中
DO202606120078,2026-06-12,P035,红旗连锁(青白江同金街便利店),R07,104.244552,30.889503,14.15,0.2801,823,943,高
DO202606120079,2026-06-12,P036,红旗连锁(青白江城厢首府分场),R07,104.323054,30.860039,42.19,0.2861,760,880,高
DO202606120080,2026-06-12,P036,红旗连锁(青白江城厢首府分场),R07,104.323054,30.860039,2.6,0.2017,764,884,高
DO202606120081,2026-06-12,P036,红旗连锁(青白江城厢首府分场),R07,104.323054,30.860039,7.54,0.3226,766,886,中
DO202606120082,2026-06-12,P036,红旗连锁(青白江城厢首府分场),R07,104.323054,30.860039,82.22,0.2856,767,887,低
DO202606120083,2026-06-12,P037,红旗连锁(青白江石家碾西路店),R07,104.253962,30.887052,17.04,0.0207,571,691,中
DO202606120084,2026-06-12,P037,红旗连锁(青白江石家碾西路店),R07,104.253962,30.887052,165.71,0.5798,571,691,中
DO202606120085,2026-06-12,P037,红旗连锁(青白江石家碾西路店),R07,104.253962,30.887052,84.11,0.9226,572,692,高
DO202606120086,2026-06-12,P037,红旗连锁(青白江石家碾西路店),R07,104.253962,30.887052,36.38,0.7755,573,693,低
DO202606120087,2026-06-12,P037,红旗连锁(青白江石家碾西路店),R07,104.253962,30.887052,52.81,0.1202,573,693,中
DO202606120088,2026-06-12,P037,红旗连锁(青白江石家碾西路店),R07,104.253962,30.887052,14.14,0.0608,577,697,中
DO202606120089,2026-06-12,P038,青江一家超市,R07,104.284321,30.880989,51.5,0.0518,670,790,低
DO202606120090,2026-06-12,P039,青江百货连锁超市,R07,104.269502,30.876837,24.24,0.0247,570,690,低
DO202606120091,2026-06-12,P039,青江百货连锁超市,R07,104.269502,30.876837,240.15,0.2921,574,694,中
DO202606120092,2026-06-12,P039,青江百货连锁超市,R07,104.269502,30.876837,31.37,0.0145,575,695,中
DO202606120093,2026-06-12,P039,青江百货连锁超市,R07,104.269502,30.876837,40.57,0.7503,580,700,中
DO202606120094,2026-06-12,P039,青江百货连锁超市,R07,104.269502,30.876837,1.55,0.8068,580,700,中
DO202606120095,2026-06-12,P040,上蔬永辉超市(西单商场店),R02,104.000521,30.674866,34.69,0.0898,785,905,高
DO202606120096,2026-06-12,P040,上蔬永辉超市(西单商场店),R02,104.000521,30.674866,14.07,3.3776,785,905,低
DO202606120097,2026-06-12,P040,上蔬永辉超市(西单商场店),R02,104.000521,30.674866,67.51,0.0467,791,911,高
DO202606120098,2026-06-12,P041,永辉超市(成都青羊中铁大道店),R02,103.961452,30.670211,129.32,0.3336,823,943,中
DO202606120099,2026-06-12,P041,永辉超市(成都青羊中铁大道店),R02,103.961452,30.670211,39.44,0.278,825,945,中
DO202606120100,2026-06-12,P042,永辉超市(青羊新城市店),R02,104.057614,30.67321,27.16,1.1672,857,977,中
DO202606120101,2026-06-12,P042,永辉超市(青羊新城市店),R02,104.057614,30.67321,184.65,0.0316,860,980,中
DO202606120102,2026-06-12,P042,永辉超市(青羊新城市店),R02,104.057614,30.67321,6.86,0.4732,860,980,低
DO202606120103,2026-06-12,P043,红旗超市(中同仁路分场),R02,104.052373,30.668819,86.55,1.0761,744,864,中
DO202606120104,2026-06-12,P043,红旗超市(中同仁路分场),R02,104.052373,30.668819,92.02,1.1057,748,868,中
DO202606120105,2026-06-12,P044,邻你生活超市(大庆店),R02,104.032527,30.669557,31.13,0.4119,721,841,中
DO202606120106,2026-06-12,P045,世纪红连锁超市,R08,104.208007,30.532247,358.18,0.2642,619,739,高
DO202606120107,2026-06-12,P045,世纪红连锁超市,R08,104.208007,30.532247,145.98,1.3984,621,741,中
DO202606120108,2026-06-12,P045,世纪红连锁超市,R08,104.208007,30.532247,165.25,0.2395,626,746,低
DO202606120109,2026-06-12,P046,尚喜超市(锦绣路店),R08,104.308338,30.606726,19.38,0.5512,855,975,高
DO202606120110,2026-06-12,P046,尚喜超市(锦绣路店),R08,104.308338,30.606726,32.76,0.0606,860,980,低
DO202606120111,2026-06-12,P047,永辉超市(成都龙泉驿万达广场店),R08,104.269392,30.566865,471.24,0.3861,651,771,低
DO202606120112,2026-06-12,P048,汇联美连锁超市(中街店),R08,104.27333,30.560098,24.31,0.5699,688,808,低
DO202606120113,2026-06-12,P049,百伦生活超市(龙泉店),R08,104.273346,30.559846,58.92,0.068,610,730,低
DO202606120114,2026-06-12,P049,百伦生活超市(龙泉店),R08,104.273346,30.559846,16.57,0.1757,613,733,中
DO202606120115,2026-06-12,P049,百伦生活超市(龙泉店),R08,104.273346,30.559846,55.99,0.7857,614,734,低
DO202606130000,2026-06-13,P002,十二超市(佳年华广场1期店),R06,104.131787,30.627615,90.47,0.3743,891,1011,中
DO202606130001,2026-06-13,P004,老蔡小卖部(水碾河路北社区三街店),R06,104.099234,30.648748,191.85,0.2889,618,738,低
DO202606130002,2026-06-13,P004,老蔡小卖部(水碾河路北社区三街店),R06,104.099234,30.648748,16.0,0.2062,620,740,中
DO202606130003,2026-06-13,P004,老蔡小卖部(水碾河路北社区三街店),R06,104.099234,30.648748,829.66,0.1434,622,742,低
DO202606130004,2026-06-13,P006,全家便利店(龙江路店),R03,104.077199,30.641639,55.57,1.9071,624,744,中
DO202606130005,2026-06-13,P006,全家便利店(龙江路店),R03,104.077199,30.641639,3.65,1.0571,625,745,中
DO202606130006,2026-06-13,P007,永辉超市(成都市新城吾悦广场店),R03,103.988663,30.626255,72.2,0.0763,705,825,高
DO202606130007,2026-06-13,P007,永辉超市(成都市新城吾悦广场店),R03,103.988663,30.626255,151.73,0.8003,705,825,中
DO202606130008,2026-06-13,P008,永辉超市(银泰城店),R03,104.058121,30.541191,402.59,0.1682,834,954,中
DO202606130009,2026-06-13,P008,永辉超市(银泰城店),R03,104.058121,30.541191,51.41,0.2483,834,954,中
DO202606130010,2026-06-13,P008,永辉超市(银泰城店),R03,104.058121,30.541191,29.73,0.298,837,957,低
DO202606130011,2026-06-13,P008,永辉超市(银泰城店),R03,104.058121,30.541191,438.92,0.5542,839,959,高
DO202606130012,2026-06-13,P008,永辉超市(银泰城店),R03,104.058121,30.541191,10.9,0.2088,842,962,中
DO202606130013,2026-06-13,P009,永辉超市(龙湖成都金楠天街店),R03,103.995986,30.648731,116.57,0.2529,650,770,高
DO202606130014,2026-06-13,P009,永辉超市(龙湖成都金楠天街店),R03,103.995986,30.648731,80.67,0.1838,651,771,中
DO202606130015,2026-06-13,P010,百分百超市(心语店),R03,104.045915,30.545712,19.17,0.1775,714,834,高
DO202606130016,2026-06-13,P010,百分百超市(心语店),R03,104.045915,30.545712,48.29,0.9651,716,836,高
DO202606130017,2026-06-13,P010,百分百超市(心语店),R03,104.045915,30.545712,59.17,0.3725,717,837,高
DO202606130018,2026-06-13,P011,永辉超市(成都市双铁广场店),R01,103.975737,30.758309,1.16,0.09,615,735,中
DO202606130019,2026-06-13,P011,永辉超市(成都市双铁广场店),R01,103.975737,30.758309,1518.35,1.3983,616,736,中
DO202606130020,2026-06-13,P011,永辉超市(成都市双铁广场店),R01,103.975737,30.758309,10.92,0.103,617,737,低
DO202606130021,2026-06-13,P012,永辉超市(成都市蜀都万达广场店),R01,103.907862,30.807642,22.1,0.1208,701,821,中
DO202606130022,2026-06-13,P013,永辉超市(爱琴海购物中心店),R01,103.991901,30.737566,306.81,0.0962,883,1003,中
DO202606130023,2026-06-13,P013,永辉超市(爱琴海购物中心店),R01,103.991901,30.737566,48.23,0.1292,887,1007,低
DO202606130024,2026-06-13,P013,永辉超市(爱琴海购物中心店),R01,103.991901,30.737566,35.38,0.1006,889,1009,中
DO202606130025,2026-06-13,P013,永辉超市(爱琴海购物中心店),R01,103.991901,30.737566,23.75,0.0337,892,1012,低
DO202606130026,2026-06-13,P015,红旗超市(龙湖时代天街店),R01,103.919653,30.752444,51.26,0.2043,710,830,中
DO202606130027,2026-06-13,P017,LAWSON罗森(龙湖成都上城天街店),R04,104.071944,30.68395,58.21,0.7512,816,936,低
DO202606130028,2026-06-13,P018,乐多(成华西街一店),R04,104.071998,30.683402,9.53,0.0495,860,980,中
DO202606130029,2026-06-13,P018,乐多(成华西街一店),R04,104.071998,30.683402,111.75,0.5284,861,981,中
DO202606130030,2026-06-13,P019,奥特乐(成都龙湖上城天街店),R04,104.072004,30.684929,146.02,0.1128,685,805,中
DO202606130031,2026-06-13,P019,奥特乐(成都龙湖上城天街店),R04,104.072004,30.684929,47.81,0.2296,688,808,中
DO202606130032,2026-06-13,P019,奥特乐(成都龙湖上城天街店),R04,104.072004,30.684929,16.79,0.4326,689,809,中
DO202606130033,2026-06-13,P020,朴朴超市(西体路店),R04,104.061775,30.681195,38.11,1.2735,667,787,中
DO202606130034,2026-06-13,P020,朴朴超市(西体路店),R04,104.061775,30.681195,4.89,1.1515,669,789,低
DO202606130035,2026-06-13,P022,四川舞东风超市连锁股份有限公司,R05,104.082047,30.660437,20.85,0.0824,597,717,中
DO202606130036,2026-06-13,P023,永辉超市(文华广场店),R05,104.107695,30.637048,190.0,0.0113,683,803,中
DO202606130037,2026-06-13,P024,永辉超市(锦江城市花园店),R05,104.142752,30.595134,56.29,1.6367,710,830,中
DO202606130038,2026-06-13,P024,永辉超市(锦江城市花园店),R05,104.142752,30.595134,23.14,4.0538,710,830,中
DO202606130039,2026-06-13,P026,友好多连锁超市(界牌店),R07,104.313922,30.880419,452.01,0.3078,795,915,中
DO202606130040,2026-06-13,P026,友好多连锁超市(界牌店),R07,104.313922,30.880419,361.51,0.1235,798,918,低
DO202606130041,2026-06-13,P027,大荣发连锁超市(和顺雅苑店),R07,104.253582,30.90011,32.34,0.0684,712,832,低
DO202606130042,2026-06-13,P027,大荣发连锁超市(和顺雅苑店),R07,104.253582,30.90011,9.12,0.3935,713,833,中
DO202606130043,2026-06-13,P027,大荣发连锁超市(和顺雅苑店),R07,104.253582,30.90011,44.55,0.993,715,835,高
DO202606130044,2026-06-13,P027,大荣发连锁超市(和顺雅苑店),R07,104.253582,30.90011,32.2,0.1611,718,838,高
DO202606130045,2026-06-13,P028,永辉超市(天府欧城店),R07,104.256388,30.892152,81.05,0.7396,520,640,低
DO202606130046,2026-06-13,P029,永辉超市(青白江万达广场店),R07,104.253652,30.878095,15.39,0.2175,564,684,高
DO202606130047,2026-06-13,P029,永辉超市(青白江万达广场店),R07,104.253652,30.878095,156.67,0.2186,566,686,高
DO202606130048,2026-06-13,P029,永辉超市(青白江万达广场店),R07,104.253652,30.878095,18.32,1.0992,569,689,中
DO202606130049,2026-06-13,P029,永辉超市(青白江万达广场店),R07,104.253652,30.878095,42.75,0.2615,572,692,低
DO202606130050,2026-06-13,P030,润都连锁生活超市(正兴路店),R07,104.188354,30.87079,159.15,0.0718,654,774,高
DO202606130051,2026-06-13,P030,润都连锁生活超市(正兴路店),R07,104.188354,30.87079,6.9,0.1035,656,776,中
DO202606130052,2026-06-13,P030,润都连锁生活超市(正兴路店),R07,104.188354,30.87079,203.3,0.1201,659,779,低
DO202606130053,2026-06-13,P030,润都连锁生活超市(正兴路店),R07,104.188354,30.87079,24.2,0.0773,660,780,中
DO202606130054,2026-06-13,P030,润都连锁生活超市(正兴路店),R07,104.188354,30.87079,28.41,0.7625,662,782,低
DO202606130055,2026-06-13,P030,润都连锁生活超市(正兴路店),R07,104.188354,30.87079,31.68,0.8635,663,783,高
DO202606130056,2026-06-13,P032,渝华连锁超市(绣川新城店),R07,104.330571,30.85576,1.99,4.7429,770,890,中
DO202606130057,2026-06-13,P033,红旗超市(团结花园店),R07,104.246885,30.877313,25.45,0.0968,748,868,低
DO202606130058,2026-06-13,P033,红旗超市(团结花园店),R07,104.246885,30.877313,324.14,0.2036,755,875,高
DO202606130059,2026-06-13,P034,红旗连锁(北城新界民族花园店),R07,104.201632,30.877318,321.46,0.2263,705,825,低
DO202606130060,2026-06-13,P035,红旗连锁(青白江同金街便利店),R07,104.244552,30.889503,51.94,0.0454,725,845,高
DO202606130061,2026-06-13,P035,红旗连锁(青白江同金街便利店),R07,104.244552,30.889503,5.54,0.122,729,849,高
DO202606130062,2026-06-13,P035,红旗连锁(青白江同金街便利店),R07,104.244552,30.889503,109.74,0.0276,731,851,中
DO202606130063,2026-06-13,P036,红旗连锁(青白江城厢首府分场),R07,104.323054,30.860039,93.51,0.5501,757,877,低
DO202606130064,2026-06-13,P036,红旗连锁(青白江城厢首府分场),R07,104.323054,30.860039,25.35,0.1647,762,882,中
DO202606130065,2026-06-13,P037,红旗连锁(青白江石家碾西路店),R07,104.253962,30.887052,6.03,11.2546,693,813,低
DO202606130066,2026-06-13,P037,红旗连锁(青白江石家碾西路店),R07,104.253962,30.887052,15.09,0.1813,700,820,中
DO202606130067,2026-06-13,P037,红旗连锁(青白江石家碾西路店),R07,104.253962,30.887052,29.4,0.3107,702,822,高
DO202606130068,2026-06-13,P038,青江一家超市,R07,104.284321,30.880989,28.31,0.4558,615,735,低
DO202606130069,2026-06-13,P038,青江一家超市,R07,104.284321,30.880989,13.74,0.1428,622,742,中
DO202606130070,2026-06-13,P039,青江百货连锁超市,R07,104.269502,30.876837,182.1,0.6376,838,958,低
DO202606130071,2026-06-13,P039,青江百货连锁超市,R07,104.269502,30.876837,59.94,0.3113,838,958,中
DO202606130072,2026-06-13,P039,青江百货连锁超市,R07,104.269502,30.876837,22.12,1.3064,840,960,高
DO202606130073,2026-06-13,P039,青江百货连锁超市,R07,104.269502,30.876837,53.07,0.161,844,964,中
DO202606130074,2026-06-13,P039,青江百货连锁超市,R07,104.269502,30.876837,419.2,0.1647,845,965,低
DO202606130075,2026-06-13,P040,上蔬永辉超市(西单商场店),R02,104.000521,30.674866,163.45,0.0287,561,681,低
DO202606130076,2026-06-13,P040,上蔬永辉超市(西单商场店),R02,104.000521,30.674866,49.81,0.1789,565,685,低
DO202606130077,2026-06-13,P041,永辉超市(成都青羊中铁大道店),R02,103.961452,30.670211,30.22,0.0208,693,813,中
DO202606130078,2026-06-13,P041,永辉超市(成都青羊中铁大道店),R02,103.961452,30.670211,25.08,0.3327,695,815,低
DO202606130079,2026-06-13,P041,永辉超市(成都青羊中铁大道店),R02,103.961452,30.670211,6.91,0.0874,696,816,中
DO202606130080,2026-06-13,P041,永辉超市(成都青羊中铁大道店),R02,103.961452,30.670211,60.5,0.0968,697,817,高
DO202606130081,2026-06-13,P041,永辉超市(成都青羊中铁大道店),R02,103.961452,30.670211,5.9,0.0347,698,818,高
DO202606130082,2026-06-13,P042,永辉超市(青羊新城市店),R02,104.057614,30.67321,21.15,0.1158,745,865,中
DO202606130083,2026-06-13,P042,永辉超市(青羊新城市店),R02,104.057614,30.67321,28.49,0.2186,746,866,高
DO202606130084,2026-06-13,P043,红旗超市(中同仁路分场),R02,104.052373,30.668819,6.01,0.6676,638,758,高
DO202606130085,2026-06-13,P043,红旗超市(中同仁路分场),R02,104.052373,30.668819,465.96,1.2486,642,762,中
DO202606130086,2026-06-13,P044,邻你生活超市(大庆店),R02,104.032527,30.669557,89.57,0.373,531,651,中
DO202606130087,2026-06-13,P044,邻你生活超市(大庆店),R02,104.032527,30.669557,87.3,0.6243,538,658,中
DO202606130088,2026-06-13,P044,邻你生活超市(大庆店),R02,104.032527,30.669557,26.0,0.0965,538,658,中
DO202606130089,2026-06-13,P045,世纪红连锁超市,R08,104.208007,30.532247,68.68,0.257,574,694,低
DO202606130090,2026-06-13,P046,尚喜超市(锦绣路店),R08,104.308338,30.606726,27.32,0.0675,549,669,高
DO202606130091,2026-06-13,P048,汇联美连锁超市(中街店),R08,104.27333,30.560098,30.26,0.3492,685,805,中
DO202606130092,2026-06-13,P049,百伦生活超市(龙泉店),R08,104.273346,30.559846,3.27,1.6163,606,726,中
DO202606130093,2026-06-13,P049,百伦生活超市(龙泉店),R08,104.273346,30.559846,318.38,0.272,607,727,中
DO202606130094,2026-06-13,P049,百伦生活超市(龙泉店),R08,104.273346,30.559846,47.6,0.0127,610,730,中
DO202606140000,2026-06-14,P002,十二超市(佳年华广场1期店),R06,104.131787,30.627615,24.82,0.1639,550,670,高
DO202606140001,2026-06-14,P002,十二超市(佳年华广场1期店),R06,104.131787,30.627615,34.09,0.4125,555,675,中
DO202606140002,2026-06-14,P002,十二超市(佳年华广场1期店),R06,104.131787,30.627615,51.36,0.4731,560,680,高
DO202606140003,2026-06-14,P002,十二超市(佳年华广场1期店),R06,104.131787,30.627615,12.86,1.0037,560,680,中
DO202606140004,2026-06-14,P003,红旗连锁,R06,104.132763,30.627528,114.06,0.7465,761,881,中
DO202606140005,2026-06-14,P003,红旗连锁,R06,104.132763,30.627528,124.12,0.0209,762,882,中
DO202606140006,2026-06-14,P003,红旗连锁,R06,104.132763,30.627528,35.71,0.6537,764,884,中
DO202606140007,2026-06-14,P003,红旗连锁,R06,104.132763,30.627528,28.91,0.2001,766,886,中
DO202606140008,2026-06-14,P004,老蔡小卖部(水碾河路北社区三街店),R06,104.099234,30.648748,33.99,2.4327,716,836,中
DO202606140009,2026-06-14,P004,老蔡小卖部(水碾河路北社区三街店),R06,104.099234,30.648748,6.15,0.0557,719,839,中
DO202606140010,2026-06-14,P004,老蔡小卖部(水碾河路北社区三街店),R06,104.099234,30.648748,43.26,0.1234,725,845,高
DO202606140011,2026-06-14,P006,全家便利店(龙江路店),R03,104.077199,30.641639,84.14,0.3822,862,982,中
DO202606140012,2026-06-14,P006,全家便利店(龙江路店),R03,104.077199,30.641639,235.74,0.3788,862,982,中
DO202606140013,2026-06-14,P007,永辉超市(成都市新城吾悦广场店),R03,103.988663,30.626255,2.3,1.8104,856,976,中
DO202606140014,2026-06-14,P008,永辉超市(银泰城店),R03,104.058121,30.541191,37.18,0.1595,842,962,中
DO202606140015,2026-06-14,P008,永辉超市(银泰城店),R03,104.058121,30.541191,7.29,0.4547,843,963,低
DO202606140016,2026-06-14,P009,永辉超市(龙湖成都金楠天街店),R03,103.995986,30.648731,428.74,0.134,537,657,高
DO202606140017,2026-06-14,P009,永辉超市(龙湖成都金楠天街店),R03,103.995986,30.648731,854.89,3.6743,539,659,中
DO202606140018,2026-06-14,P010,百分百超市(心语店),R03,104.045915,30.545712,17.02,0.1926,711,831,中
DO202606140019,2026-06-14,P010,百分百超市(心语店),R03,104.045915,30.545712,31.22,0.5242,714,834,低
DO202606140020,2026-06-14,P011,永辉超市(成都市双铁广场店),R01,103.975737,30.758309,68.98,0.3877,748,868,高
DO202606140021,2026-06-14,P011,永辉超市(成都市双铁广场店),R01,103.975737,30.758309,19.23,0.2619,752,872,中
DO202606140022,2026-06-14,P013,永辉超市(爱琴海购物中心店),R01,103.991901,30.737566,329.5,0.5835,572,692,中
DO202606140023,2026-06-14,P014,永辉超市(龙湖成都时代天街店),R01,103.921214,30.750831,29.53,0.139,629,749,高
DO202606140024,2026-06-14,P015,红旗超市(龙湖时代天街店),R01,103.919653,30.752444,78.87,0.0857,882,1002,低
DO202606140025,2026-06-14,P015,红旗超市(龙湖时代天街店),R01,103.919653,30.752444,29.96,0.0511,887,1007,高
DO202606140026,2026-06-14,P016,LAWSON罗森(枣子巷15号院店),R04,104.044885,30.667759,9.89,0.3042,855,975,高
DO202606140027,2026-06-14,P016,LAWSON罗森(枣子巷15号院店),R04,104.044885,30.667759,28.29,0.3948,856,976,低
DO202606140028,2026-06-14,P017,LAWSON罗森(龙湖成都上城天街店),R04,104.071944,30.68395,197.24,0.2097,786,906,中
DO202606140029,2026-06-14,P018,乐多(成华西街一店),R04,104.071998,30.683402,67.67,0.1215,771,891,中
DO202606140030,2026-06-14,P019,奥特乐(成都龙湖上城天街店),R04,104.072004,30.684929,46.98,0.2202,698,818,高
DO202606140031,2026-06-14,P020,朴朴超市(西体路店),R04,104.061775,30.681195,11.81,1.2202,511,631,低
DO202606140032,2026-06-14,P020,朴朴超市(西体路店),R04,104.061775,30.681195,8.52,0.1129,518,638,高
DO202606140033,2026-06-14,P021,Ole 精品超市(IFS国际金融中心店),R05,104.081893,30.655003,4.73,0.158,549,669,低
DO202606140034,2026-06-14,P021,Ole 精品超市(IFS国际金融中心店),R05,104.081893,30.655003,27.11,0.1483,556,676,高
DO202606140035,2026-06-14,P021,Ole 精品超市(IFS国际金融中心店),R05,104.081893,30.655003,11.62,0.116,557,677,低
DO202606140036,2026-06-14,P022,四川舞东风超市连锁股份有限公司,R05,104.082047,30.660437,145.17,0.0727,888,1008,中
DO202606140037,2026-06-14,P022,四川舞东风超市连锁股份有限公司,R05,104.082047,30.660437,116.57,1.1073,888,1008,中
DO202606140038,2026-06-14,P022,四川舞东风超市连锁股份有限公司,R05,104.082047,30.660437,31.73,0.0503,892,1012,中
DO202606140039,2026-06-14,P022,四川舞东风超市连锁股份有限公司,R05,104.082047,30.660437,58.44,0.62,895,1015,低
DO202606140040,2026-06-14,P022,四川舞东风超市连锁股份有限公司,R05,104.082047,30.660437,310.75,0.0232,898,1018,中
DO202606140041,2026-06-14,P022,四川舞东风超市连锁股份有限公司,R05,104.082047,30.660437,7.59,0.1633,898,1018,中
DO202606140042,2026-06-14,P024,永辉超市(锦江城市花园店),R05,104.142752,30.595134,90.17,0.8737,609,729,高
DO202606140043,2026-06-14,P024,永辉超市(锦江城市花园店),R05,104.142752,30.595134,114.65,0.0825,610,730,低
DO202606140044,2026-06-14,P024,永辉超市(锦江城市花园店),R05,104.142752,30.595134,486.63,0.781,611,731,中
DO202606140045,2026-06-14,P024,永辉超市(锦江城市花园店),R05,104.142752,30.595134,11.84,0.3408,614,734,低
DO202606140046,2026-06-14,P024,永辉超市(锦江城市花园店),R05,104.142752,30.595134,307.71,0.2794,615,735,高
DO202606140047,2026-06-14,P024,永辉超市(锦江城市花园店),R05,104.142752,30.595134,74.0,0.2887,616,736,中
DO202606140048,2026-06-14,P025,红旗超市(成都红旗商厦店),R05,104.072081,30.658735,206.08,0.6304,832,952,中
DO202606140049,2026-06-14,P025,红旗超市(成都红旗商厦店),R05,104.072081,30.658735,50.73,0.0255,834,954,高
DO202606140050,2026-06-14,P025,红旗超市(成都红旗商厦店),R05,104.072081,30.658735,165.39,3.8595,834,954,中
DO202606140051,2026-06-14,P026,友好多连锁超市(界牌店),R07,104.313922,30.880419,28.22,0.2594,821,941,中
DO202606140052,2026-06-14,P026,友好多连锁超市(界牌店),R07,104.313922,30.880419,535.77,0.0851,826,946,低
DO202606140053,2026-06-14,P026,友好多连锁超市(界牌店),R07,104.313922,30.880419,133.73,0.1443,827,947,中
DO202606140054,2026-06-14,P027,大荣发连锁超市(和顺雅苑店),R07,104.253582,30.90011,155.92,0.2867,554,674,低
DO202606140055,2026-06-14,P027,大荣发连锁超市(和顺雅苑店),R07,104.253582,30.90011,69.28,3.3943,562,682,高
DO202606140056,2026-06-14,P027,大荣发连锁超市(和顺雅苑店),R07,104.253582,30.90011,145.48,0.7952,562,682,高
DO202606140057,2026-06-14,P028,永辉超市(天府欧城店),R07,104.256388,30.892152,16.01,1.3908,712,832,中
DO202606140058,2026-06-14,P029,永辉超市(青白江万达广场店),R07,104.253652,30.878095,4.64,0.1722,874,994,高
DO202606140059,2026-06-14,P029,永辉超市(青白江万达广场店),R07,104.253652,30.878095,6.54,0.1151,877,997,中
DO202606140060,2026-06-14,P030,润都连锁生活超市(正兴路店),R07,104.188354,30.87079,6.3,0.4835,524,644,低
DO202606140061,2026-06-14,P030,润都连锁生活超市(正兴路店),R07,104.188354,30.87079,41.27,0.1743,524,644,高
DO202606140062,2026-06-14,P030,润都连锁生活超市(正兴路店),R07,104.188354,30.87079,96.62,0.4967,525,645,低
DO202606140063,2026-06-14,P030,润都连锁生活超市(正兴路店),R07,104.188354,30.87079,35.24,0.9456,527,647,高
DO202606140064,2026-06-14,P030,润都连锁生活超市(正兴路店),R07,104.188354,30.87079,561.27,0.2005,532,652,中
DO202606140065,2026-06-14,P030,润都连锁生活超市(正兴路店),R07,104.188354,30.87079,174.94,0.0353,533,653,高
DO202606140066,2026-06-14,P031,渝华连锁超市(学苑路店),R07,104.276426,30.875299,110.06,0.496,715,835,中
DO202606140067,2026-06-14,P031,渝华连锁超市(学苑路店),R07,104.276426,30.875299,101.59,1.7159,717,837,高
DO202606140068,2026-06-14,P033,红旗超市(团结花园店),R07,104.246885,30.877313,191.38,0.4159,578,698,高
DO202606140069,2026-06-14,P033,红旗超市(团结花园店),R07,104.246885,30.877313,9.86,0.1954,579,699,低
DO202606140070,2026-06-14,P034,红旗连锁(北城新界民族花园店),R07,104.201632,30.877318,13.41,0.1309,730,850,中
DO202606140071,2026-06-14,P034,红旗连锁(北城新界民族花园店),R07,104.201632,30.877318,79.55,0.6943,731,851,高
DO202606140072,2026-06-14,P035,红旗连锁(青白江同金街便利店),R07,104.244552,30.889503,359.69,0.029,538,658,中
DO202606140073,2026-06-14,P036,红旗连锁(青白江城厢首府分场),R07,104.323054,30.860039,8.68,0.4551,511,631,高
DO202606140074,2026-06-14,P036,红旗连锁(青白江城厢首府分场),R07,104.323054,30.860039,7.14,0.2269,513,633,低
DO202606140075,2026-06-14,P037,红旗连锁(青白江石家碾西路店),R07,104.253962,30.887052,19.28,0.1887,842,962,低
DO202606140076,2026-06-14,P038,青江一家超市,R07,104.284321,30.880989,55.88,0.6943,762,882,中
DO202606140077,2026-06-14,P038,青江一家超市,R07,104.284321,30.880989,95.9,0.316,767,887,高
DO202606140078,2026-06-14,P038,青江一家超市,R07,104.284321,30.880989,20.73,0.5049,769,889,低
DO202606140079,2026-06-14,P038,青江一家超市,R07,104.284321,30.880989,66.38,0.1941,772,892,中
DO202606140080,2026-06-14,P038,青江一家超市,R07,104.284321,30.880989,267.96,23.8144,772,892,中
DO202606140081,2026-06-14,P039,青江百货连锁超市,R07,104.269502,30.876837,13.91,0.0606,821,941,低
DO202606140082,2026-06-14,P039,青江百货连锁超市,R07,104.269502,30.876837,79.24,0.1051,825,945,高
DO202606140083,2026-06-14,P040,上蔬永辉超市(西单商场店),R02,104.000521,30.674866,70.13,0.406,796,916,高
DO202606140084,2026-06-14,P040,上蔬永辉超市(西单商场店),R02,104.000521,30.674866,121.17,0.0478,799,919,高
DO202606140085,2026-06-14,P040,上蔬永辉超市(西单商场店),R02,104.000521,30.674866,102.14,1.792,804,924,中
DO202606140086,2026-06-14,P041,永辉超市(成都青羊中铁大道店),R02,103.961452,30.670211,40.68,0.1282,711,831,低
DO202606140087,2026-06-14,P042,永辉超市(青羊新城市店),R02,104.057614,30.67321,43.43,0.4318,515,635,高
DO202606140088,2026-06-14,P043,红旗超市(中同仁路分场),R02,104.052373,30.668819,24.4,0.2248,694,814,中
DO202606140089,2026-06-14,P044,邻你生活超市(大庆店),R02,104.032527,30.669557,34.56,0.5134,780,900,低
DO202606140090,2026-06-14,P044,邻你生活超市(大庆店),R02,104.032527,30.669557,33.33,0.0221,785,905,低
DO202606140091,2026-06-14,P044,邻你生活超市(大庆店),R02,104.032527,30.669557,128.0,0.0519,787,907,中
DO202606140092,2026-06-14,P044,邻你生活超市(大庆店),R02,104.032527,30.669557,189.25,0.8967,790,910,中
DO202606140093,2026-06-14,P046,尚喜超市(锦绣路店),R08,104.308338,30.606726,58.52,0.2689,604,724,高
DO202606140094,2026-06-14,P046,尚喜超市(锦绣路店),R08,104.308338,30.606726,9.39,0.0229,604,724,低
DO202606140095,2026-06-14,P046,尚喜超市(锦绣路店),R08,104.308338,30.606726,72.87,0.7737,610,730,中
DO202606140096,2026-06-14,P046,尚喜超市(锦绣路店),R08,104.308338,30.606726,34.27,0.0665,614,734,高
DO202606140097,2026-06-14,P047,永辉超市(成都龙泉驿万达广场店),R08,104.269392,30.566865,51.86,0.0844,584,704,低
DO202606140098,2026-06-14,P047,永辉超市(成都龙泉驿万达广场店),R08,104.269392,30.566865,1093.01,0.2716,587,707,中
DO202606140099,2026-06-14,P048,汇联美连锁超市(中街店),R08,104.27333,30.560098,402.93,0.2017,638,758,高
DO202606140100,2026-06-14,P048,汇联美连锁超市(中街店),R08,104.27333,30.560098,7.27,0.2968,639,759,高
DO202606140101,2026-06-14,P048,汇联美连锁超市(中街店),R08,104.27333,30.560098,13.31,0.1197,642,762,低
DO202606140102,2026-06-14,P049,百伦生活超市(龙泉店),R08,104.273346,30.559846,727.24,0.938,871,991,高
DO202606140103,2026-06-14,P049,百伦生活超市(龙泉店),R08,104.273346,30.559846,24.19,0.8006,875,995,中
DO202606150000,2026-06-15,P001,689便民(荣盛·香榭兰庭店),R06,104.135375,30.623625,5.78,0.5276,866,986,高
DO202606150001,2026-06-15,P001,689便民(荣盛·香榭兰庭店),R06,104.135375,30.623625,11.41,0.1449,869,989,低
DO202606150002,2026-06-15,P002,十二超市(佳年华广场1期店),R06,104.131787,30.627615,132.85,0.1817,866,986,低
DO202606150003,2026-06-15,P003,红旗连锁,R06,104.132763,30.627528,19.26,0.1701,697,817,高
DO202606150004,2026-06-15,P004,老蔡小卖部(水碾河路北社区三街店),R06,104.099234,30.648748,130.96,2.279,662,782,低
DO202606150005,2026-06-15,P004,老蔡小卖部(水碾河路北社区三街店),R06,104.099234,30.648748,419.32,0.0425,663,783,中
DO202606150006,2026-06-15,P004,老蔡小卖部(水碾河路北社区三街店),R06,104.099234,30.648748,1.09,0.3853,664,784,中
DO202606150007,2026-06-15,P004,老蔡小卖部(水碾河路北社区三街店),R06,104.099234,30.648748,29.62,0.2324,670,790,中
DO202606150008,2026-06-15,P004,老蔡小卖部(水碾河路北社区三街店),R06,104.099234,30.648748,1.52,0.4754,671,791,低
DO202606150009,2026-06-15,P005,郝英超市,R06,104.129707,30.628761,77.14,0.576,748,868,高
DO202606150010,2026-06-15,P005,郝英超市,R06,104.129707,30.628761,15.02,0.4313,749,869,中
DO202606150011,2026-06-15,P005,郝英超市,R06,104.129707,30.628761,80.43,0.0162,755,875,中
DO202606150012,2026-06-15,P007,永辉超市(成都市新城吾悦广场店),R03,103.988663,30.626255,24.07,0.6769,537,657,低
DO202606150013,2026-06-15,P007,永辉超市(成都市新城吾悦广场店),R03,103.988663,30.626255,234.68,0.3135,538,658,高
DO202606150014,2026-06-15,P009,永辉超市(龙湖成都金楠天街店),R03,103.995986,30.648731,126.28,0.3914,541,661,高
DO202606150015,2026-06-15,P009,永辉超市(龙湖成都金楠天街店),R03,103.995986,30.648731,26.35,0.8072,544,664,中
DO202606150016,2026-06-15,P010,百分百超市(心语店),R03,104.045915,30.545712,212.11,0.1218,599,719,低
DO202606150017,2026-06-15,P010,百分百超市(心语店),R03,104.045915,30.545712,74.18,0.6139,601,721,低
DO202606150018,2026-06-15,P011,永辉超市(成都市双铁广场店),R01,103.975737,30.758309,80.0,0.8884,523,643,高
DO202606150019,2026-06-15,P011,永辉超市(成都市双铁广场店),R01,103.975737,30.758309,41.28,0.3455,524,644,中
DO202606150020,2026-06-15,P012,永辉超市(成都市蜀都万达广场店),R01,103.907862,30.807642,207.15,1.1215,760,880,低
DO202606150021,2026-06-15,P013,永辉超市(爱琴海购物中心店),R01,103.991901,30.737566,19.23,0.1225,813,933,中
DO202606150022,2026-06-15,P013,永辉超市(爱琴海购物中心店),R01,103.991901,30.737566,487.49,0.0467,814,934,中
DO202606150023,2026-06-15,P014,永辉超市(龙湖成都时代天街店),R01,103.921214,30.750831,126.93,0.0282,831,951,中
DO202606150024,2026-06-15,P014,永辉超市(龙湖成都时代天街店),R01,103.921214,30.750831,87.7,0.5299,833,953,中
DO202606150025,2026-06-15,P014,永辉超市(龙湖成都时代天街店),R01,103.921214,30.750831,345.29,0.8782,835,955,中
DO202606150026,2026-06-15,P015,红旗超市(龙湖时代天街店),R01,103.919653,30.752444,30.72,0.7557,570,690,中
DO202606150027,2026-06-15,P016,LAWSON罗森(枣子巷15号院店),R04,104.044885,30.667759,647.52,0.2832,626,746,高
DO202606150028,2026-06-15,P017,LAWSON罗森(龙湖成都上城天街店),R04,104.071944,30.68395,86.78,2.5593,790,910,中
DO202606150029,2026-06-15,P017,LAWSON罗森(龙湖成都上城天街店),R04,104.071944,30.68395,14.48,0.4367,795,915,中
DO202606150030,2026-06-15,P018,乐多(成华西街一店),R04,104.071998,30.683402,6.0,1.707,703,823,中
DO202606150031,2026-06-15,P018,乐多(成华西街一店),R04,104.071998,30.683402,32.57,0.118,708,828,中
DO202606150032,2026-06-15,P018,乐多(成华西街一店),R04,104.071998,30.683402,16.27,0.0502,710,830,中
DO202606150033,2026-06-15,P018,乐多(成华西街一店),R04,104.071998,30.683402,1278.98,0.4154,713,833,中
DO202606150034,2026-06-15,P020,朴朴超市(西体路店),R04,104.061775,30.681195,17.63,0.2378,742,862,中
DO202606150035,2026-06-15,P020,朴朴超市(西体路店),R04,104.061775,30.681195,48.41,0.1172,746,866,低
DO202606150036,2026-06-15,P020,朴朴超市(西体路店),R04,104.061775,30.681195,7.88,0.4123,747,867,中
DO202606150037,2026-06-15,P020,朴朴超市(西体路店),R04,104.061775,30.681195,157.54,0.0722,748,868,中
DO202606150038,2026-06-15,P021,Ole 精品超市(IFS国际金融中心店),R05,104.081893,30.655003,21.76,0.8649,708,828,中
DO202606150039,2026-06-15,P021,Ole 精品超市(IFS国际金融中心店),R05,104.081893,30.655003,162.78,0.1878,717,837,中
DO202606150040,2026-06-15,P022,四川舞东风超市连锁股份有限公司,R05,104.082047,30.660437,156.21,0.0735,719,839,中
DO202606150041,2026-06-15,P022,四川舞东风超市连锁股份有限公司,R05,104.082047,30.660437,9.2,0.2206,721,841,高
DO202606150042,2026-06-15,P024,永辉超市(锦江城市花园店),R05,104.142752,30.595134,98.79,0.0616,792,912,低
DO202606150043,2026-06-15,P024,永辉超市(锦江城市花园店),R05,104.142752,30.595134,24.25,0.0777,795,915,中
DO202606150044,2026-06-15,P024,永辉超市(锦江城市花园店),R05,104.142752,30.595134,20.12,0.0954,797,917,高
DO202606150045,2026-06-15,P024,永辉超市(锦江城市花园店),R05,104.142752,30.595134,11.76,1.9498,797,917,中
DO202606150046,2026-06-15,P026,友好多连锁超市(界牌店),R07,104.313922,30.880419,3.79,0.1671,594,714,中
DO202606150047,2026-06-15,P026,友好多连锁超市(界牌店),R07,104.313922,30.880419,81.74,0.1733,600,720,中
DO202606150048,2026-06-15,P027,大荣发连锁超市(和顺雅苑店),R07,104.253582,30.90011,27.59,0.0238,903,1023,低
DO202606150049,2026-06-15,P027,大荣发连锁超市(和顺雅苑店),R07,104.253582,30.90011,110.62,2.1324,905,1025,高
DO202606150050,2026-06-15,P028,永辉超市(天府欧城店),R07,104.256388,30.892152,22.53,0.4819,593,713,中
DO202606150051,2026-06-15,P028,永辉超市(天府欧城店),R07,104.256388,30.892152,67.98,0.8171,593,713,中
DO202606150052,2026-06-15,P028,永辉超市(天府欧城店),R07,104.256388,30.892152,56.56,0.1536,594,714,低
DO202606150053,2026-06-15,P029,永辉超市(青白江万达广场店),R07,104.253652,30.878095,55.44,0.5325,820,940,中
DO202606150054,2026-06-15,P029,永辉超市(青白江万达广场店),R07,104.253652,30.878095,97.02,0.0429,825,945,低
DO202606150055,2026-06-15,P029,永辉超市(青白江万达广场店),R07,104.253652,30.878095,7.81,0.7114,828,948,中
DO202606150056,2026-06-15,P030,润都连锁生活超市(正兴路店),R07,104.188354,30.87079,19.36,0.2756,518,638,中
DO202606150057,2026-06-15,P030,润都连锁生活超市(正兴路店),R07,104.188354,30.87079,12.34,0.2867,521,641,低
DO202606150058,2026-06-15,P030,润都连锁生活超市(正兴路店),R07,104.188354,30.87079,283.74,0.0926,521,641,高
DO202606150059,2026-06-15,P030,润都连锁生活超市(正兴路店),R07,104.188354,30.87079,59.41,3.0075,525,645,低
DO202606150060,2026-06-15,P032,渝华连锁超市(绣川新城店),R07,104.330571,30.85576,241.56,0.4931,886,1006,高
DO202606150061,2026-06-15,P032,渝华连锁超市(绣川新城店),R07,104.330571,30.85576,69.54,1.7865,886,1006,低
DO202606150062,2026-06-15,P033,红旗超市(团结花园店),R07,104.246885,30.877313,21.98,0.0808,696,816,中
DO202606150063,2026-06-15,P033,红旗超市(团结花园店),R07,104.246885,30.877313,135.52,0.3482,698,818,中
DO202606150064,2026-06-15,P033,红旗超市(团结花园店),R07,104.246885,30.877313,127.62,10.9289,702,822,高
DO202606150065,2026-06-15,P035,红旗连锁(青白江同金街便利店),R07,104.244552,30.889503,406.62,1.236,861,981,中
DO202606150066,2026-06-15,P035,红旗连锁(青白江同金街便利店),R07,104.244552,30.889503,8.34,0.4758,863,983,低
DO202606150067,2026-06-15,P036,红旗连锁(青白江城厢首府分场),R07,104.323054,30.860039,104.82,0.0313,568,688,低
DO202606150068,2026-06-15,P036,红旗连锁(青白江城厢首府分场),R07,104.323054,30.860039,12.98,0.131,574,694,低
DO202606150069,2026-06-15,P037,红旗连锁(青白江石家碾西路店),R07,104.253962,30.887052,1081.56,0.7017,532,652,中
DO202606150070,2026-06-15,P037,红旗连锁(青白江石家碾西路店),R07,104.253962,30.887052,63.27,2.8848,533,653,中
DO202606150071,2026-06-15,P037,红旗连锁(青白江石家碾西路店),R07,104.253962,30.887052,182.05,0.2164,534,654,高
DO202606150072,2026-06-15,P037,红旗连锁(青白江石家碾西路店),R07,104.253962,30.887052,15.13,5.2186,535,655,低
DO202606150073,2026-06-15,P038,青江一家超市,R07,104.284321,30.880989,41.63,0.0674,511,631,高
DO202606150074,2026-06-15,P038,青江一家超市,R07,104.284321,30.880989,2.81,0.3082,514,634,中
DO202606150075,2026-06-15,P039,青江百货连锁超市,R07,104.269502,30.876837,14.66,2.7529,628,748,中
DO202606150076,2026-06-15,P039,青江百货连锁超市,R07,104.269502,30.876837,43.21,0.4388,629,749,中
DO202606150077,2026-06-15,P040,上蔬永辉超市(西单商场店),R02,104.000521,30.674866,17.77,0.2963,896,1016,低
DO202606150078,2026-06-15,P041,永辉超市(成都青羊中铁大道店),R02,103.961452,30.670211,8.52,0.3039,873,993,中
DO202606150079,2026-06-15,P043,红旗超市(中同仁路分场),R02,104.052373,30.668819,66.84,1.1935,869,989,高
DO202606150080,2026-06-15,P044,邻你生活超市(大庆店),R02,104.032527,30.669557,10.93,0.1831,647,767,中
DO202606150081,2026-06-15,P044,邻你生活超市(大庆店),R02,104.032527,30.669557,8.9,1.6008,650,770,中
DO202606150082,2026-06-15,P044,邻你生活超市(大庆店),R02,104.032527,30.669557,13.4,1.852,650,770,高
DO202606150083,2026-06-15,P044,邻你生活超市(大庆店),R02,104.032527,30.669557,136.12,0.8035,651,771,中
DO202606150084,2026-06-15,P046,尚喜超市(锦绣路店),R08,104.308338,30.606726,16.92,0.1048,894,1014,中
DO202606150085,2026-06-15,P046,尚喜超市(锦绣路店),R08,104.308338,30.606726,39.35,0.1633,897,1017,高
DO202606150086,2026-06-15,P047,永辉超市(成都龙泉驿万达广场店),R08,104.269392,30.566865,3.46,0.1275,889,1009,中
DO202606150087,2026-06-15,P047,永辉超市(成都龙泉驿万达广场店),R08,104.269392,30.566865,23.5,0.4405,897,1017,低
DO202606150088,2026-06-15,P048,汇联美连锁超市(中街店),R08,104.27333,30.560098,8.1,1.0922,824,944,中
DO202606150089,2026-06-15,P048,汇联美连锁超市(中街店),R08,104.27333,30.560098,34.66,0.1935,827,947,中
DO202606150090,2026-06-15,P049,百伦生活超市(龙泉店),R08,104.273346,30.559846,9.65,0.1225,849,969,中
DO202606150091,2026-06-15,P049,百伦生活超市(龙泉店),R08,104.273346,30.559846,39.56,0.238,852,972,高
DO202606150092,2026-06-15,P049,百伦生活超市(龙泉店),R08,104.273346,30.559846,33.43,0.3126,853,973,低
DO202606160000,2026-06-16,P002,十二超市(佳年华广场1期店),R06,104.131787,30.627615,389.84,0.1923,520,640,中
DO202606160001,2026-06-16,P003,红旗连锁,R06,104.132763,30.627528,422.73,0.3885,761,881,高
DO202606160002,2026-06-16,P004,老蔡小卖部(水碾河路北社区三街店),R06,104.099234,30.648748,71.29,0.1344,677,797,中
DO202606160003,2026-06-16,P004,老蔡小卖部(水碾河路北社区三街店),R06,104.099234,30.648748,24.68,0.4331,677,797,中
DO202606160004,2026-06-16,P004,老蔡小卖部(水碾河路北社区三街店),R06,104.099234,30.648748,96.0,0.9638,678,798,中
DO202606160005,2026-06-16,P004,老蔡小卖部(水碾河路北社区三街店),R06,104.099234,30.648748,56.39,0.1741,679,799,低
DO202606160006,2026-06-16,P005,郝英超市,R06,104.129707,30.628761,559.43,1.8521,570,690,中
DO202606160007,2026-06-16,P005,郝英超市,R06,104.129707,30.628761,161.39,0.4948,573,693,低
DO202606160008,2026-06-16,P006,全家便利店(龙江路店),R03,104.077199,30.641639,31.94,0.144,579,699,高
DO202606160009,2026-06-16,P006,全家便利店(龙江路店),R03,104.077199,30.641639,16.1,0.2795,586,706,中
DO202606160010,2026-06-16,P006,全家便利店(龙江路店),R03,104.077199,30.641639,187.49,0.1425,587,707,低
DO202606160011,2026-06-16,P007,永辉超市(成都市新城吾悦广场店),R03,103.988663,30.626255,11.69,0.4939,608,728,低
DO202606160012,2026-06-16,P008,永辉超市(银泰城店),R03,104.058121,30.541191,25.79,5.042,638,758,中
DO202606160013,2026-06-16,P008,永辉超市(银泰城店),R03,104.058121,30.541191,40.64,0.1632,642,762,高
DO202606160014,2026-06-16,P009,永辉超市(龙湖成都金楠天街店),R03,103.995986,30.648731,29.73,0.3126,867,987,高
DO202606160015,2026-06-16,P009,永辉超市(龙湖成都金楠天街店),R03,103.995986,30.648731,102.95,0.0245,867,987,中
DO202606160016,2026-06-16,P010,百分百超市(心语店),R03,104.045915,30.545712,5.78,0.3003,838,958,中
DO202606160017,2026-06-16,P010,百分百超市(心语店),R03,104.045915,30.545712,44.54,0.126,839,959,高
DO202606160018,2026-06-16,P010,百分百超市(心语店),R03,104.045915,30.545712,23.61,0.0817,842,962,中
DO202606160019,2026-06-16,P011,永辉超市(成都市双铁广场店),R01,103.975737,30.758309,0.54,0.6047,827,947,高
DO202606160020,2026-06-16,P011,永辉超市(成都市双铁广场店),R01,103.975737,30.758309,163.65,0.7741,829,949,中
DO202606160021,2026-06-16,P011,永辉超市(成都市双铁广场店),R01,103.975737,30.758309,36.3,0.05,833,953,低
DO202606160022,2026-06-16,P013,永辉超市(爱琴海购物中心店),R01,103.991901,30.737566,50.9,0.0789,712,832,低
DO202606160023,2026-06-16,P013,永辉超市(爱琴海购物中心店),R01,103.991901,30.737566,125.94,1.5028,719,839,中
DO202606160024,2026-06-16,P014,永辉超市(龙湖成都时代天街店),R01,103.921214,30.750831,67.07,0.2499,524,644,中
DO202606160025,2026-06-16,P014,永辉超市(龙湖成都时代天街店),R01,103.921214,30.750831,83.08,0.2944,524,644,中
DO202606160026,2026-06-16,P014,永辉超市(龙湖成都时代天街店),R01,103.921214,30.750831,150.99,1.7762,525,645,中
DO202606160027,2026-06-16,P015,红旗超市(龙湖时代天街店),R01,103.919653,30.752444,97.96,1.2308,688,808,中
DO202606160028,2026-06-16,P015,红旗超市(龙湖时代天街店),R01,103.919653,30.752444,147.43,0.0493,692,812,中
DO202606160029,2026-06-16,P015,红旗超市(龙湖时代天街店),R01,103.919653,30.752444,81.56,0.0721,693,813,高
DO202606160030,2026-06-16,P016,LAWSON罗森(枣子巷15号院店),R04,104.044885,30.667759,233.74,0.0857,553,673,低
DO202606160031,2026-06-16,P016,LAWSON罗森(枣子巷15号院店),R04,104.044885,30.667759,147.56,0.1685,556,676,中
DO202606160032,2026-06-16,P016,LAWSON罗森(枣子巷15号院店),R04,104.044885,30.667759,59.52,0.268,558,678,高
DO202606160033,2026-06-16,P016,LAWSON罗森(枣子巷15号院店),R04,104.044885,30.667759,166.13,0.4155,559,679,中
DO202606160034,2026-06-16,P016,LAWSON罗森(枣子巷15号院店),R04,104.044885,30.667759,12.74,0.4065,559,679,中
DO202606160035,2026-06-16,P017,LAWSON罗森(龙湖成都上城天街店),R04,104.071944,30.68395,3.57,0.3749,683,803,高
DO202606160036,2026-06-16,P017,LAWSON罗森(龙湖成都上城天街店),R04,104.071944,30.68395,35.65,0.1963,685,805,中
DO202606160037,2026-06-16,P017,LAWSON罗森(龙湖成都上城天街店),R04,104.071944,30.68395,21.42,1.6715,687,807,低
DO202606160038,2026-06-16,P017,LAWSON罗森(龙湖成都上城天街店),R04,104.071944,30.68395,342.57,6.7343,690,810,低
DO202606160039,2026-06-16,P018,乐多(成华西街一店),R04,104.071998,30.683402,304.07,1.254,743,863,高
DO202606160040,2026-06-16,P018,乐多(成华西街一店),R04,104.071998,30.683402,4.35,0.0933,744,864,高
DO202606160041,2026-06-16,P018,乐多(成华西街一店),R04,104.071998,30.683402,17.42,0.1136,746,866,中
DO202606160042,2026-06-16,P018,乐多(成华西街一店),R04,104.071998,30.683402,9.11,0.0919,747,867,低
DO202606160043,2026-06-16,P023,永辉超市(文华广场店),R05,104.107695,30.637048,286.76,0.3936,564,684,中
DO202606160044,2026-06-16,P023,永辉超市(文华广场店),R05,104.107695,30.637048,52.66,0.6345,564,684,中
DO202606160045,2026-06-16,P024,永辉超市(锦江城市花园店),R05,104.142752,30.595134,83.61,0.1565,579,699,低
DO202606160046,2026-06-16,P024,永辉超市(锦江城市花园店),R05,104.142752,30.595134,92.03,0.5096,581,701,高
DO202606160047,2026-06-16,P025,红旗超市(成都红旗商厦店),R05,104.072081,30.658735,59.7,0.145,798,918,低
DO202606160048,2026-06-16,P025,红旗超市(成都红旗商厦店),R05,104.072081,30.658735,101.95,0.3668,801,921,中
DO202606160049,2026-06-16,P025,红旗超市(成都红旗商厦店),R05,104.072081,30.658735,13.53,0.2969,802,922,低
DO202606160050,2026-06-16,P027,大荣发连锁超市(和顺雅苑店),R07,104.253582,30.90011,8.04,0.1517,727,847,高
DO202606160051,2026-06-16,P027,大荣发连锁超市(和顺雅苑店),R07,104.253582,30.90011,62.78,0.7675,733,853,高
DO202606160052,2026-06-16,P027,大荣发连锁超市(和顺雅苑店),R07,104.253582,30.90011,20.13,2.839,734,854,中
DO202606160053,2026-06-16,P027,大荣发连锁超市(和顺雅苑店),R07,104.253582,30.90011,41.09,1.447,735,855,低
DO202606160054,2026-06-16,P028,永辉超市(天府欧城店),R07,104.256388,30.892152,63.91,0.6372,646,766,高
DO202606160055,2026-06-16,P029,永辉超市(青白江万达广场店),R07,104.253652,30.878095,10.71,2.019,586,706,中
DO202606160056,2026-06-16,P029,永辉超市(青白江万达广场店),R07,104.253652,30.878095,63.58,0.3809,591,711,中
DO202606160057,2026-06-16,P030,润都连锁生活超市(正兴路店),R07,104.188354,30.87079,104.34,0.5777,798,918,高
DO202606160058,2026-06-16,P030,润都连锁生活超市(正兴路店),R07,104.188354,30.87079,27.0,0.2409,801,921,高
DO202606160059,2026-06-16,P030,润都连锁生活超市(正兴路店),R07,104.188354,30.87079,18.99,0.1354,802,922,中
DO202606160060,2026-06-16,P030,润都连锁生活超市(正兴路店),R07,104.188354,30.87079,5.62,0.208,806,926,中
DO202606160061,2026-06-16,P030,润都连锁生活超市(正兴路店),R07,104.188354,30.87079,21.39,0.5145,807,927,低
DO202606160062,2026-06-16,P031,渝华连锁超市(学苑路店),R07,104.276426,30.875299,12.0,0.262,592,712,中
DO202606160063,2026-06-16,P033,红旗超市(团结花园店),R07,104.246885,30.877313,84.57,1.8449,794,914,高
DO202606160064,2026-06-16,P033,红旗超市(团结花园店),R07,104.246885,30.877313,140.26,0.3529,794,914,中
DO202606160065,2026-06-16,P033,红旗超市(团结花园店),R07,104.246885,30.877313,176.64,0.0634,797,917,中
DO202606160066,2026-06-16,P033,红旗超市(团结花园店),R07,104.246885,30.877313,18.87,5.0236,802,922,中
DO202606160067,2026-06-16,P034,红旗连锁(北城新界民族花园店),R07,104.201632,30.877318,5.81,1.1399,667,787,中
DO202606160068,2026-06-16,P034,红旗连锁(北城新界民族花园店),R07,104.201632,30.877318,65.4,0.5305,670,790,低
DO202606160069,2026-06-16,P034,红旗连锁(北城新界民族花园店),R07,104.201632,30.877318,267.89,0.857,671,791,高
DO202606160070,2026-06-16,P034,红旗连锁(北城新界民族花园店),R07,104.201632,30.877318,545.33,0.2554,675,795,高
DO202606160071,2026-06-16,P035,红旗连锁(青白江同金街便利店),R07,104.244552,30.889503,50.7,0.309,665,785,中
DO202606160072,2026-06-16,P035,红旗连锁(青白江同金街便利店),R07,104.244552,30.889503,35.86,0.0744,665,785,中
DO202606160073,2026-06-16,P037,红旗连锁(青白江石家碾西路店),R07,104.253962,30.887052,177.97,0.6153,836,956,中
DO202606160074,2026-06-16,P037,红旗连锁(青白江石家碾西路店),R07,104.253962,30.887052,52.99,0.0988,838,958,低
DO202606160075,2026-06-16,P037,红旗连锁(青白江石家碾西路店),R07,104.253962,30.887052,47.48,0.2602,839,959,中
DO202606160076,2026-06-16,P038,青江一家超市,R07,104.284321,30.880989,201.22,0.3585,602,722,高
DO202606160077,2026-06-16,P038,青江一家超市,R07,104.284321,30.880989,490.05,1.6055,605,725,高
DO202606160078,2026-06-16,P039,青江百货连锁超市,R07,104.269502,30.876837,28.85,0.046,536,656,低
DO202606160079,2026-06-16,P041,永辉超市(成都青羊中铁大道店),R02,103.961452,30.670211,46.01,0.4411,676,796,中
DO202606160080,2026-06-16,P041,永辉超市(成都青羊中铁大道店),R02,103.961452,30.670211,16.83,0.2076,678,798,高
DO202606160081,2026-06-16,P042,永辉超市(青羊新城市店),R02,104.057614,30.67321,22.88,0.0886,538,658,低
DO202606160082,2026-06-16,P042,永辉超市(青羊新城市店),R02,104.057614,30.67321,27.91,0.9829,547,667,中
DO202606160083,2026-06-16,P043,红旗超市(中同仁路分场),R02,104.052373,30.668819,97.39,0.0497,674,794,中
DO202606160084,2026-06-16,P043,红旗超市(中同仁路分场),R02,104.052373,30.668819,120.07,0.2398,681,801,高
DO202606160085,2026-06-16,P044,邻你生活超市(大庆店),R02,104.032527,30.669557,55.48,0.0715,561,681,中
DO202606160086,2026-06-16,P044,邻你生活超市(大庆店),R02,104.032527,30.669557,328.73,0.1054,564,684,低
DO202606160087,2026-06-16,P045,世纪红连锁超市,R08,104.208007,30.532247,15.78,0.4174,577,697,高
DO202606160088,2026-06-16,P045,世纪红连锁超市,R08,104.208007,30.532247,42.79,0.5621,577,697,低
DO202606160089,2026-06-16,P045,世纪红连锁超市,R08,104.208007,30.532247,3.34,0.282,577,697,低
DO202606160090,2026-06-16,P046,尚喜超市(锦绣路店),R08,104.308338,30.606726,15.43,3.6154,601,721,中
DO202606160091,2026-06-16,P046,尚喜超市(锦绣路店),R08,104.308338,30.606726,11.05,0.4412,604,724,中
DO202606160092,2026-06-16,P046,尚喜超市(锦绣路店),R08,104.308338,30.606726,3.33,0.4086,607,727,高
DO202606160093,2026-06-16,P046,尚喜超市(锦绣路店),R08,104.308338,30.606726,85.7,0.0613,608,728,中
DO202606160094,2026-06-16,P047,永辉超市(成都龙泉驿万达广场店),R08,104.269392,30.566865,14.0,1.2888,753,873,中
DO202606160095,2026-06-16,P047,永辉超市(成都龙泉驿万达广场店),R08,104.269392,30.566865,13.29,1.4247,756,876,中
DO202606160096,2026-06-16,P047,永辉超市(成都龙泉驿万达广场店),R08,104.269392,30.566865,31.1,0.0758,757,877,中
DO202606160097,2026-06-16,P047,永辉超市(成都龙泉驿万达广场店),R08,104.269392,30.566865,132.73,0.412,758,878,高
DO202606160098,2026-06-16,P047,永辉超市(成都龙泉驿万达广场店),R08,104.269392,30.566865,10.7,0.4388,758,878,中
DO202606160099,2026-06-16,P048,汇联美连锁超市(中街店),R08,104.27333,30.560098,147.5,0.4161,868,988,中
DO202606160100,2026-06-16,P048,汇联美连锁超市(中街店),R08,104.27333,30.560098,101.15,1.4685,869,989,高
DO202606160101,2026-06-16,P048,汇联美连锁超市(中街店),R08,104.27333,30.560098,18.98,1.3474,870,990,中
DO202606160102,2026-06-16,P049,百伦生活超市(龙泉店),R08,104.273346,30.559846,378.69,2.5671,605,725,中
DO202606160103,2026-06-16,P049,百伦生活超市(龙泉店),R08,104.273346,30.559846,8.98,0.563,605,725,低
DO202606170000,2026-06-17,P001,689便民(荣盛·香榭兰庭店),R06,104.135375,30.623625,27.73,1.5058,668,788,中
DO202606170001,2026-06-17,P002,十二超市(佳年华广场1期店),R06,104.131787,30.627615,582.09,0.3022,862,982,中
DO202606170002,2026-06-17,P002,十二超市(佳年华广场1期店),R06,104.131787,30.627615,159.96,1.0642,864,984,低
DO202606170003,2026-06-17,P003,红旗连锁,R06,104.132763,30.627528,55.65,0.1415,595,715,低
DO202606170004,2026-06-17,P004,老蔡小卖部(水碾河路北社区三街店),R06,104.099234,30.648748,7.86,0.0185,758,878,中
DO202606170005,2026-06-17,P005,郝英超市,R06,104.129707,30.628761,29.32,0.3812,609,729,低
DO202606170006,2026-06-17,P005,郝英超市,R06,104.129707,30.628761,318.41,0.1921,612,732,低
DO202606170007,2026-06-17,P005,郝英超市,R06,104.129707,30.628761,154.53,0.3594,614,734,中
DO202606170008,2026-06-17,P005,郝英超市,R06,104.129707,30.628761,37.03,0.7248,616,736,中
DO202606170009,2026-06-17,P005,郝英超市,R06,104.129707,30.628761,94.18,0.271,617,737,中
DO202606170010,2026-06-17,P006,全家便利店(龙江路店),R03,104.077199,30.641639,75.25,0.1153,788,908,低
DO202606170011,2026-06-17,P006,全家便利店(龙江路店),R03,104.077199,30.641639,10.91,0.6469,790,910,高
DO202606170012,2026-06-17,P006,全家便利店(龙江路店),R03,104.077199,30.641639,6.45,0.2553,791,911,中
DO202606170013,2026-06-17,P006,全家便利店(龙江路店),R03,104.077199,30.641639,11.5,0.0217,795,915,低
DO202606170014,2026-06-17,P006,全家便利店(龙江路店),R03,104.077199,30.641639,338.37,0.0499,798,918,高
DO202606170015,2026-06-17,P007,永辉超市(成都市新城吾悦广场店),R03,103.988663,30.626255,32.53,0.1168,700,820,低
DO202606170016,2026-06-17,P007,永辉超市(成都市新城吾悦广场店),R03,103.988663,30.626255,3.47,0.2045,702,822,中
DO202606170017,2026-06-17,P007,永辉超市(成都市新城吾悦广场店),R03,103.988663,30.626255,190.89,0.0914,703,823,低
DO202606170018,2026-06-17,P008,永辉超市(银泰城店),R03,104.058121,30.541191,48.26,0.0673,686,806,高
DO202606170019,2026-06-17,P008,永辉超市(银泰城店),R03,104.058121,30.541191,3.54,0.2908,688,808,高
DO202606170020,2026-06-17,P009,永辉超市(龙湖成都金楠天街店),R03,103.995986,30.648731,135.78,0.0674,853,973,中
DO202606170021,2026-06-17,P010,百分百超市(心语店),R03,104.045915,30.545712,60.2,0.8186,724,844,中
DO202606170022,2026-06-17,P010,百分百超市(心语店),R03,104.045915,30.545712,54.58,0.8818,724,844,高
DO202606170023,2026-06-17,P010,百分百超市(心语店),R03,104.045915,30.545712,39.98,0.053,728,848,低
DO202606170024,2026-06-17,P010,百分百超市(心语店),R03,104.045915,30.545712,26.09,0.6143,730,850,高
DO202606170025,2026-06-17,P011,永辉超市(成都市双铁广场店),R01,103.975737,30.758309,50.19,0.4101,730,850,低
DO202606170026,2026-06-17,P011,永辉超市(成都市双铁广场店),R01,103.975737,30.758309,1.74,0.1163,734,854,中
DO202606170027,2026-06-17,P012,永辉超市(成都市蜀都万达广场店),R01,103.907862,30.807642,110.48,0.031,735,855,高
DO202606170028,2026-06-17,P013,永辉超市(爱琴海购物中心店),R01,103.991901,30.737566,149.81,0.185,820,940,高
DO202606170029,2026-06-17,P013,永辉超市(爱琴海购物中心店),R01,103.991901,30.737566,16.42,0.0568,821,941,高
DO202606170030,2026-06-17,P013,永辉超市(爱琴海购物中心店),R01,103.991901,30.737566,19.51,0.1152,822,942,高
DO202606170031,2026-06-17,P013,永辉超市(爱琴海购物中心店),R01,103.991901,30.737566,49.38,0.0133,825,945,中
DO202606170032,2026-06-17,P013,永辉超市(爱琴海购物中心店),R01,103.991901,30.737566,137.23,0.0861,827,947,高
DO202606170033,2026-06-17,P013,永辉超市(爱琴海购物中心店),R01,103.991901,30.737566,32.05,0.4133,828,948,中
DO202606170034,2026-06-17,P014,永辉超市(龙湖成都时代天街店),R01,103.921214,30.750831,18.24,0.5413,871,991,中
DO202606170035,2026-06-17,P014,永辉超市(龙湖成都时代天街店),R01,103.921214,30.750831,18.63,0.1769,872,992,高
DO202606170036,2026-06-17,P014,永辉超市(龙湖成都时代天街店),R01,103.921214,30.750831,201.36,0.4396,872,992,中
DO202606170037,2026-06-17,P014,永辉超市(龙湖成都时代天街店),R01,103.921214,30.750831,97.8,0.685,872,992,中
DO202606170038,2026-06-17,P014,永辉超市(龙湖成都时代天街店),R01,103.921214,30.750831,25.28,0.0565,873,993,低
DO202606170039,2026-06-17,P015,红旗超市(龙湖时代天街店),R01,103.919653,30.752444,60.21,2.7986,702,822,高
DO202606170040,2026-06-17,P015,红旗超市(龙湖时代天街店),R01,103.919653,30.752444,29.69,1.7818,706,826,中
DO202606170041,2026-06-17,P015,红旗超市(龙湖时代天街店),R01,103.919653,30.752444,44.0,0.1046,711,831,中
DO202606170042,2026-06-17,P016,LAWSON罗森(枣子巷15号院店),R04,104.044885,30.667759,871.88,0.8677,537,657,高
DO202606170043,2026-06-17,P016,LAWSON罗森(枣子巷15号院店),R04,104.044885,30.667759,26.03,0.1176,544,664,低
DO202606170044,2026-06-17,P016,LAWSON罗森(枣子巷15号院店),R04,104.044885,30.667759,5.27,1.8594,545,665,高
DO202606170045,2026-06-17,P017,LAWSON罗森(龙湖成都上城天街店),R04,104.071944,30.68395,156.54,0.1071,709,829,低
DO202606170046,2026-06-17,P018,乐多(成华西街一店),R04,104.071998,30.683402,26.71,1.6368,828,948,高
DO202606170047,2026-06-17,P018,乐多(成华西街一店),R04,104.071998,30.683402,232.28,1.161,830,950,高
DO202606170048,2026-06-17,P018,乐多(成华西街一店),R04,104.071998,30.683402,92.8,0.2269,831,951,中
DO202606170049,2026-06-17,P019,奥特乐(成都龙湖上城天街店),R04,104.072004,30.684929,14.33,0.5807,880,1000,中
DO202606170050,2026-06-17,P022,四川舞东风超市连锁股份有限公司,R05,104.082047,30.660437,90.24,0.1706,576,696,高
DO202606170051,2026-06-17,P022,四川舞东风超市连锁股份有限公司,R05,104.082047,30.660437,382.87,0.248,577,697,中
DO202606170052,2026-06-17,P022,四川舞东风超市连锁股份有限公司,R05,104.082047,30.660437,53.74,0.3305,577,697,高
DO202606170053,2026-06-17,P022,四川舞东风超市连锁股份有限公司,R05,104.082047,30.660437,13.4,0.067,577,697,低
DO202606170054,2026-06-17,P022,四川舞东风超市连锁股份有限公司,R05,104.082047,30.660437,17.89,0.6399,578,698,高
DO202606170055,2026-06-17,P022,四川舞东风超市连锁股份有限公司,R05,104.082047,30.660437,6.8,0.1553,586,706,中
DO202606170056,2026-06-17,P023,永辉超市(文华广场店),R05,104.107695,30.637048,32.89,0.3144,522,642,中
DO202606170057,2026-06-17,P024,永辉超市(锦江城市花园店),R05,104.142752,30.595134,4.57,0.1159,632,752,中
DO202606170058,2026-06-17,P024,永辉超市(锦江城市花园店),R05,104.142752,30.595134,420.45,0.2068,632,752,高
DO202606170059,2026-06-17,P026,友好多连锁超市(界牌店),R07,104.313922,30.880419,12.24,0.0492,804,924,中
DO202606170060,2026-06-17,P026,友好多连锁超市(界牌店),R07,104.313922,30.880419,30.82,0.6826,808,928,中
DO202606170061,2026-06-17,P026,友好多连锁超市(界牌店),R07,104.313922,30.880419,8.69,0.0236,812,932,中
DO202606170062,2026-06-17,P027,大荣发连锁超市(和顺雅苑店),R07,104.253582,30.90011,2.5,1.4053,657,777,中
DO202606170063,2026-06-17,P027,大荣发连锁超市(和顺雅苑店),R07,104.253582,30.90011,23.91,0.0623,663,783,中
DO202606170064,2026-06-17,P027,大荣发连锁超市(和顺雅苑店),R07,104.253582,30.90011,51.24,1.2448,666,786,中
DO202606170065,2026-06-17,P028,永辉超市(天府欧城店),R07,104.256388,30.892152,113.25,0.352,575,695,低
DO202606170066,2026-06-17,P028,永辉超市(天府欧城店),R07,104.256388,30.892152,41.58,0.1369,578,698,高
DO202606170067,2026-06-17,P029,永辉超市(青白江万达广场店),R07,104.253652,30.878095,29.38,0.3915,735,855,中
DO202606170068,2026-06-17,P029,永辉超市(青白江万达广场店),R07,104.253652,30.878095,15.47,0.6714,739,859,高
DO202606170069,2026-06-17,P030,润都连锁生活超市(正兴路店),R07,104.188354,30.87079,280.19,0.2194,573,693,中
DO202606170070,2026-06-17,P030,润都连锁生活超市(正兴路店),R07,104.188354,30.87079,61.15,0.094,573,693,高
DO202606170071,2026-06-17,P030,润都连锁生活超市(正兴路店),R07,104.188354,30.87079,295.15,1.0404,576,696,低
DO202606170072,2026-06-17,P030,润都连锁生活超市(正兴路店),R07,104.188354,30.87079,68.64,0.1451,580,700,高
DO202606170073,2026-06-17,P032,渝华连锁超市(绣川新城店),R07,104.330571,30.85576,56.01,0.4718,799,919,高
DO202606170074,2026-06-17,P032,渝华连锁超市(绣川新城店),R07,104.330571,30.85576,126.59,0.6387,802,922,中
DO202606170075,2026-06-17,P032,渝华连锁超市(绣川新城店),R07,104.330571,30.85576,13.73,0.1438,802,922,中
DO202606170076,2026-06-17,P033,红旗超市(团结花园店),R07,104.246885,30.877313,13.19,0.9805,651,771,中
DO202606170077,2026-06-17,P033,红旗超市(团结花园店),R07,104.246885,30.877313,33.1,1.7562,658,778,中
DO202606170078,2026-06-17,P034,红旗连锁(北城新界民族花园店),R07,104.201632,30.877318,144.56,0.1828,767,887,中
DO202606170079,2026-06-17,P034,红旗连锁(北城新界民族花园店),R07,104.201632,30.877318,22.31,0.3549,771,891,高
DO202606170080,2026-06-17,P035,红旗连锁(青白江同金街便利店),R07,104.244552,30.889503,20.19,0.0655,684,804,低
DO202606170081,2026-06-17,P036,红旗连锁(青白江城厢首府分场),R07,104.323054,30.860039,39.14,0.0362,708,828,高
DO202606170082,2026-06-17,P037,红旗连锁(青白江石家碾西路店),R07,104.253962,30.887052,11.65,1.7191,679,799,高
DO202606170083,2026-06-17,P037,红旗连锁(青白江石家碾西路店),R07,104.253962,30.887052,3.97,1.142,680,800,中
DO202606170084,2026-06-17,P037,红旗连锁(青白江石家碾西路店),R07,104.253962,30.887052,14.93,0.0955,681,801,中
DO202606170085,2026-06-17,P038,青江一家超市,R07,104.284321,30.880989,97.04,0.0287,628,748,低
DO202606170086,2026-06-17,P039,青江百货连锁超市,R07,104.269502,30.876837,42.55,0.0636,530,650,中
DO202606170087,2026-06-17,P040,上蔬永辉超市(西单商场店),R02,104.000521,30.674866,1431.83,2.2039,546,666,中
DO202606170088,2026-06-17,P041,永辉超市(成都青羊中铁大道店),R02,103.961452,30.670211,14.44,0.0404,690,810,高
DO202606170089,2026-06-17,P041,永辉超市(成都青羊中铁大道店),R02,103.961452,30.670211,887.39,0.0379,690,810,高
DO202606170090,2026-06-17,P041,永辉超市(成都青羊中铁大道店),R02,103.961452,30.670211,8.24,0.2501,692,812,低
DO202606170091,2026-06-17,P041,永辉超市(成都青羊中铁大道店),R02,103.961452,30.670211,31.95,0.2067,695,815,中
DO202606170092,2026-06-17,P041,永辉超市(成都青羊中铁大道店),R02,103.961452,30.670211,14.36,0.1173,699,819,高
DO202606170093,2026-06-17,P041,永辉超市(成都青羊中铁大道店),R02,103.961452,30.670211,84.26,0.0964,700,820,低
DO202606170094,2026-06-17,P042,永辉超市(青羊新城市店),R02,104.057614,30.67321,15.52,0.1938,718,838,中
DO202606170095,2026-06-17,P043,红旗超市(中同仁路分场),R02,104.052373,30.668819,6.83,0.9487,858,978,高
DO202606170096,2026-06-17,P044,邻你生活超市(大庆店),R02,104.032527,30.669557,26.2,0.2629,545,665,低
DO202606170097,2026-06-17,P045,世纪红连锁超市,R08,104.208007,30.532247,17.0,0.2428,818,938,低
DO202606170098,2026-06-17,P046,尚喜超市(锦绣路店),R08,104.308338,30.606726,13.37,0.1244,656,776,中
DO202606170099,2026-06-17,P046,尚喜超市(锦绣路店),R08,104.308338,30.606726,55.42,0.3787,656,776,高
DO202606170100,2026-06-17,P046,尚喜超市(锦绣路店),R08,104.308338,30.606726,78.76,0.038,657,777,中
DO202606170101,2026-06-17,P046,尚喜超市(锦绣路店),R08,104.308338,30.606726,29.3,0.2869,660,780,低
DO202606170102,2026-06-17,P047,永辉超市(成都龙泉驿万达广场店),R08,104.269392,30.566865,21.18,0.5502,682,802,低
DO202606170103,2026-06-17,P047,永辉超市(成都龙泉驿万达广场店),R08,104.269392,30.566865,694.55,0.1186,691,811,高
DO202606170104,2026-06-17,P047,永辉超市(成都龙泉驿万达广场店),R08,104.269392,30.566865,81.38,0.092,692,812,中
DO202606170105,2026-06-17,P048,汇联美连锁超市(中街店),R08,104.27333,30.560098,86.07,0.2946,768,888,高
DO202606170106,2026-06-17,P048,汇联美连锁超市(中街店),R08,104.27333,30.560098,536.73,0.083,772,892,中
DO202606170107,2026-06-17,P048,汇联美连锁超市(中街店),R08,104.27333,30.560098,193.77,0.1717,773,893,中
DO202606170108,2026-06-17,P048,汇联美连锁超市(中街店),R08,104.27333,30.560098,120.97,0.3394,776,896,中
DO202606170109,2026-06-17,P048,汇联美连锁超市(中街店),R08,104.27333,30.560098,120.25,0.3953,776,896,高
DO202606170110,2026-06-17,P049,百伦生活超市(龙泉店),R08,104.273346,30.559846,21.8,3.9302,566,686,中
DO202606170111,2026-06-17,P049,百伦生活超市(龙泉店),R08,104.273346,30.559846,9.62,1.5778,571,691,中
DO202606170112,2026-06-17,P049,百伦生活超市(龙泉店),R08,104.273346,30.559846,246.46,0.202,572,692,中
DO202606170113,2026-06-17,P049,百伦生活超市(龙泉店),R08,104.273346,30.559846,17.44,0.1651,574,694,高
DO202606170114,2026-06-17,P049,百伦生活超市(龙泉店),R08,104.273346,30.559846,7.35,0.0326,574,694,低
DO202606180000,2026-06-18,P002,十二超市(佳年华广场1期店),R06,104.131787,30.627615,10.71,0.5319,890,1010,高
DO202606180001,2026-06-18,P002,十二超市(佳年华广场1期店),R06,104.131787,30.627615,276.35,0.1931,892,1012,中
DO202606180002,2026-06-18,P002,十二超市(佳年华广场1期店),R06,104.131787,30.627615,5.98,0.5835,896,1016,中
DO202606180003,2026-06-18,P002,十二超市(佳年华广场1期店),R06,104.131787,30.627615,38.22,3.0672,897,1017,高
DO202606180004,2026-06-18,P002,十二超市(佳年华广场1期店),R06,104.131787,30.627615,10.32,1.1567,899,1019,低
DO202606180005,2026-06-18,P003,红旗连锁,R06,104.132763,30.627528,38.17,1.153,849,969,中
DO202606180006,2026-06-18,P004,老蔡小卖部(水碾河路北社区三街店),R06,104.099234,30.648748,115.66,0.7044,659,779,低
DO202606180007,2026-06-18,P004,老蔡小卖部(水碾河路北社区三街店),R06,104.099234,30.648748,45.14,0.7762,659,779,中
DO202606180008,2026-06-18,P004,老蔡小卖部(水碾河路北社区三街店),R06,104.099234,30.648748,58.46,0.5618,663,783,中
DO202606180009,2026-06-18,P005,郝英超市,R06,104.129707,30.628761,18.55,0.4193,877,997,低
DO202606180010,2026-06-18,P005,郝英超市,R06,104.129707,30.628761,16.34,1.7803,878,998,中
DO202606180011,2026-06-18,P005,郝英超市,R06,104.129707,30.628761,100.97,0.4894,879,999,低
DO202606180012,2026-06-18,P005,郝英超市,R06,104.129707,30.628761,647.66,1.167,884,1004,中
DO202606180013,2026-06-18,P005,郝英超市,R06,104.129707,30.628761,32.23,0.6222,886,1006,高
DO202606180014,2026-06-18,P006,全家便利店(龙江路店),R03,104.077199,30.641639,287.19,0.1851,764,884,低
DO202606180015,2026-06-18,P006,全家便利店(龙江路店),R03,104.077199,30.641639,742.07,3.7809,765,885,高
DO202606180016,2026-06-18,P006,全家便利店(龙江路店),R03,104.077199,30.641639,44.58,0.0808,765,885,高
DO202606180017,2026-06-18,P006,全家便利店(龙江路店),R03,104.077199,30.641639,4.46,2.1867,768,888,中
DO202606180018,2026-06-18,P006,全家便利店(龙江路店),R03,104.077199,30.641639,215.1,0.8728,769,889,中
DO202606180019,2026-06-18,P007,永辉超市(成都市新城吾悦广场店),R03,103.988663,30.626255,33.73,1.9894,884,1004,中
DO202606180020,2026-06-18,P008,永辉超市(银泰城店),R03,104.058121,30.541191,45.19,0.1389,573,693,中
DO202606180021,2026-06-18,P009,永辉超市(龙湖成都金楠天街店),R03,103.995986,30.648731,17.9,0.618,594,714,高
DO202606180022,2026-06-18,P010,百分百超市(心语店),R03,104.045915,30.545712,10.43,0.2691,740,860,中
DO202606180023,2026-06-18,P010,百分百超市(心语店),R03,104.045915,30.545712,184.37,0.152,743,863,中
DO202606180024,2026-06-18,P010,百分百超市(心语店),R03,104.045915,30.545712,3.04,0.2256,749,869,低
DO202606180025,2026-06-18,P011,永辉超市(成都市双铁广场店),R01,103.975737,30.758309,16.33,0.9055,595,715,中
DO202606180026,2026-06-18,P011,永辉超市(成都市双铁广场店),R01,103.975737,30.758309,32.38,4.2656,599,719,中
DO202606180027,2026-06-18,P011,永辉超市(成都市双铁广场店),R01,103.975737,30.758309,3.75,0.0634,602,722,中
DO202606180028,2026-06-18,P012,永辉超市(成都市蜀都万达广场店),R01,103.907862,30.807642,19.35,0.5457,711,831,中
DO202606180029,2026-06-18,P013,永辉超市(爱琴海购物中心店),R01,103.991901,30.737566,255.06,3.2691,824,944,中
DO202606180030,2026-06-18,P014,永辉超市(龙湖成都时代天街店),R01,103.921214,30.750831,23.35,0.8413,818,938,中
DO202606180031,2026-06-18,P014,永辉超市(龙湖成都时代天街店),R01,103.921214,30.750831,295.49,0.0583,820,940,中
DO202606180032,2026-06-18,P014,永辉超市(龙湖成都时代天街店),R01,103.921214,30.750831,380.68,0.2765,821,941,低
DO202606180033,2026-06-18,P014,永辉超市(龙湖成都时代天街店),R01,103.921214,30.750831,76.97,1.9544,822,942,中
DO202606180034,2026-06-18,P014,永辉超市(龙湖成都时代天街店),R01,103.921214,30.750831,9.82,0.4422,822,942,中
DO202606180035,2026-06-18,P014,永辉超市(龙湖成都时代天街店),R01,103.921214,30.750831,252.35,0.2919,822,942,中
DO202606180036,2026-06-18,P014,永辉超市(龙湖成都时代天街店),R01,103.921214,30.750831,31.88,1.1297,824,944,中
DO202606180037,2026-06-18,P015,红旗超市(龙湖时代天街店),R01,103.919653,30.752444,452.9,0.449,695,815,低
DO202606180038,2026-06-18,P015,红旗超市(龙湖时代天街店),R01,103.919653,30.752444,32.04,0.6358,701,821,低
DO202606180039,2026-06-18,P015,红旗超市(龙湖时代天街店),R01,103.919653,30.752444,42.07,0.2545,703,823,高
DO202606180040,2026-06-18,P016,LAWSON罗森(枣子巷15号院店),R04,104.044885,30.667759,48.61,0.0268,875,995,高
DO202606180041,2026-06-18,P017,LAWSON罗森(龙湖成都上城天街店),R04,104.071944,30.68395,66.78,0.0681,891,1011,低
DO202606180042,2026-06-18,P017,LAWSON罗森(龙湖成都上城天街店),R04,104.071944,30.68395,2.56,0.6192,896,1016,高
DO202606180043,2026-06-18,P018,乐多(成华西街一店),R04,104.071998,30.683402,13.28,0.5838,829,949,低
DO202606180044,2026-06-18,P018,乐多(成华西街一店),R04,104.071998,30.683402,19.08,0.1054,829,949,中
DO202606180045,2026-06-18,P018,乐多(成华西街一店),R04,104.071998,30.683402,20.65,1.0065,835,955,中
DO202606180046,2026-06-18,P018,乐多(成华西街一店),R04,104.071998,30.683402,12.62,1.4675,837,957,高
DO202606180047,2026-06-18,P018,乐多(成华西街一店),R04,104.071998,30.683402,23.44,0.5453,837,957,中
DO202606180048,2026-06-18,P018,乐多(成华西街一店),R04,104.071998,30.683402,14.79,0.0427,838,958,中
DO202606180049,2026-06-18,P019,奥特乐(成都龙湖上城天街店),R04,104.072004,30.684929,286.17,0.8132,580,700,中
DO202606180050,2026-06-18,P019,奥特乐(成都龙湖上城天街店),R04,104.072004,30.684929,47.23,0.8748,582,702,高
DO202606180051,2026-06-18,P019,奥特乐(成都龙湖上城天街店),R04,104.072004,30.684929,9.76,1.3723,583,703,低
DO202606180052,2026-06-18,P021,Ole 精品超市(IFS国际金融中心店),R05,104.081893,30.655003,22.45,0.89,867,987,中
DO202606180053,2026-06-18,P024,永辉超市(锦江城市花园店),R05,104.142752,30.595134,1.74,0.22,724,844,低
DO202606180054,2026-06-18,P024,永辉超市(锦江城市花园店),R05,104.142752,30.595134,23.67,1.1164,731,851,低
DO202606180055,2026-06-18,P024,永辉超市(锦江城市花园店),R05,104.142752,30.595134,34.62,0.1805,733,853,高
DO202606180056,2026-06-18,P025,红旗超市(成都红旗商厦店),R05,104.072081,30.658735,7.14,0.6155,858,978,中
DO202606180057,2026-06-18,P025,红旗超市(成都红旗商厦店),R05,104.072081,30.658735,29.57,0.042,866,986,中
DO202606180058,2026-06-18,P026,友好多连锁超市(界牌店),R07,104.313922,30.880419,16.05,0.0528,527,647,中
DO202606180059,2026-06-18,P027,大荣发连锁超市(和顺雅苑店),R07,104.253582,30.90011,34.07,0.4758,715,835,中
DO202606180060,2026-06-18,P027,大荣发连锁超市(和顺雅苑店),R07,104.253582,30.90011,93.94,0.5321,719,839,低
DO202606180061,2026-06-18,P028,永辉超市(天府欧城店),R07,104.256388,30.892152,76.48,0.179,624,744,中
DO202606180062,2026-06-18,P028,永辉超市(天府欧城店),R07,104.256388,30.892152,22.66,0.0659,630,750,高
DO202606180063,2026-06-18,P029,永辉超市(青白江万达广场店),R07,104.253652,30.878095,116.41,3.6002,666,786,中
DO202606180064,2026-06-18,P029,永辉超市(青白江万达广场店),R07,104.253652,30.878095,163.02,0.0712,668,788,低
DO202606180065,2026-06-18,P029,永辉超市(青白江万达广场店),R07,104.253652,30.878095,22.95,0.1291,671,791,中
DO202606180066,2026-06-18,P030,润都连锁生活超市(正兴路店),R07,104.188354,30.87079,118.05,0.4066,727,847,中
DO202606180067,2026-06-18,P031,渝华连锁超市(学苑路店),R07,104.276426,30.875299,231.16,0.1127,789,909,中
DO202606180068,2026-06-18,P031,渝华连锁超市(学苑路店),R07,104.276426,30.875299,20.21,0.2065,789,909,高
DO202606180069,2026-06-18,P031,渝华连锁超市(学苑路店),R07,104.276426,30.875299,22.94,0.5345,792,912,低
DO202606180070,2026-06-18,P032,渝华连锁超市(绣川新城店),R07,104.330571,30.85576,10.61,0.415,881,1001,中
DO202606180071,2026-06-18,P032,渝华连锁超市(绣川新城店),R07,104.330571,30.85576,57.87,0.352,884,1004,低
DO202606180072,2026-06-18,P033,红旗超市(团结花园店),R07,104.246885,30.877313,9.31,0.1755,793,913,高
DO202606180073,2026-06-18,P033,红旗超市(团结花园店),R07,104.246885,30.877313,3.13,0.3,799,919,低
DO202606180074,2026-06-18,P034,红旗连锁(北城新界民族花园店),R07,104.201632,30.877318,29.18,1.9113,626,746,中
DO202606180075,2026-06-18,P034,红旗连锁(北城新界民族花园店),R07,104.201632,30.877318,16.53,0.0896,627,747,中
DO202606180076,2026-06-18,P034,红旗连锁(北城新界民族花园店),R07,104.201632,30.877318,86.88,0.3254,630,750,中
DO202606180077,2026-06-18,P035,红旗连锁(青白江同金街便利店),R07,104.244552,30.889503,35.76,0.4569,645,765,高
DO202606180078,2026-06-18,P036,红旗连锁(青白江城厢首府分场),R07,104.323054,30.860039,67.65,0.219,542,662,中
DO202606180079,2026-06-18,P036,红旗连锁(青白江城厢首府分场),R07,104.323054,30.860039,33.82,0.051,543,663,低
DO202606180080,2026-06-18,P037,红旗连锁(青白江石家碾西路店),R07,104.253962,30.887052,8.3,0.9542,778,898,低
DO202606180081,2026-06-18,P037,红旗连锁(青白江石家碾西路店),R07,104.253962,30.887052,6.06,1.3471,783,903,高
DO202606180082,2026-06-18,P037,红旗连锁(青白江石家碾西路店),R07,104.253962,30.887052,0.84,0.0487,783,903,中
DO202606180083,2026-06-18,P037,红旗连锁(青白江石家碾西路店),R07,104.253962,30.887052,7.61,0.7452,785,905,高
DO202606180084,2026-06-18,P038,青江一家超市,R07,104.284321,30.880989,58.79,0.4081,539,659,中
DO202606180085,2026-06-18,P039,青江百货连锁超市,R07,104.269502,30.876837,28.96,5.1454,711,831,低
DO202606180086,2026-06-18,P039,青江百货连锁超市,R07,104.269502,30.876837,53.49,0.0472,713,833,低
DO202606180087,2026-06-18,P041,永辉超市(成都青羊中铁大道店),R02,103.961452,30.670211,121.55,0.0609,814,934,中
DO202606180088,2026-06-18,P042,永辉超市(青羊新城市店),R02,104.057614,30.67321,13.92,0.2786,553,673,高
DO202606180089,2026-06-18,P042,永辉超市(青羊新城市店),R02,104.057614,30.67321,39.58,0.4007,558,678,高
DO202606180090,2026-06-18,P043,红旗超市(中同仁路分场),R02,104.052373,30.668819,65.09,0.1452,786,906,高
DO202606180091,2026-06-18,P044,邻你生活超市(大庆店),R02,104.032527,30.669557,15.39,0.1032,544,664,中
DO202606180092,2026-06-18,P045,世纪红连锁超市,R08,104.208007,30.532247,2.22,0.2601,862,982,高
DO202606180093,2026-06-18,P046,尚喜超市(锦绣路店),R08,104.308338,30.606726,27.58,0.6064,583,703,低
DO202606180094,2026-06-18,P046,尚喜超市(锦绣路店),R08,104.308338,30.606726,82.41,0.4473,584,704,高
DO202606180095,2026-06-18,P046,尚喜超市(锦绣路店),R08,104.308338,30.606726,16.59,0.0656,591,711,中
DO202606180096,2026-06-18,P047,永辉超市(成都龙泉驿万达广场店),R08,104.269392,30.566865,108.56,0.5297,531,651,低
DO202606180097,2026-06-18,P048,汇联美连锁超市(中街店),R08,104.27333,30.560098,2.75,0.5373,536,656,中
DO202606180098,2026-06-18,P048,汇联美连锁超市(中街店),R08,104.27333,30.560098,10.25,0.1557,539,659,中
DO202606180099,2026-06-18,P048,汇联美连锁超市(中街店),R08,104.27333,30.560098,6.33,0.1405,541,661,低
DO202606180100,2026-06-18,P049,百伦生活超市(龙泉店),R08,104.273346,30.559846,21.72,0.1274,637,757,中
DO202606180101,2026-06-18,P049,百伦生活超市(龙泉店),R08,104.273346,30.559846,67.54,0.6875,645,765,中
DO202606190000,2026-06-19,P001,689便民(荣盛·香榭兰庭店),R06,104.135375,30.623625,441.17,0.2852,849,969,高
DO202606190001,2026-06-19,P001,689便民(荣盛·香榭兰庭店),R06,104.135375,30.623625,25.04,0.6152,858,978,高
DO202606190002,2026-06-19,P003,红旗连锁,R06,104.132763,30.627528,25.25,0.1821,758,878,低
DO202606190003,2026-06-19,P004,老蔡小卖部(水碾河路北社区三街店),R06,104.099234,30.648748,6.49,0.1522,800,920,中
DO202606190004,2026-06-19,P004,老蔡小卖部(水碾河路北社区三街店),R06,104.099234,30.648748,12.12,0.3808,801,921,中
DO202606190005,2026-06-19,P004,老蔡小卖部(水碾河路北社区三街店),R06,104.099234,30.648748,10.19,0.2497,802,922,高
DO202606190006,2026-06-19,P005,郝英超市,R06,104.129707,30.628761,45.32,0.0566,756,876,中
DO202606190007,2026-06-19,P005,郝英超市,R06,104.129707,30.628761,25.96,0.3956,759,879,低
DO202606190008,2026-06-19,P005,郝英超市,R06,104.129707,30.628761,503.16,0.196,759,879,中
DO202606190009,2026-06-19,P006,全家便利店(龙江路店),R03,104.077199,30.641639,35.19,0.0272,540,660,中
DO202606190010,2026-06-19,P006,全家便利店(龙江路店),R03,104.077199,30.641639,23.39,0.7572,549,669,低
DO202606190011,2026-06-19,P008,永辉超市(银泰城店),R03,104.058121,30.541191,16.25,0.5131,814,934,低
DO202606190012,2026-06-19,P008,永辉超市(银泰城店),R03,104.058121,30.541191,75.82,0.315,815,935,低
DO202606190013,2026-06-19,P009,永辉超市(龙湖成都金楠天街店),R03,103.995986,30.648731,35.41,1.3013,691,811,中
DO202606190014,2026-06-19,P009,永辉超市(龙湖成都金楠天街店),R03,103.995986,30.648731,25.37,0.0766,691,811,低
DO202606190015,2026-06-19,P009,永辉超市(龙湖成都金楠天街店),R03,103.995986,30.648731,104.44,2.2832,695,815,中
DO202606190016,2026-06-19,P009,永辉超市(龙湖成都金楠天街店),R03,103.995986,30.648731,3.34,0.2604,698,818,中
DO202606190017,2026-06-19,P010,百分百超市(心语店),R03,104.045915,30.545712,139.51,0.0101,639,759,低
DO202606190018,2026-06-19,P011,永辉超市(成都市双铁广场店),R01,103.975737,30.758309,16.31,0.721,895,1015,高
DO202606190019,2026-06-19,P012,永辉超市(成都市蜀都万达广场店),R01,103.907862,30.807642,21.73,0.0159,607,727,中
DO202606190020,2026-06-19,P012,永辉超市(成都市蜀都万达广场店),R01,103.907862,30.807642,57.55,0.2938,608,728,中
DO202606190021,2026-06-19,P012,永辉超市(成都市蜀都万达广场店),R01,103.907862,30.807642,49.71,1.9017,608,728,低
DO202606190022,2026-06-19,P013,永辉超市(爱琴海购物中心店),R01,103.991901,30.737566,7.96,0.0944,717,837,中
DO202606190023,2026-06-19,P013,永辉超市(爱琴海购物中心店),R01,103.991901,30.737566,2.6,0.0579,720,840,中
DO202606190024,2026-06-19,P013,永辉超市(爱琴海购物中心店),R01,103.991901,30.737566,3.53,2.3246,724,844,中
DO202606190025,2026-06-19,P014,永辉超市(龙湖成都时代天街店),R01,103.921214,30.750831,24.64,0.8497,761,881,中
DO202606190026,2026-06-19,P014,永辉超市(龙湖成都时代天街店),R01,103.921214,30.750831,85.8,0.7228,762,882,中
DO202606190027,2026-06-19,P014,永辉超市(龙湖成都时代天街店),R01,103.921214,30.750831,8.68,0.0896,763,883,中
DO202606190028,2026-06-19,P014,永辉超市(龙湖成都时代天街店),R01,103.921214,30.750831,8.28,1.4462,764,884,高
DO202606190029,2026-06-19,P015,红旗超市(龙湖时代天街店),R01,103.919653,30.752444,18.65,0.4175,668,788,中
DO202606190030,2026-06-19,P015,红旗超市(龙湖时代天街店),R01,103.919653,30.752444,65.62,0.028,669,789,中
DO202606190031,2026-06-19,P015,红旗超市(龙湖时代天街店),R01,103.919653,30.752444,26.88,0.018,675,795,低
DO202606190032,2026-06-19,P016,LAWSON罗森(枣子巷15号院店),R04,104.044885,30.667759,189.69,1.4871,526,646,低
DO202606190033,2026-06-19,P016,LAWSON罗森(枣子巷15号院店),R04,104.044885,30.667759,108.79,4.2276,530,650,中
DO202606190034,2026-06-19,P017,LAWSON罗森(龙湖成都上城天街店),R04,104.071944,30.68395,26.32,0.2485,635,755,高
DO202606190035,2026-06-19,P017,LAWSON罗森(龙湖成都上城天街店),R04,104.071944,30.68395,13.33,0.2793,635,755,高
DO202606190036,2026-06-19,P017,LAWSON罗森(龙湖成都上城天街店),R04,104.071944,30.68395,15.2,0.1328,638,758,中
DO202606190037,2026-06-19,P017,LAWSON罗森(龙湖成都上城天街店),R04,104.071944,30.68395,23.05,0.2143,639,759,高
DO202606190038,2026-06-19,P017,LAWSON罗森(龙湖成都上城天街店),R04,104.071944,30.68395,43.91,0.1355,640,760,中
DO202606190039,2026-06-19,P018,乐多(成华西街一店),R04,104.071998,30.683402,171.69,0.7296,800,920,中
DO202606190040,2026-06-19,P018,乐多(成华西街一店),R04,104.071998,30.683402,328.85,0.7653,800,920,中
DO202606190041,2026-06-19,P018,乐多(成华西街一店),R04,104.071998,30.683402,125.6,0.3368,808,928,高
DO202606190042,2026-06-19,P018,乐多(成华西街一店),R04,104.071998,30.683402,106.93,0.0347,808,928,中
DO202606190043,2026-06-19,P020,朴朴超市(西体路店),R04,104.061775,30.681195,91.11,0.3718,806,926,高
DO202606190044,2026-06-19,P021,Ole 精品超市(IFS国际金融中心店),R05,104.081893,30.655003,6.21,0.1128,536,656,中
DO202606190045,2026-06-19,P022,四川舞东风超市连锁股份有限公司,R05,104.082047,30.660437,8.13,0.1545,724,844,高
DO202606190046,2026-06-19,P022,四川舞东风超市连锁股份有限公司,R05,104.082047,30.660437,9.95,1.837,724,844,低
DO202606190047,2026-06-19,P022,四川舞东风超市连锁股份有限公司,R05,104.082047,30.660437,31.73,0.0846,727,847,高
DO202606190048,2026-06-19,P024,永辉超市(锦江城市花园店),R05,104.142752,30.595134,32.4,0.8055,872,992,中
DO202606190049,2026-06-19,P026,友好多连锁超市(界牌店),R07,104.313922,30.880419,104.1,0.4334,650,770,低
DO202606190050,2026-06-19,P026,友好多连锁超市(界牌店),R07,104.313922,30.880419,31.37,0.1212,652,772,中
DO202606190051,2026-06-19,P026,友好多连锁超市(界牌店),R07,104.313922,30.880419,9.38,0.1929,655,775,中
DO202606190052,2026-06-19,P027,大荣发连锁超市(和顺雅苑店),R07,104.253582,30.90011,36.2,8.1594,528,648,高
DO202606190053,2026-06-19,P027,大荣发连锁超市(和顺雅苑店),R07,104.253582,30.90011,17.22,0.7747,534,654,中
DO202606190054,2026-06-19,P027,大荣发连锁超市(和顺雅苑店),R07,104.253582,30.90011,88.11,0.0961,536,656,中
DO202606190055,2026-06-19,P028,永辉超市(天府欧城店),R07,104.256388,30.892152,1.24,0.7456,796,916,中
DO202606190056,2026-06-19,P028,永辉超市(天府欧城店),R07,104.256388,30.892152,70.77,1.4842,796,916,低
DO202606190057,2026-06-19,P028,永辉超市(天府欧城店),R07,104.256388,30.892152,71.35,0.2249,806,926,中
DO202606190058,2026-06-19,P029,永辉超市(青白江万达广场店),R07,104.253652,30.878095,45.29,3.4479,615,735,中
DO202606190059,2026-06-19,P029,永辉超市(青白江万达广场店),R07,104.253652,30.878095,63.13,0.3524,620,740,低
DO202606190060,2026-06-19,P031,渝华连锁超市(学苑路店),R07,104.276426,30.875299,27.1,0.2787,596,716,中
DO202606190061,2026-06-19,P033,红旗超市(团结花园店),R07,104.246885,30.877313,25.25,0.688,833,953,中
DO202606190062,2026-06-19,P033,红旗超市(团结花园店),R07,104.246885,30.877313,16.6,0.2898,839,959,低
DO202606190063,2026-06-19,P034,红旗连锁(北城新界民族花园店),R07,104.201632,30.877318,4.44,0.0579,583,703,中
DO202606190064,2026-06-19,P034,红旗连锁(北城新界民族花园店),R07,104.201632,30.877318,46.95,0.2946,584,704,中
DO202606190065,2026-06-19,P034,红旗连锁(北城新界民族花园店),R07,104.201632,30.877318,85.81,0.0633,586,706,高
DO202606190066,2026-06-19,P034,红旗连锁(北城新界民族花园店),R07,104.201632,30.877318,71.97,0.6016,588,708,中
DO202606190067,2026-06-19,P034,红旗连锁(北城新界民族花园店),R07,104.201632,30.877318,295.14,0.2215,592,712,中
DO202606190068,2026-06-19,P034,红旗连锁(北城新界民族花园店),R07,104.201632,30.877318,7.49,0.3843,592,712,中
DO202606190069,2026-06-19,P035,红旗连锁(青白江同金街便利店),R07,104.244552,30.889503,172.62,0.0147,718,838,高
DO202606190070,2026-06-19,P036,红旗连锁(青白江城厢首府分场),R07,104.323054,30.860039,268.62,0.0962,898,1018,低
DO202606190071,2026-06-19,P037,红旗连锁(青白江石家碾西路店),R07,104.253962,30.887052,26.76,0.0571,603,723,高
DO202606190072,2026-06-19,P037,红旗连锁(青白江石家碾西路店),R07,104.253962,30.887052,4.47,0.0984,607,727,中
DO202606190073,2026-06-19,P038,青江一家超市,R07,104.284321,30.880989,722.2,0.1302,753,873,低
DO202606190074,2026-06-19,P038,青江一家超市,R07,104.284321,30.880989,306.86,0.1846,754,874,高
DO202606190075,2026-06-19,P039,青江百货连锁超市,R07,104.269502,30.876837,132.26,0.1162,789,909,中
DO202606190076,2026-06-19,P040,上蔬永辉超市(西单商场店),R02,104.000521,30.674866,117.08,0.284,604,724,低
DO202606190077,2026-06-19,P041,永辉超市(成都青羊中铁大道店),R02,103.961452,30.670211,132.84,1.0272,797,917,高
DO202606190078,2026-06-19,P041,永辉超市(成都青羊中铁大道店),R02,103.961452,30.670211,71.32,0.0956,801,921,中
DO202606190079,2026-06-19,P042,永辉超市(青羊新城市店),R02,104.057614,30.67321,8.65,0.0487,560,680,中
DO202606190080,2026-06-19,P042,永辉超市(青羊新城市店),R02,104.057614,30.67321,111.4,0.0505,561,681,高
DO202606190081,2026-06-19,P042,永辉超市(青羊新城市店),R02,104.057614,30.67321,19.72,0.1431,562,682,中
DO202606190082,2026-06-19,P043,红旗超市(中同仁路分场),R02,104.052373,30.668819,63.87,0.081,640,760,中
DO202606190083,2026-06-19,P043,红旗超市(中同仁路分场),R02,104.052373,30.668819,80.26,0.191,642,762,中
DO202606190084,2026-06-19,P043,红旗超市(中同仁路分场),R02,104.052373,30.668819,24.35,0.1352,645,765,低
DO202606190085,2026-06-19,P043,红旗超市(中同仁路分场),R02,104.052373,30.668819,1.84,0.2066,650,770,中
DO202606190086,2026-06-19,P044,邻你生活超市(大庆店),R02,104.032527,30.669557,123.51,0.219,805,925,高
DO202606190087,2026-06-19,P044,邻你生活超市(大庆店),R02,104.032527,30.669557,15.72,0.1056,805,925,中
DO202606190088,2026-06-19,P044,邻你生活超市(大庆店),R02,104.032527,30.669557,12.76,0.7989,810,930,低
DO202606190089,2026-06-19,P044,邻你生活超市(大庆店),R02,104.032527,30.669557,9.51,0.4042,810,930,高
DO202606190090,2026-06-19,P046,尚喜超市(锦绣路店),R08,104.308338,30.606726,18.98,0.1782,651,771,高
DO202606190091,2026-06-19,P046,尚喜超市(锦绣路店),R08,104.308338,30.606726,47.45,0.4955,657,777,中
DO202606190092,2026-06-19,P047,永辉超市(成都龙泉驿万达广场店),R08,104.269392,30.566865,176.87,0.701,598,718,高
DO202606190093,2026-06-19,P047,永辉超市(成都龙泉驿万达广场店),R08,104.269392,30.566865,26.58,0.1133,601,721,中
DO202606190094,2026-06-19,P047,永辉超市(成都龙泉驿万达广场店),R08,104.269392,30.566865,205.96,1.186,605,725,低
DO202606190095,2026-06-19,P047,永辉超市(成都龙泉驿万达广场店),R08,104.269392,30.566865,139.79,0.0358,606,726,中
DO202606190096,2026-06-19,P047,永辉超市(成都龙泉驿万达广场店),R08,104.269392,30.566865,241.92,0.3277,606,726,低
DO202606190097,2026-06-19,P047,永辉超市(成都龙泉驿万达广场店),R08,104.269392,30.566865,30.42,7.8504,607,727,中
DO202606190098,2026-06-19,P047,永辉超市(成都龙泉驿万达广场店),R08,104.269392,30.566865,13.85,0.0703,608,728,中
DO202606190099,2026-06-19,P049,百伦生活超市(龙泉店),R08,104.273346,30.559846,145.75,0.0235,791,911,高
DO202606190100,2026-06-19,P049,百伦生活超市(龙泉店),R08,104.273346,30.559846,35.14,0.3243,794,914,中
DO202606200000,2026-06-20,P001,689便民(荣盛·香榭兰庭店),R06,104.135375,30.623625,13.88,0.1411,906,1026,低
DO202606200001,2026-06-20,P001,689便民(荣盛·香榭兰庭店),R06,104.135375,30.623625,206.15,2.2971,907,1027,中
DO202606200002,2026-06-20,P001,689便民(荣盛·香榭兰庭店),R06,104.135375,30.623625,7.52,0.312,909,1029,中
DO202606200003,2026-06-20,P002,十二超市(佳年华广场1期店),R06,104.131787,30.627615,17.87,0.02,850,970,低
DO202606200004,2026-06-20,P003,红旗连锁,R06,104.132763,30.627528,21.48,0.3321,803,923,中
DO202606200005,2026-06-20,P003,红旗连锁,R06,104.132763,30.627528,44.86,1.8559,806,926,高
DO202606200006,2026-06-20,P003,红旗连锁,R06,104.132763,30.627528,7.6,0.0303,806,926,中
DO202606200007,2026-06-20,P004,老蔡小卖部(水碾河路北社区三街店),R06,104.099234,30.648748,76.32,0.8657,686,806,高
DO202606200008,2026-06-20,P005,郝英超市,R06,104.129707,30.628761,7.41,0.0603,854,974,中
DO202606200009,2026-06-20,P005,郝英超市,R06,104.129707,30.628761,36.29,0.9552,859,979,高
DO202606200010,2026-06-20,P005,郝英超市,R06,104.129707,30.628761,152.32,0.0321,859,979,中
DO202606200011,2026-06-20,P006,全家便利店(龙江路店),R03,104.077199,30.641639,78.44,0.1444,520,640,低
DO202606200012,2026-06-20,P007,永辉超市(成都市新城吾悦广场店),R03,103.988663,30.626255,81.57,0.2489,706,826,中
DO202606200013,2026-06-20,P008,永辉超市(银泰城店),R03,104.058121,30.541191,1384.18,2.1033,807,927,高
DO202606200014,2026-06-20,P009,永辉超市(龙湖成都金楠天街店),R03,103.995986,30.648731,45.41,0.4746,712,832,高
DO202606200015,2026-06-20,P009,永辉超市(龙湖成都金楠天街店),R03,103.995986,30.648731,132.42,0.0214,712,832,中
DO202606200016,2026-06-20,P009,永辉超市(龙湖成都金楠天街店),R03,103.995986,30.648731,779.18,0.0131,712,832,中
DO202606200017,2026-06-20,P009,永辉超市(龙湖成都金楠天街店),R03,103.995986,30.648731,396.32,0.5462,713,833,低
DO202606200018,2026-06-20,P010,百分百超市(心语店),R03,104.045915,30.545712,14.89,0.0812,590,710,高
DO202606200019,2026-06-20,P010,百分百超市(心语店),R03,104.045915,30.545712,18.36,0.1989,594,714,中
DO202606200020,2026-06-20,P011,永辉超市(成都市双铁广场店),R01,103.975737,30.758309,353.25,0.068,889,1009,低
DO202606200021,2026-06-20,P011,永辉超市(成都市双铁广场店),R01,103.975737,30.758309,2.96,0.2152,893,1013,高
DO202606200022,2026-06-20,P013,永辉超市(爱琴海购物中心店),R01,103.991901,30.737566,25.9,0.0117,779,899,中
DO202606200023,2026-06-20,P013,永辉超市(爱琴海购物中心店),R01,103.991901,30.737566,22.35,2.032,780,900,中
DO202606200024,2026-06-20,P013,永辉超市(爱琴海购物中心店),R01,103.991901,30.737566,8.6,0.9652,781,901,中
DO202606200025,2026-06-20,P014,永辉超市(龙湖成都时代天街店),R01,103.921214,30.750831,2.55,0.057,712,832,低
DO202606200026,2026-06-20,P014,永辉超市(龙湖成都时代天街店),R01,103.921214,30.750831,48.53,0.3896,713,833,低
DO202606200027,2026-06-20,P014,永辉超市(龙湖成都时代天街店),R01,103.921214,30.750831,55.93,1.0214,713,833,高
DO202606200028,2026-06-20,P014,永辉超市(龙湖成都时代天街店),R01,103.921214,30.750831,141.09,0.0303,716,836,高
DO202606200029,2026-06-20,P014,永辉超市(龙湖成都时代天街店),R01,103.921214,30.750831,38.33,0.6813,717,837,中
DO202606200030,2026-06-20,P014,永辉超市(龙湖成都时代天街店),R01,103.921214,30.750831,112.92,0.276,718,838,中
DO202606200031,2026-06-20,P014,永辉超市(龙湖成都时代天街店),R01,103.921214,30.750831,24.55,0.1586,722,842,中
DO202606200032,2026-06-20,P015,红旗超市(龙湖时代天街店),R01,103.919653,30.752444,47.86,0.2179,558,678,中
DO202606200033,2026-06-20,P015,红旗超市(龙湖时代天街店),R01,103.919653,30.752444,112.03,0.2328,565,685,中
DO202606200034,2026-06-20,P016,LAWSON罗森(枣子巷15号院店),R04,104.044885,30.667759,42.37,0.1405,842,962,中
DO202606200035,2026-06-20,P017,LAWSON罗森(龙湖成都上城天街店),R04,104.071944,30.68395,86.19,0.2118,679,799,高
DO202606200036,2026-06-20,P017,LAWSON罗森(龙湖成都上城天街店),R04,104.071944,30.68395,25.29,0.39,683,803,低
DO202606200037,2026-06-20,P017,LAWSON罗森(龙湖成都上城天街店),R04,104.071944,30.68395,88.91,0.0746,687,807,中
DO202606200038,2026-06-20,P018,乐多(成华西街一店),R04,104.071998,30.683402,134.04,0.4443,647,767,中
DO202606200039,2026-06-20,P018,乐多(成华西街一店),R04,104.071998,30.683402,44.9,0.181,650,770,高
DO202606200040,2026-06-20,P019,奥特乐(成都龙湖上城天街店),R04,104.072004,30.684929,341.85,0.2288,655,775,低
DO202606200041,2026-06-20,P019,奥特乐(成都龙湖上城天街店),R04,104.072004,30.684929,131.56,0.0524,662,782,高
DO202606200042,2026-06-20,P019,奥特乐(成都龙湖上城天街店),R04,104.072004,30.684929,34.34,0.0646,664,784,中
DO202606200043,2026-06-20,P020,朴朴超市(西体路店),R04,104.061775,30.681195,42.07,0.3192,691,811,中
DO202606200044,2026-06-20,P020,朴朴超市(西体路店),R04,104.061775,30.681195,106.78,0.3819,693,813,中
DO202606200045,2026-06-20,P020,朴朴超市(西体路店),R04,104.061775,30.681195,5.56,4.0499,694,814,高
DO202606200046,2026-06-20,P022,四川舞东风超市连锁股份有限公司,R05,104.082047,30.660437,4.0,0.5296,892,1012,高
DO202606200047,2026-06-20,P022,四川舞东风超市连锁股份有限公司,R05,104.082047,30.660437,37.02,0.0041,894,1014,中
DO202606200048,2026-06-20,P023,永辉超市(文华广场店),R05,104.107695,30.637048,79.85,0.124,582,702,中
DO202606200049,2026-06-20,P024,永辉超市(锦江城市花园店),R05,104.142752,30.595134,6.58,0.0751,850,970,中
DO202606200050,2026-06-20,P024,永辉超市(锦江城市花园店),R05,104.142752,30.595134,309.32,0.5869,852,972,低
DO202606200051,2026-06-20,P024,永辉超市(锦江城市花园店),R05,104.142752,30.595134,182.48,2.2277,853,973,低
DO202606200052,2026-06-20,P024,永辉超市(锦江城市花园店),R05,104.142752,30.595134,18.32,0.5054,853,973,中
DO202606200053,2026-06-20,P024,永辉超市(锦江城市花园店),R05,104.142752,30.595134,131.73,0.267,856,976,高
DO202606200054,2026-06-20,P025,红旗超市(成都红旗商厦店),R05,104.072081,30.658735,88.25,0.4931,641,761,中
DO202606200055,2026-06-20,P027,大荣发连锁超市(和顺雅苑店),R07,104.253582,30.90011,73.52,0.6856,688,808,中
DO202606200056,2026-06-20,P028,永辉超市(天府欧城店),R07,104.256388,30.892152,193.86,0.133,883,1003,中
DO202606200057,2026-06-20,P028,永辉超市(天府欧城店),R07,104.256388,30.892152,18.94,0.1503,886,1006,低
DO202606200058,2026-06-20,P028,永辉超市(天府欧城店),R07,104.256388,30.892152,105.89,0.0835,887,1007,低
DO202606200059,2026-06-20,P030,润都连锁生活超市(正兴路店),R07,104.188354,30.87079,263.38,0.5957,660,780,高
DO202606200060,2026-06-20,P030,润都连锁生活超市(正兴路店),R07,104.188354,30.87079,16.28,0.3016,665,785,高
DO202606200061,2026-06-20,P032,渝华连锁超市(绣川新城店),R07,104.330571,30.85576,10.34,0.0465,889,1009,低
DO202606200062,2026-06-20,P032,渝华连锁超市(绣川新城店),R07,104.330571,30.85576,33.95,0.5043,893,1013,中
DO202606200063,2026-06-20,P033,红旗超市(团结花园店),R07,104.246885,30.877313,18.48,0.1494,658,778,中
DO202606200064,2026-06-20,P034,红旗连锁(北城新界民族花园店),R07,104.201632,30.877318,183.91,0.2325,719,839,低
DO202606200065,2026-06-20,P035,红旗连锁(青白江同金街便利店),R07,104.244552,30.889503,78.18,0.9152,871,991,高
DO202606200066,2026-06-20,P036,红旗连锁(青白江城厢首府分场),R07,104.323054,30.860039,65.44,0.5146,556,676,低
DO202606200067,2026-06-20,P036,红旗连锁(青白江城厢首府分场),R07,104.323054,30.860039,25.92,0.0249,559,679,低
DO202606200068,2026-06-20,P036,红旗连锁(青白江城厢首府分场),R07,104.323054,30.860039,6.05,0.1424,560,680,高
DO202606200069,2026-06-20,P036,红旗连锁(青白江城厢首府分场),R07,104.323054,30.860039,14.81,0.3969,562,682,高
DO202606200070,2026-06-20,P036,红旗连锁(青白江城厢首府分场),R07,104.323054,30.860039,0.91,0.1723,563,683,高
DO202606200071,2026-06-20,P036,红旗连锁(青白江城厢首府分场),R07,104.323054,30.860039,38.09,0.0837,563,683,低
DO202606200072,2026-06-20,P037,红旗连锁(青白江石家碾西路店),R07,104.253962,30.887052,157.75,0.2027,900,1020,中
DO202606200073,2026-06-20,P037,红旗连锁(青白江石家碾西路店),R07,104.253962,30.887052,23.2,0.2899,901,1021,低
DO202606200074,2026-06-20,P037,红旗连锁(青白江石家碾西路店),R07,104.253962,30.887052,44.43,1.959,905,1025,中
DO202606200075,2026-06-20,P038,青江一家超市,R07,104.284321,30.880989,27.92,0.0768,528,648,中
DO202606200076,2026-06-20,P038,青江一家超市,R07,104.284321,30.880989,3.95,0.2586,529,649,中
DO202606200077,2026-06-20,P038,青江一家超市,R07,104.284321,30.880989,26.16,0.0334,534,654,低
DO202606200078,2026-06-20,P038,青江一家超市,R07,104.284321,30.880989,14.79,0.8313,535,655,高
DO202606200079,2026-06-20,P038,青江一家超市,R07,104.284321,30.880989,940.36,1.4832,536,656,中
DO202606200080,2026-06-20,P038,青江一家超市,R07,104.284321,30.880989,34.43,0.6562,536,656,高
DO202606200081,2026-06-20,P039,青江百货连锁超市,R07,104.269502,30.876837,18.02,0.0846,628,748,中
DO202606200082,2026-06-20,P039,青江百货连锁超市,R07,104.269502,30.876837,11.93,0.2401,631,751,低
DO202606200083,2026-06-20,P040,上蔬永辉超市(西单商场店),R02,104.000521,30.674866,27.56,1.1607,588,708,中
DO202606200084,2026-06-20,P041,永辉超市(成都青羊中铁大道店),R02,103.961452,30.670211,11.36,0.6487,660,780,中
DO202606200085,2026-06-20,P041,永辉超市(成都青羊中铁大道店),R02,103.961452,30.670211,14.53,0.1169,664,784,高
DO202606200086,2026-06-20,P044,邻你生活超市(大庆店),R02,104.032527,30.669557,292.82,0.4825,601,721,中
DO202606200087,2026-06-20,P044,邻你生活超市(大庆店),R02,104.032527,30.669557,25.13,0.3028,602,722,中
DO202606200088,2026-06-20,P044,邻你生活超市(大庆店),R02,104.032527,30.669557,13.44,0.1074,603,723,中
DO202606200089,2026-06-20,P045,世纪红连锁超市,R08,104.208007,30.532247,66.94,0.4674,858,978,中
DO202606200090,2026-06-20,P046,尚喜超市(锦绣路店),R08,104.308338,30.606726,15.28,0.0545,751,871,高
DO202606200091,2026-06-20,P046,尚喜超市(锦绣路店),R08,104.308338,30.606726,114.79,0.4257,751,871,高
DO202606200092,2026-06-20,P047,永辉超市(成都龙泉驿万达广场店),R08,104.269392,30.566865,382.9,0.8785,775,895,高
DO202606200093,2026-06-20,P047,永辉超市(成都龙泉驿万达广场店),R08,104.269392,30.566865,42.9,0.4302,783,903,低
DO202606200094,2026-06-20,P047,永辉超市(成都龙泉驿万达广场店),R08,104.269392,30.566865,123.06,1.153,784,904,低
DO202606200095,2026-06-20,P048,汇联美连锁超市(中街店),R08,104.27333,30.560098,22.95,0.2445,900,1020,中
DO202606200096,2026-06-20,P048,汇联美连锁超市(中街店),R08,104.27333,30.560098,185.37,0.2717,903,1023,中
DO202606200097,2026-06-20,P048,汇联美连锁超市(中街店),R08,104.27333,30.560098,1129.71,3.4765,904,1024,低
DO202606210000,2026-06-21,P001,689便民(荣盛·香榭兰庭店),R06,104.135375,30.623625,32.44,2.4203,748,868,中
DO202606210001,2026-06-21,P001,689便民(荣盛·香榭兰庭店),R06,104.135375,30.623625,57.88,0.5124,757,877,高
DO202606210002,2026-06-21,P002,十二超市(佳年华广场1期店),R06,104.131787,30.627615,37.08,0.0351,904,1024,高
DO202606210003,2026-06-21,P002,十二超市(佳年华广场1期店),R06,104.131787,30.627615,305.67,0.2055,906,1026,低
DO202606210004,2026-06-21,P002,十二超市(佳年华广场1期店),R06,104.131787,30.627615,4.56,0.7445,909,1029,低
DO202606210005,2026-06-21,P002,十二超市(佳年华广场1期店),R06,104.131787,30.627615,16.14,0.3967,910,1030,低
DO202606210006,2026-06-21,P003,红旗连锁,R06,104.132763,30.627528,3.85,0.129,826,946,高
DO202606210007,2026-06-21,P004,老蔡小卖部(水碾河路北社区三街店),R06,104.099234,30.648748,32.09,0.0835,550,670,中
DO202606210008,2026-06-21,P004,老蔡小卖部(水碾河路北社区三街店),R06,104.099234,30.648748,19.58,0.1198,551,671,中
DO202606210009,2026-06-21,P004,老蔡小卖部(水碾河路北社区三街店),R06,104.099234,30.648748,20.65,0.3428,554,674,中
DO202606210010,2026-06-21,P004,老蔡小卖部(水碾河路北社区三街店),R06,104.099234,30.648748,11.61,0.7868,559,679,中
DO202606210011,2026-06-21,P004,老蔡小卖部(水碾河路北社区三街店),R06,104.099234,30.648748,201.58,0.2667,559,679,低
DO202606210012,2026-06-21,P004,老蔡小卖部(水碾河路北社区三街店),R06,104.099234,30.648748,34.79,0.7754,559,679,中
DO202606210013,2026-06-21,P005,郝英超市,R06,104.129707,30.628761,45.45,1.1527,849,969,高
DO202606210014,2026-06-21,P006,全家便利店(龙江路店),R03,104.077199,30.641639,174.22,0.6171,674,794,高
DO202606210015,2026-06-21,P006,全家便利店(龙江路店),R03,104.077199,30.641639,61.95,0.0322,681,801,低
DO202606210016,2026-06-21,P006,全家便利店(龙江路店),R03,104.077199,30.641639,177.69,0.0711,684,804,高
DO202606210017,2026-06-21,P007,永辉超市(成都市新城吾悦广场店),R03,103.988663,30.626255,10.6,0.4181,694,814,中
DO202606210018,2026-06-21,P008,永辉超市(银泰城店),R03,104.058121,30.541191,115.35,0.1069,754,874,高
DO202606210019,2026-06-21,P009,永辉超市(龙湖成都金楠天街店),R03,103.995986,30.648731,87.6,0.3766,844,964,中
DO202606210020,2026-06-21,P009,永辉超市(龙湖成都金楠天街店),R03,103.995986,30.648731,75.02,0.1945,846,966,中
DO202606210021,2026-06-21,P009,永辉超市(龙湖成都金楠天街店),R03,103.995986,30.648731,9.19,0.0325,849,969,中
DO202606210022,2026-06-21,P009,永辉超市(龙湖成都金楠天街店),R03,103.995986,30.648731,113.91,0.3164,850,970,低
DO202606210023,2026-06-21,P009,永辉超市(龙湖成都金楠天街店),R03,103.995986,30.648731,13.65,0.2825,853,973,低
DO202606210024,2026-06-21,P010,百分百超市(心语店),R03,104.045915,30.545712,8.87,1.8621,794,914,中
DO202606210025,2026-06-21,P010,百分百超市(心语店),R03,104.045915,30.545712,48.37,0.364,797,917,中
DO202606210026,2026-06-21,P011,永辉超市(成都市双铁广场店),R01,103.975737,30.758309,122.13,0.6683,714,834,中
DO202606210027,2026-06-21,P011,永辉超市(成都市双铁广场店),R01,103.975737,30.758309,58.98,0.4643,719,839,高
DO202606210028,2026-06-21,P012,永辉超市(成都市蜀都万达广场店),R01,103.907862,30.807642,71.94,0.9735,809,929,中
DO202606210029,2026-06-21,P013,永辉超市(爱琴海购物中心店),R01,103.991901,30.737566,302.86,1.0057,583,703,中
DO202606210030,2026-06-21,P013,永辉超市(爱琴海购物中心店),R01,103.991901,30.737566,6.52,1.7814,586,706,高
DO202606210031,2026-06-21,P014,永辉超市(龙湖成都时代天街店),R01,103.921214,30.750831,145.8,0.0242,843,963,低
DO202606210032,2026-06-21,P014,永辉超市(龙湖成都时代天街店),R01,103.921214,30.750831,13.99,0.5093,847,967,中
DO202606210033,2026-06-21,P014,永辉超市(龙湖成都时代天街店),R01,103.921214,30.750831,21.99,2.303,848,968,低
DO202606210034,2026-06-21,P014,永辉超市(龙湖成都时代天街店),R01,103.921214,30.750831,31.05,0.9274,849,969,中
DO202606210035,2026-06-21,P014,永辉超市(龙湖成都时代天街店),R01,103.921214,30.750831,39.78,2.3907,850,970,中
DO202606210036,2026-06-21,P014,永辉超市(龙湖成都时代天街店),R01,103.921214,30.750831,15.15,0.7584,850,970,中
DO202606210037,2026-06-21,P015,红旗超市(龙湖时代天街店),R01,103.919653,30.752444,57.75,0.119,574,694,低
DO202606210038,2026-06-21,P015,红旗超市(龙湖时代天街店),R01,103.919653,30.752444,228.91,0.5569,577,697,低
DO202606210039,2026-06-21,P015,红旗超市(龙湖时代天街店),R01,103.919653,30.752444,233.7,0.6747,579,699,中
DO202606210040,2026-06-21,P015,红旗超市(龙湖时代天街店),R01,103.919653,30.752444,48.68,0.0269,580,700,中
DO202606210041,2026-06-21,P015,红旗超市(龙湖时代天街店),R01,103.919653,30.752444,7.09,4.7383,581,701,中
DO202606210042,2026-06-21,P015,红旗超市(龙湖时代天街店),R01,103.919653,30.752444,7.59,0.2725,582,702,高
DO202606210043,2026-06-21,P017,LAWSON罗森(龙湖成都上城天街店),R04,104.071944,30.68395,5.02,0.0229,669,789,高
DO202606210044,2026-06-21,P017,LAWSON罗森(龙湖成都上城天街店),R04,104.071944,30.68395,40.05,0.8214,672,792,低
DO202606210045,2026-06-21,P017,LAWSON罗森(龙湖成都上城天街店),R04,104.071944,30.68395,16.88,3.0253,674,794,高
DO202606210046,2026-06-21,P017,LAWSON罗森(龙湖成都上城天街店),R04,104.071944,30.68395,133.05,1.0951,679,799,中
DO202606210047,2026-06-21,P018,乐多(成华西街一店),R04,104.071998,30.683402,94.04,3.6954,573,693,高
DO202606210048,2026-06-21,P018,乐多(成华西街一店),R04,104.071998,30.683402,269.64,0.2676,574,694,低
DO202606210049,2026-06-21,P018,乐多(成华西街一店),R04,104.071998,30.683402,95.46,0.262,578,698,中
DO202606210050,2026-06-21,P018,乐多(成华西街一店),R04,104.071998,30.683402,219.98,0.1496,580,700,中
DO202606210051,2026-06-21,P019,奥特乐(成都龙湖上城天街店),R04,104.072004,30.684929,17.17,0.1069,714,834,中
DO202606210052,2026-06-21,P019,奥特乐(成都龙湖上城天街店),R04,104.072004,30.684929,9.79,1.0661,714,834,高
DO202606210053,2026-06-21,P019,奥特乐(成都龙湖上城天街店),R04,104.072004,30.684929,40.29,0.2273,716,836,高
DO202606210054,2026-06-21,P019,奥特乐(成都龙湖上城天街店),R04,104.072004,30.684929,8.19,0.0862,718,838,中
DO202606210055,2026-06-21,P019,奥特乐(成都龙湖上城天街店),R04,104.072004,30.684929,19.52,0.4254,721,841,高
DO202606210056,2026-06-21,P020,朴朴超市(西体路店),R04,104.061775,30.681195,18.47,0.9502,725,845,中
DO202606210057,2026-06-21,P021,Ole 精品超市(IFS国际金融中心店),R05,104.081893,30.655003,145.01,0.1248,743,863,中
DO202606210058,2026-06-21,P021,Ole 精品超市(IFS国际金融中心店),R05,104.081893,30.655003,53.57,0.4499,744,864,低
DO202606210059,2026-06-21,P022,四川舞东风超市连锁股份有限公司,R05,104.082047,30.660437,5.74,0.8124,784,904,低
DO202606210060,2026-06-21,P022,四川舞东风超市连锁股份有限公司,R05,104.082047,30.660437,76.28,1.6454,785,905,高
DO202606210061,2026-06-21,P022,四川舞东风超市连锁股份有限公司,R05,104.082047,30.660437,57.65,0.0757,789,909,中
DO202606210062,2026-06-21,P022,四川舞东风超市连锁股份有限公司,R05,104.082047,30.660437,45.04,0.2984,790,910,中
DO202606210063,2026-06-21,P022,四川舞东风超市连锁股份有限公司,R05,104.082047,30.660437,28.09,0.1062,790,910,中
DO202606210064,2026-06-21,P022,四川舞东风超市连锁股份有限公司,R05,104.082047,30.660437,15.7,2.7005,791,911,低
DO202606210065,2026-06-21,P023,永辉超市(文华广场店),R05,104.107695,30.637048,20.22,0.2742,740,860,中
DO202606210066,2026-06-21,P023,永辉超市(文华广场店),R05,104.107695,30.637048,32.4,0.043,740,860,低
DO202606210067,2026-06-21,P023,永辉超市(文华广场店),R05,104.107695,30.637048,42.54,0.255,744,864,高
DO202606210068,2026-06-21,P024,永辉超市(锦江城市花园店),R05,104.142752,30.595134,4.1,0.3842,540,660,低
DO202606210069,2026-06-21,P024,永辉超市(锦江城市花园店),R05,104.142752,30.595134,226.64,0.1704,541,661,高
DO202606210070,2026-06-21,P024,永辉超市(锦江城市花园店),R05,104.142752,30.595134,48.64,0.5582,543,663,中
DO202606210071,2026-06-21,P025,红旗超市(成都红旗商厦店),R05,104.072081,30.658735,54.09,1.699,836,956,中
DO202606210072,2026-06-21,P026,友好多连锁超市(界牌店),R07,104.313922,30.880419,167.78,0.0265,554,674,中
DO202606210073,2026-06-21,P026,友好多连锁超市(界牌店),R07,104.313922,30.880419,11.3,2.5359,554,674,高
DO202606210074,2026-06-21,P026,友好多连锁超市(界牌店),R07,104.313922,30.880419,150.49,0.0982,557,677,低
DO202606210075,2026-06-21,P026,友好多连锁超市(界牌店),R07,104.313922,30.880419,4.26,2.9231,562,682,中
DO202606210076,2026-06-21,P027,大荣发连锁超市(和顺雅苑店),R07,104.253582,30.90011,440.29,0.1896,619,739,中
DO202606210077,2026-06-21,P027,大荣发连锁超市(和顺雅苑店),R07,104.253582,30.90011,30.24,0.3798,622,742,低
DO202606210078,2026-06-21,P027,大荣发连锁超市(和顺雅苑店),R07,104.253582,30.90011,67.02,1.8316,625,745,中
DO202606210079,2026-06-21,P027,大荣发连锁超市(和顺雅苑店),R07,104.253582,30.90011,105.55,0.0101,629,749,中
DO202606210080,2026-06-21,P028,永辉超市(天府欧城店),R07,104.256388,30.892152,35.66,0.1357,738,858,中
DO202606210081,2026-06-21,P028,永辉超市(天府欧城店),R07,104.256388,30.892152,443.05,1.9526,740,860,低
DO202606210082,2026-06-21,P029,永辉超市(青白江万达广场店),R07,104.253652,30.878095,2546.42,0.0841,895,1015,高
DO202606210083,2026-06-21,P029,永辉超市(青白江万达广场店),R07,104.253652,30.878095,11.58,1.6987,898,1018,中
DO202606210084,2026-06-21,P030,润都连锁生活超市(正兴路店),R07,104.188354,30.87079,45.02,1.111,531,651,低
DO202606210085,2026-06-21,P030,润都连锁生活超市(正兴路店),R07,104.188354,30.87079,13.79,0.1218,532,652,高
DO202606210086,2026-06-21,P031,渝华连锁超市(学苑路店),R07,104.276426,30.875299,1.05,0.3043,777,897,中
DO202606210087,2026-06-21,P032,渝华连锁超市(绣川新城店),R07,104.330571,30.85576,68.04,0.8627,632,752,中
DO202606210088,2026-06-21,P032,渝华连锁超市(绣川新城店),R07,104.330571,30.85576,45.5,0.2852,639,759,中
DO202606210089,2026-06-21,P033,红旗超市(团结花园店),R07,104.246885,30.877313,22.15,0.8757,715,835,中
DO202606210090,2026-06-21,P033,红旗超市(团结花园店),R07,104.246885,30.877313,4.43,0.8323,716,836,高
DO202606210091,2026-06-21,P033,红旗超市(团结花园店),R07,104.246885,30.877313,11.18,0.772,718,838,高
DO202606210092,2026-06-21,P033,红旗超市(团结花园店),R07,104.246885,30.877313,78.24,0.0988,720,840,低
DO202606210093,2026-06-21,P033,红旗超市(团结花园店),R07,104.246885,30.877313,53.89,0.1664,720,840,中
DO202606210094,2026-06-21,P033,红旗超市(团结花园店),R07,104.246885,30.877313,39.47,0.2383,723,843,低
DO202606210095,2026-06-21,P033,红旗超市(团结花园店),R07,104.246885,30.877313,22.38,1.3054,724,844,高
DO202606210096,2026-06-21,P034,红旗连锁(北城新界民族花园店),R07,104.201632,30.877318,5.68,0.2339,575,695,低
DO202606210097,2026-06-21,P035,红旗连锁(青白江同金街便利店),R07,104.244552,30.889503,193.46,0.3607,809,929,低
DO202606210098,2026-06-21,P035,红旗连锁(青白江同金街便利店),R07,104.244552,30.889503,70.81,1.336,812,932,中
DO202606210099,2026-06-21,P037,红旗连锁(青白江石家碾西路店),R07,104.253962,30.887052,20.7,0.3313,795,915,中
DO202606210100,2026-06-21,P038,青江一家超市,R07,104.284321,30.880989,24.32,0.3013,534,654,高
DO202606210101,2026-06-21,P038,青江一家超市,R07,104.284321,30.880989,179.97,0.2501,538,658,低
DO202606210102,2026-06-21,P039,青江百货连锁超市,R07,104.269502,30.876837,52.2,0.7346,579,699,中
DO202606210103,2026-06-21,P040,上蔬永辉超市(西单商场店),R02,104.000521,30.674866,60.25,0.0474,618,738,中
DO202606210104,2026-06-21,P040,上蔬永辉超市(西单商场店),R02,104.000521,30.674866,36.02,0.5211,625,745,低
DO202606210105,2026-06-21,P041,永辉超市(成都青羊中铁大道店),R02,103.961452,30.670211,57.35,0.1352,548,668,高
DO202606210106,2026-06-21,P041,永辉超市(成都青羊中铁大道店),R02,103.961452,30.670211,6.97,1.3478,549,669,中
DO202606210107,2026-06-21,P041,永辉超市(成都青羊中铁大道店),R02,103.961452,30.670211,7.73,1.7961,550,670,中
DO202606210108,2026-06-21,P041,永辉超市(成都青羊中铁大道店),R02,103.961452,30.670211,16.12,0.0484,551,671,中
DO202606210109,2026-06-21,P041,永辉超市(成都青羊中铁大道店),R02,103.961452,30.670211,213.26,2.1946,553,673,低
DO202606210110,2026-06-21,P042,永辉超市(青羊新城市店),R02,104.057614,30.67321,20.19,2.1265,821,941,中
DO202606210111,2026-06-21,P042,永辉超市(青羊新城市店),R02,104.057614,30.67321,7.43,0.2458,822,942,低
DO202606210112,2026-06-21,P042,永辉超市(青羊新城市店),R02,104.057614,30.67321,30.07,0.4228,822,942,低
DO202606210113,2026-06-21,P042,永辉超市(青羊新城市店),R02,104.057614,30.67321,6.82,0.4468,823,943,中
DO202606210114,2026-06-21,P042,永辉超市(青羊新城市店),R02,104.057614,30.67321,22.7,0.345,825,945,中
DO202606210115,2026-06-21,P043,红旗超市(中同仁路分场),R02,104.052373,30.668819,59.64,0.0881,593,713,中
DO202606210116,2026-06-21,P043,红旗超市(中同仁路分场),R02,104.052373,30.668819,29.66,0.1977,597,717,中
DO202606210117,2026-06-21,P044,邻你生活超市(大庆店),R02,104.032527,30.669557,13.6,0.1188,712,832,高
DO202606210118,2026-06-21,P044,邻你生活超市(大庆店),R02,104.032527,30.669557,38.29,0.1084,716,836,中
DO202606210119,2026-06-21,P044,邻你生活超市(大庆店),R02,104.032527,30.669557,132.15,0.7493,717,837,高
DO202606210120,2026-06-21,P045,世纪红连锁超市,R08,104.208007,30.532247,11.37,0.5834,530,650,高
DO202606210121,2026-06-21,P046,尚喜超市(锦绣路店),R08,104.308338,30.606726,8.45,0.6622,856,976,高
DO202606210122,2026-06-21,P046,尚喜超市(锦绣路店),R08,104.308338,30.606726,514.86,0.522,860,980,中
DO202606210123,2026-06-21,P046,尚喜超市(锦绣路店),R08,104.308338,30.606726,22.29,0.0796,861,981,中
DO202606210124,2026-06-21,P046,尚喜超市(锦绣路店),R08,104.308338,30.606726,121.02,0.1605,863,983,高
DO202606210125,2026-06-21,P047,永辉超市(成都龙泉驿万达广场店),R08,104.269392,30.566865,14.19,0.8968,621,741,高
DO202606210126,2026-06-21,P047,永辉超市(成都龙泉驿万达广场店),R08,104.269392,30.566865,319.3,0.2533,626,746,中
DO202606210127,2026-06-21,P047,永辉超市(成都龙泉驿万达广场店),R08,104.269392,30.566865,28.71,0.1097,627,747,中
DO202606210128,2026-06-21,P048,汇联美连锁超市(中街店),R08,104.27333,30.560098,122.96,0.1355,581,701,低
DO202606210129,2026-06-21,P048,汇联美连锁超市(中街店),R08,104.27333,30.560098,299.94,1.7183,583,703,高
DO202606210130,2026-06-21,P049,百伦生活超市(龙泉店),R08,104.273346,30.559846,20.03,0.1264,849,969,中
DO202606210131,2026-06-21,P049,百伦生活超市(龙泉店),R08,104.273346,30.559846,9.08,0.2815,849,969,高
DO202606210132,2026-06-21,P049,百伦生活超市(龙泉店),R08,104.273346,30.559846,5.89,0.062,850,970,中
DO202606210133,2026-06-21,P049,百伦生活超市(龙泉店),R08,104.273346,30.559846,396.81,0.1715,850,970,高
DO202606210134,2026-06-21,P049,百伦生活超市(龙泉店),R08,104.273346,30.559846,224.95,0.0318,850,970,中
DO202606210135,2026-06-21,P049,百伦生活超市(龙泉店),R08,104.273346,30.559846,562.25,0.9623,852,972,中
DO202606210136,2026-06-21,P049,百伦生活超市(龙泉店),R08,104.273346,30.559846,16.39,0.0859,852,972,高
DO202606220000,2026-06-22,P002,十二超市(佳年华广场1期店),R06,104.131787,30.627615,737.48,0.3302,710,830,中
DO202606220001,2026-06-22,P002,十二超市(佳年华广场1期店),R06,104.131787,30.627615,45.54,0.2964,711,831,中
DO202606220002,2026-06-22,P002,十二超市(佳年华广场1期店),R06,104.131787,30.627615,123.37,0.3745,713,833,中
DO202606220003,2026-06-22,P002,十二超市(佳年华广场1期店),R06,104.131787,30.627615,55.31,0.1037,714,834,高
DO202606220004,2026-06-22,P003,红旗连锁,R06,104.132763,30.627528,100.66,0.0556,547,667,低
DO202606220005,2026-06-22,P004,老蔡小卖部(水碾河路北社区三街店),R06,104.099234,30.648748,2.36,1.1441,674,794,中
DO202606220006,2026-06-22,P004,老蔡小卖部(水碾河路北社区三街店),R06,104.099234,30.648748,38.83,0.2577,681,801,高
DO202606220007,2026-06-22,P004,老蔡小卖部(水碾河路北社区三街店),R06,104.099234,30.648748,45.76,1.4092,681,801,中
DO202606220008,2026-06-22,P005,郝英超市,R06,104.129707,30.628761,30.38,0.1196,868,988,中
DO202606220009,2026-06-22,P005,郝英超市,R06,104.129707,30.628761,84.18,0.9382,870,990,低
DO202606220010,2026-06-22,P005,郝英超市,R06,104.129707,30.628761,121.54,0.9031,871,991,中
DO202606220011,2026-06-22,P006,全家便利店(龙江路店),R03,104.077199,30.641639,1.8,1.0468,654,774,中
DO202606220012,2026-06-22,P006,全家便利店(龙江路店),R03,104.077199,30.641639,6.56,0.5008,655,775,中
DO202606220013,2026-06-22,P006,全家便利店(龙江路店),R03,104.077199,30.641639,41.03,0.0803,660,780,中
DO202606220014,2026-06-22,P006,全家便利店(龙江路店),R03,104.077199,30.641639,5.94,0.176,661,781,高
DO202606220015,2026-06-22,P008,永辉超市(银泰城店),R03,104.058121,30.541191,16.37,0.2402,663,783,中
DO202606220016,2026-06-22,P009,永辉超市(龙湖成都金楠天街店),R03,103.995986,30.648731,172.8,0.0336,734,854,低
DO202606220017,2026-06-22,P009,永辉超市(龙湖成都金楠天街店),R03,103.995986,30.648731,3.95,0.1611,742,862,中
DO202606220018,2026-06-22,P010,百分百超市(心语店),R03,104.045915,30.545712,14.15,0.0136,649,769,高
DO202606220019,2026-06-22,P010,百分百超市(心语店),R03,104.045915,30.545712,382.94,0.4573,650,770,高
DO202606220020,2026-06-22,P010,百分百超市(心语店),R03,104.045915,30.545712,49.72,0.0444,655,775,中
DO202606220021,2026-06-22,P011,永辉超市(成都市双铁广场店),R01,103.975737,30.758309,56.38,2.9709,545,665,低
DO202606220022,2026-06-22,P011,永辉超市(成都市双铁广场店),R01,103.975737,30.758309,13.89,0.1987,545,665,中
DO202606220023,2026-06-22,P011,永辉超市(成都市双铁广场店),R01,103.975737,30.758309,9.8,0.1728,547,667,中
DO202606220024,2026-06-22,P012,永辉超市(成都市蜀都万达广场店),R01,103.907862,30.807642,11.28,0.0797,831,951,低
DO202606220025,2026-06-22,P012,永辉超市(成都市蜀都万达广场店),R01,103.907862,30.807642,3.41,0.2678,831,951,中
DO202606220026,2026-06-22,P012,永辉超市(成都市蜀都万达广场店),R01,103.907862,30.807642,61.84,0.7054,831,951,高
DO202606220027,2026-06-22,P013,永辉超市(爱琴海购物中心店),R01,103.991901,30.737566,97.69,0.7277,618,738,中
DO202606220028,2026-06-22,P013,永辉超市(爱琴海购物中心店),R01,103.991901,30.737566,29.33,0.5755,619,739,高
DO202606220029,2026-06-22,P013,永辉超市(爱琴海购物中心店),R01,103.991901,30.737566,1.46,0.1109,620,740,高
DO202606220030,2026-06-22,P013,永辉超市(爱琴海购物中心店),R01,103.991901,30.737566,14.38,0.6128,622,742,中
DO202606220031,2026-06-22,P013,永辉超市(爱琴海购物中心店),R01,103.991901,30.737566,19.62,0.0141,626,746,低
DO202606220032,2026-06-22,P013,永辉超市(爱琴海购物中心店),R01,103.991901,30.737566,44.7,0.5093,626,746,高
DO202606220033,2026-06-22,P014,永辉超市(龙湖成都时代天街店),R01,103.921214,30.750831,1871.2,0.4067,583,703,低
DO202606220034,2026-06-22,P014,永辉超市(龙湖成都时代天街店),R01,103.921214,30.750831,1.29,0.0844,585,705,高
DO202606220035,2026-06-22,P014,永辉超市(龙湖成都时代天街店),R01,103.921214,30.750831,1.86,0.7038,589,709,中
DO202606220036,2026-06-22,P015,红旗超市(龙湖时代天街店),R01,103.919653,30.752444,268.89,0.3941,575,695,中
DO202606220037,2026-06-22,P015,红旗超市(龙湖时代天街店),R01,103.919653,30.752444,14.43,1.9959,578,698,高
DO202606220038,2026-06-22,P015,红旗超市(龙湖时代天街店),R01,103.919653,30.752444,71.69,0.1708,579,699,中
DO202606220039,2026-06-22,P016,LAWSON罗森(枣子巷15号院店),R04,104.044885,30.667759,22.26,0.0986,751,871,高
DO202606220040,2026-06-22,P016,LAWSON罗森(枣子巷15号院店),R04,104.044885,30.667759,66.86,0.4352,756,876,中
DO202606220041,2026-06-22,P017,LAWSON罗森(龙湖成都上城天街店),R04,104.071944,30.68395,89.66,0.1099,554,674,高
DO202606220042,2026-06-22,P017,LAWSON罗森(龙湖成都上城天街店),R04,104.071944,30.68395,46.86,0.242,563,683,高
DO202606220043,2026-06-22,P018,乐多(成华西街一店),R04,104.071998,30.683402,45.92,0.0549,729,849,中
DO202606220044,2026-06-22,P018,乐多(成华西街一店),R04,104.071998,30.683402,503.72,0.1678,734,854,中
DO202606220045,2026-06-22,P018,乐多(成华西街一店),R04,104.071998,30.683402,12.33,3.0145,737,857,中
DO202606220046,2026-06-22,P019,奥特乐(成都龙湖上城天街店),R04,104.072004,30.684929,83.78,0.0591,549,669,中
DO202606220047,2026-06-22,P019,奥特乐(成都龙湖上城天街店),R04,104.072004,30.684929,12.25,0.6848,551,671,低
DO202606220048,2026-06-22,P020,朴朴超市(西体路店),R04,104.061775,30.681195,32.63,2.2486,594,714,中
DO202606220049,2026-06-22,P021,Ole 精品超市(IFS国际金融中心店),R05,104.081893,30.655003,83.59,0.7478,784,904,中
DO202606220050,2026-06-22,P022,四川舞东风超市连锁股份有限公司,R05,104.082047,30.660437,587.78,2.3842,638,758,中
DO202606220051,2026-06-22,P023,永辉超市(文华广场店),R05,104.107695,30.637048,11.7,0.3225,785,905,中
DO202606220052,2026-06-22,P024,永辉超市(锦江城市花园店),R05,104.142752,30.595134,153.02,0.2912,702,822,中
DO202606220053,2026-06-22,P024,永辉超市(锦江城市花园店),R05,104.142752,30.595134,114.99,0.1271,703,823,低
DO202606220054,2026-06-22,P024,永辉超市(锦江城市花园店),R05,104.142752,30.595134,51.97,0.132,707,827,低
DO202606220055,2026-06-22,P024,永辉超市(锦江城市花园店),R05,104.142752,30.595134,322.12,1.1581,710,830,高
DO202606220056,2026-06-22,P025,红旗超市(成都红旗商厦店),R05,104.072081,30.658735,20.0,0.5408,550,670,中
DO202606220057,2026-06-22,P026,友好多连锁超市(界牌店),R07,104.313922,30.880419,56.13,0.1652,642,762,中
DO202606220058,2026-06-22,P027,大荣发连锁超市(和顺雅苑店),R07,104.253582,30.90011,59.32,0.0293,680,800,中
DO202606220059,2026-06-22,P029,永辉超市(青白江万达广场店),R07,104.253652,30.878095,188.82,0.3063,854,974,高
DO202606220060,2026-06-22,P030,润都连锁生活超市(正兴路店),R07,104.188354,30.87079,7.19,0.0782,725,845,中
DO202606220061,2026-06-22,P031,渝华连锁超市(学苑路店),R07,104.276426,30.875299,24.88,1.1643,837,957,中
DO202606220062,2026-06-22,P032,渝华连锁超市(绣川新城店),R07,104.330571,30.85576,48.93,0.0634,794,914,高
DO202606220063,2026-06-22,P033,红旗超市(团结花园店),R07,104.246885,30.877313,95.37,0.2209,612,732,中
DO202606220064,2026-06-22,P033,红旗超市(团结花园店),R07,104.246885,30.877313,43.81,0.0516,615,735,中
DO202606220065,2026-06-22,P033,红旗超市(团结花园店),R07,104.246885,30.877313,66.66,0.157,620,740,中
DO202606220066,2026-06-22,P033,红旗超市(团结花园店),R07,104.246885,30.877313,746.24,1.1915,621,741,高
DO202606220067,2026-06-22,P034,红旗连锁(北城新界民族花园店),R07,104.201632,30.877318,11.03,0.3984,862,982,中
DO202606220068,2026-06-22,P034,红旗连锁(北城新界民族花园店),R07,104.201632,30.877318,6.81,12.3044,862,982,中
DO202606220069,2026-06-22,P035,红旗连锁(青白江同金街便利店),R07,104.244552,30.889503,7.03,0.6261,778,898,中
DO202606220070,2026-06-22,P036,红旗连锁(青白江城厢首府分场),R07,104.323054,30.860039,154.34,0.7988,763,883,高
DO202606220071,2026-06-22,P037,红旗连锁(青白江石家碾西路店),R07,104.253962,30.887052,5.8,1.362,759,879,中
DO202606220072,2026-06-22,P038,青江一家超市,R07,104.284321,30.880989,121.03,0.0455,876,996,低
DO202606220073,2026-06-22,P038,青江一家超市,R07,104.284321,30.880989,77.98,0.4606,876,996,中
DO202606220074,2026-06-22,P038,青江一家超市,R07,104.284321,30.880989,300.45,0.3857,878,998,中
DO202606220075,2026-06-22,P038,青江一家超市,R07,104.284321,30.880989,221.09,0.1743,879,999,低
DO202606220076,2026-06-22,P038,青江一家超市,R07,104.284321,30.880989,79.67,0.708,882,1002,低
DO202606220077,2026-06-22,P038,青江一家超市,R07,104.284321,30.880989,61.59,0.4127,882,1002,低
DO202606220078,2026-06-22,P038,青江一家超市,R07,104.284321,30.880989,303.85,0.1714,884,1004,中
DO202606220079,2026-06-22,P038,青江一家超市,R07,104.284321,30.880989,41.92,0.0202,885,1005,低
DO202606220080,2026-06-22,P039,青江百货连锁超市,R07,104.269502,30.876837,78.79,0.3671,672,792,中
DO202606220081,2026-06-22,P040,上蔬永辉超市(西单商场店),R02,104.000521,30.674866,37.42,0.3771,898,1018,高
DO202606220082,2026-06-22,P040,上蔬永辉超市(西单商场店),R02,104.000521,30.674866,42.69,0.1056,898,1018,高
DO202606220083,2026-06-22,P041,永辉超市(成都青羊中铁大道店),R02,103.961452,30.670211,7.21,0.1631,577,697,低
DO202606220084,2026-06-22,P041,永辉超市(成都青羊中铁大道店),R02,103.961452,30.670211,8.35,0.1845,578,698,中
DO202606220085,2026-06-22,P041,永辉超市(成都青羊中铁大道店),R02,103.961452,30.670211,5.9,0.3753,578,698,中
DO202606220086,2026-06-22,P041,永辉超市(成都青羊中铁大道店),R02,103.961452,30.670211,14.4,0.1941,581,701,高
DO202606220087,2026-06-22,P041,永辉超市(成都青羊中铁大道店),R02,103.961452,30.670211,119.05,1.7614,583,703,中
DO202606220088,2026-06-22,P041,永辉超市(成都青羊中铁大道店),R02,103.961452,30.670211,441.04,0.0377,585,705,高
DO202606220089,2026-06-22,P042,永辉超市(青羊新城市店),R02,104.057614,30.67321,307.71,0.5292,742,862,低
DO202606220090,2026-06-22,P042,永辉超市(青羊新城市店),R02,104.057614,30.67321,8.67,0.0405,749,869,中
DO202606220091,2026-06-22,P043,红旗超市(中同仁路分场),R02,104.052373,30.668819,161.42,0.0665,531,651,低
DO202606220092,2026-06-22,P043,红旗超市(中同仁路分场),R02,104.052373,30.668819,35.92,0.0655,533,653,中
DO202606220093,2026-06-22,P043,红旗超市(中同仁路分场),R02,104.052373,30.668819,191.88,0.3827,536,656,高
DO202606220094,2026-06-22,P044,邻你生活超市(大庆店),R02,104.032527,30.669557,4.36,1.3902,785,905,高
DO202606220095,2026-06-22,P044,邻你生活超市(大庆店),R02,104.032527,30.669557,75.99,4.8686,790,910,中
DO202606220096,2026-06-22,P044,邻你生活超市(大庆店),R02,104.032527,30.669557,6.08,0.9278,791,911,中
DO202606220097,2026-06-22,P044,邻你生活超市(大庆店),R02,104.032527,30.669557,5.85,0.0727,793,913,高
DO202606220098,2026-06-22,P046,尚喜超市(锦绣路店),R08,104.308338,30.606726,32.02,0.0974,826,946,低
DO202606220099,2026-06-22,P046,尚喜超市(锦绣路店),R08,104.308338,30.606726,50.85,0.0401,831,951,低
DO202606220100,2026-06-22,P046,尚喜超市(锦绣路店),R08,104.308338,30.606726,39.51,0.3734,833,953,低
DO202606220101,2026-06-22,P046,尚喜超市(锦绣路店),R08,104.308338,30.606726,52.93,1.2978,834,954,中
DO202606220102,2026-06-22,P047,永辉超市(成都龙泉驿万达广场店),R08,104.269392,30.566865,152.32,0.0718,779,899,中
DO202606220103,2026-06-22,P047,永辉超市(成都龙泉驿万达广场店),R08,104.269392,30.566865,16.53,0.0559,782,902,高
DO202606220104,2026-06-22,P047,永辉超市(成都龙泉驿万达广场店),R08,104.269392,30.566865,10.86,0.1393,786,906,中
DO202606220105,2026-06-22,P048,汇联美连锁超市(中街店),R08,104.27333,30.560098,77.37,0.052,763,883,中
DO202606220106,2026-06-22,P049,百伦生活超市(龙泉店),R08,104.273346,30.559846,617.17,2.5983,790,910,中
DO202606220107,2026-06-22,P049,百伦生活超市(龙泉店),R08,104.273346,30.559846,13.3,0.4844,795,915,高
DO202606220108,2026-06-22,P049,百伦生活超市(龙泉店),R08,104.273346,30.559846,781.98,0.0925,796,916,中
DO202606220109,2026-06-22,P049,百伦生活超市(龙泉店),R08,104.273346,30.559846,26.54,7.7242,799,919,低
DO202606220110,2026-06-22,P049,百伦生活超市(龙泉店),R08,104.273346,30.559846,5.7,0.0719,800,920,高
DO202606220111,2026-06-22,P049,百伦生活超市(龙泉店),R08,104.273346,30.559846,11.19,0.1855,800,920,高
DO202606230000,2026-06-23,P001,689便民(荣盛·香榭兰庭店),R06,104.135375,30.623625,123.52,0.7883,738,858,高
DO202606230001,2026-06-23,P001,689便民(荣盛·香榭兰庭店),R06,104.135375,30.623625,7.26,0.6275,741,861,中
DO202606230002,2026-06-23,P003,红旗连锁,R06,104.132763,30.627528,184.32,0.0644,785,905,中
DO202606230003,2026-06-23,P004,老蔡小卖部(水碾河路北社区三街店),R06,104.099234,30.648748,13.79,0.1852,730,850,高
DO202606230004,2026-06-23,P004,老蔡小卖部(水碾河路北社区三街店),R06,104.099234,30.648748,21.31,0.0373,734,854,中
DO202606230005,2026-06-23,P004,老蔡小卖部(水碾河路北社区三街店),R06,104.099234,30.648748,9.47,0.0966,735,855,中
DO202606230006,2026-06-23,P004,老蔡小卖部(水碾河路北社区三街店),R06,104.099234,30.648748,6.58,0.0363,738,858,低
DO202606230007,2026-06-23,P004,老蔡小卖部(水碾河路北社区三街店),R06,104.099234,30.648748,11.49,0.3775,739,859,中
DO202606230008,2026-06-23,P005,郝英超市,R06,104.129707,30.628761,226.37,0.2797,528,648,中
DO202606230009,2026-06-23,P006,全家便利店(龙江路店),R03,104.077199,30.641639,256.93,0.8927,753,873,低
DO202606230010,2026-06-23,P006,全家便利店(龙江路店),R03,104.077199,30.641639,24.6,0.0593,757,877,高
DO202606230011,2026-06-23,P006,全家便利店(龙江路店),R03,104.077199,30.641639,8.7,0.2832,758,878,高
DO202606230012,2026-06-23,P006,全家便利店(龙江路店),R03,104.077199,30.641639,23.49,0.6081,760,880,中
DO202606230013,2026-06-23,P007,永辉超市(成都市新城吾悦广场店),R03,103.988663,30.626255,53.5,0.4351,777,897,低
DO202606230014,2026-06-23,P007,永辉超市(成都市新城吾悦广场店),R03,103.988663,30.626255,44.21,0.6225,783,903,中
DO202606230015,2026-06-23,P008,永辉超市(银泰城店),R03,104.058121,30.541191,30.35,0.0423,867,987,高
DO202606230016,2026-06-23,P008,永辉超市(银泰城店),R03,104.058121,30.541191,5.39,1.4399,870,990,低
DO202606230017,2026-06-23,P009,永辉超市(龙湖成都金楠天街店),R03,103.995986,30.648731,11.52,0.4783,640,760,中
DO202606230018,2026-06-23,P010,百分百超市(心语店),R03,104.045915,30.545712,4.68,0.4825,851,971,中
DO202606230019,2026-06-23,P010,百分百超市(心语店),R03,104.045915,30.545712,2.77,0.8087,855,975,中
DO202606230020,2026-06-23,P011,永辉超市(成都市双铁广场店),R01,103.975737,30.758309,19.9,0.3926,578,698,高
DO202606230021,2026-06-23,P011,永辉超市(成都市双铁广场店),R01,103.975737,30.758309,33.7,0.3939,578,698,高
DO202606230022,2026-06-23,P012,永辉超市(成都市蜀都万达广场店),R01,103.907862,30.807642,151.73,0.1227,609,729,低
DO202606230023,2026-06-23,P013,永辉超市(爱琴海购物中心店),R01,103.991901,30.737566,628.96,0.6047,559,679,中
DO202606230024,2026-06-23,P013,永辉超市(爱琴海购物中心店),R01,103.991901,30.737566,182.87,0.1159,559,679,高
DO202606230025,2026-06-23,P013,永辉超市(爱琴海购物中心店),R01,103.991901,30.737566,6.82,0.273,562,682,中
DO202606230026,2026-06-23,P013,永辉超市(爱琴海购物中心店),R01,103.991901,30.737566,74.49,0.1876,562,682,低
DO202606230027,2026-06-23,P013,永辉超市(爱琴海购物中心店),R01,103.991901,30.737566,179.1,0.0671,563,683,中
DO202606230028,2026-06-23,P014,永辉超市(龙湖成都时代天街店),R01,103.921214,30.750831,67.2,0.399,845,965,低
DO202606230029,2026-06-23,P015,红旗超市(龙湖时代天街店),R01,103.919653,30.752444,1895.27,0.0679,624,744,中
DO202606230030,2026-06-23,P015,红旗超市(龙湖时代天街店),R01,103.919653,30.752444,265.98,0.4412,625,745,中
DO202606230031,2026-06-23,P015,红旗超市(龙湖时代天街店),R01,103.919653,30.752444,196.89,0.1338,625,745,中
DO202606230032,2026-06-23,P016,LAWSON罗森(枣子巷15号院店),R04,104.044885,30.667759,9.3,0.5456,584,704,中
DO202606230033,2026-06-23,P016,LAWSON罗森(枣子巷15号院店),R04,104.044885,30.667759,41.25,1.2393,586,706,中
DO202606230034,2026-06-23,P016,LAWSON罗森(枣子巷15号院店),R04,104.044885,30.667759,13.44,0.0506,591,711,中
DO202606230035,2026-06-23,P017,LAWSON罗森(龙湖成都上城天街店),R04,104.071944,30.68395,53.46,0.918,692,812,中
DO202606230036,2026-06-23,P017,LAWSON罗森(龙湖成都上城天街店),R04,104.071944,30.68395,8.43,0.3135,696,816,低
DO202606230037,2026-06-23,P017,LAWSON罗森(龙湖成都上城天街店),R04,104.071944,30.68395,29.05,0.0543,697,817,中
DO202606230038,2026-06-23,P018,乐多(成华西街一店),R04,104.071998,30.683402,9.37,0.0776,634,754,中
DO202606230039,2026-06-23,P019,奥特乐(成都龙湖上城天街店),R04,104.072004,30.684929,25.89,0.6369,879,999,低
DO202606230040,2026-06-23,P021,Ole 精品超市(IFS国际金融中心店),R05,104.081893,30.655003,70.33,0.1798,707,827,中
DO202606230041,2026-06-23,P021,Ole 精品超市(IFS国际金融中心店),R05,104.081893,30.655003,250.67,0.9185,710,830,中
DO202606230042,2026-06-23,P021,Ole 精品超市(IFS国际金融中心店),R05,104.081893,30.655003,5.65,4.5165,710,830,高
DO202606230043,2026-06-23,P022,四川舞东风超市连锁股份有限公司,R05,104.082047,30.660437,751.77,0.1483,518,638,低
DO202606230044,2026-06-23,P022,四川舞东风超市连锁股份有限公司,R05,104.082047,30.660437,60.65,0.0124,521,641,中
DO202606230045,2026-06-23,P022,四川舞东风超市连锁股份有限公司,R05,104.082047,30.660437,36.71,0.6241,523,643,低
DO202606230046,2026-06-23,P023,永辉超市(文华广场店),R05,104.107695,30.637048,2.36,0.3282,676,796,中
DO202606230047,2026-06-23,P023,永辉超市(文华广场店),R05,104.107695,30.637048,16.79,0.9135,681,801,低
DO202606230048,2026-06-23,P024,永辉超市(锦江城市花园店),R05,104.142752,30.595134,267.08,0.1936,662,782,中
DO202606230049,2026-06-23,P025,红旗超市(成都红旗商厦店),R05,104.072081,30.658735,16.61,0.6664,667,787,低
DO202606230050,2026-06-23,P026,友好多连锁超市(界牌店),R07,104.313922,30.880419,84.11,0.1852,814,934,中
DO202606230051,2026-06-23,P026,友好多连锁超市(界牌店),R07,104.313922,30.880419,37.16,0.241,815,935,中
DO202606230052,2026-06-23,P026,友好多连锁超市(界牌店),R07,104.313922,30.880419,66.24,0.4306,818,938,低
DO202606230053,2026-06-23,P027,大荣发连锁超市(和顺雅苑店),R07,104.253582,30.90011,22.82,0.2325,559,679,高
DO202606230054,2026-06-23,P027,大荣发连锁超市(和顺雅苑店),R07,104.253582,30.90011,4.33,0.771,562,682,中
DO202606230055,2026-06-23,P027,大荣发连锁超市(和顺雅苑店),R07,104.253582,30.90011,16.57,1.4642,566,686,高
DO202606230056,2026-06-23,P027,大荣发连锁超市(和顺雅苑店),R07,104.253582,30.90011,135.31,0.1786,568,688,高
DO202606230057,2026-06-23,P027,大荣发连锁超市(和顺雅苑店),R07,104.253582,30.90011,162.43,0.3634,568,688,中
DO202606230058,2026-06-23,P028,永辉超市(天府欧城店),R07,104.256388,30.892152,436.39,0.1433,720,840,中
DO202606230059,2026-06-23,P029,永辉超市(青白江万达广场店),R07,104.253652,30.878095,109.23,0.566,562,682,中
DO202606230060,2026-06-23,P029,永辉超市(青白江万达广场店),R07,104.253652,30.878095,68.28,0.8143,570,690,高
DO202606230061,2026-06-23,P030,润都连锁生活超市(正兴路店),R07,104.188354,30.87079,109.52,0.6744,900,1020,中
DO202606230062,2026-06-23,P031,渝华连锁超市(学苑路店),R07,104.276426,30.875299,5.67,0.6479,807,927,中
DO202606230063,2026-06-23,P031,渝华连锁超市(学苑路店),R07,104.276426,30.875299,242.77,1.1616,809,929,高
DO202606230064,2026-06-23,P031,渝华连锁超市(学苑路店),R07,104.276426,30.875299,112.77,0.8184,813,933,中
DO202606230065,2026-06-23,P032,渝华连锁超市(绣川新城店),R07,104.330571,30.85576,4.64,0.0633,751,871,低
DO202606230066,2026-06-23,P032,渝华连锁超市(绣川新城店),R07,104.330571,30.85576,152.1,0.3393,756,876,低
DO202606230067,2026-06-23,P032,渝华连锁超市(绣川新城店),R07,104.330571,30.85576,87.6,1.0297,757,877,中
DO202606230068,2026-06-23,P033,红旗超市(团结花园店),R07,104.246885,30.877313,24.55,0.0698,889,1009,高
DO202606230069,2026-06-23,P035,红旗连锁(青白江同金街便利店),R07,104.244552,30.889503,10.48,1.1879,524,644,高
DO202606230070,2026-06-23,P035,红旗连锁(青白江同金街便利店),R07,104.244552,30.889503,32.28,0.1117,528,648,中
DO202606230071,2026-06-23,P035,红旗连锁(青白江同金街便利店),R07,104.244552,30.889503,7.37,0.1014,534,654,中
DO202606230072,2026-06-23,P036,红旗连锁(青白江城厢首府分场),R07,104.323054,30.860039,9.06,0.8637,684,804,中
DO202606230073,2026-06-23,P036,红旗连锁(青白江城厢首府分场),R07,104.323054,30.860039,87.83,0.2535,688,808,中
DO202606230074,2026-06-23,P037,红旗连锁(青白江石家碾西路店),R07,104.253962,30.887052,64.25,0.1799,800,920,中
DO202606230075,2026-06-23,P037,红旗连锁(青白江石家碾西路店),R07,104.253962,30.887052,14.82,2.8381,806,926,低
DO202606230076,2026-06-23,P037,红旗连锁(青白江石家碾西路店),R07,104.253962,30.887052,286.54,1.5788,810,930,高
DO202606230077,2026-06-23,P038,青江一家超市,R07,104.284321,30.880989,205.9,0.1469,622,742,中
DO202606230078,2026-06-23,P038,青江一家超市,R07,104.284321,30.880989,1.92,0.0105,624,744,高
DO202606230079,2026-06-23,P038,青江一家超市,R07,104.284321,30.880989,92.88,0.0616,631,751,低
DO202606230080,2026-06-23,P039,青江百货连锁超市,R07,104.269502,30.876837,307.46,2.5719,830,950,中
DO202606230081,2026-06-23,P039,青江百货连锁超市,R07,104.269502,30.876837,5.47,0.4841,830,950,低
DO202606230082,2026-06-23,P040,上蔬永辉超市(西单商场店),R02,104.000521,30.674866,20.87,0.5808,636,756,中
DO202606230083,2026-06-23,P041,永辉超市(成都青羊中铁大道店),R02,103.961452,30.670211,62.85,0.2701,696,816,中
DO202606230084,2026-06-23,P041,永辉超市(成都青羊中铁大道店),R02,103.961452,30.670211,13.24,1.0732,696,816,低
DO202606230085,2026-06-23,P041,永辉超市(成都青羊中铁大道店),R02,103.961452,30.670211,18.51,0.1095,701,821,低
DO202606230086,2026-06-23,P042,永辉超市(青羊新城市店),R02,104.057614,30.67321,20.56,0.1242,589,709,高
DO202606230087,2026-06-23,P042,永辉超市(青羊新城市店),R02,104.057614,30.67321,54.75,0.5974,589,709,中
DO202606230088,2026-06-23,P042,永辉超市(青羊新城市店),R02,104.057614,30.67321,27.48,0.319,592,712,低
DO202606230089,2026-06-23,P042,永辉超市(青羊新城市店),R02,104.057614,30.67321,687.01,0.2013,594,714,高
DO202606230090,2026-06-23,P043,红旗超市(中同仁路分场),R02,104.052373,30.668819,91.65,0.0676,776,896,低
DO202606230091,2026-06-23,P043,红旗超市(中同仁路分场),R02,104.052373,30.668819,80.86,0.1989,777,897,中
DO202606230092,2026-06-23,P043,红旗超市(中同仁路分场),R02,104.052373,30.668819,94.13,1.4689,785,905,低
DO202606230093,2026-06-23,P044,邻你生活超市(大庆店),R02,104.032527,30.669557,50.28,0.0222,657,777,高
DO202606230094,2026-06-23,P044,邻你生活超市(大庆店),R02,104.032527,30.669557,4.33,0.1106,658,778,中
DO202606230095,2026-06-23,P044,邻你生活超市(大庆店),R02,104.032527,30.669557,44.24,3.5393,658,778,低
DO202606230096,2026-06-23,P044,邻你生活超市(大庆店),R02,104.032527,30.669557,34.45,0.0328,664,784,高
DO202606230097,2026-06-23,P045,世纪红连锁超市,R08,104.208007,30.532247,48.53,0.2988,748,868,中
DO202606230098,2026-06-23,P045,世纪红连锁超市,R08,104.208007,30.532247,28.97,0.1089,751,871,中
DO202606230099,2026-06-23,P046,尚喜超市(锦绣路店),R08,104.308338,30.606726,51.94,0.5816,514,634,高
DO202606230100,2026-06-23,P047,永辉超市(成都龙泉驿万达广场店),R08,104.269392,30.566865,175.63,0.6029,778,898,低
DO202606230101,2026-06-23,P047,永辉超市(成都龙泉驿万达广场店),R08,104.269392,30.566865,31.33,0.4683,787,907,中
DO202606230102,2026-06-23,P047,永辉超市(成都龙泉驿万达广场店),R08,104.269392,30.566865,2.97,1.2709,788,908,中
DO202606230103,2026-06-23,P048,汇联美连锁超市(中街店),R08,104.27333,30.560098,14.66,0.1109,835,955,中
DO202606230104,2026-06-23,P048,汇联美连锁超市(中街店),R08,104.27333,30.560098,26.46,0.6583,836,956,低
DO202606230105,2026-06-23,P048,汇联美连锁超市(中街店),R08,104.27333,30.560098,307.21,0.4423,839,959,低
DO202606230106,2026-06-23,P049,百伦生活超市(龙泉店),R08,104.273346,30.559846,132.09,0.0711,878,998,低
DO202606230107,2026-06-23,P049,百伦生活超市(龙泉店),R08,104.273346,30.559846,37.15,0.1248,880,1000,低
DO202606230108,2026-06-23,P049,百伦生活超市(龙泉店),R08,104.273346,30.559846,112.83,0.1379,883,1003,中
DO202606240000,2026-06-24,P001,689便民(荣盛·香榭兰庭店),R06,104.135375,30.623625,14.4,3.7667,772,892,低
DO202606240001,2026-06-24,P001,689便民(荣盛·香榭兰庭店),R06,104.135375,30.623625,12.51,0.1846,772,892,中
DO202606240002,2026-06-24,P001,689便民(荣盛·香榭兰庭店),R06,104.135375,30.623625,67.25,1.346,776,896,中
DO202606240003,2026-06-24,P001,689便民(荣盛·香榭兰庭店),R06,104.135375,30.623625,84.73,0.2348,777,897,高
DO202606240004,2026-06-24,P001,689便民(荣盛·香榭兰庭店),R06,104.135375,30.623625,5.49,0.0469,779,899,高
DO202606240005,2026-06-24,P002,十二超市(佳年华广场1期店),R06,104.131787,30.627615,48.51,3.8854,540,660,低
DO202606240006,2026-06-24,P003,红旗连锁,R06,104.132763,30.627528,6.29,0.5304,648,768,中
DO202606240007,2026-06-24,P003,红旗连锁,R06,104.132763,30.627528,139.58,0.375,649,769,低
DO202606240008,2026-06-24,P003,红旗连锁,R06,104.132763,30.627528,96.91,1.3397,651,771,低
DO202606240009,2026-06-24,P003,红旗连锁,R06,104.132763,30.627528,22.16,0.3458,655,775,低
DO202606240010,2026-06-24,P004,老蔡小卖部(水碾河路北社区三街店),R06,104.099234,30.648748,58.15,1.0712,707,827,中
DO202606240011,2026-06-24,P005,郝英超市,R06,104.129707,30.628761,23.84,0.0294,547,667,低
DO202606240012,2026-06-24,P006,全家便利店(龙江路店),R03,104.077199,30.641639,3.29,0.2741,839,959,中
DO202606240013,2026-06-24,P006,全家便利店(龙江路店),R03,104.077199,30.641639,221.88,0.1188,841,961,高
DO202606240014,2026-06-24,P006,全家便利店(龙江路店),R03,104.077199,30.641639,217.04,0.5675,846,966,高
DO202606240015,2026-06-24,P008,永辉超市(银泰城店),R03,104.058121,30.541191,9.27,0.472,750,870,低
DO202606240016,2026-06-24,P009,永辉超市(龙湖成都金楠天街店),R03,103.995986,30.648731,562.13,0.235,620,740,中
DO202606240017,2026-06-24,P009,永辉超市(龙湖成都金楠天街店),R03,103.995986,30.648731,124.96,2.0428,621,741,中
DO202606240018,2026-06-24,P009,永辉超市(龙湖成都金楠天街店),R03,103.995986,30.648731,45.08,0.128,625,745,中
DO202606240019,2026-06-24,P010,百分百超市(心语店),R03,104.045915,30.545712,188.73,1.2463,740,860,高
DO202606240020,2026-06-24,P010,百分百超市(心语店),R03,104.045915,30.545712,29.43,0.5968,748,868,中
DO202606240021,2026-06-24,P010,百分百超市(心语店),R03,104.045915,30.545712,76.38,0.0434,749,869,低
DO202606240022,2026-06-24,P011,永辉超市(成都市双铁广场店),R01,103.975737,30.758309,35.53,0.089,812,932,低
DO202606240023,2026-06-24,P011,永辉超市(成都市双铁广场店),R01,103.975737,30.758309,160.37,0.2559,818,938,中
DO202606240024,2026-06-24,P011,永辉超市(成都市双铁广场店),R01,103.975737,30.758309,5.28,0.0301,822,942,高
DO202606240025,2026-06-24,P012,永辉超市(成都市蜀都万达广场店),R01,103.907862,30.807642,156.39,0.1317,725,845,高
DO202606240026,2026-06-24,P012,永辉超市(成都市蜀都万达广场店),R01,103.907862,30.807642,6.57,0.067,729,849,低
DO202606240027,2026-06-24,P012,永辉超市(成都市蜀都万达广场店),R01,103.907862,30.807642,238.56,0.0509,730,850,中
DO202606240028,2026-06-24,P013,永辉超市(爱琴海购物中心店),R01,103.991901,30.737566,31.76,0.0351,627,747,中
DO202606240029,2026-06-24,P013,永辉超市(爱琴海购物中心店),R01,103.991901,30.737566,41.72,0.6765,629,749,中
DO202606240030,2026-06-24,P013,永辉超市(爱琴海购物中心店),R01,103.991901,30.737566,67.01,0.1813,631,751,中
DO202606240031,2026-06-24,P013,永辉超市(爱琴海购物中心店),R01,103.991901,30.737566,1071.06,0.3395,631,751,中
DO202606240032,2026-06-24,P013,永辉超市(爱琴海购物中心店),R01,103.991901,30.737566,104.58,0.1731,634,754,高
DO202606240033,2026-06-24,P014,永辉超市(龙湖成都时代天街店),R01,103.921214,30.750831,16.48,0.1798,874,994,高
DO202606240034,2026-06-24,P014,永辉超市(龙湖成都时代天街店),R01,103.921214,30.750831,102.94,1.9662,878,998,高
DO202606240035,2026-06-24,P015,红旗超市(龙湖时代天街店),R01,103.919653,30.752444,89.45,0.0303,882,1002,中
DO202606240036,2026-06-24,P015,红旗超市(龙湖时代天街店),R01,103.919653,30.752444,3.93,0.0712,889,1009,中
DO202606240037,2026-06-24,P016,LAWSON罗森(枣子巷15号院店),R04,104.044885,30.667759,494.79,0.7475,673,793,中
DO202606240038,2026-06-24,P016,LAWSON罗森(枣子巷15号院店),R04,104.044885,30.667759,234.42,0.4515,674,794,高
DO202606240039,2026-06-24,P017,LAWSON罗森(龙湖成都上城天街店),R04,104.071944,30.68395,58.64,0.2584,746,866,高
DO202606240040,2026-06-24,P017,LAWSON罗森(龙湖成都上城天街店),R04,104.071944,30.68395,29.93,0.2555,749,869,中
DO202606240041,2026-06-24,P017,LAWSON罗森(龙湖成都上城天街店),R04,104.071944,30.68395,5.76,11.0742,749,869,中
DO202606240042,2026-06-24,P017,LAWSON罗森(龙湖成都上城天街店),R04,104.071944,30.68395,169.18,0.2737,751,871,中
DO202606240043,2026-06-24,P017,LAWSON罗森(龙湖成都上城天街店),R04,104.071944,30.68395,15.81,0.2087,752,872,高
DO202606240044,2026-06-24,P019,奥特乐(成都龙湖上城天街店),R04,104.072004,30.684929,49.4,0.0238,592,712,低
DO202606240045,2026-06-24,P019,奥特乐(成都龙湖上城天街店),R04,104.072004,30.684929,35.89,0.3093,596,716,高
DO202606240046,2026-06-24,P019,奥特乐(成都龙湖上城天街店),R04,104.072004,30.684929,92.29,0.3169,596,716,中
DO202606240047,2026-06-24,P020,朴朴超市(西体路店),R04,104.061775,30.681195,27.81,0.1396,791,911,高
DO202606240048,2026-06-24,P021,Ole 精品超市(IFS国际金融中心店),R05,104.081893,30.655003,116.84,0.5517,747,867,高
DO202606240049,2026-06-24,P022,四川舞东风超市连锁股份有限公司,R05,104.082047,30.660437,51.76,0.5504,519,639,中
DO202606240050,2026-06-24,P025,红旗超市(成都红旗商厦店),R05,104.072081,30.658735,14.34,0.744,683,803,低
DO202606240051,2026-06-24,P026,友好多连锁超市(界牌店),R07,104.313922,30.880419,181.49,0.432,660,780,低
DO202606240052,2026-06-24,P026,友好多连锁超市(界牌店),R07,104.313922,30.880419,350.36,0.8598,665,785,中
DO202606240053,2026-06-24,P026,友好多连锁超市(界牌店),R07,104.313922,30.880419,61.41,2.3851,670,790,中
DO202606240054,2026-06-24,P027,大荣发连锁超市(和顺雅苑店),R07,104.253582,30.90011,167.33,0.4137,734,854,中
DO202606240055,2026-06-24,P027,大荣发连锁超市(和顺雅苑店),R07,104.253582,30.90011,30.86,0.256,735,855,中
DO202606240056,2026-06-24,P027,大荣发连锁超市(和顺雅苑店),R07,104.253582,30.90011,66.24,0.3081,738,858,低
DO202606240057,2026-06-24,P027,大荣发连锁超市(和顺雅苑店),R07,104.253582,30.90011,189.1,0.2222,741,861,中
DO202606240058,2026-06-24,P027,大荣发连锁超市(和顺雅苑店),R07,104.253582,30.90011,62.95,0.5564,741,861,高
DO202606240059,2026-06-24,P028,永辉超市(天府欧城店),R07,104.256388,30.892152,18.07,0.5511,845,965,中
DO202606240060,2026-06-24,P029,永辉超市(青白江万达广场店),R07,104.253652,30.878095,45.08,0.0411,849,969,高
DO202606240061,2026-06-24,P030,润都连锁生活超市(正兴路店),R07,104.188354,30.87079,104.06,1.9555,570,690,中
DO202606240062,2026-06-24,P030,润都连锁生活超市(正兴路店),R07,104.188354,30.87079,15.31,0.3452,570,690,中
DO202606240063,2026-06-24,P031,渝华连锁超市(学苑路店),R07,104.276426,30.875299,293.07,0.4434,720,840,中
DO202606240064,2026-06-24,P031,渝华连锁超市(学苑路店),R07,104.276426,30.875299,59.52,0.3615,722,842,中
DO202606240065,2026-06-24,P032,渝华连锁超市(绣川新城店),R07,104.330571,30.85576,119.64,3.1236,658,778,中
DO202606240066,2026-06-24,P032,渝华连锁超市(绣川新城店),R07,104.330571,30.85576,60.23,0.6428,660,780,低
DO202606240067,2026-06-24,P033,红旗超市(团结花园店),R07,104.246885,30.877313,96.0,0.0787,852,972,低
DO202606240068,2026-06-24,P033,红旗超市(团结花园店),R07,104.246885,30.877313,52.33,0.158,853,973,低
DO202606240069,2026-06-24,P033,红旗超市(团结花园店),R07,104.246885,30.877313,19.92,0.0546,853,973,中
DO202606240070,2026-06-24,P033,红旗超市(团结花园店),R07,104.246885,30.877313,37.55,0.3249,858,978,中
DO202606240071,2026-06-24,P033,红旗超市(团结花园店),R07,104.246885,30.877313,9.68,0.3827,859,979,低
DO202606240072,2026-06-24,P033,红旗超市(团结花园店),R07,104.246885,30.877313,49.87,0.6139,861,981,中
DO202606240073,2026-06-24,P035,红旗连锁(青白江同金街便利店),R07,104.244552,30.889503,10.07,0.1873,726,846,中
DO202606240074,2026-06-24,P036,红旗连锁(青白江城厢首府分场),R07,104.323054,30.860039,180.65,0.1713,700,820,中
DO202606240075,2026-06-24,P036,红旗连锁(青白江城厢首府分场),R07,104.323054,30.860039,329.58,1.3172,704,824,低
DO202606240076,2026-06-24,P037,红旗连锁(青白江石家碾西路店),R07,104.253962,30.887052,22.62,0.4363,679,799,中
DO202606240077,2026-06-24,P037,红旗连锁(青白江石家碾西路店),R07,104.253962,30.887052,69.63,2.2052,685,805,中
DO202606240078,2026-06-24,P039,青江百货连锁超市,R07,104.269502,30.876837,64.02,0.1397,563,683,中
DO202606240079,2026-06-24,P039,青江百货连锁超市,R07,104.269502,30.876837,115.58,0.0632,566,686,中
DO202606240080,2026-06-24,P040,上蔬永辉超市(西单商场店),R02,104.000521,30.674866,154.6,0.1819,898,1018,中
DO202606240081,2026-06-24,P040,上蔬永辉超市(西单商场店),R02,104.000521,30.674866,6.16,0.4446,899,1019,中
DO202606240082,2026-06-24,P040,上蔬永辉超市(西单商场店),R02,104.000521,30.674866,237.26,0.3728,901,1021,中
DO202606240083,2026-06-24,P040,上蔬永辉超市(西单商场店),R02,104.000521,30.674866,23.09,0.2577,904,1024,高
DO202606240084,2026-06-24,P041,永辉超市(成都青羊中铁大道店),R02,103.961452,30.670211,23.64,0.2719,759,879,中
DO202606240085,2026-06-24,P041,永辉超市(成都青羊中铁大道店),R02,103.961452,30.670211,11.91,0.4483,759,879,中
DO202606240086,2026-06-24,P041,永辉超市(成都青羊中铁大道店),R02,103.961452,30.670211,40.3,0.307,761,881,高
DO202606240087,2026-06-24,P043,红旗超市(中同仁路分场),R02,104.052373,30.668819,17.06,4.8405,713,833,中
DO202606240088,2026-06-24,P043,红旗超市(中同仁路分场),R02,104.052373,30.668819,133.26,0.0572,716,836,低
DO202606240089,2026-06-24,P044,邻你生活超市(大庆店),R02,104.032527,30.669557,146.92,0.2791,603,723,高
DO202606240090,2026-06-24,P044,邻你生活超市(大庆店),R02,104.032527,30.669557,48.12,0.249,608,728,低
DO202606240091,2026-06-24,P045,世纪红连锁超市,R08,104.208007,30.532247,59.37,1.5212,742,862,高
DO202606240092,2026-06-24,P045,世纪红连锁超市,R08,104.208007,30.532247,5.44,0.3643,744,864,中
DO202606240093,2026-06-24,P046,尚喜超市(锦绣路店),R08,104.308338,30.606726,61.17,0.7955,900,1020,中
DO202606240094,2026-06-24,P046,尚喜超市(锦绣路店),R08,104.308338,30.606726,51.26,0.0642,903,1023,高
DO202606240095,2026-06-24,P046,尚喜超市(锦绣路店),R08,104.308338,30.606726,20.91,4.1568,905,1025,高
DO202606240096,2026-06-24,P046,尚喜超市(锦绣路店),R08,104.308338,30.606726,7.14,0.1788,907,1027,中
DO202606240097,2026-06-24,P046,尚喜超市(锦绣路店),R08,104.308338,30.606726,41.71,0.0229,909,1029,高
DO202606240098,2026-06-24,P047,永辉超市(成都龙泉驿万达广场店),R08,104.269392,30.566865,50.0,52.1571,527,647,高
DO202606240099,2026-06-24,P047,永辉超市(成都龙泉驿万达广场店),R08,104.269392,30.566865,6.84,0.1668,528,648,高
DO202606240100,2026-06-24,P047,永辉超市(成都龙泉驿万达广场店),R08,104.269392,30.566865,7.59,0.3947,531,651,高
DO202606240101,2026-06-24,P048,汇联美连锁超市(中街店),R08,104.27333,30.560098,45.32,0.0597,713,833,中
DO202606240102,2026-06-24,P049,百伦生活超市(龙泉店),R08,104.273346,30.559846,40.64,0.0468,512,632,低
DO202606240103,2026-06-24,P049,百伦生活超市(龙泉店),R08,104.273346,30.559846,285.48,3.6439,522,642,中
DO202606240104,2026-06-24,P049,百伦生活超市(龙泉店),R08,104.273346,30.559846,30.96,0.4521,522,642,高
DO202606250000,2026-06-25,P001,689便民(荣盛·香榭兰庭店),R06,104.135375,30.623625,32.74,0.8073,713,833,高
DO202606250001,2026-06-25,P003,红旗连锁,R06,104.132763,30.627528,36.03,3.1277,773,893,中
DO202606250002,2026-06-25,P003,红旗连锁,R06,104.132763,30.627528,107.93,0.2191,778,898,低
DO202606250003,2026-06-25,P004,老蔡小卖部(水碾河路北社区三街店),R06,104.099234,30.648748,75.19,0.4528,838,958,高
DO202606250004,2026-06-25,P004,老蔡小卖部(水碾河路北社区三街店),R06,104.099234,30.648748,31.95,0.1487,843,963,中
DO202606250005,2026-06-25,P004,老蔡小卖部(水碾河路北社区三街店),R06,104.099234,30.648748,14.13,1.1564,845,965,中
DO202606250006,2026-06-25,P005,郝英超市,R06,104.129707,30.628761,46.37,1.4494,829,949,高
DO202606250007,2026-06-25,P005,郝英超市,R06,104.129707,30.628761,23.51,0.1856,834,954,高
DO202606250008,2026-06-25,P006,全家便利店(龙江路店),R03,104.077199,30.641639,18.99,0.2648,764,884,中
DO202606250009,2026-06-25,P006,全家便利店(龙江路店),R03,104.077199,30.641639,18.54,0.0825,766,886,高
DO202606250010,2026-06-25,P006,全家便利店(龙江路店),R03,104.077199,30.641639,11.99,0.3806,768,888,高
DO202606250011,2026-06-25,P007,永辉超市(成都市新城吾悦广场店),R03,103.988663,30.626255,12.84,0.686,849,969,低
DO202606250012,2026-06-25,P007,永辉超市(成都市新城吾悦广场店),R03,103.988663,30.626255,61.63,0.1864,849,969,高
DO202606250013,2026-06-25,P008,永辉超市(银泰城店),R03,104.058121,30.541191,9.17,0.6273,545,665,中
DO202606250014,2026-06-25,P008,永辉超市(银泰城店),R03,104.058121,30.541191,39.14,0.0313,546,666,中
DO202606250015,2026-06-25,P009,永辉超市(龙湖成都金楠天街店),R03,103.995986,30.648731,289.39,0.06,774,894,低
DO202606250016,2026-06-25,P011,永辉超市(成都市双铁广场店),R01,103.975737,30.758309,46.74,0.0662,638,758,高
DO202606250017,2026-06-25,P011,永辉超市(成都市双铁广场店),R01,103.975737,30.758309,40.45,0.4139,641,761,中
DO202606250018,2026-06-25,P011,永辉超市(成都市双铁广场店),R01,103.975737,30.758309,82.86,2.0311,644,764,低
DO202606250019,2026-06-25,P012,永辉超市(成都市蜀都万达广场店),R01,103.907862,30.807642,10.63,0.4353,519,639,高
DO202606250020,2026-06-25,P012,永辉超市(成都市蜀都万达广场店),R01,103.907862,30.807642,187.05,0.7044,524,644,低
DO202606250021,2026-06-25,P012,永辉超市(成都市蜀都万达广场店),R01,103.907862,30.807642,30.11,0.1474,526,646,中
DO202606250022,2026-06-25,P013,永辉超市(爱琴海购物中心店),R01,103.991901,30.737566,598.61,0.4401,735,855,低
DO202606250023,2026-06-25,P013,永辉超市(爱琴海购物中心店),R01,103.991901,30.737566,581.44,0.1811,736,856,中
DO202606250024,2026-06-25,P013,永辉超市(爱琴海购物中心店),R01,103.991901,30.737566,26.07,0.0666,737,857,中
DO202606250025,2026-06-25,P013,永辉超市(爱琴海购物中心店),R01,103.991901,30.737566,123.13,0.0063,739,859,中
DO202606250026,2026-06-25,P013,永辉超市(爱琴海购物中心店),R01,103.991901,30.737566,20.12,0.7769,740,860,低
DO202606250027,2026-06-25,P014,永辉超市(龙湖成都时代天街店),R01,103.921214,30.750831,139.8,0.1229,768,888,中
DO202606250028,2026-06-25,P014,永辉超市(龙湖成都时代天街店),R01,103.921214,30.750831,51.08,0.8412,768,888,高
DO202606250029,2026-06-25,P015,红旗超市(龙湖时代天街店),R01,103.919653,30.752444,285.98,0.3567,551,671,中
DO202606250030,2026-06-25,P015,红旗超市(龙湖时代天街店),R01,103.919653,30.752444,153.84,0.1931,554,674,高
DO202606250031,2026-06-25,P015,红旗超市(龙湖时代天街店),R01,103.919653,30.752444,99.4,0.2569,555,675,高
DO202606250032,2026-06-25,P017,LAWSON罗森(龙湖成都上城天街店),R04,104.071944,30.68395,3.69,0.1409,882,1002,低
DO202606250033,2026-06-25,P017,LAWSON罗森(龙湖成都上城天街店),R04,104.071944,30.68395,15.79,0.3466,882,1002,中
DO202606250034,2026-06-25,P018,乐多(成华西街一店),R04,104.071998,30.683402,23.66,0.9757,557,677,低
DO202606250035,2026-06-25,P018,乐多(成华西街一店),R04,104.071998,30.683402,5.3,0.2466,560,680,高
DO202606250036,2026-06-25,P019,奥特乐(成都龙湖上城天街店),R04,104.072004,30.684929,31.13,0.4306,665,785,中
DO202606250037,2026-06-25,P020,朴朴超市(西体路店),R04,104.061775,30.681195,10.85,0.0299,870,990,低
DO202606250038,2026-06-25,P021,Ole 精品超市(IFS国际金融中心店),R05,104.081893,30.655003,5.69,0.3336,666,786,中
DO202606250039,2026-06-25,P021,Ole 精品超市(IFS国际金融中心店),R05,104.081893,30.655003,216.3,0.0886,671,791,中
DO202606250040,2026-06-25,P022,四川舞东风超市连锁股份有限公司,R05,104.082047,30.660437,7.21,2.254,666,786,中
DO202606250041,2026-06-25,P022,四川舞东风超市连锁股份有限公司,R05,104.082047,30.660437,51.86,0.3861,669,789,高
DO202606250042,2026-06-25,P022,四川舞东风超市连锁股份有限公司,R05,104.082047,30.660437,10.76,0.6732,670,790,低
DO202606250043,2026-06-25,P023,永辉超市(文华广场店),R05,104.107695,30.637048,11.6,0.1565,525,645,高
DO202606250044,2026-06-25,P024,永辉超市(锦江城市花园店),R05,104.142752,30.595134,61.52,0.4767,616,736,中
DO202606250045,2026-06-25,P024,永辉超市(锦江城市花园店),R05,104.142752,30.595134,7.08,0.8204,622,742,低
DO202606250046,2026-06-25,P024,永辉超市(锦江城市花园店),R05,104.142752,30.595134,113.32,0.0512,622,742,高
DO202606250047,2026-06-25,P025,红旗超市(成都红旗商厦店),R05,104.072081,30.658735,209.48,0.6422,778,898,高
DO202606250048,2026-06-25,P027,大荣发连锁超市(和顺雅苑店),R07,104.253582,30.90011,78.98,0.1364,614,734,中
DO202606250049,2026-06-25,P027,大荣发连锁超市(和顺雅苑店),R07,104.253582,30.90011,1.91,0.2897,615,735,低
DO202606250050,2026-06-25,P027,大荣发连锁超市(和顺雅苑店),R07,104.253582,30.90011,56.41,1.2343,620,740,中
DO202606250051,2026-06-25,P029,永辉超市(青白江万达广场店),R07,104.253652,30.878095,56.21,0.3046,643,763,高
DO202606250052,2026-06-25,P029,永辉超市(青白江万达广场店),R07,104.253652,30.878095,42.28,0.3598,646,766,中
DO202606250053,2026-06-25,P030,润都连锁生活超市(正兴路店),R07,104.188354,30.87079,281.17,2.6344,553,673,中
DO202606250054,2026-06-25,P030,润都连锁生活超市(正兴路店),R07,104.188354,30.87079,114.78,0.1123,554,674,高
DO202606250055,2026-06-25,P030,润都连锁生活超市(正兴路店),R07,104.188354,30.87079,12.63,1.1302,559,679,中
DO202606250056,2026-06-25,P030,润都连锁生活超市(正兴路店),R07,104.188354,30.87079,87.35,0.7787,560,680,中
DO202606250057,2026-06-25,P031,渝华连锁超市(学苑路店),R07,104.276426,30.875299,8.33,0.2374,813,933,高
DO202606250058,2026-06-25,P032,渝华连锁超市(绣川新城店),R07,104.330571,30.85576,7.82,0.2176,899,1019,中
DO202606250059,2026-06-25,P032,渝华连锁超市(绣川新城店),R07,104.330571,30.85576,57.26,0.7685,901,1021,中
DO202606250060,2026-06-25,P033,红旗超市(团结花园店),R07,104.246885,30.877313,13.68,0.0763,687,807,高
DO202606250061,2026-06-25,P035,红旗连锁(青白江同金街便利店),R07,104.244552,30.889503,227.5,0.1354,563,683,中
DO202606250062,2026-06-25,P035,红旗连锁(青白江同金街便利店),R07,104.244552,30.889503,19.96,1.0461,565,685,高
DO202606250063,2026-06-25,P036,红旗连锁(青白江城厢首府分场),R07,104.323054,30.860039,119.57,3.5121,835,955,中
DO202606250064,2026-06-25,P037,红旗连锁(青白江石家碾西路店),R07,104.253962,30.887052,180.23,0.3617,809,929,低
DO202606250065,2026-06-25,P037,红旗连锁(青白江石家碾西路店),R07,104.253962,30.887052,512.12,0.3794,809,929,中
DO202606250066,2026-06-25,P037,红旗连锁(青白江石家碾西路店),R07,104.253962,30.887052,15.23,0.1386,810,930,低
DO202606250067,2026-06-25,P037,红旗连锁(青白江石家碾西路店),R07,104.253962,30.887052,8.02,0.8068,814,934,高
DO202606250068,2026-06-25,P038,青江一家超市,R07,104.284321,30.880989,10.2,2.0949,835,955,高
DO202606250069,2026-06-25,P038,青江一家超市,R07,104.284321,30.880989,13.13,0.1437,835,955,中
DO202606250070,2026-06-25,P039,青江百货连锁超市,R07,104.269502,30.876837,33.48,0.1363,536,656,高
DO202606250071,2026-06-25,P039,青江百货连锁超市,R07,104.269502,30.876837,118.74,1.5497,542,662,高
DO202606250072,2026-06-25,P039,青江百货连锁超市,R07,104.269502,30.876837,56.26,0.088,543,663,中
DO202606250073,2026-06-25,P039,青江百货连锁超市,R07,104.269502,30.876837,23.94,0.0358,544,664,中
DO202606250074,2026-06-25,P040,上蔬永辉超市(西单商场店),R02,104.000521,30.674866,15.88,0.3402,708,828,中
DO202606250075,2026-06-25,P041,永辉超市(成都青羊中铁大道店),R02,103.961452,30.670211,16.46,0.1687,793,913,高
DO202606250076,2026-06-25,P041,永辉超市(成都青羊中铁大道店),R02,103.961452,30.670211,47.48,0.3167,796,916,中
DO202606250077,2026-06-25,P041,永辉超市(成都青羊中铁大道店),R02,103.961452,30.670211,439.26,0.2392,797,917,低
DO202606250078,2026-06-25,P041,永辉超市(成都青羊中铁大道店),R02,103.961452,30.670211,172.21,0.5307,800,920,中
DO202606250079,2026-06-25,P041,永辉超市(成都青羊中铁大道店),R02,103.961452,30.670211,268.2,0.3536,800,920,低
DO202606250080,2026-06-25,P042,永辉超市(青羊新城市店),R02,104.057614,30.67321,115.64,0.0524,569,689,高
DO202606250081,2026-06-25,P042,永辉超市(青羊新城市店),R02,104.057614,30.67321,5.31,0.2384,572,692,高
DO202606250082,2026-06-25,P042,永辉超市(青羊新城市店),R02,104.057614,30.67321,19.67,0.7686,574,694,中
DO202606250083,2026-06-25,P042,永辉超市(青羊新城市店),R02,104.057614,30.67321,356.8,0.4403,575,695,中
DO202606250084,2026-06-25,P043,红旗超市(中同仁路分场),R02,104.052373,30.668819,17.86,1.5614,864,984,中
DO202606250085,2026-06-25,P044,邻你生活超市(大庆店),R02,104.032527,30.669557,118.69,2.7473,586,706,中
DO202606250086,2026-06-25,P044,邻你生活超市(大庆店),R02,104.032527,30.669557,29.45,0.1945,587,707,中
DO202606250087,2026-06-25,P044,邻你生活超市(大庆店),R02,104.032527,30.669557,3.84,0.4793,588,708,低
DO202606250088,2026-06-25,P045,世纪红连锁超市,R08,104.208007,30.532247,15.76,0.4793,699,819,中
DO202606250089,2026-06-25,P045,世纪红连锁超市,R08,104.208007,30.532247,297.41,0.0505,700,820,低
DO202606250090,2026-06-25,P045,世纪红连锁超市,R08,104.208007,30.532247,75.51,0.2407,703,823,中
DO202606250091,2026-06-25,P046,尚喜超市(锦绣路店),R08,104.308338,30.606726,16.68,0.1092,661,781,高
DO202606250092,2026-06-25,P046,尚喜超市(锦绣路店),R08,104.308338,30.606726,55.78,0.2996,664,784,低
DO202606250093,2026-06-25,P046,尚喜超市(锦绣路店),R08,104.308338,30.606726,6.47,1.4407,669,789,高
DO202606250094,2026-06-25,P047,永辉超市(成都龙泉驿万达广场店),R08,104.269392,30.566865,38.85,0.1527,624,744,高
DO202606250095,2026-06-25,P047,永辉超市(成都龙泉驿万达广场店),R08,104.269392,30.566865,13.49,0.3224,628,748,中
DO202606250096,2026-06-25,P048,汇联美连锁超市(中街店),R08,104.27333,30.560098,156.99,0.3322,717,837,低
DO202606250097,2026-06-25,P048,汇联美连锁超市(中街店),R08,104.27333,30.560098,18.4,0.5424,718,838,中
DO202606250098,2026-06-25,P048,汇联美连锁超市(中街店),R08,104.27333,30.560098,11.28,0.2561,723,843,中
DO202606250099,2026-06-25,P048,汇联美连锁超市(中街店),R08,104.27333,30.560098,32.49,0.1222,725,845,低
DO202606250100,2026-06-25,P049,百伦生活超市(龙泉店),R08,104.273346,30.559846,51.75,0.7332,619,739,中
DO202606260000,2026-06-26,P001,689便民(荣盛·香榭兰庭店),R06,104.135375,30.623625,43.18,1.1403,828,948,高
DO202606260001,2026-06-26,P001,689便民(荣盛·香榭兰庭店),R06,104.135375,30.623625,18.78,0.3736,831,951,高
DO202606260002,2026-06-26,P001,689便民(荣盛·香榭兰庭店),R06,104.135375,30.623625,193.38,0.0489,833,953,中
DO202606260003,2026-06-26,P002,十二超市(佳年华广场1期店),R06,104.131787,30.627615,108.11,0.1104,589,709,中
DO202606260004,2026-06-26,P002,十二超市(佳年华广场1期店),R06,104.131787,30.627615,7.07,0.1056,592,712,中
DO202606260005,2026-06-26,P002,十二超市(佳年华广场1期店),R06,104.131787,30.627615,36.26,0.2207,596,716,中
DO202606260006,2026-06-26,P003,红旗连锁,R06,104.132763,30.627528,7.83,0.1689,688,808,中
DO202606260007,2026-06-26,P003,红旗连锁,R06,104.132763,30.627528,56.93,0.4867,690,810,高
DO202606260008,2026-06-26,P004,老蔡小卖部(水碾河路北社区三街店),R06,104.099234,30.648748,45.85,0.3272,823,943,中
DO202606260009,2026-06-26,P004,老蔡小卖部(水碾河路北社区三街店),R06,104.099234,30.648748,10.26,0.4457,825,945,中
DO202606260010,2026-06-26,P004,老蔡小卖部(水碾河路北社区三街店),R06,104.099234,30.648748,18.02,2.5587,827,947,高
DO202606260011,2026-06-26,P005,郝英超市,R06,104.129707,30.628761,50.69,1.076,669,789,高
DO202606260012,2026-06-26,P005,郝英超市,R06,104.129707,30.628761,54.57,0.213,670,790,高
DO202606260013,2026-06-26,P005,郝英超市,R06,104.129707,30.628761,25.91,0.4712,678,798,中
DO202606260014,2026-06-26,P006,全家便利店(龙江路店),R03,104.077199,30.641639,22.76,1.1624,880,1000,高
DO202606260015,2026-06-26,P006,全家便利店(龙江路店),R03,104.077199,30.641639,307.02,0.0722,890,1010,中
DO202606260016,2026-06-26,P007,永辉超市(成都市新城吾悦广场店),R03,103.988663,30.626255,103.96,0.2714,846,966,中
DO202606260017,2026-06-26,P009,永辉超市(龙湖成都金楠天街店),R03,103.995986,30.648731,4.26,0.0519,674,794,高
DO202606260018,2026-06-26,P010,百分百超市(心语店),R03,104.045915,30.545712,18.25,1.4115,630,750,中
DO202606260019,2026-06-26,P011,永辉超市(成都市双铁广场店),R01,103.975737,30.758309,117.91,0.146,763,883,低
DO202606260020,2026-06-26,P012,永辉超市(成都市蜀都万达广场店),R01,103.907862,30.807642,126.65,0.1066,809,929,中
DO202606260021,2026-06-26,P012,永辉超市(成都市蜀都万达广场店),R01,103.907862,30.807642,48.37,0.3649,810,930,高
DO202606260022,2026-06-26,P013,永辉超市(爱琴海购物中心店),R01,103.991901,30.737566,371.44,0.3335,540,660,中
DO202606260023,2026-06-26,P014,永辉超市(龙湖成都时代天街店),R01,103.921214,30.750831,5.18,0.4369,767,887,低
DO202606260024,2026-06-26,P014,永辉超市(龙湖成都时代天街店),R01,103.921214,30.750831,3.37,0.2766,770,890,中
DO202606260025,2026-06-26,P015,红旗超市(龙湖时代天街店),R01,103.919653,30.752444,29.37,1.0542,877,997,高
DO202606260026,2026-06-26,P015,红旗超市(龙湖时代天街店),R01,103.919653,30.752444,5.66,0.0575,878,998,高
DO202606260027,2026-06-26,P015,红旗超市(龙湖时代天街店),R01,103.919653,30.752444,26.56,1.5049,886,1006,低
DO202606260028,2026-06-26,P016,LAWSON罗森(枣子巷15号院店),R04,104.044885,30.667759,1.58,0.0162,704,824,低
DO202606260029,2026-06-26,P017,LAWSON罗森(龙湖成都上城天街店),R04,104.071944,30.68395,15.11,0.1538,541,661,高
DO202606260030,2026-06-26,P017,LAWSON罗森(龙湖成都上城天街店),R04,104.071944,30.68395,13.95,0.1761,542,662,中
DO202606260031,2026-06-26,P021,Ole 精品超市(IFS国际金融中心店),R05,104.081893,30.655003,175.28,0.1837,613,733,高
DO202606260032,2026-06-26,P021,Ole 精品超市(IFS国际金融中心店),R05,104.081893,30.655003,120.23,5.2745,615,735,低
DO202606260033,2026-06-26,P021,Ole 精品超市(IFS国际金融中心店),R05,104.081893,30.655003,20.72,0.1427,616,736,高
DO202606260034,2026-06-26,P021,Ole 精品超市(IFS国际金融中心店),R05,104.081893,30.655003,113.9,0.3064,618,738,中
DO202606260035,2026-06-26,P022,四川舞东风超市连锁股份有限公司,R05,104.082047,30.660437,250.48,1.4084,541,661,低
DO202606260036,2026-06-26,P022,四川舞东风超市连锁股份有限公司,R05,104.082047,30.660437,2.59,0.0889,545,665,低
DO202606260037,2026-06-26,P022,四川舞东风超市连锁股份有限公司,R05,104.082047,30.660437,18.38,0.0922,545,665,低
DO202606260038,2026-06-26,P022,四川舞东风超市连锁股份有限公司,R05,104.082047,30.660437,15.45,0.2115,546,666,中
DO202606260039,2026-06-26,P023,永辉超市(文华广场店),R05,104.107695,30.637048,3.68,0.2824,564,684,低
DO202606260040,2026-06-26,P024,永辉超市(锦江城市花园店),R05,104.142752,30.595134,47.79,4.9025,781,901,中
DO202606260041,2026-06-26,P024,永辉超市(锦江城市花园店),R05,104.142752,30.595134,83.67,0.2221,781,901,中
DO202606260042,2026-06-26,P024,永辉超市(锦江城市花园店),R05,104.142752,30.595134,108.24,0.267,787,907,高
DO202606260043,2026-06-26,P025,红旗超市(成都红旗商厦店),R05,104.072081,30.658735,92.22,0.0451,714,834,中
DO202606260044,2026-06-26,P026,友好多连锁超市(界牌店),R07,104.313922,30.880419,87.26,0.0713,706,826,高
DO202606260045,2026-06-26,P027,大荣发连锁超市(和顺雅苑店),R07,104.253582,30.90011,54.35,0.104,739,859,低
DO202606260046,2026-06-26,P027,大荣发连锁超市(和顺雅苑店),R07,104.253582,30.90011,289.55,0.0793,748,868,高
DO202606260047,2026-06-26,P028,永辉超市(天府欧城店),R07,104.256388,30.892152,41.96,1.7077,762,882,低
DO202606260048,2026-06-26,P029,永辉超市(青白江万达广场店),R07,104.253652,30.878095,10.49,0.0281,585,705,中
DO202606260049,2026-06-26,P029,永辉超市(青白江万达广场店),R07,104.253652,30.878095,4.93,0.4759,590,710,中
DO202606260050,2026-06-26,P030,润都连锁生活超市(正兴路店),R07,104.188354,30.87079,1.49,0.2004,536,656,低
DO202606260051,2026-06-26,P030,润都连锁生活超市(正兴路店),R07,104.188354,30.87079,4.35,0.3457,538,658,低
DO202606260052,2026-06-26,P031,渝华连锁超市(学苑路店),R07,104.276426,30.875299,80.97,0.9854,825,945,高
DO202606260053,2026-06-26,P031,渝华连锁超市(学苑路店),R07,104.276426,30.875299,35.44,0.0685,834,954,高
DO202606260054,2026-06-26,P032,渝华连锁超市(绣川新城店),R07,104.330571,30.85576,32.97,0.1462,645,765,中
DO202606260055,2026-06-26,P032,渝华连锁超市(绣川新城店),R07,104.330571,30.85576,14.01,0.8991,648,768,低
DO202606260056,2026-06-26,P033,红旗超市(团结花园店),R07,104.246885,30.877313,4.41,3.0246,775,895,中
DO202606260057,2026-06-26,P033,红旗超市(团结花园店),R07,104.246885,30.877313,16.94,0.0839,779,899,低
DO202606260058,2026-06-26,P033,红旗超市(团结花园店),R07,104.246885,30.877313,65.43,0.2468,781,901,低
DO202606260059,2026-06-26,P033,红旗超市(团结花园店),R07,104.246885,30.877313,113.61,0.0534,785,905,高
DO202606260060,2026-06-26,P034,红旗连锁(北城新界民族花园店),R07,104.201632,30.877318,8.17,0.6239,515,635,低
DO202606260061,2026-06-26,P034,红旗连锁(北城新界民族花园店),R07,104.201632,30.877318,32.1,0.5255,517,637,中
DO202606260062,2026-06-26,P035,红旗连锁(青白江同金街便利店),R07,104.244552,30.889503,35.64,0.6694,548,668,低
DO202606260063,2026-06-26,P035,红旗连锁(青白江同金街便利店),R07,104.244552,30.889503,30.67,0.4554,550,670,中
DO202606260064,2026-06-26,P036,红旗连锁(青白江城厢首府分场),R07,104.323054,30.860039,94.46,0.2995,590,710,中
DO202606260065,2026-06-26,P036,红旗连锁(青白江城厢首府分场),R07,104.323054,30.860039,36.8,0.053,595,715,中
DO202606260066,2026-06-26,P037,红旗连锁(青白江石家碾西路店),R07,104.253962,30.887052,625.08,1.6812,570,690,高
DO202606260067,2026-06-26,P037,红旗连锁(青白江石家碾西路店),R07,104.253962,30.887052,15.64,0.2495,573,693,低
DO202606260068,2026-06-26,P037,红旗连锁(青白江石家碾西路店),R07,104.253962,30.887052,1.41,0.0787,576,696,中
DO202606260069,2026-06-26,P038,青江一家超市,R07,104.284321,30.880989,23.79,0.9239,745,865,中
DO202606260070,2026-06-26,P038,青江一家超市,R07,104.284321,30.880989,16.87,0.3334,751,871,中
DO202606260071,2026-06-26,P038,青江一家超市,R07,104.284321,30.880989,2.27,0.0346,754,874,中
DO202606260072,2026-06-26,P039,青江百货连锁超市,R07,104.269502,30.876837,43.24,0.0557,837,957,高
DO202606260073,2026-06-26,P039,青江百货连锁超市,R07,104.269502,30.876837,9.74,0.1267,839,959,中
DO202606260074,2026-06-26,P040,上蔬永辉超市(西单商场店),R02,104.000521,30.674866,69.18,0.6189,807,927,高
DO202606260075,2026-06-26,P041,永辉超市(成都青羊中铁大道店),R02,103.961452,30.670211,10.72,0.0409,565,685,低
DO202606260076,2026-06-26,P041,永辉超市(成都青羊中铁大道店),R02,103.961452,30.670211,191.88,2.3186,570,690,中
DO202606260077,2026-06-26,P043,红旗超市(中同仁路分场),R02,104.052373,30.668819,9.61,0.1492,893,1013,低
DO202606260078,2026-06-26,P043,红旗超市(中同仁路分场),R02,104.052373,30.668819,15.06,0.0359,895,1015,中
DO202606260079,2026-06-26,P043,红旗超市(中同仁路分场),R02,104.052373,30.668819,20.67,0.6385,895,1015,中
DO202606260080,2026-06-26,P044,邻你生活超市(大庆店),R02,104.032527,30.669557,8.49,0.252,676,796,高
DO202606260081,2026-06-26,P044,邻你生活超市(大庆店),R02,104.032527,30.669557,69.7,1.9987,681,801,中
DO202606260082,2026-06-26,P044,邻你生活超市(大庆店),R02,104.032527,30.669557,173.48,0.5116,682,802,中
DO202606260083,2026-06-26,P044,邻你生活超市(大庆店),R02,104.032527,30.669557,97.62,0.9793,682,802,中
DO202606260084,2026-06-26,P045,世纪红连锁超市,R08,104.208007,30.532247,143.97,0.3649,538,658,中
DO202606260085,2026-06-26,P045,世纪红连锁超市,R08,104.208007,30.532247,152.32,0.6485,544,664,中
DO202606260086,2026-06-26,P046,尚喜超市(锦绣路店),R08,104.308338,30.606726,33.66,0.5044,546,666,中
DO202606260087,2026-06-26,P046,尚喜超市(锦绣路店),R08,104.308338,30.606726,31.54,0.4749,548,668,中
DO202606260088,2026-06-26,P046,尚喜超市(锦绣路店),R08,104.308338,30.606726,54.73,0.4633,549,669,中
DO202606260089,2026-06-26,P046,尚喜超市(锦绣路店),R08,104.308338,30.606726,101.51,0.0606,556,676,中
DO202606260090,2026-06-26,P047,永辉超市(成都龙泉驿万达广场店),R08,104.269392,30.566865,17.31,0.3939,858,978,高
DO202606260091,2026-06-26,P047,永辉超市(成都龙泉驿万达广场店),R08,104.269392,30.566865,5.33,0.1119,858,978,中
DO202606260092,2026-06-26,P047,永辉超市(成都龙泉驿万达广场店),R08,104.269392,30.566865,43.74,0.1424,861,981,中
DO202606260093,2026-06-26,P048,汇联美连锁超市(中街店),R08,104.27333,30.560098,74.66,0.2831,628,748,高
DO202606260094,2026-06-26,P049,百伦生活超市(龙泉店),R08,104.273346,30.559846,548.38,2.7509,689,809,中
DO202606260095,2026-06-26,P049,百伦生活超市(龙泉店),R08,104.273346,30.559846,443.48,0.033,691,811,高
DO202606260096,2026-06-26,P049,百伦生活超市(龙泉店),R08,104.273346,30.559846,46.26,0.1454,692,812,中
DO202606260097,2026-06-26,P049,百伦生活超市(龙泉店),R08,104.273346,30.559846,14.06,0.6312,692,812,低
DO202606270000,2026-06-27,P001,689便民(荣盛·香榭兰庭店),R06,104.135375,30.623625,52.24,0.1942,711,831,低
DO202606270001,2026-06-27,P003,红旗连锁,R06,104.132763,30.627528,7.24,0.4461,714,834,中
DO202606270002,2026-06-27,P003,红旗连锁,R06,104.132763,30.627528,30.24,0.2325,717,837,中
DO202606270003,2026-06-27,P004,老蔡小卖部(水碾河路北社区三街店),R06,104.099234,30.648748,17.81,0.3502,651,771,中
DO202606270004,2026-06-27,P004,老蔡小卖部(水碾河路北社区三街店),R06,104.099234,30.648748,105.25,0.0931,651,771,高
DO202606270005,2026-06-27,P004,老蔡小卖部(水碾河路北社区三街店),R06,104.099234,30.648748,9.8,0.4023,654,774,低
DO202606270006,2026-06-27,P004,老蔡小卖部(水碾河路北社区三街店),R06,104.099234,30.648748,59.67,0.3791,658,778,中
DO202606270007,2026-06-27,P005,郝英超市,R06,104.129707,30.628761,25.34,1.4241,744,864,中
DO202606270008,2026-06-27,P005,郝英超市,R06,104.129707,30.628761,95.29,0.0427,752,872,中
DO202606270009,2026-06-27,P005,郝英超市,R06,104.129707,30.628761,77.34,0.4144,753,873,低
DO202606270010,2026-06-27,P006,全家便利店(龙江路店),R03,104.077199,30.641639,164.23,0.1854,889,1009,中
DO202606270011,2026-06-27,P006,全家便利店(龙江路店),R03,104.077199,30.641639,242.79,8.8514,891,1011,低
DO202606270012,2026-06-27,P008,永辉超市(银泰城店),R03,104.058121,30.541191,84.93,0.4526,849,969,中
DO202606270013,2026-06-27,P008,永辉超市(银泰城店),R03,104.058121,30.541191,11.26,0.8506,851,971,低
DO202606270014,2026-06-27,P008,永辉超市(银泰城店),R03,104.058121,30.541191,2.25,0.7464,856,976,中
DO202606270015,2026-06-27,P009,永辉超市(龙湖成都金楠天街店),R03,103.995986,30.648731,12.39,0.217,750,870,中
DO202606270016,2026-06-27,P009,永辉超市(龙湖成都金楠天街店),R03,103.995986,30.648731,177.06,0.6195,752,872,中
DO202606270017,2026-06-27,P010,百分百超市(心语店),R03,104.045915,30.545712,29.38,1.5607,605,725,高
DO202606270018,2026-06-27,P011,永辉超市(成都市双铁广场店),R01,103.975737,30.758309,132.71,0.0238,562,682,高
DO202606270019,2026-06-27,P011,永辉超市(成都市双铁广场店),R01,103.975737,30.758309,207.91,0.112,563,683,高
DO202606270020,2026-06-27,P011,永辉超市(成都市双铁广场店),R01,103.975737,30.758309,162.09,1.0916,568,688,中
DO202606270021,2026-06-27,P012,永辉超市(成都市蜀都万达广场店),R01,103.907862,30.807642,3.56,0.7219,715,835,高
DO202606270022,2026-06-27,P013,永辉超市(爱琴海购物中心店),R01,103.991901,30.737566,132.79,0.4312,625,745,高
DO202606270023,2026-06-27,P013,永辉超市(爱琴海购物中心店),R01,103.991901,30.737566,30.95,0.0516,625,745,低
DO202606270024,2026-06-27,P013,永辉超市(爱琴海购物中心店),R01,103.991901,30.737566,69.3,0.8672,626,746,高
DO202606270025,2026-06-27,P013,永辉超市(爱琴海购物中心店),R01,103.991901,30.737566,108.59,0.1072,628,748,高
DO202606270026,2026-06-27,P013,永辉超市(爱琴海购物中心店),R01,103.991901,30.737566,13.85,0.5969,631,751,高
DO202606270027,2026-06-27,P014,永辉超市(龙湖成都时代天街店),R01,103.921214,30.750831,91.16,0.1767,900,1020,高
DO202606270028,2026-06-27,P015,红旗超市(龙湖时代天街店),R01,103.919653,30.752444,34.88,0.7055,652,772,中
DO202606270029,2026-06-27,P015,红旗超市(龙湖时代天街店),R01,103.919653,30.752444,52.35,0.7214,655,775,低
DO202606270030,2026-06-27,P015,红旗超市(龙湖时代天街店),R01,103.919653,30.752444,50.87,0.8321,657,777,中
DO202606270031,2026-06-27,P016,LAWSON罗森(枣子巷15号院店),R04,104.044885,30.667759,160.96,0.2168,555,675,高
DO202606270032,2026-06-27,P017,LAWSON罗森(龙湖成都上城天街店),R04,104.071944,30.68395,14.81,0.1607,848,968,高
DO202606270033,2026-06-27,P017,LAWSON罗森(龙湖成都上城天街店),R04,104.071944,30.68395,73.58,0.6474,849,969,中
DO202606270034,2026-06-27,P017,LAWSON罗森(龙湖成都上城天街店),R04,104.071944,30.68395,4.74,1.1649,853,973,中
DO202606270035,2026-06-27,P018,乐多(成华西街一店),R04,104.071998,30.683402,2.39,0.1396,748,868,高
DO202606270036,2026-06-27,P018,乐多(成华西街一店),R04,104.071998,30.683402,47.64,0.6719,749,869,中
DO202606270037,2026-06-27,P018,乐多(成华西街一店),R04,104.071998,30.683402,67.6,1.6687,749,869,中
DO202606270038,2026-06-27,P019,奥特乐(成都龙湖上城天街店),R04,104.072004,30.684929,44.34,0.5822,648,768,高
DO202606270039,2026-06-27,P019,奥特乐(成都龙湖上城天街店),R04,104.072004,30.684929,176.55,0.4677,649,769,中
DO202606270040,2026-06-27,P019,奥特乐(成都龙湖上城天街店),R04,104.072004,30.684929,112.08,2.3404,656,776,中
DO202606270041,2026-06-27,P020,朴朴超市(西体路店),R04,104.061775,30.681195,4.35,2.8294,814,934,低
DO202606270042,2026-06-27,P020,朴朴超市(西体路店),R04,104.061775,30.681195,62.11,0.3041,822,942,高
DO202606270043,2026-06-27,P021,Ole 精品超市(IFS国际金融中心店),R05,104.081893,30.655003,144.58,0.6674,535,655,中
DO202606270044,2026-06-27,P021,Ole 精品超市(IFS国际金融中心店),R05,104.081893,30.655003,142.85,2.4152,539,659,低
DO202606270045,2026-06-27,P022,四川舞东风超市连锁股份有限公司,R05,104.082047,30.660437,60.83,0.6912,824,944,中
DO202606270046,2026-06-27,P022,四川舞东风超市连锁股份有限公司,R05,104.082047,30.660437,202.06,0.105,824,944,高
DO202606270047,2026-06-27,P022,四川舞东风超市连锁股份有限公司,R05,104.082047,30.660437,14.97,0.2876,826,946,中
DO202606270048,2026-06-27,P024,永辉超市(锦江城市花园店),R05,104.142752,30.595134,62.96,0.2996,888,1008,高
DO202606270049,2026-06-27,P025,红旗超市(成都红旗商厦店),R05,104.072081,30.658735,392.56,5.1282,680,800,高
DO202606270050,2026-06-27,P025,红旗超市(成都红旗商厦店),R05,104.072081,30.658735,82.62,0.0755,681,801,中
DO202606270051,2026-06-27,P025,红旗超市(成都红旗商厦店),R05,104.072081,30.658735,29.88,0.1035,688,808,低
DO202606270052,2026-06-27,P026,友好多连锁超市(界牌店),R07,104.313922,30.880419,29.39,1.0414,516,636,高
DO202606270053,2026-06-27,P027,大荣发连锁超市(和顺雅苑店),R07,104.253582,30.90011,52.74,0.5231,831,951,中
DO202606270054,2026-06-27,P028,永辉超市(天府欧城店),R07,104.256388,30.892152,88.9,0.694,531,651,低
DO202606270055,2026-06-27,P028,永辉超市(天府欧城店),R07,104.256388,30.892152,7.84,0.1582,531,651,中
DO202606270056,2026-06-27,P028,永辉超市(天府欧城店),R07,104.256388,30.892152,30.95,0.0842,536,656,低
DO202606270057,2026-06-27,P030,润都连锁生活超市(正兴路店),R07,104.188354,30.87079,71.75,3.716,800,920,低
DO202606270058,2026-06-27,P030,润都连锁生活超市(正兴路店),R07,104.188354,30.87079,16.1,0.0913,801,921,低
DO202606270059,2026-06-27,P030,润都连锁生活超市(正兴路店),R07,104.188354,30.87079,29.8,0.0852,802,922,高
DO202606270060,2026-06-27,P030,润都连锁生活超市(正兴路店),R07,104.188354,30.87079,50.36,2.7715,802,922,低
DO202606270061,2026-06-27,P030,润都连锁生活超市(正兴路店),R07,104.188354,30.87079,14.64,0.8382,804,924,高
DO202606270062,2026-06-27,P030,润都连锁生活超市(正兴路店),R07,104.188354,30.87079,11.16,0.0784,805,925,中
DO202606270063,2026-06-27,P030,润都连锁生活超市(正兴路店),R07,104.188354,30.87079,3.73,0.0845,807,927,低
DO202606270064,2026-06-27,P031,渝华连锁超市(学苑路店),R07,104.276426,30.875299,106.54,0.1201,724,844,低
DO202606270065,2026-06-27,P032,渝华连锁超市(绣川新城店),R07,104.330571,30.85576,14.43,0.269,743,863,中
DO202606270066,2026-06-27,P032,渝华连锁超市(绣川新城店),R07,104.330571,30.85576,91.77,0.0512,750,870,低
DO202606270067,2026-06-27,P033,红旗超市(团结花园店),R07,104.246885,30.877313,14.52,5.5192,537,657,中
DO202606270068,2026-06-27,P033,红旗超市(团结花园店),R07,104.246885,30.877313,31.49,0.0379,542,662,中
DO202606270069,2026-06-27,P034,红旗连锁(北城新界民族花园店),R07,104.201632,30.877318,16.54,0.1032,600,720,低
DO202606270070,2026-06-27,P035,红旗连锁(青白江同金街便利店),R07,104.244552,30.889503,57.41,2.2786,668,788,低
DO202606270071,2026-06-27,P036,红旗连锁(青白江城厢首府分场),R07,104.323054,30.860039,1970.74,0.5837,516,636,高
DO202606270072,2026-06-27,P036,红旗连锁(青白江城厢首府分场),R07,104.323054,30.860039,355.04,0.3523,518,638,中
DO202606270073,2026-06-27,P036,红旗连锁(青白江城厢首府分场),R07,104.323054,30.860039,6.71,0.0566,521,641,中
DO202606270074,2026-06-27,P037,红旗连锁(青白江石家碾西路店),R07,104.253962,30.887052,10.98,0.278,516,636,中
DO202606270075,2026-06-27,P037,红旗连锁(青白江石家碾西路店),R07,104.253962,30.887052,140.52,5.8724,517,637,中
DO202606270076,2026-06-27,P037,红旗连锁(青白江石家碾西路店),R07,104.253962,30.887052,15.79,0.4543,520,640,低
DO202606270077,2026-06-27,P037,红旗连锁(青白江石家碾西路店),R07,104.253962,30.887052,22.56,0.0469,524,644,高
DO202606270078,2026-06-27,P038,青江一家超市,R07,104.284321,30.880989,8.27,0.059,666,786,高
DO202606270079,2026-06-27,P038,青江一家超市,R07,104.284321,30.880989,23.5,0.1182,670,790,低
DO202606270080,2026-06-27,P039,青江百货连锁超市,R07,104.269502,30.876837,231.6,0.2735,676,796,高
DO202606270081,2026-06-27,P039,青江百货连锁超市,R07,104.269502,30.876837,87.47,1.1945,679,799,低
DO202606270082,2026-06-27,P040,上蔬永辉超市(西单商场店),R02,104.000521,30.674866,7.59,0.2165,703,823,高
DO202606270083,2026-06-27,P041,永辉超市(成都青羊中铁大道店),R02,103.961452,30.670211,42.49,0.1363,795,915,中
DO202606270084,2026-06-27,P042,永辉超市(青羊新城市店),R02,104.057614,30.67321,84.86,11.8742,550,670,中
DO202606270085,2026-06-27,P042,永辉超市(青羊新城市店),R02,104.057614,30.67321,31.85,0.6473,554,674,中
DO202606270086,2026-06-27,P043,红旗超市(中同仁路分场),R02,104.052373,30.668819,34.03,2.2479,711,831,低
DO202606270087,2026-06-27,P043,红旗超市(中同仁路分场),R02,104.052373,30.668819,144.8,0.0188,711,831,高
DO202606270088,2026-06-27,P044,邻你生活超市(大庆店),R02,104.032527,30.669557,7.48,0.3166,779,899,中
DO202606270089,2026-06-27,P044,邻你生活超市(大庆店),R02,104.032527,30.669557,6.3,0.3056,779,899,中
DO202606270090,2026-06-27,P044,邻你生活超市(大庆店),R02,104.032527,30.669557,57.74,0.7824,780,900,低
DO202606270091,2026-06-27,P044,邻你生活超市(大庆店),R02,104.032527,30.669557,47.01,0.1083,785,905,低
DO202606270092,2026-06-27,P044,邻你生活超市(大庆店),R02,104.032527,30.669557,248.22,0.5967,788,908,中
DO202606270093,2026-06-27,P046,尚喜超市(锦绣路店),R08,104.308338,30.606726,890.21,0.1215,746,866,高
DO202606270094,2026-06-27,P047,永辉超市(成都龙泉驿万达广场店),R08,104.269392,30.566865,8.93,0.8277,721,841,高
DO202606270095,2026-06-27,P048,汇联美连锁超市(中街店),R08,104.27333,30.560098,9.36,2.3824,804,924,中
DO202606270096,2026-06-27,P049,百伦生活超市(龙泉店),R08,104.273346,30.559846,390.51,0.231,717,837,中
DO202606280000,2026-06-28,P001,689便民(荣盛·香榭兰庭店),R06,104.135375,30.623625,226.41,0.4525,813,933,中
DO202606280001,2026-06-28,P001,689便民(荣盛·香榭兰庭店),R06,104.135375,30.623625,304.37,0.6651,813,933,高
DO202606280002,2026-06-28,P001,689便民(荣盛·香榭兰庭店),R06,104.135375,30.623625,335.6,0.1373,816,936,中
DO202606280003,2026-06-28,P001,689便民(荣盛·香榭兰庭店),R06,104.135375,30.623625,1513.79,0.7376,816,936,中
DO202606280004,2026-06-28,P001,689便民(荣盛·香榭兰庭店),R06,104.135375,30.623625,17.52,0.1939,817,937,低
DO202606280005,2026-06-28,P002,十二超市(佳年华广场1期店),R06,104.131787,30.627615,73.11,0.0801,590,710,高
DO202606280006,2026-06-28,P002,十二超市(佳年华广场1期店),R06,104.131787,30.627615,41.13,0.1178,592,712,低
DO202606280007,2026-06-28,P002,十二超市(佳年华广场1期店),R06,104.131787,30.627615,32.98,0.4043,592,712,中
DO202606280008,2026-06-28,P002,十二超市(佳年华广场1期店),R06,104.131787,30.627615,14.85,0.1687,593,713,中
DO202606280009,2026-06-28,P002,十二超市(佳年华广场1期店),R06,104.131787,30.627615,33.25,3.7857,597,717,低
DO202606280010,2026-06-28,P003,红旗连锁,R06,104.132763,30.627528,47.83,0.9643,735,855,中
DO202606280011,2026-06-28,P003,红旗连锁,R06,104.132763,30.627528,6.51,0.9928,740,860,低
DO202606280012,2026-06-28,P004,老蔡小卖部(水碾河路北社区三街店),R06,104.099234,30.648748,103.36,0.1141,647,767,中
DO202606280013,2026-06-28,P004,老蔡小卖部(水碾河路北社区三街店),R06,104.099234,30.648748,81.41,0.182,649,769,低
DO202606280014,2026-06-28,P006,全家便利店(龙江路店),R03,104.077199,30.641639,27.77,0.3964,604,724,高
DO202606280015,2026-06-28,P006,全家便利店(龙江路店),R03,104.077199,30.641639,66.93,1.1748,604,724,高
DO202606280016,2026-06-28,P006,全家便利店(龙江路店),R03,104.077199,30.641639,99.68,0.5973,605,725,低
DO202606280017,2026-06-28,P006,全家便利店(龙江路店),R03,104.077199,30.641639,11.16,0.4894,605,725,低
DO202606280018,2026-06-28,P006,全家便利店(龙江路店),R03,104.077199,30.641639,16.0,1.9464,608,728,中
DO202606280019,2026-06-28,P006,全家便利店(龙江路店),R03,104.077199,30.641639,5.98,1.5216,610,730,中
DO202606280020,2026-06-28,P006,全家便利店(龙江路店),R03,104.077199,30.641639,55.5,0.1992,611,731,中
DO202606280021,2026-06-28,P006,全家便利店(龙江路店),R03,104.077199,30.641639,139.95,0.1553,613,733,中
DO202606280022,2026-06-28,P007,永辉超市(成都市新城吾悦广场店),R03,103.988663,30.626255,13.41,0.123,798,918,中
DO202606280023,2026-06-28,P007,永辉超市(成都市新城吾悦广场店),R03,103.988663,30.626255,36.03,0.437,800,920,低
DO202606280024,2026-06-28,P008,永辉超市(银泰城店),R03,104.058121,30.541191,11.6,0.8853,803,923,中
DO202606280025,2026-06-28,P009,永辉超市(龙湖成都金楠天街店),R03,103.995986,30.648731,67.78,0.4329,637,757,中
DO202606280026,2026-06-28,P009,永辉超市(龙湖成都金楠天街店),R03,103.995986,30.648731,475.9,1.2357,641,761,中
DO202606280027,2026-06-28,P009,永辉超市(龙湖成都金楠天街店),R03,103.995986,30.648731,178.18,1.1268,642,762,中
DO202606280028,2026-06-28,P010,百分百超市(心语店),R03,104.045915,30.545712,7.09,0.087,828,948,中
DO202606280029,2026-06-28,P010,百分百超市(心语店),R03,104.045915,30.545712,7.04,0.1859,830,950,中
DO202606280030,2026-06-28,P011,永辉超市(成都市双铁广场店),R01,103.975737,30.758309,337.07,0.7169,581,701,高
DO202606280031,2026-06-28,P011,永辉超市(成都市双铁广场店),R01,103.975737,30.758309,169.15,0.0346,591,711,中
DO202606280032,2026-06-28,P012,永辉超市(成都市蜀都万达广场店),R01,103.907862,30.807642,226.56,0.1078,528,648,低
DO202606280033,2026-06-28,P012,永辉超市(成都市蜀都万达广场店),R01,103.907862,30.807642,15.95,0.3335,530,650,高
DO202606280034,2026-06-28,P013,永辉超市(爱琴海购物中心店),R01,103.991901,30.737566,57.22,0.0217,686,806,中
DO202606280035,2026-06-28,P013,永辉超市(爱琴海购物中心店),R01,103.991901,30.737566,144.95,0.9892,690,810,低
DO202606280036,2026-06-28,P013,永辉超市(爱琴海购物中心店),R01,103.991901,30.737566,166.71,0.0654,691,811,高
DO202606280037,2026-06-28,P013,永辉超市(爱琴海购物中心店),R01,103.991901,30.737566,9.9,4.4155,693,813,中
DO202606280038,2026-06-28,P013,永辉超市(爱琴海购物中心店),R01,103.991901,30.737566,17.5,0.6187,694,814,中
DO202606280039,2026-06-28,P013,永辉超市(爱琴海购物中心店),R01,103.991901,30.737566,45.73,0.0608,695,815,高
DO202606280040,2026-06-28,P014,永辉超市(龙湖成都时代天街店),R01,103.921214,30.750831,107.25,0.0736,634,754,中
DO202606280041,2026-06-28,P015,红旗超市(龙湖时代天街店),R01,103.919653,30.752444,102.5,0.1177,600,720,高
DO202606280042,2026-06-28,P015,红旗超市(龙湖时代天街店),R01,103.919653,30.752444,78.05,0.1862,606,726,中
DO202606280043,2026-06-28,P015,红旗超市(龙湖时代天街店),R01,103.919653,30.752444,33.61,0.0671,607,727,高
DO202606280044,2026-06-28,P017,LAWSON罗森(龙湖成都上城天街店),R04,104.071944,30.68395,49.12,1.1588,828,948,中
DO202606280045,2026-06-28,P018,乐多(成华西街一店),R04,104.071998,30.683402,77.93,0.1196,834,954,高
DO202606280046,2026-06-28,P018,乐多(成华西街一店),R04,104.071998,30.683402,32.71,0.6033,836,956,低
DO202606280047,2026-06-28,P018,乐多(成华西街一店),R04,104.071998,30.683402,103.53,0.0582,836,956,高
DO202606280048,2026-06-28,P018,乐多(成华西街一店),R04,104.071998,30.683402,12.21,1.1937,837,957,低
DO202606280049,2026-06-28,P018,乐多(成华西街一店),R04,104.071998,30.683402,12.59,0.1383,838,958,中
DO202606280050,2026-06-28,P018,乐多(成华西街一店),R04,104.071998,30.683402,13.33,0.3224,839,959,中
DO202606280051,2026-06-28,P018,乐多(成华西街一店),R04,104.071998,30.683402,148.82,1.8065,844,964,高
DO202606280052,2026-06-28,P019,奥特乐(成都龙湖上城天街店),R04,104.072004,30.684929,57.74,0.1952,655,775,中
DO202606280053,2026-06-28,P019,奥特乐(成都龙湖上城天街店),R04,104.072004,30.684929,1.26,0.5989,658,778,中
DO202606280054,2026-06-28,P019,奥特乐(成都龙湖上城天街店),R04,104.072004,30.684929,181.54,0.1882,658,778,低
DO202606280055,2026-06-28,P020,朴朴超市(西体路店),R04,104.061775,30.681195,482.17,0.2478,567,687,中
DO202606280056,2026-06-28,P021,Ole 精品超市(IFS国际金融中心店),R05,104.081893,30.655003,58.04,0.2636,687,807,低
DO202606280057,2026-06-28,P023,永辉超市(文华广场店),R05,104.107695,30.637048,150.92,0.8637,554,674,中
DO202606280058,2026-06-28,P023,永辉超市(文华广场店),R05,104.107695,30.637048,19.12,0.0516,558,678,中
DO202606280059,2026-06-28,P023,永辉超市(文华广场店),R05,104.107695,30.637048,50.26,0.163,560,680,中
DO202606280060,2026-06-28,P024,永辉超市(锦江城市花园店),R05,104.142752,30.595134,28.56,7.6186,530,650,中
DO202606280061,2026-06-28,P024,永辉超市(锦江城市花园店),R05,104.142752,30.595134,17.11,0.177,530,650,低
DO202606280062,2026-06-28,P025,红旗超市(成都红旗商厦店),R05,104.072081,30.658735,24.63,0.6435,776,896,高
DO202606280063,2026-06-28,P026,友好多连锁超市(界牌店),R07,104.313922,30.880419,4.42,1.1653,870,990,低
DO202606280064,2026-06-28,P027,大荣发连锁超市(和顺雅苑店),R07,104.253582,30.90011,13.66,0.2512,653,773,低
DO202606280065,2026-06-28,P027,大荣发连锁超市(和顺雅苑店),R07,104.253582,30.90011,16.76,0.338,657,777,中
DO202606280066,2026-06-28,P027,大荣发连锁超市(和顺雅苑店),R07,104.253582,30.90011,124.93,0.0957,660,780,中
DO202606280067,2026-06-28,P027,大荣发连锁超市(和顺雅苑店),R07,104.253582,30.90011,39.62,0.3442,660,780,中
DO202606280068,2026-06-28,P028,永辉超市(天府欧城店),R07,104.256388,30.892152,19.5,0.1367,720,840,低
DO202606280069,2026-06-28,P029,永辉超市(青白江万达广场店),R07,104.253652,30.878095,96.29,0.6389,899,1019,低
DO202606280070,2026-06-28,P029,永辉超市(青白江万达广场店),R07,104.253652,30.878095,62.24,0.4984,904,1024,高
DO202606280071,2026-06-28,P030,润都连锁生活超市(正兴路店),R07,104.188354,30.87079,183.95,0.7441,698,818,高
DO202606280072,2026-06-28,P031,渝华连锁超市(学苑路店),R07,104.276426,30.875299,185.09,0.4257,757,877,中
DO202606280073,2026-06-28,P031,渝华连锁超市(学苑路店),R07,104.276426,30.875299,12.24,0.5497,761,881,中
DO202606280074,2026-06-28,P031,渝华连锁超市(学苑路店),R07,104.276426,30.875299,39.31,0.7525,764,884,低
DO202606280075,2026-06-28,P032,渝华连锁超市(绣川新城店),R07,104.330571,30.85576,41.27,0.2429,849,969,中
DO202606280076,2026-06-28,P032,渝华连锁超市(绣川新城店),R07,104.330571,30.85576,8.66,0.0436,850,970,高
DO202606280077,2026-06-28,P032,渝华连锁超市(绣川新城店),R07,104.330571,30.85576,4.46,1.0534,851,971,中
DO202606280078,2026-06-28,P032,渝华连锁超市(绣川新城店),R07,104.330571,30.85576,64.7,0.2685,853,973,高
DO202606280079,2026-06-28,P032,渝华连锁超市(绣川新城店),R07,104.330571,30.85576,42.27,0.0454,856,976,低
DO202606280080,2026-06-28,P033,红旗超市(团结花园店),R07,104.246885,30.877313,31.79,1.7204,536,656,高
DO202606280081,2026-06-28,P033,红旗超市(团结花园店),R07,104.246885,30.877313,33.01,3.4154,538,658,高
DO202606280082,2026-06-28,P033,红旗超市(团结花园店),R07,104.246885,30.877313,50.36,0.3559,544,664,中
DO202606280083,2026-06-28,P034,红旗连锁(北城新界民族花园店),R07,104.201632,30.877318,7.18,0.6962,791,911,中
DO202606280084,2026-06-28,P035,红旗连锁(青白江同金街便利店),R07,104.244552,30.889503,3.94,0.3672,621,741,高
DO202606280085,2026-06-28,P035,红旗连锁(青白江同金街便利店),R07,104.244552,30.889503,113.68,0.5667,621,741,低
DO202606280086,2026-06-28,P035,红旗连锁(青白江同金街便利店),R07,104.244552,30.889503,200.85,0.2313,623,743,高
DO202606280087,2026-06-28,P037,红旗连锁(青白江石家碾西路店),R07,104.253962,30.887052,61.99,0.8604,677,797,中
DO202606280088,2026-06-28,P038,青江一家超市,R07,104.284321,30.880989,80.9,0.0455,719,839,中
DO202606280089,2026-06-28,P038,青江一家超市,R07,104.284321,30.880989,13.7,0.0562,719,839,高
DO202606280090,2026-06-28,P038,青江一家超市,R07,104.284321,30.880989,294.33,0.2259,721,841,高
DO202606280091,2026-06-28,P041,永辉超市(成都青羊中铁大道店),R02,103.961452,30.670211,52.94,0.6836,541,661,中
DO202606280092,2026-06-28,P041,永辉超市(成都青羊中铁大道店),R02,103.961452,30.670211,59.31,1.2228,543,663,中
DO202606280093,2026-06-28,P041,永辉超市(成都青羊中铁大道店),R02,103.961452,30.670211,367.68,0.6471,546,666,中
DO202606280094,2026-06-28,P042,永辉超市(青羊新城市店),R02,104.057614,30.67321,216.35,0.2055,599,719,中
DO202606280095,2026-06-28,P043,红旗超市(中同仁路分场),R02,104.052373,30.668819,12.93,0.185,761,881,中
DO202606280096,2026-06-28,P043,红旗超市(中同仁路分场),R02,104.052373,30.668819,26.03,0.3439,761,881,中
DO202606280097,2026-06-28,P044,邻你生活超市(大庆店),R02,104.032527,30.669557,343.49,0.8601,828,948,中
DO202606280098,2026-06-28,P045,世纪红连锁超市,R08,104.208007,30.532247,72.59,0.472,582,702,中
DO202606280099,2026-06-28,P046,尚喜超市(锦绣路店),R08,104.308338,30.606726,24.07,2.6346,668,788,中
DO202606280100,2026-06-28,P047,永辉超市(成都龙泉驿万达广场店),R08,104.269392,30.566865,70.27,0.6054,657,777,中
DO202606280101,2026-06-28,P047,永辉超市(成都龙泉驿万达广场店),R08,104.269392,30.566865,18.33,1.1673,658,778,中
DO202606280102,2026-06-28,P047,永辉超市(成都龙泉驿万达广场店),R08,104.269392,30.566865,31.58,0.3145,659,779,中
DO202606280103,2026-06-28,P047,永辉超市(成都龙泉驿万达广场店),R08,104.269392,30.566865,52.86,0.4824,663,783,中
DO202606280104,2026-06-28,P047,永辉超市(成都龙泉驿万达广场店),R08,104.269392,30.566865,5.1,0.4494,667,787,中
DO202606280105,2026-06-28,P047,永辉超市(成都龙泉驿万达广场店),R08,104.269392,30.566865,12.74,1.4641,667,787,低
DO202606280106,2026-06-28,P047,永辉超市(成都龙泉驿万达广场店),R08,104.269392,30.566865,118.09,0.3819,667,787,中
DO202606280107,2026-06-28,P048,汇联美连锁超市(中街店),R08,104.27333,30.560098,21.64,0.2978,565,685,高
DO202606280108,2026-06-28,P048,汇联美连锁超市(中街店),R08,104.27333,30.560098,15.52,0.0116,569,689,低
DO202606280109,2026-06-28,P048,汇联美连锁超市(中街店),R08,104.27333,30.560098,910.46,0.2245,569,689,高
DO202606280110,2026-06-28,P049,百伦生活超市(龙泉店),R08,104.273346,30.559846,29.47,0.1809,896,1016,低
DO202606280111,2026-06-28,P049,百伦生活超市(龙泉店),R08,104.273346,30.559846,32.53,1.0014,896,1016,低
DO202606280112,2026-06-28,P049,百伦生活超市(龙泉店),R08,104.273346,30.559846,39.92,0.1086,904,1024,高
DO202606280113,2026-06-28,P049,百伦生活超市(龙泉店),R08,104.273346,30.559846,3.78,1.2412,904,1024,中
DO202606290000,2026-06-29,P001,689便民(荣盛·香榭兰庭店),R06,104.135375,30.623625,47.41,0.2609,563,683,低
DO202606290001,2026-06-29,P001,689便民(荣盛·香榭兰庭店),R06,104.135375,30.623625,40.34,0.1703,565,685,低
DO202606290002,2026-06-29,P003,红旗连锁,R06,104.132763,30.627528,38.34,0.1457,719,839,高
DO202606290003,2026-06-29,P003,红旗连锁,R06,104.132763,30.627528,36.13,0.9663,727,847,中
DO202606290004,2026-06-29,P004,老蔡小卖部(水碾河路北社区三街店),R06,104.099234,30.648748,32.34,0.0417,628,748,中
DO202606290005,2026-06-29,P004,老蔡小卖部(水碾河路北社区三街店),R06,104.099234,30.648748,18.17,0.535,630,750,中
DO202606290006,2026-06-29,P005,郝英超市,R06,104.129707,30.628761,22.94,0.2856,816,936,中
DO202606290007,2026-06-29,P005,郝英超市,R06,104.129707,30.628761,37.85,0.4067,818,938,中
DO202606290008,2026-06-29,P006,全家便利店(龙江路店),R03,104.077199,30.641639,19.22,0.1856,661,781,中
DO202606290009,2026-06-29,P006,全家便利店(龙江路店),R03,104.077199,30.641639,40.51,0.5247,663,783,高
DO202606290010,2026-06-29,P006,全家便利店(龙江路店),R03,104.077199,30.641639,176.6,0.1209,663,783,中
DO202606290011,2026-06-29,P007,永辉超市(成都市新城吾悦广场店),R03,103.988663,30.626255,8.54,0.4906,719,839,中
DO202606290012,2026-06-29,P008,永辉超市(银泰城店),R03,104.058121,30.541191,8.03,0.1991,792,912,低
DO202606290013,2026-06-29,P008,永辉超市(银泰城店),R03,104.058121,30.541191,14.9,1.4622,794,914,低
DO202606290014,2026-06-29,P008,永辉超市(银泰城店),R03,104.058121,30.541191,10.57,0.7599,795,915,中
DO202606290015,2026-06-29,P009,永辉超市(龙湖成都金楠天街店),R03,103.995986,30.648731,38.44,1.2521,722,842,低
DO202606290016,2026-06-29,P009,永辉超市(龙湖成都金楠天街店),R03,103.995986,30.648731,7.06,0.1134,722,842,高
DO202606290017,2026-06-29,P009,永辉超市(龙湖成都金楠天街店),R03,103.995986,30.648731,33.33,0.3816,725,845,低
DO202606290018,2026-06-29,P009,永辉超市(龙湖成都金楠天街店),R03,103.995986,30.648731,29.94,0.5318,727,847,高
DO202606290019,2026-06-29,P009,永辉超市(龙湖成都金楠天街店),R03,103.995986,30.648731,423.59,0.3641,728,848,中
DO202606290020,2026-06-29,P009,永辉超市(龙湖成都金楠天街店),R03,103.995986,30.648731,47.32,0.5085,729,849,低
DO202606290021,2026-06-29,P010,百分百超市(心语店),R03,104.045915,30.545712,84.05,0.751,886,1006,中
DO202606290022,2026-06-29,P010,百分百超市(心语店),R03,104.045915,30.545712,7.92,1.5668,888,1008,中
DO202606290023,2026-06-29,P011,永辉超市(成都市双铁广场店),R01,103.975737,30.758309,300.37,0.9147,733,853,中
DO202606290024,2026-06-29,P011,永辉超市(成都市双铁广场店),R01,103.975737,30.758309,58.88,1.7356,736,856,低
DO202606290025,2026-06-29,P012,永辉超市(成都市蜀都万达广场店),R01,103.907862,30.807642,70.0,0.4112,810,930,中
DO202606290026,2026-06-29,P012,永辉超市(成都市蜀都万达广场店),R01,103.907862,30.807642,84.53,0.3419,814,934,低
DO202606290027,2026-06-29,P012,永辉超市(成都市蜀都万达广场店),R01,103.907862,30.807642,285.29,0.0874,815,935,低
DO202606290028,2026-06-29,P013,永辉超市(爱琴海购物中心店),R01,103.991901,30.737566,8.72,0.1613,826,946,中
DO202606290029,2026-06-29,P013,永辉超市(爱琴海购物中心店),R01,103.991901,30.737566,10.05,1.0512,827,947,高
DO202606290030,2026-06-29,P013,永辉超市(爱琴海购物中心店),R01,103.991901,30.737566,167.89,0.05,832,952,中
DO202606290031,2026-06-29,P013,永辉超市(爱琴海购物中心店),R01,103.991901,30.737566,30.51,0.0457,835,955,高
DO202606290032,2026-06-29,P014,永辉超市(龙湖成都时代天街店),R01,103.921214,30.750831,53.04,0.16,806,926,高
DO202606290033,2026-06-29,P014,永辉超市(龙湖成都时代天街店),R01,103.921214,30.750831,13.68,0.1456,811,931,中
DO202606290034,2026-06-29,P014,永辉超市(龙湖成都时代天街店),R01,103.921214,30.750831,119.02,1.3936,812,932,高
DO202606290035,2026-06-29,P014,永辉超市(龙湖成都时代天街店),R01,103.921214,30.750831,10.67,0.1197,813,933,中
DO202606290036,2026-06-29,P014,永辉超市(龙湖成都时代天街店),R01,103.921214,30.750831,81.67,0.12,814,934,中
DO202606290037,2026-06-29,P015,红旗超市(龙湖时代天街店),R01,103.919653,30.752444,67.2,0.3631,753,873,中
DO202606290038,2026-06-29,P015,红旗超市(龙湖时代天街店),R01,103.919653,30.752444,20.07,0.0644,762,882,高
DO202606290039,2026-06-29,P016,LAWSON罗森(枣子巷15号院店),R04,104.044885,30.667759,51.82,0.1149,886,1006,中
DO202606290040,2026-06-29,P017,LAWSON罗森(龙湖成都上城天街店),R04,104.071944,30.68395,57.62,1.0509,898,1018,高
DO202606290041,2026-06-29,P018,乐多(成华西街一店),R04,104.071998,30.683402,247.34,0.2375,571,691,低
DO202606290042,2026-06-29,P018,乐多(成华西街一店),R04,104.071998,30.683402,3.84,1.1428,579,699,高
DO202606290043,2026-06-29,P018,乐多(成华西街一店),R04,104.071998,30.683402,41.65,0.16,579,699,中
DO202606290044,2026-06-29,P019,奥特乐(成都龙湖上城天街店),R04,104.072004,30.684929,10.32,0.1603,740,860,中
DO202606290045,2026-06-29,P020,朴朴超市(西体路店),R04,104.061775,30.681195,188.45,0.1753,898,1018,高
DO202606290046,2026-06-29,P020,朴朴超市(西体路店),R04,104.061775,30.681195,16.87,0.4949,900,1020,低
DO202606290047,2026-06-29,P022,四川舞东风超市连锁股份有限公司,R05,104.082047,30.660437,71.84,0.1479,884,1004,中
DO202606290048,2026-06-29,P022,四川舞东风超市连锁股份有限公司,R05,104.082047,30.660437,344.21,0.0342,888,1008,高
DO202606290049,2026-06-29,P022,四川舞东风超市连锁股份有限公司,R05,104.082047,30.660437,4.7,0.4207,893,1013,低
DO202606290050,2026-06-29,P023,永辉超市(文华广场店),R05,104.107695,30.637048,29.89,0.1621,698,818,中
DO202606290051,2026-06-29,P024,永辉超市(锦江城市花园店),R05,104.142752,30.595134,25.99,0.6587,770,890,中
DO202606290052,2026-06-29,P025,红旗超市(成都红旗商厦店),R05,104.072081,30.658735,284.22,0.0918,689,809,中
DO202606290053,2026-06-29,P025,红旗超市(成都红旗商厦店),R05,104.072081,30.658735,31.83,1.2546,697,817,低
DO202606290054,2026-06-29,P027,大荣发连锁超市(和顺雅苑店),R07,104.253582,30.90011,295.58,0.2302,734,854,高
DO202606290055,2026-06-29,P027,大荣发连锁超市(和顺雅苑店),R07,104.253582,30.90011,61.46,0.5225,740,860,中
DO202606290056,2026-06-29,P028,永辉超市(天府欧城店),R07,104.256388,30.892152,6.99,0.7118,636,756,高
DO202606290057,2026-06-29,P028,永辉超市(天府欧城店),R07,104.256388,30.892152,16.97,0.9845,640,760,高
DO202606290058,2026-06-29,P028,永辉超市(天府欧城店),R07,104.256388,30.892152,16.55,0.3398,643,763,中
DO202606290059,2026-06-29,P029,永辉超市(青白江万达广场店),R07,104.253652,30.878095,6.02,0.8662,717,837,中
DO202606290060,2026-06-29,P029,永辉超市(青白江万达广场店),R07,104.253652,30.878095,26.8,0.3602,717,837,低
DO202606290061,2026-06-29,P030,润都连锁生活超市(正兴路店),R07,104.188354,30.87079,27.94,0.4414,876,996,中
DO202606290062,2026-06-29,P030,润都连锁生活超市(正兴路店),R07,104.188354,30.87079,20.67,0.5352,879,999,高
DO202606290063,2026-06-29,P031,渝华连锁超市(学苑路店),R07,104.276426,30.875299,12.82,0.638,861,981,中
DO202606290064,2026-06-29,P033,红旗超市(团结花园店),R07,104.246885,30.877313,2121.13,1.3184,544,664,低
DO202606290065,2026-06-29,P033,红旗超市(团结花园店),R07,104.246885,30.877313,11.02,0.9482,552,672,低
DO202606290066,2026-06-29,P034,红旗连锁(北城新界民族花园店),R07,104.201632,30.877318,85.79,0.2516,679,799,中
DO202606290067,2026-06-29,P034,红旗连锁(北城新界民族花园店),R07,104.201632,30.877318,44.54,0.0391,684,804,低
DO202606290068,2026-06-29,P034,红旗连锁(北城新界民族花园店),R07,104.201632,30.877318,22.83,0.1102,687,807,中
DO202606290069,2026-06-29,P035,红旗连锁(青白江同金街便利店),R07,104.244552,30.889503,30.4,0.265,573,693,中
DO202606290070,2026-06-29,P035,红旗连锁(青白江同金街便利店),R07,104.244552,30.889503,24.44,0.1779,576,696,高
DO202606290071,2026-06-29,P035,红旗连锁(青白江同金街便利店),R07,104.244552,30.889503,55.83,0.0791,581,701,中
DO202606290072,2026-06-29,P036,红旗连锁(青白江城厢首府分场),R07,104.323054,30.860039,10.53,0.9745,521,641,高
DO202606290073,2026-06-29,P037,红旗连锁(青白江石家碾西路店),R07,104.253962,30.887052,6.14,0.3422,860,980,中
DO202606290074,2026-06-29,P037,红旗连锁(青白江石家碾西路店),R07,104.253962,30.887052,161.2,0.1769,869,989,低
DO202606290075,2026-06-29,P038,青江一家超市,R07,104.284321,30.880989,41.88,0.1175,785,905,低
DO202606290076,2026-06-29,P039,青江百货连锁超市,R07,104.269502,30.876837,32.14,1.5989,662,782,中
DO202606290077,2026-06-29,P039,青江百货连锁超市,R07,104.269502,30.876837,160.94,0.3403,669,789,中
DO202606290078,2026-06-29,P040,上蔬永辉超市(西单商场店),R02,104.000521,30.674866,49.86,0.3876,890,1010,低
DO202606290079,2026-06-29,P041,永辉超市(成都青羊中铁大道店),R02,103.961452,30.670211,56.8,0.1467,533,653,低
DO202606290080,2026-06-29,P041,永辉超市(成都青羊中铁大道店),R02,103.961452,30.670211,13.59,2.0849,536,656,中
DO202606290081,2026-06-29,P041,永辉超市(成都青羊中铁大道店),R02,103.961452,30.670211,7.97,0.6196,541,661,中
DO202606290082,2026-06-29,P041,永辉超市(成都青羊中铁大道店),R02,103.961452,30.670211,86.66,1.743,543,663,高
DO202606290083,2026-06-29,P042,永辉超市(青羊新城市店),R02,104.057614,30.67321,41.68,0.0922,776,896,低
DO202606290084,2026-06-29,P043,红旗超市(中同仁路分场),R02,104.052373,30.668819,71.8,0.1046,848,968,低
DO202606290085,2026-06-29,P043,红旗超市(中同仁路分场),R02,104.052373,30.668819,50.75,0.124,848,968,高
DO202606290086,2026-06-29,P043,红旗超市(中同仁路分场),R02,104.052373,30.668819,76.63,0.8803,857,977,中
DO202606290087,2026-06-29,P044,邻你生活超市(大庆店),R02,104.032527,30.669557,1.81,0.1093,698,818,高
DO202606290088,2026-06-29,P044,邻你生活超市(大庆店),R02,104.032527,30.669557,122.4,0.7945,699,819,中
DO202606290089,2026-06-29,P044,邻你生活超市(大庆店),R02,104.032527,30.669557,15.31,3.0623,704,824,高
DO202606290090,2026-06-29,P044,邻你生活超市(大庆店),R02,104.032527,30.669557,757.97,0.2738,704,824,低
DO202606290091,2026-06-29,P045,世纪红连锁超市,R08,104.208007,30.532247,124.36,0.0301,573,693,中
DO202606290092,2026-06-29,P046,尚喜超市(锦绣路店),R08,104.308338,30.606726,9.8,0.7518,613,733,低
DO202606290093,2026-06-29,P047,永辉超市(成都龙泉驿万达广场店),R08,104.269392,30.566865,21.9,2.5522,697,817,中
DO202606290094,2026-06-29,P047,永辉超市(成都龙泉驿万达广场店),R08,104.269392,30.566865,85.19,0.0265,702,822,高
DO202606290095,2026-06-29,P048,汇联美连锁超市(中街店),R08,104.27333,30.560098,217.93,0.3428,824,944,低
DO202606290096,2026-06-29,P048,汇联美连锁超市(中街店),R08,104.27333,30.560098,5.53,0.5724,832,952,中
DO202606290097,2026-06-29,P048,汇联美连锁超市(中街店),R08,104.27333,30.560098,697.41,0.0964,832,952,低
DO202606290098,2026-06-29,P048,汇联美连锁超市(中街店),R08,104.27333,30.560098,14.83,0.0834,832,952,低
DO202606290099,2026-06-29,P049,百伦生活超市(龙泉店),R08,104.273346,30.559846,27.9,0.0711,786,906,中
DO202606300000,2026-06-30,P001,689便民(荣盛·香榭兰庭店),R06,104.135375,30.623625,684.6,0.2262,618,738,中
DO202606300001,2026-06-30,P001,689便民(荣盛·香榭兰庭店),R06,104.135375,30.623625,10.7,0.7682,619,739,中
DO202606300002,2026-06-30,P001,689便民(荣盛·香榭兰庭店),R06,104.135375,30.623625,36.24,0.9697,620,740,中
DO202606300003,2026-06-30,P003,红旗连锁,R06,104.132763,30.627528,31.58,1.372,651,771,高
DO202606300004,2026-06-30,P003,红旗连锁,R06,104.132763,30.627528,529.67,0.0658,653,773,中
DO202606300005,2026-06-30,P003,红旗连锁,R06,104.132763,30.627528,11.15,0.1751,656,776,中
DO202606300006,2026-06-30,P003,红旗连锁,R06,104.132763,30.627528,14.05,0.3712,657,777,中
DO202606300007,2026-06-30,P004,老蔡小卖部(水碾河路北社区三街店),R06,104.099234,30.648748,86.69,0.3372,543,663,高
DO202606300008,2026-06-30,P005,郝英超市,R06,104.129707,30.628761,189.47,0.239,576,696,高
DO202606300009,2026-06-30,P005,郝英超市,R06,104.129707,30.628761,65.33,0.0552,577,697,高
DO202606300010,2026-06-30,P005,郝英超市,R06,104.129707,30.628761,10.27,1.4382,578,698,中
DO202606300011,2026-06-30,P006,全家便利店(龙江路店),R03,104.077199,30.641639,5.68,0.4265,539,659,中
DO202606300012,2026-06-30,P007,永辉超市(成都市新城吾悦广场店),R03,103.988663,30.626255,42.39,0.3033,547,667,高
DO202606300013,2026-06-30,P007,永辉超市(成都市新城吾悦广场店),R03,103.988663,30.626255,604.67,0.8228,549,669,中
DO202606300014,2026-06-30,P009,永辉超市(龙湖成都金楠天街店),R03,103.995986,30.648731,21.56,0.293,750,870,低
DO202606300015,2026-06-30,P010,百分百超市(心语店),R03,104.045915,30.545712,86.8,0.068,550,670,中
DO202606300016,2026-06-30,P011,永辉超市(成都市双铁广场店),R01,103.975737,30.758309,58.51,0.118,721,841,中
DO202606300017,2026-06-30,P011,永辉超市(成都市双铁广场店),R01,103.975737,30.758309,46.92,0.3217,721,841,低
DO202606300018,2026-06-30,P011,永辉超市(成都市双铁广场店),R01,103.975737,30.758309,9.42,0.1649,722,842,高
DO202606300019,2026-06-30,P012,永辉超市(成都市蜀都万达广场店),R01,103.907862,30.807642,232.32,0.2341,839,959,高
DO202606300020,2026-06-30,P012,永辉超市(成都市蜀都万达广场店),R01,103.907862,30.807642,19.81,0.1408,847,967,低
DO202606300021,2026-06-30,P013,永辉超市(爱琴海购物中心店),R01,103.991901,30.737566,36.4,0.1021,625,745,中
DO202606300022,2026-06-30,P013,永辉超市(爱琴海购物中心店),R01,103.991901,30.737566,72.28,0.1254,628,748,低
DO202606300023,2026-06-30,P013,永辉超市(爱琴海购物中心店),R01,103.991901,30.737566,113.48,0.2384,630,750,高
DO202606300024,2026-06-30,P014,永辉超市(龙湖成都时代天街店),R01,103.921214,30.750831,21.77,0.1831,639,759,低
DO202606300025,2026-06-30,P014,永辉超市(龙湖成都时代天街店),R01,103.921214,30.750831,302.29,0.3323,640,760,中
DO202606300026,2026-06-30,P014,永辉超市(龙湖成都时代天街店),R01,103.921214,30.750831,30.88,0.3368,641,761,中
DO202606300027,2026-06-30,P014,永辉超市(龙湖成都时代天街店),R01,103.921214,30.750831,12.06,0.1602,643,763,高
DO202606300028,2026-06-30,P015,红旗超市(龙湖时代天街店),R01,103.919653,30.752444,48.1,1.0587,811,931,高
DO202606300029,2026-06-30,P015,红旗超市(龙湖时代天街店),R01,103.919653,30.752444,69.65,0.5199,814,934,高
DO202606300030,2026-06-30,P015,红旗超市(龙湖时代天街店),R01,103.919653,30.752444,13.04,0.1092,814,934,高
DO202606300031,2026-06-30,P015,红旗超市(龙湖时代天街店),R01,103.919653,30.752444,37.62,0.1295,817,937,中
DO202606300032,2026-06-30,P015,红旗超市(龙湖时代天街店),R01,103.919653,30.752444,602.74,4.1488,817,937,中
DO202606300033,2026-06-30,P015,红旗超市(龙湖时代天街店),R01,103.919653,30.752444,69.37,1.138,818,938,中
DO202606300034,2026-06-30,P016,LAWSON罗森(枣子巷15号院店),R04,104.044885,30.667759,95.97,1.5121,525,645,中
DO202606300035,2026-06-30,P017,LAWSON罗森(龙湖成都上城天街店),R04,104.071944,30.68395,72.92,0.3537,880,1000,中
DO202606300036,2026-06-30,P017,LAWSON罗森(龙湖成都上城天街店),R04,104.071944,30.68395,58.32,0.1053,886,1006,高
DO202606300037,2026-06-30,P017,LAWSON罗森(龙湖成都上城天街店),R04,104.071944,30.68395,14.95,1.4094,887,1007,中
DO202606300038,2026-06-30,P018,乐多(成华西街一店),R04,104.071998,30.683402,2.27,0.8714,577,697,低
DO202606300039,2026-06-30,P018,乐多(成华西街一店),R04,104.071998,30.683402,16.39,0.0426,583,703,中
DO202606300040,2026-06-30,P018,乐多(成华西街一店),R04,104.071998,30.683402,48.4,0.1249,584,704,中
DO202606300041,2026-06-30,P018,乐多(成华西街一店),R04,104.071998,30.683402,51.53,0.2854,586,706,中
DO202606300042,2026-06-30,P019,奥特乐(成都龙湖上城天街店),R04,104.072004,30.684929,62.89,0.0421,773,893,高
DO202606300043,2026-06-30,P019,奥特乐(成都龙湖上城天街店),R04,104.072004,30.684929,26.16,0.0229,779,899,低
DO202606300044,2026-06-30,P020,朴朴超市(西体路店),R04,104.061775,30.681195,6.38,0.1675,871,991,中
DO202606300045,2026-06-30,P020,朴朴超市(西体路店),R04,104.061775,30.681195,2.96,0.4623,872,992,中
DO202606300046,2026-06-30,P020,朴朴超市(西体路店),R04,104.061775,30.681195,6.96,0.0875,873,993,中
DO202606300047,2026-06-30,P021,Ole 精品超市(IFS国际金融中心店),R05,104.081893,30.655003,23.16,0.3572,824,944,中
DO202606300048,2026-06-30,P021,Ole 精品超市(IFS国际金融中心店),R05,104.081893,30.655003,5.52,1.9699,831,951,中
DO202606300049,2026-06-30,P022,四川舞东风超市连锁股份有限公司,R05,104.082047,30.660437,25.34,0.3342,561,681,低
DO202606300050,2026-06-30,P022,四川舞东风超市连锁股份有限公司,R05,104.082047,30.660437,246.86,0.6388,563,683,中
DO202606300051,2026-06-30,P023,永辉超市(文华广场店),R05,104.107695,30.637048,114.18,1.0686,783,903,低
DO202606300052,2026-06-30,P024,永辉超市(锦江城市花园店),R05,104.142752,30.595134,53.69,0.0572,519,639,低
DO202606300053,2026-06-30,P024,永辉超市(锦江城市花园店),R05,104.142752,30.595134,6.5,6.3066,524,644,中
DO202606300054,2026-06-30,P025,红旗超市(成都红旗商厦店),R05,104.072081,30.658735,114.31,0.5533,546,666,中
DO202606300055,2026-06-30,P025,红旗超市(成都红旗商厦店),R05,104.072081,30.658735,809.82,0.3996,546,666,低
DO202606300056,2026-06-30,P026,友好多连锁超市(界牌店),R07,104.313922,30.880419,85.48,0.4457,688,808,低
DO202606300057,2026-06-30,P026,友好多连锁超市(界牌店),R07,104.313922,30.880419,1478.35,1.5932,688,808,中
DO202606300058,2026-06-30,P027,大荣发连锁超市(和顺雅苑店),R07,104.253582,30.90011,15.57,0.0906,637,757,高
DO202606300059,2026-06-30,P027,大荣发连锁超市(和顺雅苑店),R07,104.253582,30.90011,31.38,0.0432,642,762,低
DO202606300060,2026-06-30,P027,大荣发连锁超市(和顺雅苑店),R07,104.253582,30.90011,3.08,0.1662,643,763,高
DO202606300061,2026-06-30,P027,大荣发连锁超市(和顺雅苑店),R07,104.253582,30.90011,59.88,0.2716,644,764,中
DO202606300062,2026-06-30,P028,永辉超市(天府欧城店),R07,104.256388,30.892152,54.04,0.1601,841,961,中
DO202606300063,2026-06-30,P028,永辉超市(天府欧城店),R07,104.256388,30.892152,31.91,1.3906,846,966,低
DO202606300064,2026-06-30,P029,永辉超市(青白江万达广场店),R07,104.253652,30.878095,56.35,0.836,752,872,中
DO202606300065,2026-06-30,P029,永辉超市(青白江万达广场店),R07,104.253652,30.878095,17.18,0.1462,758,878,高
DO202606300066,2026-06-30,P029,永辉超市(青白江万达广场店),R07,104.253652,30.878095,13.94,3.7548,760,880,高
DO202606300067,2026-06-30,P029,永辉超市(青白江万达广场店),R07,104.253652,30.878095,96.23,1.6685,761,881,中
DO202606300068,2026-06-30,P030,润都连锁生活超市(正兴路店),R07,104.188354,30.87079,2.84,0.3682,787,907,高
DO202606300069,2026-06-30,P030,润都连锁生活超市(正兴路店),R07,104.188354,30.87079,51.56,0.8662,788,908,中
DO202606300070,2026-06-30,P030,润都连锁生活超市(正兴路店),R07,104.188354,30.87079,13.43,0.0853,790,910,中
DO202606300071,2026-06-30,P031,渝华连锁超市(学苑路店),R07,104.276426,30.875299,3.65,0.4426,768,888,低
DO202606300072,2026-06-30,P031,渝华连锁超市(学苑路店),R07,104.276426,30.875299,13.56,0.1391,769,889,低
DO202606300073,2026-06-30,P032,渝华连锁超市(绣川新城店),R07,104.330571,30.85576,114.61,1.9402,750,870,中
DO202606300074,2026-06-30,P033,红旗超市(团结花园店),R07,104.246885,30.877313,9.09,0.0118,761,881,低
DO202606300075,2026-06-30,P033,红旗超市(团结花园店),R07,104.246885,30.877313,112.7,0.0287,765,885,中
DO202606300076,2026-06-30,P033,红旗超市(团结花园店),R07,104.246885,30.877313,107.47,0.6847,766,886,高
DO202606300077,2026-06-30,P033,红旗超市(团结花园店),R07,104.246885,30.877313,5.25,1.607,767,887,中
DO202606300078,2026-06-30,P033,红旗超市(团结花园店),R07,104.246885,30.877313,54.29,0.6171,768,888,中
DO202606300079,2026-06-30,P034,红旗连锁(北城新界民族花园店),R07,104.201632,30.877318,64.11,0.3762,597,717,中
DO202606300080,2026-06-30,P034,红旗连锁(北城新界民族花园店),R07,104.201632,30.877318,15.06,0.0645,601,721,中
DO202606300081,2026-06-30,P034,红旗连锁(北城新界民族花园店),R07,104.201632,30.877318,583.53,0.2874,602,722,低
DO202606300082,2026-06-30,P034,红旗连锁(北城新界民族花园店),R07,104.201632,30.877318,3.53,0.9772,606,726,低
DO202606300083,2026-06-30,P035,红旗连锁(青白江同金街便利店),R07,104.244552,30.889503,200.21,0.5322,652,772,低
DO202606300084,2026-06-30,P036,红旗连锁(青白江城厢首府分场),R07,104.323054,30.860039,45.72,0.4041,643,763,低
DO202606300085,2026-06-30,P037,红旗连锁(青白江石家碾西路店),R07,104.253962,30.887052,86.78,0.1247,819,939,中
DO202606300086,2026-06-30,P038,青江一家超市,R07,104.284321,30.880989,42.21,0.297,824,944,中
DO202606300087,2026-06-30,P038,青江一家超市,R07,104.284321,30.880989,10.54,0.4878,826,946,低
DO202606300088,2026-06-30,P039,青江百货连锁超市,R07,104.269502,30.876837,40.86,0.4669,531,651,高
DO202606300089,2026-06-30,P041,永辉超市(成都青羊中铁大道店),R02,103.961452,30.670211,29.62,0.3437,639,759,低
DO202606300090,2026-06-30,P042,永辉超市(青羊新城市店),R02,104.057614,30.67321,86.05,0.1883,791,911,低
DO202606300091,2026-06-30,P042,永辉超市(青羊新城市店),R02,104.057614,30.67321,70.03,0.7066,799,919,中
DO202606300092,2026-06-30,P043,红旗超市(中同仁路分场),R02,104.052373,30.668819,8.15,0.0952,823,943,中
DO202606300093,2026-06-30,P043,红旗超市(中同仁路分场),R02,104.052373,30.668819,119.92,3.1709,830,950,低
DO202606300094,2026-06-30,P044,邻你生活超市(大庆店),R02,104.032527,30.669557,34.45,0.1346,752,872,中
DO202606300095,2026-06-30,P044,邻你生活超市(大庆店),R02,104.032527,30.669557,147.73,0.9662,752,872,中
DO202606300096,2026-06-30,P044,邻你生活超市(大庆店),R02,104.032527,30.669557,34.07,0.1975,752,872,中
DO202606300097,2026-06-30,P045,世纪红连锁超市,R08,104.208007,30.532247,161.61,0.2309,726,846,低
DO202606300098,2026-06-30,P046,尚喜超市(锦绣路店),R08,104.308338,30.606726,10.55,0.7398,677,797,中
DO202606300099,2026-06-30,P046,尚喜超市(锦绣路店),R08,104.308338,30.606726,118.27,0.2197,681,801,中
DO202606300100,2026-06-30,P046,尚喜超市(锦绣路店),R08,104.308338,30.606726,192.84,0.4947,682,802,中
DO202606300101,2026-06-30,P046,尚喜超市(锦绣路店),R08,104.308338,30.606726,26.94,0.0189,686,806,中
DO202606300102,2026-06-30,P047,永辉超市(成都龙泉驿万达广场店),R08,104.269392,30.566865,20.29,0.4202,572,692,中
DO202606300103,2026-06-30,P048,汇联美连锁超市(中街店),R08,104.27333,30.560098,205.26,0.1715,656,776,高
DO202606300104,2026-06-30,P048,汇联美连锁超市(中街店),R08,104.27333,30.560098,21.73,0.0167,659,779,低
DO202606300105,2026-06-30,P049,百伦生活超市(龙泉店),R08,104.273346,30.559846,17.73,0.4174,644,764,低
DO202606300106,2026-06-30,P049,百伦生活超市(龙泉店),R08,104.273346,30.559846,139.55,0.9179,651,771,低
DO202607010000,2026-07-01,P001,689便民(荣盛·香榭兰庭店),R06,104.135375,30.623625,15.22,0.2028,606,726,高
DO202607010001,2026-07-01,P001,689便民(荣盛·香榭兰庭店),R06,104.135375,30.623625,24.41,0.3927,612,732,中
DO202607010002,2026-07-01,P003,红旗连锁,R06,104.132763,30.627528,466.38,0.2363,831,951,低
DO202607010003,2026-07-01,P003,红旗连锁,R06,104.132763,30.627528,9.18,0.0378,832,952,高
DO202607010004,2026-07-01,P004,老蔡小卖部(水碾河路北社区三街店),R06,104.099234,30.648748,5.11,1.0262,685,805,中
DO202607010005,2026-07-01,P005,郝英超市,R06,104.129707,30.628761,36.19,0.0354,843,963,中
DO202607010006,2026-07-01,P005,郝英超市,R06,104.129707,30.628761,32.79,0.2713,847,967,中
DO202607010007,2026-07-01,P006,全家便利店(龙江路店),R03,104.077199,30.641639,63.76,0.2198,684,804,低
DO202607010008,2026-07-01,P006,全家便利店(龙江路店),R03,104.077199,30.641639,49.13,0.4076,689,809,中
DO202607010009,2026-07-01,P006,全家便利店(龙江路店),R03,104.077199,30.641639,6.51,0.4127,689,809,中
DO202607010010,2026-07-01,P006,全家便利店(龙江路店),R03,104.077199,30.641639,28.91,11.9025,690,810,中
DO202607010011,2026-07-01,P007,永辉超市(成都市新城吾悦广场店),R03,103.988663,30.626255,39.85,0.6942,703,823,低
DO202607010012,2026-07-01,P008,永辉超市(银泰城店),R03,104.058121,30.541191,7.75,0.099,579,699,中
DO202607010013,2026-07-01,P009,永辉超市(龙湖成都金楠天街店),R03,103.995986,30.648731,113.58,0.7611,522,642,中
DO202607010014,2026-07-01,P010,百分百超市(心语店),R03,104.045915,30.545712,11.73,2.2926,556,676,低
DO202607010015,2026-07-01,P011,永辉超市(成都市双铁广场店),R01,103.975737,30.758309,108.65,0.2451,604,724,中
DO202607010016,2026-07-01,P011,永辉超市(成都市双铁广场店),R01,103.975737,30.758309,14.32,0.0555,608,728,低
DO202607010017,2026-07-01,P012,永辉超市(成都市蜀都万达广场店),R01,103.907862,30.807642,394.52,1.6096,770,890,低
DO202607010018,2026-07-01,P012,永辉超市(成都市蜀都万达广场店),R01,103.907862,30.807642,22.95,0.1142,771,891,高
DO202607010019,2026-07-01,P013,永辉超市(爱琴海购物中心店),R01,103.991901,30.737566,15.43,0.6202,690,810,中
DO202607010020,2026-07-01,P014,永辉超市(龙湖成都时代天街店),R01,103.921214,30.750831,13.23,0.1196,607,727,中
DO202607010021,2026-07-01,P014,永辉超市(龙湖成都时代天街店),R01,103.921214,30.750831,30.96,0.7677,609,729,中
DO202607010022,2026-07-01,P014,永辉超市(龙湖成都时代天街店),R01,103.921214,30.750831,12.04,1.1129,614,734,中
DO202607010023,2026-07-01,P015,红旗超市(龙湖时代天街店),R01,103.919653,30.752444,10.25,0.6236,803,923,低
DO202607010024,2026-07-01,P017,LAWSON罗森(龙湖成都上城天街店),R04,104.071944,30.68395,6.11,0.2553,536,656,中
DO202607010025,2026-07-01,P018,乐多(成华西街一店),R04,104.071998,30.683402,247.73,0.0739,698,818,中
DO202607010026,2026-07-01,P018,乐多(成华西街一店),R04,104.071998,30.683402,36.98,0.4924,699,819,低
DO202607010027,2026-07-01,P018,乐多(成华西街一店),R04,104.071998,30.683402,147.05,0.0814,699,819,中
DO202607010028,2026-07-01,P018,乐多(成华西街一店),R04,104.071998,30.683402,11.88,0.8639,704,824,中
DO202607010029,2026-07-01,P018,乐多(成华西街一店),R04,104.071998,30.683402,162.11,0.058,704,824,高
DO202607010030,2026-07-01,P019,奥特乐(成都龙湖上城天街店),R04,104.072004,30.684929,283.59,0.1705,535,655,中
DO202607010031,2026-07-01,P019,奥特乐(成都龙湖上城天街店),R04,104.072004,30.684929,148.67,0.2246,535,655,低
DO202607010032,2026-07-01,P019,奥特乐(成都龙湖上城天街店),R04,104.072004,30.684929,43.32,1.0007,535,655,中
DO202607010033,2026-07-01,P020,朴朴超市(西体路店),R04,104.061775,30.681195,149.49,0.1461,877,997,低
DO202607010034,2026-07-01,P021,Ole 精品超市(IFS国际金融中心店),R05,104.081893,30.655003,13.64,2.8616,667,787,低
DO202607010035,2026-07-01,P022,四川舞东风超市连锁股份有限公司,R05,104.082047,30.660437,22.97,0.2386,847,967,中
DO202607010036,2026-07-01,P024,永辉超市(锦江城市花园店),R05,104.142752,30.595134,24.11,0.097,815,935,高
DO202607010037,2026-07-01,P024,永辉超市(锦江城市花园店),R05,104.142752,30.595134,12.07,0.0424,816,936,中
DO202607010038,2026-07-01,P025,红旗超市(成都红旗商厦店),R05,104.072081,30.658735,106.35,0.0689,748,868,中
DO202607010039,2026-07-01,P025,红旗超市(成都红旗商厦店),R05,104.072081,30.658735,223.81,0.0362,749,869,高
DO202607010040,2026-07-01,P025,红旗超市(成都红旗商厦店),R05,104.072081,30.658735,25.22,0.2471,749,869,高
DO202607010041,2026-07-01,P026,友好多连锁超市(界牌店),R07,104.313922,30.880419,196.36,0.0253,713,833,中
DO202607010042,2026-07-01,P027,大荣发连锁超市(和顺雅苑店),R07,104.253582,30.90011,105.5,0.6897,660,780,中
DO202607010043,2026-07-01,P028,永辉超市(天府欧城店),R07,104.256388,30.892152,103.37,0.5834,897,1017,高
DO202607010044,2026-07-01,P028,永辉超市(天府欧城店),R07,104.256388,30.892152,354.74,0.38,898,1018,低
DO202607010045,2026-07-01,P029,永辉超市(青白江万达广场店),R07,104.253652,30.878095,136.19,0.9853,704,824,高
DO202607010046,2026-07-01,P029,永辉超市(青白江万达广场店),R07,104.253652,30.878095,21.12,0.1208,705,825,低
DO202607010047,2026-07-01,P030,润都连锁生活超市(正兴路店),R07,104.188354,30.87079,17.16,0.4069,832,952,中
DO202607010048,2026-07-01,P032,渝华连锁超市(绣川新城店),R07,104.330571,30.85576,761.67,0.1749,688,808,中
DO202607010049,2026-07-01,P032,渝华连锁超市(绣川新城店),R07,104.330571,30.85576,20.97,0.1999,688,808,高
DO202607010050,2026-07-01,P033,红旗超市(团结花园店),R07,104.246885,30.877313,112.33,1.2025,840,960,中
DO202607010051,2026-07-01,P033,红旗超市(团结花园店),R07,104.246885,30.877313,22.74,0.1493,847,967,高
DO202607010052,2026-07-01,P034,红旗连锁(北城新界民族花园店),R07,104.201632,30.877318,9.42,0.0284,690,810,中
DO202607010053,2026-07-01,P034,红旗连锁(北城新界民族花园店),R07,104.201632,30.877318,729.7,0.1662,691,811,中
DO202607010054,2026-07-01,P034,红旗连锁(北城新界民族花园店),R07,104.201632,30.877318,81.06,0.6979,696,816,中
DO202607010055,2026-07-01,P035,红旗连锁(青白江同金街便利店),R07,104.244552,30.889503,282.04,0.0036,684,804,中
DO202607010056,2026-07-01,P036,红旗连锁(青白江城厢首府分场),R07,104.323054,30.860039,145.9,0.1038,893,1013,低
DO202607010057,2026-07-01,P037,红旗连锁(青白江石家碾西路店),R07,104.253962,30.887052,24.7,0.2656,883,1003,中
DO202607010058,2026-07-01,P038,青江一家超市,R07,104.284321,30.880989,77.83,0.251,618,738,中
DO202607010059,2026-07-01,P038,青江一家超市,R07,104.284321,30.880989,7.21,0.9765,621,741,中
DO202607010060,2026-07-01,P038,青江一家超市,R07,104.284321,30.880989,20.99,0.0504,621,741,中
DO202607010061,2026-07-01,P040,上蔬永辉超市(西单商场店),R02,104.000521,30.674866,89.9,0.4985,835,955,中
DO202607010062,2026-07-01,P041,永辉超市(成都青羊中铁大道店),R02,103.961452,30.670211,22.87,0.5119,721,841,低
DO202607010063,2026-07-01,P041,永辉超市(成都青羊中铁大道店),R02,103.961452,30.670211,10.57,0.3026,722,842,高
DO202607010064,2026-07-01,P042,永辉超市(青羊新城市店),R02,104.057614,30.67321,35.32,0.5668,872,992,高
DO202607010065,2026-07-01,P043,红旗超市(中同仁路分场),R02,104.052373,30.668819,14.32,0.5663,631,751,高
DO202607010066,2026-07-01,P045,世纪红连锁超市,R08,104.208007,30.532247,101.16,0.0282,687,807,中
DO202607010067,2026-07-01,P045,世纪红连锁超市,R08,104.208007,30.532247,37.47,0.1512,692,812,中
DO202607010068,2026-07-01,P046,尚喜超市(锦绣路店),R08,104.308338,30.606726,2.31,1.7726,768,888,中
DO202607010069,2026-07-01,P047,永辉超市(成都龙泉驿万达广场店),R08,104.269392,30.566865,269.27,0.3455,653,773,中
DO202607010070,2026-07-01,P047,永辉超市(成都龙泉驿万达广场店),R08,104.269392,30.566865,7.3,0.0519,657,777,中
DO202607010071,2026-07-01,P047,永辉超市(成都龙泉驿万达广场店),R08,104.269392,30.566865,40.67,1.4653,659,779,低
DO202607010072,2026-07-01,P048,汇联美连锁超市(中街店),R08,104.27333,30.560098,1070.14,1.1847,546,666,高
DO202607010073,2026-07-01,P048,汇联美连锁超市(中街店),R08,104.27333,30.560098,5.15,0.0542,547,667,高
DO202607010074,2026-07-01,P048,汇联美连锁超市(中街店),R08,104.27333,30.560098,27.23,0.3288,554,674,中
DO202607010075,2026-07-01,P048,汇联美连锁超市(中街店),R08,104.27333,30.560098,96.58,0.3656,555,675,高
DO202607010076,2026-07-01,P049,百伦生活超市(龙泉店),R08,104.273346,30.559846,21.62,0.4635,773,893,中
DO202607020000,2026-07-02,P001,689便民(荣盛·香榭兰庭店),R06,104.135375,30.623625,187.18,4.695,638,758,中
DO202607020001,2026-07-02,P002,十二超市(佳年华广场1期店),R06,104.131787,30.627615,32.48,0.4762,663,783,高
DO202607020002,2026-07-02,P002,十二超市(佳年华广场1期店),R06,104.131787,30.627615,24.45,0.0341,664,784,低
DO202607020003,2026-07-02,P003,红旗连锁,R06,104.132763,30.627528,12.4,0.165,610,730,低
DO202607020004,2026-07-02,P003,红旗连锁,R06,104.132763,30.627528,76.6,0.3664,610,730,低
DO202607020005,2026-07-02,P003,红旗连锁,R06,104.132763,30.627528,68.59,0.0741,613,733,中
DO202607020006,2026-07-02,P003,红旗连锁,R06,104.132763,30.627528,4.74,0.1904,616,736,低
DO202607020007,2026-07-02,P004,老蔡小卖部(水碾河路北社区三街店),R06,104.099234,30.648748,20.62,0.3737,559,679,中
DO202607020008,2026-07-02,P004,老蔡小卖部(水碾河路北社区三街店),R06,104.099234,30.648748,31.03,0.7646,559,679,中
DO202607020009,2026-07-02,P004,老蔡小卖部(水碾河路北社区三街店),R06,104.099234,30.648748,8.8,2.2297,560,680,高
DO202607020010,2026-07-02,P005,郝英超市,R06,104.129707,30.628761,92.71,0.0438,731,851,低
DO202607020011,2026-07-02,P006,全家便利店(龙江路店),R03,104.077199,30.641639,13.45,2.2754,808,928,低
DO202607020012,2026-07-02,P006,全家便利店(龙江路店),R03,104.077199,30.641639,15.43,0.629,815,935,高
DO202607020013,2026-07-02,P006,全家便利店(龙江路店),R03,104.077199,30.641639,26.96,0.6146,817,937,高
DO202607020014,2026-07-02,P007,永辉超市(成都市新城吾悦广场店),R03,103.988663,30.626255,291.06,0.5159,681,801,中
DO202607020015,2026-07-02,P007,永辉超市(成都市新城吾悦广场店),R03,103.988663,30.626255,9.89,0.0686,687,807,低
DO202607020016,2026-07-02,P008,永辉超市(银泰城店),R03,104.058121,30.541191,4.74,0.9498,686,806,低
DO202607020017,2026-07-02,P010,百分百超市(心语店),R03,104.045915,30.545712,282.35,0.3557,740,860,中
DO202607020018,2026-07-02,P010,百分百超市(心语店),R03,104.045915,30.545712,23.27,0.5266,744,864,高
DO202607020019,2026-07-02,P011,永辉超市(成都市双铁广场店),R01,103.975737,30.758309,22.05,0.6042,707,827,中
DO202607020020,2026-07-02,P011,永辉超市(成都市双铁广场店),R01,103.975737,30.758309,31.4,0.4371,709,829,高
DO202607020021,2026-07-02,P012,永辉超市(成都市蜀都万达广场店),R01,103.907862,30.807642,198.75,0.5727,606,726,高
DO202607020022,2026-07-02,P013,永辉超市(爱琴海购物中心店),R01,103.991901,30.737566,236.58,0.3925,685,805,低
DO202607020023,2026-07-02,P013,永辉超市(爱琴海购物中心店),R01,103.991901,30.737566,198.92,0.1134,691,811,低
DO202607020024,2026-07-02,P013,永辉超市(爱琴海购物中心店),R01,103.991901,30.737566,7.32,0.1913,692,812,中
DO202607020025,2026-07-02,P014,永辉超市(龙湖成都时代天街店),R01,103.921214,30.750831,7.87,0.0501,727,847,高
DO202607020026,2026-07-02,P014,永辉超市(龙湖成都时代天街店),R01,103.921214,30.750831,60.53,0.0775,729,849,中
DO202607020027,2026-07-02,P014,永辉超市(龙湖成都时代天街店),R01,103.921214,30.750831,10.83,0.2168,729,849,高
DO202607020028,2026-07-02,P014,永辉超市(龙湖成都时代天街店),R01,103.921214,30.750831,45.71,1.2419,733,853,低
DO202607020029,2026-07-02,P015,红旗超市(龙湖时代天街店),R01,103.919653,30.752444,63.0,0.4268,747,867,高
DO202607020030,2026-07-02,P015,红旗超市(龙湖时代天街店),R01,103.919653,30.752444,427.8,0.2146,747,867,中
DO202607020031,2026-07-02,P016,LAWSON罗森(枣子巷15号院店),R04,104.044885,30.667759,182.34,1.006,646,766,中
DO202607020032,2026-07-02,P017,LAWSON罗森(龙湖成都上城天街店),R04,104.071944,30.68395,124.54,1.0278,597,717,中
DO202607020033,2026-07-02,P017,LAWSON罗森(龙湖成都上城天街店),R04,104.071944,30.68395,69.72,2.9727,600,720,中
DO202607020034,2026-07-02,P017,LAWSON罗森(龙湖成都上城天街店),R04,104.071944,30.68395,16.93,0.6388,601,721,高
DO202607020035,2026-07-02,P017,LAWSON罗森(龙湖成都上城天街店),R04,104.071944,30.68395,4.78,1.4143,605,725,中
DO202607020036,2026-07-02,P018,乐多(成华西街一店),R04,104.071998,30.683402,120.07,0.2726,655,775,高
DO202607020037,2026-07-02,P022,四川舞东风超市连锁股份有限公司,R05,104.082047,30.660437,135.18,1.4266,836,956,中
DO202607020038,2026-07-02,P023,永辉超市(文华广场店),R05,104.107695,30.637048,29.37,0.6714,698,818,中
DO202607020039,2026-07-02,P023,永辉超市(文华广场店),R05,104.107695,30.637048,235.25,0.252,705,825,高
DO202607020040,2026-07-02,P023,永辉超市(文华广场店),R05,104.107695,30.637048,16.96,0.2587,705,825,中
DO202607020041,2026-07-02,P024,永辉超市(锦江城市花园店),R05,104.142752,30.595134,1238.36,0.6129,819,939,中
DO202607020042,2026-07-02,P024,永辉超市(锦江城市花园店),R05,104.142752,30.595134,256.46,0.2353,822,942,低
DO202607020043,2026-07-02,P024,永辉超市(锦江城市花园店),R05,104.142752,30.595134,18.46,0.0565,827,947,高
DO202607020044,2026-07-02,P024,永辉超市(锦江城市花园店),R05,104.142752,30.595134,431.71,0.2158,827,947,中
DO202607020045,2026-07-02,P024,永辉超市(锦江城市花园店),R05,104.142752,30.595134,107.3,0.0903,828,948,低
DO202607020046,2026-07-02,P025,红旗超市(成都红旗商厦店),R05,104.072081,30.658735,147.51,0.196,625,745,低
DO202607020047,2026-07-02,P025,红旗超市(成都红旗商厦店),R05,104.072081,30.658735,331.11,0.0306,630,750,低
DO202607020048,2026-07-02,P026,友好多连锁超市(界牌店),R07,104.313922,30.880419,59.25,0.115,718,838,低
DO202607020049,2026-07-02,P027,大荣发连锁超市(和顺雅苑店),R07,104.253582,30.90011,47.21,0.3135,790,910,高
DO202607020050,2026-07-02,P028,永辉超市(天府欧城店),R07,104.256388,30.892152,32.1,0.3452,778,898,低
DO202607020051,2026-07-02,P029,永辉超市(青白江万达广场店),R07,104.253652,30.878095,30.01,1.6913,586,706,中
DO202607020052,2026-07-02,P030,润都连锁生活超市(正兴路店),R07,104.188354,30.87079,2.57,0.1544,882,1002,高
DO202607020053,2026-07-02,P031,渝华连锁超市(学苑路店),R07,104.276426,30.875299,86.16,0.0847,782,902,中
DO202607020054,2026-07-02,P031,渝华连锁超市(学苑路店),R07,104.276426,30.875299,66.1,0.9112,783,903,中
DO202607020055,2026-07-02,P031,渝华连锁超市(学苑路店),R07,104.276426,30.875299,6.92,0.1403,783,903,高
DO202607020056,2026-07-02,P031,渝华连锁超市(学苑路店),R07,104.276426,30.875299,120.25,0.3431,788,908,中
DO202607020057,2026-07-02,P032,渝华连锁超市(绣川新城店),R07,104.330571,30.85576,10.85,0.0847,795,915,低
DO202607020058,2026-07-02,P032,渝华连锁超市(绣川新城店),R07,104.330571,30.85576,172.02,0.0435,797,917,中
DO202607020059,2026-07-02,P032,渝华连锁超市(绣川新城店),R07,104.330571,30.85576,6.51,2.3943,802,922,高
DO202607020060,2026-07-02,P033,红旗超市(团结花园店),R07,104.246885,30.877313,30.41,4.8673,868,988,中
DO202607020061,2026-07-02,P033,红旗超市(团结花园店),R07,104.246885,30.877313,13.14,8.2661,868,988,低
DO202607020062,2026-07-02,P034,红旗连锁(北城新界民族花园店),R07,104.201632,30.877318,10.1,0.1804,541,661,低
DO202607020063,2026-07-02,P034,红旗连锁(北城新界民族花园店),R07,104.201632,30.877318,172.54,0.3405,542,662,高
DO202607020064,2026-07-02,P034,红旗连锁(北城新界民族花园店),R07,104.201632,30.877318,1.61,1.6302,544,664,中
DO202607020065,2026-07-02,P036,红旗连锁(青白江城厢首府分场),R07,104.323054,30.860039,252.65,1.1629,700,820,高
DO202607020066,2026-07-02,P036,红旗连锁(青白江城厢首府分场),R07,104.323054,30.860039,50.07,0.0584,710,830,中
DO202607020067,2026-07-02,P037,红旗连锁(青白江石家碾西路店),R07,104.253962,30.887052,17.14,0.4414,787,907,中
DO202607020068,2026-07-02,P038,青江一家超市,R07,104.284321,30.880989,124.76,0.2581,739,859,低
DO202607020069,2026-07-02,P038,青江一家超市,R07,104.284321,30.880989,239.4,0.0708,743,863,高
DO202607020070,2026-07-02,P038,青江一家超市,R07,104.284321,30.880989,45.33,0.4916,744,864,中
DO202607020071,2026-07-02,P038,青江一家超市,R07,104.284321,30.880989,10.34,0.308,744,864,中
DO202607020072,2026-07-02,P039,青江百货连锁超市,R07,104.269502,30.876837,76.15,1.0811,623,743,低
DO202607020073,2026-07-02,P039,青江百货连锁超市,R07,104.269502,30.876837,4.05,0.2951,623,743,低
DO202607020074,2026-07-02,P039,青江百货连锁超市,R07,104.269502,30.876837,261.19,0.042,623,743,低
DO202607020075,2026-07-02,P040,上蔬永辉超市(西单商场店),R02,104.000521,30.674866,1025.12,0.8867,548,668,中
DO202607020076,2026-07-02,P041,永辉超市(成都青羊中铁大道店),R02,103.961452,30.670211,134.37,0.48,606,726,中
DO202607020077,2026-07-02,P042,永辉超市(青羊新城市店),R02,104.057614,30.67321,30.34,0.1308,745,865,中
DO202607020078,2026-07-02,P042,永辉超市(青羊新城市店),R02,104.057614,30.67321,212.33,0.203,753,873,高
DO202607020079,2026-07-02,P043,红旗超市(中同仁路分场),R02,104.052373,30.668819,4.26,4.518,628,748,中
DO202607020080,2026-07-02,P043,红旗超市(中同仁路分场),R02,104.052373,30.668819,65.28,0.4072,630,750,低
DO202607020081,2026-07-02,P043,红旗超市(中同仁路分场),R02,104.052373,30.668819,94.54,0.1417,630,750,低
DO202607020082,2026-07-02,P044,邻你生活超市(大庆店),R02,104.032527,30.669557,61.44,0.0704,627,747,低
DO202607020083,2026-07-02,P045,世纪红连锁超市,R08,104.208007,30.532247,119.05,0.609,846,966,中
DO202607020084,2026-07-02,P045,世纪红连锁超市,R08,104.208007,30.532247,27.67,0.1258,852,972,高
DO202607020085,2026-07-02,P045,世纪红连锁超市,R08,104.208007,30.532247,22.78,0.059,852,972,中
DO202607020086,2026-07-02,P045,世纪红连锁超市,R08,104.208007,30.532247,25.32,1.4811,853,973,中
DO202607020087,2026-07-02,P046,尚喜超市(锦绣路店),R08,104.308338,30.606726,53.12,0.4193,530,650,中
DO202607020088,2026-07-02,P046,尚喜超市(锦绣路店),R08,104.308338,30.606726,1.81,0.2999,534,654,中
DO202607020089,2026-07-02,P047,永辉超市(成都龙泉驿万达广场店),R08,104.269392,30.566865,81.91,0.0281,616,736,中
DO202607020090,2026-07-02,P047,永辉超市(成都龙泉驿万达广场店),R08,104.269392,30.566865,37.38,0.8728,616,736,低
DO202607020091,2026-07-02,P047,永辉超市(成都龙泉驿万达广场店),R08,104.269392,30.566865,67.0,0.0575,622,742,中
DO202607020092,2026-07-02,P047,永辉超市(成都龙泉驿万达广场店),R08,104.269392,30.566865,37.24,1.0,623,743,中
DO202607020093,2026-07-02,P047,永辉超市(成都龙泉驿万达广场店),R08,104.269392,30.566865,48.11,0.1823,624,744,低
DO202607020094,2026-07-02,P048,汇联美连锁超市(中街店),R08,104.27333,30.560098,535.34,0.2359,726,846,低
DO202607020095,2026-07-02,P048,汇联美连锁超市(中街店),R08,104.27333,30.560098,22.39,0.1864,728,848,中
DO202607020096,2026-07-02,P048,汇联美连锁超市(中街店),R08,104.27333,30.560098,135.51,0.1879,731,851,低
DO202607020097,2026-07-02,P049,百伦生活超市(龙泉店),R08,104.273346,30.559846,263.17,0.2964,815,935,高
DO202607020098,2026-07-02,P049,百伦生活超市(龙泉店),R08,104.273346,30.559846,11.56,0.1902,817,937,高
DO202607020099,2026-07-02,P049,百伦生活超市(龙泉店),R08,104.273346,30.559846,11.89,0.2151,819,939,中
DO202607020100,2026-07-02,P049,百伦生活超市(龙泉店),R08,104.273346,30.559846,60.59,0.041,819,939,中
DO202607020101,2026-07-02,P049,百伦生活超市(龙泉店),R08,104.273346,30.559846,11.24,0.1165,824,944,中
DO202607020102,2026-07-02,P049,百伦生活超市(龙泉店),R08,104.273346,30.559846,86.64,1.1593,825,945,中
DO202607020103,2026-07-02,P049,百伦生活超市(龙泉店),R08,104.273346,30.559846,18.13,2.5445,825,945,高
DO202607030000,2026-07-03,P002,十二超市(佳年华广场1期店),R06,104.131787,30.627615,1.37,0.3411,667,787,中
DO202607030001,2026-07-03,P002,十二超市(佳年华广场1期店),R06,104.131787,30.627615,176.76,0.1076,669,789,低
DO202607030002,2026-07-03,P002,十二超市(佳年华广场1期店),R06,104.131787,30.627615,64.66,0.2294,670,790,高
DO202607030003,2026-07-03,P003,红旗连锁,R06,104.132763,30.627528,72.3,0.06,681,801,中
DO202607030004,2026-07-03,P003,红旗连锁,R06,104.132763,30.627528,27.85,0.3889,685,805,低
DO202607030005,2026-07-03,P004,老蔡小卖部(水碾河路北社区三街店),R06,104.099234,30.648748,95.92,0.027,803,923,高
DO202607030006,2026-07-03,P004,老蔡小卖部(水碾河路北社区三街店),R06,104.099234,30.648748,36.83,0.0659,805,925,低
DO202607030007,2026-07-03,P008,永辉超市(银泰城店),R03,104.058121,30.541191,5.41,0.2626,601,721,中
DO202607030008,2026-07-03,P009,永辉超市(龙湖成都金楠天街店),R03,103.995986,30.648731,52.09,2.2585,739,859,中
DO202607030009,2026-07-03,P010,百分百超市(心语店),R03,104.045915,30.545712,78.39,0.1567,549,669,高
DO202607030010,2026-07-03,P010,百分百超市(心语店),R03,104.045915,30.545712,121.69,0.0634,550,670,中
DO202607030011,2026-07-03,P011,永辉超市(成都市双铁广场店),R01,103.975737,30.758309,7.5,0.8007,517,637,中
DO202607030012,2026-07-03,P011,永辉超市(成都市双铁广场店),R01,103.975737,30.758309,14.18,0.246,521,641,高
DO202607030013,2026-07-03,P012,永辉超市(成都市蜀都万达广场店),R01,103.907862,30.807642,14.46,0.2022,552,672,高
DO202607030014,2026-07-03,P012,永辉超市(成都市蜀都万达广场店),R01,103.907862,30.807642,23.51,0.0601,557,677,中
DO202607030015,2026-07-03,P012,永辉超市(成都市蜀都万达广场店),R01,103.907862,30.807642,26.53,0.1024,558,678,中
DO202607030016,2026-07-03,P013,永辉超市(爱琴海购物中心店),R01,103.991901,30.737566,188.21,0.2286,628,748,高
DO202607030017,2026-07-03,P013,永辉超市(爱琴海购物中心店),R01,103.991901,30.737566,30.83,1.0663,628,748,中
DO202607030018,2026-07-03,P013,永辉超市(爱琴海购物中心店),R01,103.991901,30.737566,260.34,0.3643,630,750,中
DO202607030019,2026-07-03,P014,永辉超市(龙湖成都时代天街店),R01,103.921214,30.750831,26.08,0.2912,905,1025,中
DO202607030020,2026-07-03,P014,永辉超市(龙湖成都时代天街店),R01,103.921214,30.750831,81.41,0.2571,905,1025,中
DO202607030021,2026-07-03,P015,红旗超市(龙湖时代天街店),R01,103.919653,30.752444,60.08,3.5219,607,727,低
DO202607030022,2026-07-03,P015,红旗超市(龙湖时代天街店),R01,103.919653,30.752444,5.04,0.224,612,732,高
DO202607030023,2026-07-03,P015,红旗超市(龙湖时代天街店),R01,103.919653,30.752444,20.36,1.6578,614,734,高
DO202607030024,2026-07-03,P016,LAWSON罗森(枣子巷15号院店),R04,104.044885,30.667759,69.73,0.7469,687,807,低
DO202607030025,2026-07-03,P016,LAWSON罗森(枣子巷15号院店),R04,104.044885,30.667759,41.33,1.1901,692,812,中
DO202607030026,2026-07-03,P017,LAWSON罗森(龙湖成都上城天街店),R04,104.071944,30.68395,20.21,0.4219,727,847,中
DO202607030027,2026-07-03,P017,LAWSON罗森(龙湖成都上城天街店),R04,104.071944,30.68395,12.64,0.4878,728,848,高
DO202607030028,2026-07-03,P017,LAWSON罗森(龙湖成都上城天街店),R04,104.071944,30.68395,57.09,0.1844,732,852,中
DO202607030029,2026-07-03,P018,乐多(成华西街一店),R04,104.071998,30.683402,63.56,0.7114,520,640,中
DO202607030030,2026-07-03,P018,乐多(成华西街一店),R04,104.071998,30.683402,107.8,0.2462,522,642,中
DO202607030031,2026-07-03,P018,乐多(成华西街一店),R04,104.071998,30.683402,104.37,0.3972,523,643,高
DO202607030032,2026-07-03,P019,奥特乐(成都龙湖上城天街店),R04,104.072004,30.684929,138.62,0.5066,726,846,中
DO202607030033,2026-07-03,P019,奥特乐(成都龙湖上城天街店),R04,104.072004,30.684929,44.82,0.482,728,848,低
DO202607030034,2026-07-03,P019,奥特乐(成都龙湖上城天街店),R04,104.072004,30.684929,54.24,0.8907,734,854,高
DO202607030035,2026-07-03,P020,朴朴超市(西体路店),R04,104.061775,30.681195,13.32,1.9064,679,799,中
DO202607030036,2026-07-03,P020,朴朴超市(西体路店),R04,104.061775,30.681195,19.35,1.6526,680,800,中
DO202607030037,2026-07-03,P021,Ole 精品超市(IFS国际金融中心店),R05,104.081893,30.655003,54.94,1.1922,842,962,中
DO202607030038,2026-07-03,P022,四川舞东风超市连锁股份有限公司,R05,104.082047,30.660437,8.24,0.787,552,672,中
DO202607030039,2026-07-03,P022,四川舞东风超市连锁股份有限公司,R05,104.082047,30.660437,80.09,0.2347,552,672,高
DO202607030040,2026-07-03,P022,四川舞东风超市连锁股份有限公司,R05,104.082047,30.660437,444.41,0.2976,556,676,高
DO202607030041,2026-07-03,P022,四川舞东风超市连锁股份有限公司,R05,104.082047,30.660437,63.61,0.0602,558,678,中
DO202607030042,2026-07-03,P022,四川舞东风超市连锁股份有限公司,R05,104.082047,30.660437,29.14,0.4317,560,680,中
DO202607030043,2026-07-03,P023,永辉超市(文华广场店),R05,104.107695,30.637048,13.51,0.0231,883,1003,低
DO202607030044,2026-07-03,P023,永辉超市(文华广场店),R05,104.107695,30.637048,362.32,0.5857,883,1003,低
DO202607030045,2026-07-03,P024,永辉超市(锦江城市花园店),R05,104.142752,30.595134,80.63,0.6871,889,1009,中
DO202607030046,2026-07-03,P024,永辉超市(锦江城市花园店),R05,104.142752,30.595134,12.1,0.9411,896,1016,高
DO202607030047,2026-07-03,P024,永辉超市(锦江城市花园店),R05,104.142752,30.595134,18.43,0.5616,896,1016,低
DO202607030048,2026-07-03,P025,红旗超市(成都红旗商厦店),R05,104.072081,30.658735,6.76,0.0357,547,667,中
DO202607030049,2026-07-03,P027,大荣发连锁超市(和顺雅苑店),R07,104.253582,30.90011,206.71,0.9492,754,874,高
DO202607030050,2026-07-03,P027,大荣发连锁超市(和顺雅苑店),R07,104.253582,30.90011,14.06,2.2425,756,876,低
DO202607030051,2026-07-03,P028,永辉超市(天府欧城店),R07,104.256388,30.892152,152.81,0.3766,568,688,中
DO202607030052,2026-07-03,P029,永辉超市(青白江万达广场店),R07,104.253652,30.878095,224.15,0.12,792,912,中
DO202607030053,2026-07-03,P030,润都连锁生活超市(正兴路店),R07,104.188354,30.87079,6.08,0.1084,640,760,中
DO202607030054,2026-07-03,P033,红旗超市(团结花园店),R07,104.246885,30.877313,62.48,0.3392,580,700,中
DO202607030055,2026-07-03,P034,红旗连锁(北城新界民族花园店),R07,104.201632,30.877318,434.81,0.3971,781,901,低
DO202607030056,2026-07-03,P036,红旗连锁(青白江城厢首府分场),R07,104.323054,30.860039,5.3,0.1552,578,698,中
DO202607030057,2026-07-03,P036,红旗连锁(青白江城厢首府分场),R07,104.323054,30.860039,165.13,0.9253,579,699,高
DO202607030058,2026-07-03,P036,红旗连锁(青白江城厢首府分场),R07,104.323054,30.860039,229.13,0.1084,579,699,高
DO202607030059,2026-07-03,P036,红旗连锁(青白江城厢首府分场),R07,104.323054,30.860039,48.59,0.1388,580,700,高
DO202607030060,2026-07-03,P036,红旗连锁(青白江城厢首府分场),R07,104.323054,30.860039,124.13,0.3185,581,701,中
DO202607030061,2026-07-03,P036,红旗连锁(青白江城厢首府分场),R07,104.323054,30.860039,19.84,0.4967,582,702,中
DO202607030062,2026-07-03,P036,红旗连锁(青白江城厢首府分场),R07,104.323054,30.860039,2.54,0.5576,585,705,中
DO202607030063,2026-07-03,P037,红旗连锁(青白江石家碾西路店),R07,104.253962,30.887052,9.39,0.2589,713,833,中
DO202607030064,2026-07-03,P037,红旗连锁(青白江石家碾西路店),R07,104.253962,30.887052,46.96,0.1521,719,839,中
DO202607030065,2026-07-03,P037,红旗连锁(青白江石家碾西路店),R07,104.253962,30.887052,1949.81,0.0626,720,840,低
DO202607030066,2026-07-03,P037,红旗连锁(青白江石家碾西路店),R07,104.253962,30.887052,130.25,0.3851,721,841,中
DO202607030067,2026-07-03,P037,红旗连锁(青白江石家碾西路店),R07,104.253962,30.887052,12.13,0.0743,721,841,中
DO202607030068,2026-07-03,P037,红旗连锁(青白江石家碾西路店),R07,104.253962,30.887052,63.92,2.0342,722,842,中
DO202607030069,2026-07-03,P038,青江一家超市,R07,104.284321,30.880989,29.77,0.0828,903,1023,中
DO202607030070,2026-07-03,P039,青江百货连锁超市,R07,104.269502,30.876837,28.79,0.0355,603,723,高
DO202607030071,2026-07-03,P039,青江百货连锁超市,R07,104.269502,30.876837,63.68,0.804,605,725,高
DO202607030072,2026-07-03,P040,上蔬永辉超市(西单商场店),R02,104.000521,30.674866,68.02,2.3175,859,979,低
DO202607030073,2026-07-03,P041,永辉超市(成都青羊中铁大道店),R02,103.961452,30.670211,14.35,0.0209,688,808,中
DO202607030074,2026-07-03,P041,永辉超市(成都青羊中铁大道店),R02,103.961452,30.670211,41.46,0.0334,690,810,高
DO202607030075,2026-07-03,P042,永辉超市(青羊新城市店),R02,104.057614,30.67321,32.8,0.018,529,649,中
DO202607030076,2026-07-03,P042,永辉超市(青羊新城市店),R02,104.057614,30.67321,15.46,0.1556,529,649,中
DO202607030077,2026-07-03,P042,永辉超市(青羊新城市店),R02,104.057614,30.67321,24.47,0.1839,532,652,中
DO202607030078,2026-07-03,P043,红旗超市(中同仁路分场),R02,104.052373,30.668819,406.95,1.5257,708,828,高
DO202607030079,2026-07-03,P043,红旗超市(中同仁路分场),R02,104.052373,30.668819,64.36,0.0582,708,828,中
DO202607030080,2026-07-03,P043,红旗超市(中同仁路分场),R02,104.052373,30.668819,1.19,0.337,712,832,中
DO202607030081,2026-07-03,P043,红旗超市(中同仁路分场),R02,104.052373,30.668819,3.71,0.0157,712,832,低
DO202607030082,2026-07-03,P043,红旗超市(中同仁路分场),R02,104.052373,30.668819,89.16,1.5357,716,836,低
DO202607030083,2026-07-03,P044,邻你生活超市(大庆店),R02,104.032527,30.669557,39.55,2.6192,672,792,中
DO202607030084,2026-07-03,P044,邻你生活超市(大庆店),R02,104.032527,30.669557,48.24,8.142,674,794,低
DO202607030085,2026-07-03,P044,邻你生活超市(大庆店),R02,104.032527,30.669557,21.25,2.5482,679,799,低
DO202607030086,2026-07-03,P044,邻你生活超市(大庆店),R02,104.032527,30.669557,32.22,0.273,679,799,低
DO202607030087,2026-07-03,P045,世纪红连锁超市,R08,104.208007,30.532247,152.64,0.0182,816,936,中
DO202607030088,2026-07-03,P046,尚喜超市(锦绣路店),R08,104.308338,30.606726,130.26,0.2631,744,864,中
DO202607030089,2026-07-03,P046,尚喜超市(锦绣路店),R08,104.308338,30.606726,89.41,1.681,748,868,中
DO202607030090,2026-07-03,P046,尚喜超市(锦绣路店),R08,104.308338,30.606726,40.45,0.2837,751,871,中
DO202607030091,2026-07-03,P047,永辉超市(成都龙泉驿万达广场店),R08,104.269392,30.566865,26.24,0.2222,769,889,中
DO202607030092,2026-07-03,P047,永辉超市(成都龙泉驿万达广场店),R08,104.269392,30.566865,91.58,0.0887,770,890,中
DO202607030093,2026-07-03,P049,百伦生活超市(龙泉店),R08,104.273346,30.559846,61.5,0.196,553,673,低
DO202607030094,2026-07-03,P049,百伦生活超市(龙泉店),R08,104.273346,30.559846,259.69,1.3204,553,673,高
DO202607030095,2026-07-03,P049,百伦生活超市(龙泉店),R08,104.273346,30.559846,15.2,2.0589,554,674,低
DO202607030096,2026-07-03,P049,百伦生活超市(龙泉店),R08,104.273346,30.559846,6.95,3.7142,558,678,中
DO202607040000,2026-07-04,P002,十二超市(佳年华广场1期店),R06,104.131787,30.627615,8.3,0.4738,648,768,高
DO202607040001,2026-07-04,P002,十二超市(佳年华广场1期店),R06,104.131787,30.627615,47.88,0.0376,654,774,高
DO202607040002,2026-07-04,P004,老蔡小卖部(水碾河路北社区三街店),R06,104.099234,30.648748,32.06,0.0816,534,654,中
DO202607040003,2026-07-04,P004,老蔡小卖部(水碾河路北社区三街店),R06,104.099234,30.648748,136.21,0.1619,534,654,高
DO202607040004,2026-07-04,P004,老蔡小卖部(水碾河路北社区三街店),R06,104.099234,30.648748,47.81,0.8001,536,656,中
DO202607040005,2026-07-04,P004,老蔡小卖部(水碾河路北社区三街店),R06,104.099234,30.648748,32.3,0.4366,537,657,中
DO202607040006,2026-07-04,P004,老蔡小卖部(水碾河路北社区三街店),R06,104.099234,30.648748,30.54,2.328,538,658,中
DO202607040007,2026-07-04,P006,全家便利店(龙江路店),R03,104.077199,30.641639,156.44,0.0921,673,793,低
DO202607040008,2026-07-04,P006,全家便利店(龙江路店),R03,104.077199,30.641639,87.19,0.5224,677,797,中
DO202607040009,2026-07-04,P006,全家便利店(龙江路店),R03,104.077199,30.641639,12.65,0.1302,681,801,中
DO202607040010,2026-07-04,P007,永辉超市(成都市新城吾悦广场店),R03,103.988663,30.626255,373.14,0.2993,707,827,中
DO202607040011,2026-07-04,P007,永辉超市(成都市新城吾悦广场店),R03,103.988663,30.626255,59.38,0.2405,716,836,高
DO202607040012,2026-07-04,P010,百分百超市(心语店),R03,104.045915,30.545712,4.29,0.0232,589,709,中
DO202607040013,2026-07-04,P010,百分百超市(心语店),R03,104.045915,30.545712,18.32,4.8746,591,711,中
DO202607040014,2026-07-04,P010,百分百超市(心语店),R03,104.045915,30.545712,105.82,0.377,593,713,低
DO202607040015,2026-07-04,P012,永辉超市(成都市蜀都万达广场店),R01,103.907862,30.807642,13.94,0.3558,760,880,低
DO202607040016,2026-07-04,P012,永辉超市(成都市蜀都万达广场店),R01,103.907862,30.807642,12.74,2.1419,761,881,中
DO202607040017,2026-07-04,P012,永辉超市(成都市蜀都万达广场店),R01,103.907862,30.807642,11.21,0.3797,761,881,中
DO202607040018,2026-07-04,P013,永辉超市(爱琴海购物中心店),R01,103.991901,30.737566,70.2,0.4535,699,819,高
DO202607040019,2026-07-04,P013,永辉超市(爱琴海购物中心店),R01,103.991901,30.737566,31.0,0.4403,702,822,中
DO202607040020,2026-07-04,P013,永辉超市(爱琴海购物中心店),R01,103.991901,30.737566,16.55,0.2291,703,823,高
DO202607040021,2026-07-04,P014,永辉超市(龙湖成都时代天街店),R01,103.921214,30.750831,14.78,0.1242,561,681,高
DO202607040022,2026-07-04,P015,红旗超市(龙湖时代天街店),R01,103.919653,30.752444,5.39,0.5545,746,866,低
DO202607040023,2026-07-04,P015,红旗超市(龙湖时代天街店),R01,103.919653,30.752444,472.45,1.5078,747,867,中
DO202607040024,2026-07-04,P016,LAWSON罗森(枣子巷15号院店),R04,104.044885,30.667759,78.59,0.3221,569,689,高
DO202607040025,2026-07-04,P017,LAWSON罗森(龙湖成都上城天街店),R04,104.071944,30.68395,91.31,0.6143,658,778,中
DO202607040026,2026-07-04,P017,LAWSON罗森(龙湖成都上城天街店),R04,104.071944,30.68395,39.41,0.0782,658,778,低
DO202607040027,2026-07-04,P017,LAWSON罗森(龙湖成都上城天街店),R04,104.071944,30.68395,74.58,0.0927,660,780,高
DO202607040028,2026-07-04,P018,乐多(成华西街一店),R04,104.071998,30.683402,86.06,3.4819,592,712,高
DO202607040029,2026-07-04,P019,奥特乐(成都龙湖上城天街店),R04,104.072004,30.684929,39.73,0.0553,532,652,高
DO202607040030,2026-07-04,P019,奥特乐(成都龙湖上城天街店),R04,104.072004,30.684929,51.19,8.3611,536,656,中
DO202607040031,2026-07-04,P019,奥特乐(成都龙湖上城天街店),R04,104.072004,30.684929,28.2,0.9167,537,657,中
DO202607040032,2026-07-04,P020,朴朴超市(西体路店),R04,104.061775,30.681195,38.42,0.508,574,694,中
DO202607040033,2026-07-04,P023,永辉超市(文华广场店),R05,104.107695,30.637048,66.59,1.243,764,884,低
DO202607040034,2026-07-04,P024,永辉超市(锦江城市花园店),R05,104.142752,30.595134,20.98,0.132,522,642,中
DO202607040035,2026-07-04,P025,红旗超市(成都红旗商厦店),R05,104.072081,30.658735,34.45,0.1232,627,747,低
DO202607040036,2026-07-04,P025,红旗超市(成都红旗商厦店),R05,104.072081,30.658735,13.63,0.1373,629,749,低
DO202607040037,2026-07-04,P026,友好多连锁超市(界牌店),R07,104.313922,30.880419,24.71,1.2759,765,885,高
DO202607040038,2026-07-04,P026,友好多连锁超市(界牌店),R07,104.313922,30.880419,7.96,0.3254,765,885,高
DO202607040039,2026-07-04,P028,永辉超市(天府欧城店),R07,104.256388,30.892152,9.92,0.1349,695,815,中
DO202607040040,2026-07-04,P028,永辉超市(天府欧城店),R07,104.256388,30.892152,52.52,1.5137,698,818,低
DO202607040041,2026-07-04,P028,永辉超市(天府欧城店),R07,104.256388,30.892152,134.01,0.2993,698,818,高
DO202607040042,2026-07-04,P028,永辉超市(天府欧城店),R07,104.256388,30.892152,35.24,0.5087,699,819,中
DO202607040043,2026-07-04,P029,永辉超市(青白江万达广场店),R07,104.253652,30.878095,221.16,0.1529,730,850,中
DO202607040044,2026-07-04,P030,润都连锁生活超市(正兴路店),R07,104.188354,30.87079,758.1,0.2236,892,1012,中
DO202607040045,2026-07-04,P030,润都连锁生活超市(正兴路店),R07,104.188354,30.87079,145.93,0.1984,896,1016,高
DO202607040046,2026-07-04,P031,渝华连锁超市(学苑路店),R07,104.276426,30.875299,5.16,0.16,783,903,高
DO202607040047,2026-07-04,P031,渝华连锁超市(学苑路店),R07,104.276426,30.875299,141.98,0.0589,787,907,高
DO202607040048,2026-07-04,P031,渝华连锁超市(学苑路店),R07,104.276426,30.875299,26.57,0.3279,792,912,中
DO202607040049,2026-07-04,P032,渝华连锁超市(绣川新城店),R07,104.330571,30.85576,640.16,0.6264,604,724,中
DO202607040050,2026-07-04,P033,红旗超市(团结花园店),R07,104.246885,30.877313,6.83,0.7234,670,790,中
DO202607040051,2026-07-04,P034,红旗连锁(北城新界民族花园店),R07,104.201632,30.877318,151.2,0.377,782,902,低
DO202607040052,2026-07-04,P034,红旗连锁(北城新界民族花园店),R07,104.201632,30.877318,62.87,0.1881,787,907,低
DO202607040053,2026-07-04,P035,红旗连锁(青白江同金街便利店),R07,104.244552,30.889503,6.66,0.0618,674,794,低
DO202607040054,2026-07-04,P035,红旗连锁(青白江同金街便利店),R07,104.244552,30.889503,8.16,0.6242,676,796,中
DO202607040055,2026-07-04,P036,红旗连锁(青白江城厢首府分场),R07,104.323054,30.860039,24.86,2.9672,887,1007,中
DO202607040056,2026-07-04,P037,红旗连锁(青白江石家碾西路店),R07,104.253962,30.887052,9.3,0.0412,887,1007,中
DO202607040057,2026-07-04,P037,红旗连锁(青白江石家碾西路店),R07,104.253962,30.887052,16.21,0.2381,889,1009,低
DO202607040058,2026-07-04,P038,青江一家超市,R07,104.284321,30.880989,8.01,0.295,552,672,低
DO202607040059,2026-07-04,P038,青江一家超市,R07,104.284321,30.880989,57.77,2.5307,553,673,高
DO202607040060,2026-07-04,P039,青江百货连锁超市,R07,104.269502,30.876837,17.31,0.0962,761,881,高
DO202607040061,2026-07-04,P039,青江百货连锁超市,R07,104.269502,30.876837,507.08,0.243,766,886,中
DO202607040062,2026-07-04,P039,青江百货连锁超市,R07,104.269502,30.876837,35.58,0.589,767,887,中
DO202607040063,2026-07-04,P041,永辉超市(成都青羊中铁大道店),R02,103.961452,30.670211,30.07,0.062,584,704,中
DO202607040064,2026-07-04,P041,永辉超市(成都青羊中铁大道店),R02,103.961452,30.670211,126.44,0.457,585,705,低
DO202607040065,2026-07-04,P042,永辉超市(青羊新城市店),R02,104.057614,30.67321,84.19,0.5805,563,683,高
DO202607040066,2026-07-04,P042,永辉超市(青羊新城市店),R02,104.057614,30.67321,35.02,0.1368,566,686,低
DO202607040067,2026-07-04,P042,永辉超市(青羊新城市店),R02,104.057614,30.67321,238.86,0.1219,566,686,中
DO202607040068,2026-07-04,P042,永辉超市(青羊新城市店),R02,104.057614,30.67321,17.71,0.3265,566,686,中
DO202607040069,2026-07-04,P042,永辉超市(青羊新城市店),R02,104.057614,30.67321,66.86,0.5597,566,686,中
DO202607040070,2026-07-04,P042,永辉超市(青羊新城市店),R02,104.057614,30.67321,575.85,0.258,570,690,低
DO202607040071,2026-07-04,P042,永辉超市(青羊新城市店),R02,104.057614,30.67321,31.05,0.1476,570,690,低
DO202607040072,2026-07-04,P043,红旗超市(中同仁路分场),R02,104.052373,30.668819,7.76,0.4131,723,843,低
DO202607040073,2026-07-04,P043,红旗超市(中同仁路分场),R02,104.052373,30.668819,253.27,0.0747,723,843,中
DO202607040074,2026-07-04,P043,红旗超市(中同仁路分场),R02,104.052373,30.668819,7.78,0.6437,730,850,低
DO202607040075,2026-07-04,P044,邻你生活超市(大庆店),R02,104.032527,30.669557,26.45,0.0882,552,672,低
DO202607040076,2026-07-04,P044,邻你生活超市(大庆店),R02,104.032527,30.669557,334.42,0.0579,556,676,低
DO202607040077,2026-07-04,P044,邻你生活超市(大庆店),R02,104.032527,30.669557,37.29,1.1208,557,677,高
DO202607040078,2026-07-04,P044,邻你生活超市(大庆店),R02,104.032527,30.669557,31.66,0.0203,561,681,中
DO202607040079,2026-07-04,P044,邻你生活超市(大庆店),R02,104.032527,30.669557,284.93,0.0792,562,682,中
DO202607040080,2026-07-04,P047,永辉超市(成都龙泉驿万达广场店),R08,104.269392,30.566865,127.96,0.1823,567,687,中
DO202607040081,2026-07-04,P047,永辉超市(成都龙泉驿万达广场店),R08,104.269392,30.566865,42.43,0.2996,569,689,低
DO202607040082,2026-07-04,P047,永辉超市(成都龙泉驿万达广场店),R08,104.269392,30.566865,87.72,0.0465,571,691,中
DO202607040083,2026-07-04,P047,永辉超市(成都龙泉驿万达广场店),R08,104.269392,30.566865,152.69,0.2439,574,694,中
DO202607040084,2026-07-04,P048,汇联美连锁超市(中街店),R08,104.27333,30.560098,6.37,1.0361,757,877,中
DO202607040085,2026-07-04,P048,汇联美连锁超市(中街店),R08,104.27333,30.560098,34.43,0.612,759,879,高
DO202607040086,2026-07-04,P048,汇联美连锁超市(中街店),R08,104.27333,30.560098,64.91,0.1256,759,879,低
DO202607050000,2026-07-05,P001,689便民(荣盛·香榭兰庭店),R06,104.135375,30.623625,38.78,0.3761,862,982,低
DO202607050001,2026-07-05,P001,689便民(荣盛·香榭兰庭店),R06,104.135375,30.623625,79.9,0.2243,866,986,中
DO202607050002,2026-07-05,P002,十二超市(佳年华广场1期店),R06,104.131787,30.627615,16.36,0.3767,569,689,中
DO202607050003,2026-07-05,P003,红旗连锁,R06,104.132763,30.627528,13.48,0.1328,584,704,高
DO202607050004,2026-07-05,P003,红旗连锁,R06,104.132763,30.627528,6.19,0.6179,587,707,中
DO202607050005,2026-07-05,P004,老蔡小卖部(水碾河路北社区三街店),R06,104.099234,30.648748,19.06,0.0963,799,919,低
DO202607050006,2026-07-05,P004,老蔡小卖部(水碾河路北社区三街店),R06,104.099234,30.648748,367.71,0.3919,800,920,中
DO202607050007,2026-07-05,P004,老蔡小卖部(水碾河路北社区三街店),R06,104.099234,30.648748,3.08,0.1288,802,922,低
DO202607050008,2026-07-05,P006,全家便利店(龙江路店),R03,104.077199,30.641639,6.14,0.0573,678,798,中
DO202607050009,2026-07-05,P007,永辉超市(成都市新城吾悦广场店),R03,103.988663,30.626255,38.94,0.433,610,730,中
DO202607050010,2026-07-05,P009,永辉超市(龙湖成都金楠天街店),R03,103.995986,30.648731,55.82,0.3457,754,874,中
DO202607050011,2026-07-05,P009,永辉超市(龙湖成都金楠天街店),R03,103.995986,30.648731,124.96,0.2093,757,877,低
DO202607050012,2026-07-05,P009,永辉超市(龙湖成都金楠天街店),R03,103.995986,30.648731,34.01,0.3791,761,881,中
DO202607050013,2026-07-05,P010,百分百超市(心语店),R03,104.045915,30.545712,62.52,0.1204,752,872,低
DO202607050014,2026-07-05,P010,百分百超市(心语店),R03,104.045915,30.545712,16.81,0.1629,756,876,低
DO202607050015,2026-07-05,P011,永辉超市(成都市双铁广场店),R01,103.975737,30.758309,192.09,0.2138,723,843,低
DO202607050016,2026-07-05,P011,永辉超市(成都市双铁广场店),R01,103.975737,30.758309,52.64,0.3205,727,847,低
DO202607050017,2026-07-05,P011,永辉超市(成都市双铁广场店),R01,103.975737,30.758309,13.01,0.3904,732,852,中
DO202607050018,2026-07-05,P012,永辉超市(成都市蜀都万达广场店),R01,103.907862,30.807642,81.29,0.0666,551,671,高
DO202607050019,2026-07-05,P013,永辉超市(爱琴海购物中心店),R01,103.991901,30.737566,19.83,0.1356,814,934,中
DO202607050020,2026-07-05,P013,永辉超市(爱琴海购物中心店),R01,103.991901,30.737566,58.88,0.0877,821,941,中
DO202607050021,2026-07-05,P013,永辉超市(爱琴海购物中心店),R01,103.991901,30.737566,24.28,0.5708,821,941,低
DO202607050022,2026-07-05,P013,永辉超市(爱琴海购物中心店),R01,103.991901,30.737566,2.43,1.0941,822,942,高
DO202607050023,2026-07-05,P015,红旗超市(龙湖时代天街店),R01,103.919653,30.752444,7.4,0.218,899,1019,中
DO202607050024,2026-07-05,P015,红旗超市(龙湖时代天街店),R01,103.919653,30.752444,52.01,0.9162,901,1021,低
DO202607050025,2026-07-05,P016,LAWSON罗森(枣子巷15号院店),R04,104.044885,30.667759,47.69,0.3513,812,932,中
DO202607050026,2026-07-05,P017,LAWSON罗森(龙湖成都上城天街店),R04,104.071944,30.68395,3.25,0.1182,593,713,中
DO202607050027,2026-07-05,P017,LAWSON罗森(龙湖成都上城天街店),R04,104.071944,30.68395,41.34,0.2663,594,714,中
DO202607050028,2026-07-05,P017,LAWSON罗森(龙湖成都上城天街店),R04,104.071944,30.68395,23.48,0.3332,594,714,低
DO202607050029,2026-07-05,P017,LAWSON罗森(龙湖成都上城天街店),R04,104.071944,30.68395,63.06,0.1332,596,716,中
DO202607050030,2026-07-05,P017,LAWSON罗森(龙湖成都上城天街店),R04,104.071944,30.68395,169.98,0.0827,597,717,高
DO202607050031,2026-07-05,P017,LAWSON罗森(龙湖成都上城天街店),R04,104.071944,30.68395,72.58,0.4308,598,718,中
DO202607050032,2026-07-05,P017,LAWSON罗森(龙湖成都上城天街店),R04,104.071944,30.68395,42.37,1.1107,598,718,中
DO202607050033,2026-07-05,P017,LAWSON罗森(龙湖成都上城天街店),R04,104.071944,30.68395,40.04,0.0951,599,719,低
DO202607050034,2026-07-05,P017,LAWSON罗森(龙湖成都上城天街店),R04,104.071944,30.68395,74.18,0.0565,599,719,中
DO202607050035,2026-07-05,P018,乐多(成华西街一店),R04,104.071998,30.683402,41.22,0.137,690,810,低
DO202607050036,2026-07-05,P018,乐多(成华西街一店),R04,104.071998,30.683402,122.87,0.5498,693,813,中
DO202607050037,2026-07-05,P019,奥特乐(成都龙湖上城天街店),R04,104.072004,30.684929,327.93,0.1249,527,647,高
DO202607050038,2026-07-05,P020,朴朴超市(西体路店),R04,104.061775,30.681195,9.02,0.8365,887,1007,高
DO202607050039,2026-07-05,P021,Ole 精品超市(IFS国际金融中心店),R05,104.081893,30.655003,187.15,0.9459,623,743,高
DO202607050040,2026-07-05,P021,Ole 精品超市(IFS国际金融中心店),R05,104.081893,30.655003,121.69,0.1949,623,743,中
DO202607050041,2026-07-05,P021,Ole 精品超市(IFS国际金融中心店),R05,104.081893,30.655003,5.3,0.0426,624,744,中
DO202607050042,2026-07-05,P022,四川舞东风超市连锁股份有限公司,R05,104.082047,30.660437,151.23,0.9641,765,885,低
DO202607050043,2026-07-05,P022,四川舞东风超市连锁股份有限公司,R05,104.082047,30.660437,90.47,0.5091,773,893,中
DO202607050044,2026-07-05,P022,四川舞东风超市连锁股份有限公司,R05,104.082047,30.660437,105.91,1.2127,773,893,高
DO202607050045,2026-07-05,P023,永辉超市(文华广场店),R05,104.107695,30.637048,48.23,0.1131,564,684,低
DO202607050046,2026-07-05,P024,永辉超市(锦江城市花园店),R05,104.142752,30.595134,29.9,0.5912,690,810,高
DO202607050047,2026-07-05,P027,大荣发连锁超市(和顺雅苑店),R07,104.253582,30.90011,49.99,0.2813,586,706,低
DO202607050048,2026-07-05,P027,大荣发连锁超市(和顺雅苑店),R07,104.253582,30.90011,22.15,0.1704,586,706,中
DO202607050049,2026-07-05,P027,大荣发连锁超市(和顺雅苑店),R07,104.253582,30.90011,19.92,0.6495,588,708,低
DO202607050050,2026-07-05,P027,大荣发连锁超市(和顺雅苑店),R07,104.253582,30.90011,11.48,0.1304,588,708,中
DO202607050051,2026-07-05,P027,大荣发连锁超市(和顺雅苑店),R07,104.253582,30.90011,82.45,0.2152,588,708,高
DO202607050052,2026-07-05,P027,大荣发连锁超市(和顺雅苑店),R07,104.253582,30.90011,119.73,0.0639,590,710,低
DO202607050053,2026-07-05,P027,大荣发连锁超市(和顺雅苑店),R07,104.253582,30.90011,25.34,0.2653,591,711,中
DO202607050054,2026-07-05,P028,永辉超市(天府欧城店),R07,104.256388,30.892152,30.35,0.0289,540,660,高
DO202607050055,2026-07-05,P028,永辉超市(天府欧城店),R07,104.256388,30.892152,107.23,2.0213,541,661,低
DO202607050056,2026-07-05,P028,永辉超市(天府欧城店),R07,104.256388,30.892152,6.31,0.1751,542,662,高
DO202607050057,2026-07-05,P029,永辉超市(青白江万达广场店),R07,104.253652,30.878095,15.18,0.6238,569,689,中
DO202607050058,2026-07-05,P029,永辉超市(青白江万达广场店),R07,104.253652,30.878095,36.2,0.0239,573,693,中
DO202607050059,2026-07-05,P030,润都连锁生活超市(正兴路店),R07,104.188354,30.87079,114.35,0.3225,686,806,中
DO202607050060,2026-07-05,P030,润都连锁生活超市(正兴路店),R07,104.188354,30.87079,6.53,0.4146,693,813,高
DO202607050061,2026-07-05,P032,渝华连锁超市(绣川新城店),R07,104.330571,30.85576,7.55,0.0934,575,695,中
DO202607050062,2026-07-05,P032,渝华连锁超市(绣川新城店),R07,104.330571,30.85576,83.22,0.1144,583,703,中
DO202607050063,2026-07-05,P033,红旗超市(团结花园店),R07,104.246885,30.877313,17.31,1.3185,861,981,中
DO202607050064,2026-07-05,P033,红旗超市(团结花园店),R07,104.246885,30.877313,12.28,0.5421,867,987,中
DO202607050065,2026-07-05,P033,红旗超市(团结花园店),R07,104.246885,30.877313,7.55,0.4469,870,990,中
DO202607050066,2026-07-05,P034,红旗连锁(北城新界民族花园店),R07,104.201632,30.877318,87.92,0.0382,877,997,中
DO202607050067,2026-07-05,P034,红旗连锁(北城新界民族花园店),R07,104.201632,30.877318,29.33,0.3124,878,998,中
DO202607050068,2026-07-05,P037,红旗连锁(青白江石家碾西路店),R07,104.253962,30.887052,16.37,1.3389,758,878,高
DO202607050069,2026-07-05,P038,青江一家超市,R07,104.284321,30.880989,48.02,0.1273,743,863,低
DO202607050070,2026-07-05,P038,青江一家超市,R07,104.284321,30.880989,16.72,0.8151,744,864,低
DO202607050071,2026-07-05,P038,青江一家超市,R07,104.284321,30.880989,8.6,2.1982,748,868,高
DO202607050072,2026-07-05,P038,青江一家超市,R07,104.284321,30.880989,6.24,0.4207,750,870,高
DO202607050073,2026-07-05,P039,青江百货连锁超市,R07,104.269502,30.876837,7.26,3.798,841,961,中
DO202607050074,2026-07-05,P039,青江百货连锁超市,R07,104.269502,30.876837,49.8,0.0709,841,961,中
DO202607050075,2026-07-05,P039,青江百货连锁超市,R07,104.269502,30.876837,117.43,0.1159,841,961,中
DO202607050076,2026-07-05,P042,永辉超市(青羊新城市店),R02,104.057614,30.67321,19.26,0.0748,844,964,低
DO202607050077,2026-07-05,P043,红旗超市(中同仁路分场),R02,104.052373,30.668819,45.68,2.3453,842,962,中
DO202607050078,2026-07-05,P044,邻你生活超市(大庆店),R02,104.032527,30.669557,21.86,0.1087,715,835,中
DO202607050079,2026-07-05,P044,邻你生活超市(大庆店),R02,104.032527,30.669557,13.16,0.4547,717,837,低
DO202607050080,2026-07-05,P044,邻你生活超市(大庆店),R02,104.032527,30.669557,323.51,0.6211,721,841,中
DO202607050081,2026-07-05,P044,邻你生活超市(大庆店),R02,104.032527,30.669557,21.05,0.1847,722,842,低
DO202607050082,2026-07-05,P045,世纪红连锁超市,R08,104.208007,30.532247,3.29,0.8433,905,1025,中
DO202607050083,2026-07-05,P045,世纪红连锁超市,R08,104.208007,30.532247,8.27,0.1964,905,1025,高
DO202607050084,2026-07-05,P047,永辉超市(成都龙泉驿万达广场店),R08,104.269392,30.566865,10.68,0.1237,640,760,低
DO202607050085,2026-07-05,P047,永辉超市(成都龙泉驿万达广场店),R08,104.269392,30.566865,53.69,0.2741,640,760,中
DO202607050086,2026-07-05,P047,永辉超市(成都龙泉驿万达广场店),R08,104.269392,30.566865,78.03,0.1234,640,760,中
DO202607050087,2026-07-05,P047,永辉超市(成都龙泉驿万达广场店),R08,104.269392,30.566865,42.25,1.2452,641,761,低
DO202607050088,2026-07-05,P047,永辉超市(成都龙泉驿万达广场店),R08,104.269392,30.566865,57.37,0.5919,644,764,低
DO202607050089,2026-07-05,P048,汇联美连锁超市(中街店),R08,104.27333,30.560098,26.88,0.6539,612,732,中
DO202607050090,2026-07-05,P048,汇联美连锁超市(中街店),R08,104.27333,30.560098,30.46,0.6027,615,735,低
DO202607050091,2026-07-05,P049,百伦生活超市(龙泉店),R08,104.273346,30.559846,226.85,0.1879,777,897,高
DO202607050092,2026-07-05,P049,百伦生活超市(龙泉店),R08,104.273346,30.559846,54.83,0.0653,779,899,中
DO202607050093,2026-07-05,P049,百伦生活超市(龙泉店),R08,104.273346,30.559846,45.98,1.5012,782,902,低
DO202607050094,2026-07-05,P049,百伦生活超市(龙泉店),R08,104.273346,30.559846,40.59,0.2205,782,902,高
DO202607060000,2026-07-06,P001,689便民(荣盛·香榭兰庭店),R06,104.135375,30.623625,51.75,0.2091,791,911,高
DO202607060001,2026-07-06,P002,十二超市(佳年华广场1期店),R06,104.131787,30.627615,92.26,0.1321,887,1007,低
DO202607060002,2026-07-06,P002,十二超市(佳年华广场1期店),R06,104.131787,30.627615,76.59,0.328,887,1007,高
DO202607060003,2026-07-06,P003,红旗连锁,R06,104.132763,30.627528,90.33,0.7554,697,817,中
DO202607060004,2026-07-06,P003,红旗连锁,R06,104.132763,30.627528,12.55,0.3007,702,822,中
DO202607060005,2026-07-06,P004,老蔡小卖部(水碾河路北社区三街店),R06,104.099234,30.648748,16.38,0.0204,589,709,中
DO202607060006,2026-07-06,P004,老蔡小卖部(水碾河路北社区三街店),R06,104.099234,30.648748,56.66,0.8737,592,712,中
DO202607060007,2026-07-06,P004,老蔡小卖部(水碾河路北社区三街店),R06,104.099234,30.648748,212.09,0.0447,593,713,高
DO202607060008,2026-07-06,P005,郝英超市,R06,104.129707,30.628761,11.76,0.3162,551,671,高
DO202607060009,2026-07-06,P005,郝英超市,R06,104.129707,30.628761,14.58,0.7053,556,676,中
DO202607060010,2026-07-06,P006,全家便利店(龙江路店),R03,104.077199,30.641639,167.72,0.1399,726,846,中
DO202607060011,2026-07-06,P006,全家便利店(龙江路店),R03,104.077199,30.641639,22.16,0.5852,726,846,高
DO202607060012,2026-07-06,P006,全家便利店(龙江路店),R03,104.077199,30.641639,981.46,0.1099,727,847,中
DO202607060013,2026-07-06,P006,全家便利店(龙江路店),R03,104.077199,30.641639,50.57,0.0225,731,851,中
DO202607060014,2026-07-06,P006,全家便利店(龙江路店),R03,104.077199,30.641639,53.76,0.2102,734,854,高
DO202607060015,2026-07-06,P008,永辉超市(银泰城店),R03,104.058121,30.541191,84.26,0.3906,708,828,中
DO202607060016,2026-07-06,P008,永辉超市(银泰城店),R03,104.058121,30.541191,16.85,0.1599,710,830,中
DO202607060017,2026-07-06,P009,永辉超市(龙湖成都金楠天街店),R03,103.995986,30.648731,20.0,0.1796,593,713,高
DO202607060018,2026-07-06,P010,百分百超市(心语店),R03,104.045915,30.545712,28.6,2.1201,691,811,低
DO202607060019,2026-07-06,P010,百分百超市(心语店),R03,104.045915,30.545712,7.62,0.0427,692,812,中
DO202607060020,2026-07-06,P010,百分百超市(心语店),R03,104.045915,30.545712,161.17,0.8162,692,812,低
DO202607060021,2026-07-06,P011,永辉超市(成都市双铁广场店),R01,103.975737,30.758309,108.93,0.1195,545,665,低
DO202607060022,2026-07-06,P011,永辉超市(成都市双铁广场店),R01,103.975737,30.758309,9.5,0.9123,546,666,中
DO202607060023,2026-07-06,P012,永辉超市(成都市蜀都万达广场店),R01,103.907862,30.807642,25.76,0.3707,677,797,低
DO202607060024,2026-07-06,P013,永辉超市(爱琴海购物中心店),R01,103.991901,30.737566,47.85,0.3051,849,969,中
DO202607060025,2026-07-06,P013,永辉超市(爱琴海购物中心店),R01,103.991901,30.737566,717.82,0.0241,851,971,低
DO202607060026,2026-07-06,P013,永辉超市(爱琴海购物中心店),R01,103.991901,30.737566,74.83,0.1213,857,977,中
DO202607060027,2026-07-06,P013,永辉超市(爱琴海购物中心店),R01,103.991901,30.737566,13.19,0.1749,857,977,低
DO202607060028,2026-07-06,P014,永辉超市(龙湖成都时代天街店),R01,103.921214,30.750831,82.1,0.211,793,913,中
DO202607060029,2026-07-06,P014,永辉超市(龙湖成都时代天街店),R01,103.921214,30.750831,33.58,0.0775,797,917,高
DO202607060030,2026-07-06,P015,红旗超市(龙湖时代天街店),R01,103.919653,30.752444,2.59,0.0196,777,897,低
DO202607060031,2026-07-06,P015,红旗超市(龙湖时代天街店),R01,103.919653,30.752444,9.7,0.2076,782,902,中
DO202607060032,2026-07-06,P015,红旗超市(龙湖时代天街店),R01,103.919653,30.752444,121.0,0.0418,784,904,中
DO202607060033,2026-07-06,P015,红旗超市(龙湖时代天街店),R01,103.919653,30.752444,18.07,0.3838,784,904,低
DO202607060034,2026-07-06,P017,LAWSON罗森(龙湖成都上城天街店),R04,104.071944,30.68395,9.87,0.1249,705,825,中
DO202607060035,2026-07-06,P017,LAWSON罗森(龙湖成都上城天街店),R04,104.071944,30.68395,95.75,0.1352,708,828,高
DO202607060036,2026-07-06,P017,LAWSON罗森(龙湖成都上城天街店),R04,104.071944,30.68395,5.05,0.1113,710,830,低
DO202607060037,2026-07-06,P018,乐多(成华西街一店),R04,104.071998,30.683402,31.69,0.4641,574,694,中
DO202607060038,2026-07-06,P018,乐多(成华西街一店),R04,104.071998,30.683402,18.68,0.4123,575,695,低
DO202607060039,2026-07-06,P018,乐多(成华西街一店),R04,104.071998,30.683402,1057.11,1.2538,577,697,高
DO202607060040,2026-07-06,P018,乐多(成华西街一店),R04,104.071998,30.683402,11.28,0.1535,580,700,低
DO202607060041,2026-07-06,P018,乐多(成华西街一店),R04,104.071998,30.683402,19.35,0.099,580,700,低
DO202607060042,2026-07-06,P018,乐多(成华西街一店),R04,104.071998,30.683402,25.96,0.4006,581,701,中
DO202607060043,2026-07-06,P019,奥特乐(成都龙湖上城天街店),R04,104.072004,30.684929,145.99,0.3075,562,682,高
DO202607060044,2026-07-06,P019,奥特乐(成都龙湖上城天街店),R04,104.072004,30.684929,154.17,0.9353,568,688,中
DO202607060045,2026-07-06,P019,奥特乐(成都龙湖上城天街店),R04,104.072004,30.684929,43.56,0.4236,569,689,中
DO202607060046,2026-07-06,P019,奥特乐(成都龙湖上城天街店),R04,104.072004,30.684929,55.3,0.2128,572,692,中
DO202607060047,2026-07-06,P021,Ole 精品超市(IFS国际金融中心店),R05,104.081893,30.655003,86.54,1.6265,569,689,中
DO202607060048,2026-07-06,P024,永辉超市(锦江城市花园店),R05,104.142752,30.595134,102.82,6.051,778,898,高
DO202607060049,2026-07-06,P024,永辉超市(锦江城市花园店),R05,104.142752,30.595134,37.38,0.0759,778,898,高
DO202607060050,2026-07-06,P024,永辉超市(锦江城市花园店),R05,104.142752,30.595134,21.86,0.148,779,899,低
DO202607060051,2026-07-06,P025,红旗超市(成都红旗商厦店),R05,104.072081,30.658735,13.28,0.0543,770,890,中
DO202607060052,2026-07-06,P026,友好多连锁超市(界牌店),R07,104.313922,30.880419,277.59,0.2597,538,658,中
DO202607060053,2026-07-06,P026,友好多连锁超市(界牌店),R07,104.313922,30.880419,37.23,0.6767,538,658,低
DO202607060054,2026-07-06,P026,友好多连锁超市(界牌店),R07,104.313922,30.880419,35.23,0.1297,542,662,高
DO202607060055,2026-07-06,P027,大荣发连锁超市(和顺雅苑店),R07,104.253582,30.90011,2.43,0.659,669,789,中
DO202607060056,2026-07-06,P028,永辉超市(天府欧城店),R07,104.256388,30.892152,21.14,0.3739,573,693,中
DO202607060057,2026-07-06,P028,永辉超市(天府欧城店),R07,104.256388,30.892152,32.96,0.0877,577,697,中
DO202607060058,2026-07-06,P029,永辉超市(青白江万达广场店),R07,104.253652,30.878095,134.52,0.1114,805,925,低
DO202607060059,2026-07-06,P031,渝华连锁超市(学苑路店),R07,104.276426,30.875299,17.37,0.4311,645,765,中
DO202607060060,2026-07-06,P032,渝华连锁超市(绣川新城店),R07,104.330571,30.85576,8.34,2.317,842,962,中
DO202607060061,2026-07-06,P032,渝华连锁超市(绣川新城店),R07,104.330571,30.85576,68.7,1.132,847,967,中
DO202607060062,2026-07-06,P032,渝华连锁超市(绣川新城店),R07,104.330571,30.85576,481.61,0.0328,849,969,中
DO202607060063,2026-07-06,P032,渝华连锁超市(绣川新城店),R07,104.330571,30.85576,240.31,0.3564,851,971,中
DO202607060064,2026-07-06,P033,红旗超市(团结花园店),R07,104.246885,30.877313,210.59,7.7541,746,866,高
DO202607060065,2026-07-06,P033,红旗超市(团结花园店),R07,104.246885,30.877313,499.44,0.0988,746,866,中
DO202607060066,2026-07-06,P033,红旗超市(团结花园店),R07,104.246885,30.877313,14.94,0.1352,746,866,高
DO202607060067,2026-07-06,P033,红旗超市(团结花园店),R07,104.246885,30.877313,9.94,0.2043,748,868,中
DO202607060068,2026-07-06,P034,红旗连锁(北城新界民族花园店),R07,104.201632,30.877318,72.48,0.2392,695,815,中
DO202607060069,2026-07-06,P034,红旗连锁(北城新界民族花园店),R07,104.201632,30.877318,87.09,0.2804,700,820,高
DO202607060070,2026-07-06,P034,红旗连锁(北城新界民族花园店),R07,104.201632,30.877318,53.8,0.1069,701,821,中
DO202607060071,2026-07-06,P034,红旗连锁(北城新界民族花园店),R07,104.201632,30.877318,58.94,1.4807,705,825,高
DO202607060072,2026-07-06,P036,红旗连锁(青白江城厢首府分场),R07,104.323054,30.860039,19.39,0.4376,706,826,中
DO202607060073,2026-07-06,P036,红旗连锁(青白江城厢首府分场),R07,104.323054,30.860039,27.24,0.5026,712,832,低
DO202607060074,2026-07-06,P037,红旗连锁(青白江石家碾西路店),R07,104.253962,30.887052,15.44,5.3615,603,723,高
DO202607060075,2026-07-06,P037,红旗连锁(青白江石家碾西路店),R07,104.253962,30.887052,154.25,0.1041,604,724,低
DO202607060076,2026-07-06,P037,红旗连锁(青白江石家碾西路店),R07,104.253962,30.887052,56.57,0.427,609,729,低
DO202607060077,2026-07-06,P037,红旗连锁(青白江石家碾西路店),R07,104.253962,30.887052,38.36,0.2553,610,730,中
DO202607060078,2026-07-06,P038,青江一家超市,R07,104.284321,30.880989,383.68,0.5631,881,1001,中
DO202607060079,2026-07-06,P039,青江百货连锁超市,R07,104.269502,30.876837,14.98,0.1267,679,799,低
DO202607060080,2026-07-06,P039,青江百货连锁超市,R07,104.269502,30.876837,45.29,0.3101,683,803,中
DO202607060081,2026-07-06,P039,青江百货连锁超市,R07,104.269502,30.876837,213.97,0.0253,683,803,中
DO202607060082,2026-07-06,P039,青江百货连锁超市,R07,104.269502,30.876837,2.73,0.1942,687,807,中
DO202607060083,2026-07-06,P040,上蔬永辉超市(西单商场店),R02,104.000521,30.674866,12.66,1.7381,855,975,高
DO202607060084,2026-07-06,P040,上蔬永辉超市(西单商场店),R02,104.000521,30.674866,20.85,0.0499,858,978,中
DO202607060085,2026-07-06,P041,永辉超市(成都青羊中铁大道店),R02,103.961452,30.670211,2.17,0.3954,551,671,低
DO202607060086,2026-07-06,P041,永辉超市(成都青羊中铁大道店),R02,103.961452,30.670211,1.39,0.3211,556,676,中
DO202607060087,2026-07-06,P042,永辉超市(青羊新城市店),R02,104.057614,30.67321,22.5,0.1483,603,723,高
DO202607060088,2026-07-06,P042,永辉超市(青羊新城市店),R02,104.057614,30.67321,25.53,0.0276,603,723,中
DO202607060089,2026-07-06,P042,永辉超市(青羊新城市店),R02,104.057614,30.67321,16.62,1.8023,604,724,中
DO202607060090,2026-07-06,P043,红旗超市(中同仁路分场),R02,104.052373,30.668819,11.17,6.5107,520,640,高
DO202607060091,2026-07-06,P044,邻你生活超市(大庆店),R02,104.032527,30.669557,35.12,0.3443,594,714,低
DO202607060092,2026-07-06,P044,邻你生活超市(大庆店),R02,104.032527,30.669557,50.47,0.2291,596,716,高
DO202607060093,2026-07-06,P045,世纪红连锁超市,R08,104.208007,30.532247,22.31,1.7597,744,864,低
DO202607060094,2026-07-06,P046,尚喜超市(锦绣路店),R08,104.308338,30.606726,55.86,0.4504,855,975,低
DO202607060095,2026-07-06,P046,尚喜超市(锦绣路店),R08,104.308338,30.606726,20.46,0.2252,855,975,中
DO202607060096,2026-07-06,P046,尚喜超市(锦绣路店),R08,104.308338,30.606726,6.87,0.7411,861,981,中
DO202607060097,2026-07-06,P046,尚喜超市(锦绣路店),R08,104.308338,30.606726,7.54,2.2123,862,982,低
DO202607060098,2026-07-06,P046,尚喜超市(锦绣路店),R08,104.308338,30.606726,109.22,0.5882,862,982,高
DO202607060099,2026-07-06,P047,永辉超市(成都龙泉驿万达广场店),R08,104.269392,30.566865,2.68,0.684,735,855,低
DO202607060100,2026-07-06,P047,永辉超市(成都龙泉驿万达广场店),R08,104.269392,30.566865,51.01,0.0317,740,860,低
DO202607060101,2026-07-06,P048,汇联美连锁超市(中街店),R08,104.27333,30.560098,47.89,0.8186,560,680,高
DO202607060102,2026-07-06,P048,汇联美连锁超市(中街店),R08,104.27333,30.560098,50.56,0.2175,562,682,中
DO202607060103,2026-07-06,P048,汇联美连锁超市(中街店),R08,104.27333,30.560098,49.35,1.601,564,684,高
DO202607060104,2026-07-06,P048,汇联美连锁超市(中街店),R08,104.27333,30.560098,5.95,0.237,564,684,中
DO202607060105,2026-07-06,P049,百伦生活超市(龙泉店),R08,104.273346,30.559846,12.4,1.3912,876,996,中
DO202607060106,2026-07-06,P049,百伦生活超市(龙泉店),R08,104.273346,30.559846,44.29,0.5966,878,998,中
DO202607060107,2026-07-06,P049,百伦生活超市(龙泉店),R08,104.273346,30.559846,11.72,1.0555,878,998,中
DO202607060108,2026-07-06,P049,百伦生活超市(龙泉店),R08,104.273346,30.559846,11.44,2.5636,884,1004,中
DO202607060109,2026-07-06,P049,百伦生活超市(龙泉店),R08,104.273346,30.559846,5.16,0.1252,885,1005,中
DO202607070000,2026-07-07,P002,十二超市(佳年华广场1期店),R06,104.131787,30.627615,3.43,1.1091,652,772,高
DO202607070001,2026-07-07,P002,十二超市(佳年华广场1期店),R06,104.131787,30.627615,113.93,0.0463,661,781,高
DO202607070002,2026-07-07,P003,红旗连锁,R06,104.132763,30.627528,323.55,0.2108,515,635,中
DO202607070003,2026-07-07,P004,老蔡小卖部(水碾河路北社区三街店),R06,104.099234,30.648748,77.72,0.657,843,963,中
DO202607070004,2026-07-07,P004,老蔡小卖部(水碾河路北社区三街店),R06,104.099234,30.648748,192.13,0.1669,845,965,高
DO202607070005,2026-07-07,P004,老蔡小卖部(水碾河路北社区三街店),R06,104.099234,30.648748,94.07,0.1001,846,966,高
DO202607070006,2026-07-07,P004,老蔡小卖部(水碾河路北社区三街店),R06,104.099234,30.648748,44.4,0.0824,848,968,低
DO202607070007,2026-07-07,P006,全家便利店(龙江路店),R03,104.077199,30.641639,75.6,0.2661,783,903,低
DO202607070008,2026-07-07,P008,永辉超市(银泰城店),R03,104.058121,30.541191,176.62,0.5256,639,759,低
DO202607070009,2026-07-07,P008,永辉超市(银泰城店),R03,104.058121,30.541191,40.18,0.4209,643,763,中
DO202607070010,2026-07-07,P008,永辉超市(银泰城店),R03,104.058121,30.541191,6.25,0.3871,643,763,中
DO202607070011,2026-07-07,P010,百分百超市(心语店),R03,104.045915,30.545712,1.9,0.3004,571,691,中
DO202607070012,2026-07-07,P010,百分百超市(心语店),R03,104.045915,30.545712,219.28,0.0955,575,695,高
DO202607070013,2026-07-07,P010,百分百超市(心语店),R03,104.045915,30.545712,10.95,0.6284,575,695,中
DO202607070014,2026-07-07,P011,永辉超市(成都市双铁广场店),R01,103.975737,30.758309,165.03,0.3227,874,994,高
DO202607070015,2026-07-07,P011,永辉超市(成都市双铁广场店),R01,103.975737,30.758309,464.2,0.407,875,995,中
DO202607070016,2026-07-07,P011,永辉超市(成都市双铁广场店),R01,103.975737,30.758309,103.71,0.0795,876,996,高
DO202607070017,2026-07-07,P011,永辉超市(成都市双铁广场店),R01,103.975737,30.758309,6.78,0.253,876,996,中
DO202607070018,2026-07-07,P011,永辉超市(成都市双铁广场店),R01,103.975737,30.758309,16.89,0.1478,882,1002,中
DO202607070019,2026-07-07,P011,永辉超市(成都市双铁广场店),R01,103.975737,30.758309,240.76,0.2743,883,1003,中
DO202607070020,2026-07-07,P011,永辉超市(成都市双铁广场店),R01,103.975737,30.758309,22.93,0.0816,884,1004,中
DO202607070021,2026-07-07,P012,永辉超市(成都市蜀都万达广场店),R01,103.907862,30.807642,10.69,1.1415,526,646,低
DO202607070022,2026-07-07,P012,永辉超市(成都市蜀都万达广场店),R01,103.907862,30.807642,19.56,0.4636,533,653,中
DO202607070023,2026-07-07,P013,永辉超市(爱琴海购物中心店),R01,103.991901,30.737566,93.96,0.1077,558,678,高
DO202607070024,2026-07-07,P013,永辉超市(爱琴海购物中心店),R01,103.991901,30.737566,13.95,0.6836,561,681,高
DO202607070025,2026-07-07,P013,永辉超市(爱琴海购物中心店),R01,103.991901,30.737566,5.06,0.0749,562,682,中
DO202607070026,2026-07-07,P014,永辉超市(龙湖成都时代天街店),R01,103.921214,30.750831,260.55,0.8303,572,692,低
DO202607070027,2026-07-07,P014,永辉超市(龙湖成都时代天街店),R01,103.921214,30.750831,252.62,0.1381,576,696,低
DO202607070028,2026-07-07,P015,红旗超市(龙湖时代天街店),R01,103.919653,30.752444,7.02,0.3138,571,691,高
DO202607070029,2026-07-07,P015,红旗超市(龙湖时代天街店),R01,103.919653,30.752444,722.88,0.0181,574,694,低
DO202607070030,2026-07-07,P016,LAWSON罗森(枣子巷15号院店),R04,104.044885,30.667759,133.84,0.02,548,668,中
DO202607070031,2026-07-07,P016,LAWSON罗森(枣子巷15号院店),R04,104.044885,30.667759,20.41,1.8041,548,668,低
DO202607070032,2026-07-07,P017,LAWSON罗森(龙湖成都上城天街店),R04,104.071944,30.68395,64.89,1.0531,564,684,高
DO202607070033,2026-07-07,P017,LAWSON罗森(龙湖成都上城天街店),R04,104.071944,30.68395,394.21,0.0925,568,688,中
DO202607070034,2026-07-07,P017,LAWSON罗森(龙湖成都上城天街店),R04,104.071944,30.68395,122.72,2.0074,569,689,中
DO202607070035,2026-07-07,P017,LAWSON罗森(龙湖成都上城天街店),R04,104.071944,30.68395,462.44,0.0709,570,690,低
DO202607070036,2026-07-07,P018,乐多(成华西街一店),R04,104.071998,30.683402,233.03,4.241,649,769,中
DO202607070037,2026-07-07,P019,奥特乐(成都龙湖上城天街店),R04,104.072004,30.684929,75.56,1.7628,838,958,中
DO202607070038,2026-07-07,P019,奥特乐(成都龙湖上城天街店),R04,104.072004,30.684929,3.25,0.6155,844,964,高
DO202607070039,2026-07-07,P020,朴朴超市(西体路店),R04,104.061775,30.681195,84.95,0.1632,851,971,中
DO202607070040,2026-07-07,P021,Ole 精品超市(IFS国际金融中心店),R05,104.081893,30.655003,29.48,0.2398,762,882,中
DO202607070041,2026-07-07,P021,Ole 精品超市(IFS国际金融中心店),R05,104.081893,30.655003,272.05,0.1451,762,882,低
DO202607070042,2026-07-07,P021,Ole 精品超市(IFS国际金融中心店),R05,104.081893,30.655003,183.52,0.3746,768,888,高
DO202607070043,2026-07-07,P022,四川舞东风超市连锁股份有限公司,R05,104.082047,30.660437,118.53,1.3129,587,707,中
DO202607070044,2026-07-07,P022,四川舞东风超市连锁股份有限公司,R05,104.082047,30.660437,6.95,1.0401,596,716,中
DO202607070045,2026-07-07,P023,永辉超市(文华广场店),R05,104.107695,30.637048,37.52,1.112,874,994,高
DO202607070046,2026-07-07,P023,永辉超市(文华广场店),R05,104.107695,30.637048,105.24,1.92,880,1000,低
DO202607070047,2026-07-07,P024,永辉超市(锦江城市花园店),R05,104.142752,30.595134,14.0,0.1333,561,681,高
DO202607070048,2026-07-07,P025,红旗超市(成都红旗商厦店),R05,104.072081,30.658735,94.36,0.2338,710,830,中
DO202607070049,2026-07-07,P026,友好多连锁超市(界牌店),R07,104.313922,30.880419,8.79,2.2207,589,709,中
DO202607070050,2026-07-07,P026,友好多连锁超市(界牌店),R07,104.313922,30.880419,31.11,4.3162,590,710,中
DO202607070051,2026-07-07,P027,大荣发连锁超市(和顺雅苑店),R07,104.253582,30.90011,33.04,1.3386,888,1008,中
DO202607070052,2026-07-07,P027,大荣发连锁超市(和顺雅苑店),R07,104.253582,30.90011,51.45,0.2991,888,1008,中
DO202607070053,2026-07-07,P027,大荣发连锁超市(和顺雅苑店),R07,104.253582,30.90011,36.18,0.1558,893,1013,低
DO202607070054,2026-07-07,P029,永辉超市(青白江万达广场店),R07,104.253652,30.878095,29.47,0.3888,677,797,中
DO202607070055,2026-07-07,P029,永辉超市(青白江万达广场店),R07,104.253652,30.878095,109.09,0.0208,678,798,中
DO202607070056,2026-07-07,P029,永辉超市(青白江万达广场店),R07,104.253652,30.878095,384.33,0.3253,683,803,高
DO202607070057,2026-07-07,P030,润都连锁生活超市(正兴路店),R07,104.188354,30.87079,7.89,1.3782,881,1001,高
DO202607070058,2026-07-07,P030,润都连锁生活超市(正兴路店),R07,104.188354,30.87079,21.87,2.0404,883,1003,中
DO202607070059,2026-07-07,P030,润都连锁生活超市(正兴路店),R07,104.188354,30.87079,137.79,0.3364,883,1003,高
DO202607070060,2026-07-07,P033,红旗超市(团结花园店),R07,104.246885,30.877313,4.66,0.0913,580,700,低
DO202607070061,2026-07-07,P033,红旗超市(团结花园店),R07,104.246885,30.877313,53.92,6.3449,580,700,中
DO202607070062,2026-07-07,P035,红旗连锁(青白江同金街便利店),R07,104.244552,30.889503,25.09,0.1069,695,815,低
DO202607070063,2026-07-07,P035,红旗连锁(青白江同金街便利店),R07,104.244552,30.889503,84.46,0.5018,704,824,中
DO202607070064,2026-07-07,P036,红旗连锁(青白江城厢首府分场),R07,104.323054,30.860039,9.43,0.1622,891,1011,低
DO202607070065,2026-07-07,P037,红旗连锁(青白江石家碾西路店),R07,104.253962,30.887052,5.31,0.1703,531,651,低
DO202607070066,2026-07-07,P037,红旗连锁(青白江石家碾西路店),R07,104.253962,30.887052,45.65,0.1047,535,655,低
DO202607070067,2026-07-07,P037,红旗连锁(青白江石家碾西路店),R07,104.253962,30.887052,13.7,0.6079,539,659,中
DO202607070068,2026-07-07,P037,红旗连锁(青白江石家碾西路店),R07,104.253962,30.887052,15.77,1.6592,540,660,高
DO202607070069,2026-07-07,P038,青江一家超市,R07,104.284321,30.880989,672.53,0.1198,802,922,高
DO202607070070,2026-07-07,P038,青江一家超市,R07,104.284321,30.880989,7.58,1.3318,803,923,高
DO202607070071,2026-07-07,P038,青江一家超市,R07,104.284321,30.880989,15.28,0.6596,804,924,中
DO202607070072,2026-07-07,P038,青江一家超市,R07,104.284321,30.880989,3.46,0.39,807,927,中
DO202607070073,2026-07-07,P038,青江一家超市,R07,104.284321,30.880989,232.44,1.7549,809,929,中
DO202607070074,2026-07-07,P038,青江一家超市,R07,104.284321,30.880989,156.01,0.4756,810,930,中
DO202607070075,2026-07-07,P039,青江百货连锁超市,R07,104.269502,30.876837,91.95,0.8586,571,691,中
DO202607070076,2026-07-07,P039,青江百货连锁超市,R07,104.269502,30.876837,243.72,0.3093,572,692,高
DO202607070077,2026-07-07,P040,上蔬永辉超市(西单商场店),R02,104.000521,30.674866,68.71,0.7509,613,733,中
DO202607070078,2026-07-07,P041,永辉超市(成都青羊中铁大道店),R02,103.961452,30.670211,65.16,0.6957,714,834,中
DO202607070079,2026-07-07,P041,永辉超市(成都青羊中铁大道店),R02,103.961452,30.670211,231.1,0.2403,721,841,中
DO202607070080,2026-07-07,P042,永辉超市(青羊新城市店),R02,104.057614,30.67321,46.91,0.1627,876,996,中
DO202607070081,2026-07-07,P043,红旗超市(中同仁路分场),R02,104.052373,30.668819,13.5,0.7193,590,710,低
DO202607070082,2026-07-07,P043,红旗超市(中同仁路分场),R02,104.052373,30.668819,54.78,1.5455,595,715,高
DO202607070083,2026-07-07,P043,红旗超市(中同仁路分场),R02,104.052373,30.668819,4.05,0.2639,597,717,中
DO202607070084,2026-07-07,P043,红旗超市(中同仁路分场),R02,104.052373,30.668819,28.19,1.9428,598,718,高
DO202607070085,2026-07-07,P044,邻你生活超市(大庆店),R02,104.032527,30.669557,52.81,0.1583,859,979,低
DO202607070086,2026-07-07,P044,邻你生活超市(大庆店),R02,104.032527,30.669557,53.94,0.0392,863,983,高
DO202607070087,2026-07-07,P044,邻你生活超市(大庆店),R02,104.032527,30.669557,405.84,0.303,867,987,高
DO202607070088,2026-07-07,P045,世纪红连锁超市,R08,104.208007,30.532247,6.57,0.135,771,891,低
DO202607070089,2026-07-07,P045,世纪红连锁超市,R08,104.208007,30.532247,95.24,1.5309,779,899,中
DO202607070090,2026-07-07,P046,尚喜超市(锦绣路店),R08,104.308338,30.606726,90.97,2.6235,630,750,中
DO202607070091,2026-07-07,P047,永辉超市(成都龙泉驿万达广场店),R08,104.269392,30.566865,27.34,0.0498,684,804,中
DO202607070092,2026-07-07,P047,永辉超市(成都龙泉驿万达广场店),R08,104.269392,30.566865,114.12,0.4599,689,809,中
DO202607070093,2026-07-07,P047,永辉超市(成都龙泉驿万达广场店),R08,104.269392,30.566865,78.67,0.8684,694,814,中
DO202607070094,2026-07-07,P049,百伦生活超市(龙泉店),R08,104.273346,30.559846,25.64,0.1277,877,997,高
DO202607070095,2026-07-07,P049,百伦生活超市(龙泉店),R08,104.273346,30.559846,257.7,0.2617,879,999,中
DO202607070096,2026-07-07,P049,百伦生活超市(龙泉店),R08,104.273346,30.559846,4.68,1.2221,879,999,中
DO202607070097,2026-07-07,P049,百伦生活超市(龙泉店),R08,104.273346,30.559846,167.54,0.0599,883,1003,高
DO202607070098,2026-07-07,P049,百伦生活超市(龙泉店),R08,104.273346,30.559846,52.78,1.8829,884,1004,中
DO202607080000,2026-07-08,P002,十二超市(佳年华广场1期店),R06,104.131787,30.627615,24.22,0.2944,567,687,高
DO202607080001,2026-07-08,P002,十二超市(佳年华广场1期店),R06,104.131787,30.627615,298.97,0.8635,568,688,中
DO202607080002,2026-07-08,P003,红旗连锁,R06,104.132763,30.627528,11.44,0.0167,683,803,中
DO202607080003,2026-07-08,P003,红旗连锁,R06,104.132763,30.627528,268.38,0.1397,687,807,中
DO202607080004,2026-07-08,P004,老蔡小卖部(水碾河路北社区三街店),R06,104.099234,30.648748,30.08,0.5791,681,801,高
DO202607080005,2026-07-08,P004,老蔡小卖部(水碾河路北社区三街店),R06,104.099234,30.648748,94.23,0.3919,685,805,中
DO202607080006,2026-07-08,P005,郝英超市,R06,104.129707,30.628761,16.59,0.5502,894,1014,中
DO202607080007,2026-07-08,P006,全家便利店(龙江路店),R03,104.077199,30.641639,34.17,0.415,800,920,中
DO202607080008,2026-07-08,P006,全家便利店(龙江路店),R03,104.077199,30.641639,27.83,0.2973,801,921,低
DO202607080009,2026-07-08,P006,全家便利店(龙江路店),R03,104.077199,30.641639,28.65,0.8834,802,922,低
DO202607080010,2026-07-08,P006,全家便利店(龙江路店),R03,104.077199,30.641639,157.29,0.0776,809,929,中
DO202607080011,2026-07-08,P007,永辉超市(成都市新城吾悦广场店),R03,103.988663,30.626255,19.64,0.1819,884,1004,中
DO202607080012,2026-07-08,P007,永辉超市(成都市新城吾悦广场店),R03,103.988663,30.626255,47.37,0.543,886,1006,中
DO202607080013,2026-07-08,P007,永辉超市(成都市新城吾悦广场店),R03,103.988663,30.626255,12.31,0.4858,887,1007,低
DO202607080014,2026-07-08,P008,永辉超市(银泰城店),R03,104.058121,30.541191,28.54,0.4023,660,780,中
DO202607080015,2026-07-08,P009,永辉超市(龙湖成都金楠天街店),R03,103.995986,30.648731,5.05,4.7402,870,990,中
DO202607080016,2026-07-08,P009,永辉超市(龙湖成都金楠天街店),R03,103.995986,30.648731,73.45,0.209,877,997,中
DO202607080017,2026-07-08,P009,永辉超市(龙湖成都金楠天街店),R03,103.995986,30.648731,697.84,0.0783,878,998,中
DO202607080018,2026-07-08,P009,永辉超市(龙湖成都金楠天街店),R03,103.995986,30.648731,18.57,0.2756,878,998,中
DO202607080019,2026-07-08,P010,百分百超市(心语店),R03,104.045915,30.545712,20.4,0.6364,814,934,中
DO202607080020,2026-07-08,P010,百分百超市(心语店),R03,104.045915,30.545712,69.06,0.2428,815,935,低
DO202607080021,2026-07-08,P010,百分百超市(心语店),R03,104.045915,30.545712,35.48,0.0703,815,935,低
DO202607080022,2026-07-08,P011,永辉超市(成都市双铁广场店),R01,103.975737,30.758309,212.19,0.0618,715,835,高
DO202607080023,2026-07-08,P011,永辉超市(成都市双铁广场店),R01,103.975737,30.758309,237.47,0.2586,721,841,中
DO202607080024,2026-07-08,P011,永辉超市(成都市双铁广场店),R01,103.975737,30.758309,72.3,0.35,724,844,高
DO202607080025,2026-07-08,P012,永辉超市(成都市蜀都万达广场店),R01,103.907862,30.807642,60.4,5.734,825,945,高
DO202607080026,2026-07-08,P012,永辉超市(成都市蜀都万达广场店),R01,103.907862,30.807642,49.24,0.1828,828,948,中
DO202607080027,2026-07-08,P012,永辉超市(成都市蜀都万达广场店),R01,103.907862,30.807642,3.14,0.577,835,955,中
DO202607080028,2026-07-08,P013,永辉超市(爱琴海购物中心店),R01,103.991901,30.737566,12.16,0.669,705,825,高
DO202607080029,2026-07-08,P013,永辉超市(爱琴海购物中心店),R01,103.991901,30.737566,81.03,0.2671,707,827,高
DO202607080030,2026-07-08,P013,永辉超市(爱琴海购物中心店),R01,103.991901,30.737566,45.28,0.0628,707,827,中
DO202607080031,2026-07-08,P013,永辉超市(爱琴海购物中心店),R01,103.991901,30.737566,24.98,0.3068,712,832,中
DO202607080032,2026-07-08,P015,红旗超市(龙湖时代天街店),R01,103.919653,30.752444,107.48,0.0828,593,713,中
DO202607080033,2026-07-08,P016,LAWSON罗森(枣子巷15号院店),R04,104.044885,30.667759,12.23,0.0751,690,810,中
DO202607080034,2026-07-08,P016,LAWSON罗森(枣子巷15号院店),R04,104.044885,30.667759,5.88,0.0259,691,811,中
DO202607080035,2026-07-08,P016,LAWSON罗森(枣子巷15号院店),R04,104.044885,30.667759,83.29,0.2188,694,814,中
DO202607080036,2026-07-08,P017,LAWSON罗森(龙湖成都上城天街店),R04,104.071944,30.68395,136.02,0.3251,883,1003,中
DO202607080037,2026-07-08,P018,乐多(成华西街一店),R04,104.071998,30.683402,128.93,1.7094,882,1002,低
DO202607080038,2026-07-08,P018,乐多(成华西街一店),R04,104.071998,30.683402,57.21,0.0163,884,1004,高
DO202607080039,2026-07-08,P019,奥特乐(成都龙湖上城天街店),R04,104.072004,30.684929,12.13,0.3359,777,897,高
DO202607080040,2026-07-08,P020,朴朴超市(西体路店),R04,104.061775,30.681195,31.39,0.1041,902,1022,中
DO202607080041,2026-07-08,P020,朴朴超市(西体路店),R04,104.061775,30.681195,8.69,0.5352,903,1023,中
DO202607080042,2026-07-08,P020,朴朴超市(西体路店),R04,104.061775,30.681195,13.89,0.0353,903,1023,高
DO202607080043,2026-07-08,P020,朴朴超市(西体路店),R04,104.061775,30.681195,63.89,0.1749,904,1024,低
DO202607080044,2026-07-08,P021,Ole 精品超市(IFS国际金融中心店),R05,104.081893,30.655003,2.94,0.1251,775,895,中
DO202607080045,2026-07-08,P021,Ole 精品超市(IFS国际金融中心店),R05,104.081893,30.655003,12.52,0.1691,780,900,低
DO202607080046,2026-07-08,P021,Ole 精品超市(IFS国际金融中心店),R05,104.081893,30.655003,190.45,0.1969,781,901,低
DO202607080047,2026-07-08,P021,Ole 精品超市(IFS国际金融中心店),R05,104.081893,30.655003,5.01,1.0849,781,901,中
DO202607080048,2026-07-08,P022,四川舞东风超市连锁股份有限公司,R05,104.082047,30.660437,48.74,0.0337,875,995,高
DO202607080049,2026-07-08,P025,红旗超市(成都红旗商厦店),R05,104.072081,30.658735,33.49,0.4135,844,964,中
DO202607080050,2026-07-08,P025,红旗超市(成都红旗商厦店),R05,104.072081,30.658735,10.78,0.938,844,964,低
DO202607080051,2026-07-08,P026,友好多连锁超市(界牌店),R07,104.313922,30.880419,173.63,0.1104,692,812,低
DO202607080052,2026-07-08,P026,友好多连锁超市(界牌店),R07,104.313922,30.880419,28.42,0.2157,694,814,低
DO202607080053,2026-07-08,P026,友好多连锁超市(界牌店),R07,104.313922,30.880419,4.51,0.9314,700,820,中
DO202607080054,2026-07-08,P026,友好多连锁超市(界牌店),R07,104.313922,30.880419,80.61,0.3803,701,821,高
DO202607080055,2026-07-08,P027,大荣发连锁超市(和顺雅苑店),R07,104.253582,30.90011,0.97,0.1023,588,708,中
DO202607080056,2026-07-08,P028,永辉超市(天府欧城店),R07,104.256388,30.892152,19.52,0.2065,608,728,中
DO202607080057,2026-07-08,P029,永辉超市(青白江万达广场店),R07,104.253652,30.878095,3.39,0.2037,634,754,中
DO202607080058,2026-07-08,P029,永辉超市(青白江万达广场店),R07,104.253652,30.878095,153.63,0.0235,639,759,低
DO202607080059,2026-07-08,P030,润都连锁生活超市(正兴路店),R07,104.188354,30.87079,63.69,1.6067,520,640,高
DO202607080060,2026-07-08,P030,润都连锁生活超市(正兴路店),R07,104.188354,30.87079,76.13,0.0206,522,642,高
DO202607080061,2026-07-08,P030,润都连锁生活超市(正兴路店),R07,104.188354,30.87079,11.26,0.1824,524,644,低
DO202607080062,2026-07-08,P030,润都连锁生活超市(正兴路店),R07,104.188354,30.87079,87.69,0.8683,526,646,中
DO202607080063,2026-07-08,P030,润都连锁生活超市(正兴路店),R07,104.188354,30.87079,36.08,0.6585,529,649,低
DO202607080064,2026-07-08,P031,渝华连锁超市(学苑路店),R07,104.276426,30.875299,25.23,0.3428,867,987,中
DO202607080065,2026-07-08,P032,渝华连锁超市(绣川新城店),R07,104.330571,30.85576,8.9,0.0513,661,781,高
DO202607080066,2026-07-08,P033,红旗超市(团结花园店),R07,104.246885,30.877313,54.13,0.1658,796,916,低
DO202607080067,2026-07-08,P033,红旗超市(团结花园店),R07,104.246885,30.877313,9.79,0.2095,798,918,中
DO202607080068,2026-07-08,P035,红旗连锁(青白江同金街便利店),R07,104.244552,30.889503,24.25,0.1148,736,856,低
DO202607080069,2026-07-08,P036,红旗连锁(青白江城厢首府分场),R07,104.323054,30.860039,30.42,1.5946,530,650,低
DO202607080070,2026-07-08,P037,红旗连锁(青白江石家碾西路店),R07,104.253962,30.887052,87.52,0.2465,661,781,低
DO202607080071,2026-07-08,P038,青江一家超市,R07,104.284321,30.880989,54.04,0.6331,623,743,高
DO202607080072,2026-07-08,P038,青江一家超市,R07,104.284321,30.880989,40.58,0.962,631,751,高
DO202607080073,2026-07-08,P039,青江百货连锁超市,R07,104.269502,30.876837,53.68,0.2109,682,802,中
DO202607080074,2026-07-08,P039,青江百货连锁超市,R07,104.269502,30.876837,31.8,0.1179,683,803,高
DO202607080075,2026-07-08,P041,永辉超市(成都青羊中铁大道店),R02,103.961452,30.670211,5.1,0.5171,531,651,中
DO202607080076,2026-07-08,P041,永辉超市(成都青羊中铁大道店),R02,103.961452,30.670211,591.3,0.7689,534,654,低
DO202607080077,2026-07-08,P043,红旗超市(中同仁路分场),R02,104.052373,30.668819,30.5,0.3721,573,693,中
DO202607080078,2026-07-08,P044,邻你生活超市(大庆店),R02,104.032527,30.669557,4.59,0.325,896,1016,高
DO202607080079,2026-07-08,P044,邻你生活超市(大庆店),R02,104.032527,30.669557,279.69,0.2149,898,1018,中
DO202607080080,2026-07-08,P044,邻你生活超市(大庆店),R02,104.032527,30.669557,14.36,0.8862,900,1020,低
DO202607080081,2026-07-08,P044,邻你生活超市(大庆店),R02,104.032527,30.669557,7.26,0.2917,902,1022,中
DO202607080082,2026-07-08,P044,邻你生活超市(大庆店),R02,104.032527,30.669557,138.98,1.1334,904,1024,中
DO202607080083,2026-07-08,P044,邻你生活超市(大庆店),R02,104.032527,30.669557,24.62,0.3871,904,1024,中
DO202607080084,2026-07-08,P045,世纪红连锁超市,R08,104.208007,30.532247,146.44,0.5241,794,914,中
DO202607080085,2026-07-08,P045,世纪红连锁超市,R08,104.208007,30.532247,47.0,0.0703,800,920,低
DO202607080086,2026-07-08,P046,尚喜超市(锦绣路店),R08,104.308338,30.606726,10.8,1.0014,853,973,低
DO202607080087,2026-07-08,P046,尚喜超市(锦绣路店),R08,104.308338,30.606726,133.16,4.0208,853,973,低
DO202607080088,2026-07-08,P046,尚喜超市(锦绣路店),R08,104.308338,30.606726,90.56,0.1898,855,975,低
DO202607080089,2026-07-08,P046,尚喜超市(锦绣路店),R08,104.308338,30.606726,27.05,0.0146,855,975,低
DO202607080090,2026-07-08,P047,永辉超市(成都龙泉驿万达广场店),R08,104.269392,30.566865,21.47,0.7842,621,741,高
DO202607080091,2026-07-08,P047,永辉超市(成都龙泉驿万达广场店),R08,104.269392,30.566865,23.58,0.1438,627,747,中
DO202607080092,2026-07-08,P048,汇联美连锁超市(中街店),R08,104.27333,30.560098,9.36,0.1285,826,946,中
DO202607080093,2026-07-08,P049,百伦生活超市(龙泉店),R08,104.273346,30.559846,99.11,0.5229,659,779,中
DO202607090000,2026-07-09,P003,红旗连锁,R06,104.132763,30.627528,46.22,0.1121,690,810,中
DO202607090001,2026-07-09,P003,红旗连锁,R06,104.132763,30.627528,10.96,0.0532,692,812,高
DO202607090002,2026-07-09,P004,老蔡小卖部(水碾河路北社区三街店),R06,104.099234,30.648748,29.82,0.941,861,981,中
DO202607090003,2026-07-09,P004,老蔡小卖部(水碾河路北社区三街店),R06,104.099234,30.648748,6.99,1.1634,863,983,高
DO202607090004,2026-07-09,P004,老蔡小卖部(水碾河路北社区三街店),R06,104.099234,30.648748,11.05,0.144,864,984,低
DO202607090005,2026-07-09,P004,老蔡小卖部(水碾河路北社区三街店),R06,104.099234,30.648748,115.94,0.3502,865,985,高
DO202607090006,2026-07-09,P005,郝英超市,R06,104.129707,30.628761,3.78,0.2044,650,770,低
DO202607090007,2026-07-09,P007,永辉超市(成都市新城吾悦广场店),R03,103.988663,30.626255,10.9,0.4963,552,672,中
DO202607090008,2026-07-09,P008,永辉超市(银泰城店),R03,104.058121,30.541191,77.27,1.6098,698,818,中
DO202607090009,2026-07-09,P008,永辉超市(银泰城店),R03,104.058121,30.541191,873.82,1.1028,701,821,低
DO202607090010,2026-07-09,P009,永辉超市(龙湖成都金楠天街店),R03,103.995986,30.648731,57.25,0.5383,756,876,高
DO202607090011,2026-07-09,P009,永辉超市(龙湖成都金楠天街店),R03,103.995986,30.648731,192.85,0.0542,760,880,高
DO202607090012,2026-07-09,P009,永辉超市(龙湖成都金楠天街店),R03,103.995986,30.648731,13.05,1.1007,761,881,中
DO202607090013,2026-07-09,P009,永辉超市(龙湖成都金楠天街店),R03,103.995986,30.648731,26.65,0.1691,761,881,低
DO202607090014,2026-07-09,P010,百分百超市(心语店),R03,104.045915,30.545712,188.35,0.1646,656,776,低
DO202607090015,2026-07-09,P010,百分百超市(心语店),R03,104.045915,30.545712,34.82,0.6593,657,777,中
DO202607090016,2026-07-09,P010,百分百超市(心语店),R03,104.045915,30.545712,60.2,0.1869,657,777,中
DO202607090017,2026-07-09,P010,百分百超市(心语店),R03,104.045915,30.545712,20.12,1.4188,657,777,高
DO202607090018,2026-07-09,P010,百分百超市(心语店),R03,104.045915,30.545712,22.2,0.3275,660,780,中
DO202607090019,2026-07-09,P010,百分百超市(心语店),R03,104.045915,30.545712,2.45,17.7805,662,782,中
DO202607090020,2026-07-09,P010,百分百超市(心语店),R03,104.045915,30.545712,97.77,0.0656,664,784,中
DO202607090021,2026-07-09,P010,百分百超市(心语店),R03,104.045915,30.545712,25.69,1.5106,664,784,中
DO202607090022,2026-07-09,P011,永辉超市(成都市双铁广场店),R01,103.975737,30.758309,106.09,0.0388,695,815,高
DO202607090023,2026-07-09,P011,永辉超市(成都市双铁广场店),R01,103.975737,30.758309,25.89,0.7508,695,815,低
DO202607090024,2026-07-09,P011,永辉超市(成都市双铁广场店),R01,103.975737,30.758309,107.77,0.1396,697,817,中
DO202607090025,2026-07-09,P011,永辉超市(成都市双铁广场店),R01,103.975737,30.758309,13.62,0.961,701,821,中
DO202607090026,2026-07-09,P012,永辉超市(成都市蜀都万达广场店),R01,103.907862,30.807642,56.29,0.3183,593,713,中
DO202607090027,2026-07-09,P013,永辉超市(爱琴海购物中心店),R01,103.991901,30.737566,9.44,0.0269,878,998,高
DO202607090028,2026-07-09,P013,永辉超市(爱琴海购物中心店),R01,103.991901,30.737566,128.69,0.1183,879,999,高
DO202607090029,2026-07-09,P013,永辉超市(爱琴海购物中心店),R01,103.991901,30.737566,3.69,0.361,883,1003,低
DO202607090030,2026-07-09,P013,永辉超市(爱琴海购物中心店),R01,103.991901,30.737566,9.78,0.0333,884,1004,高
DO202607090031,2026-07-09,P014,永辉超市(龙湖成都时代天街店),R01,103.921214,30.750831,49.24,0.2656,654,774,中
DO202607090032,2026-07-09,P015,红旗超市(龙湖时代天街店),R01,103.919653,30.752444,34.22,0.3401,589,709,中
DO202607090033,2026-07-09,P015,红旗超市(龙湖时代天街店),R01,103.919653,30.752444,12.01,0.2309,595,715,中
DO202607090034,2026-07-09,P016,LAWSON罗森(枣子巷15号院店),R04,104.044885,30.667759,92.69,0.0535,612,732,低
DO202607090035,2026-07-09,P017,LAWSON罗森(龙湖成都上城天街店),R04,104.071944,30.68395,3.25,2.3009,606,726,低
DO202607090036,2026-07-09,P017,LAWSON罗森(龙湖成都上城天街店),R04,104.071944,30.68395,99.57,0.218,613,733,高
DO202607090037,2026-07-09,P018,乐多(成华西街一店),R04,104.071998,30.683402,3.22,1.5199,774,894,低
DO202607090038,2026-07-09,P019,奥特乐(成都龙湖上城天街店),R04,104.072004,30.684929,67.05,0.0503,686,806,中
DO202607090039,2026-07-09,P019,奥特乐(成都龙湖上城天街店),R04,104.072004,30.684929,55.85,0.1188,691,811,高
DO202607090040,2026-07-09,P019,奥特乐(成都龙湖上城天街店),R04,104.072004,30.684929,81.37,1.0456,692,812,高
DO202607090041,2026-07-09,P020,朴朴超市(西体路店),R04,104.061775,30.681195,12.43,0.2229,791,911,低
DO202607090042,2026-07-09,P020,朴朴超市(西体路店),R04,104.061775,30.681195,22.35,0.7906,796,916,中
DO202607090043,2026-07-09,P020,朴朴超市(西体路店),R04,104.061775,30.681195,69.87,0.4077,797,917,中
DO202607090044,2026-07-09,P021,Ole 精品超市(IFS国际金融中心店),R05,104.081893,30.655003,54.3,0.6643,790,910,低
DO202607090045,2026-07-09,P021,Ole 精品超市(IFS国际金融中心店),R05,104.081893,30.655003,87.55,0.0517,799,919,中
DO202607090046,2026-07-09,P021,Ole 精品超市(IFS国际金融中心店),R05,104.081893,30.655003,48.92,3.4218,800,920,低
DO202607090047,2026-07-09,P022,四川舞东风超市连锁股份有限公司,R05,104.082047,30.660437,36.61,0.1529,841,961,中
DO202607090048,2026-07-09,P023,永辉超市(文华广场店),R05,104.107695,30.637048,208.1,0.4424,740,860,高
DO202607090049,2026-07-09,P024,永辉超市(锦江城市花园店),R05,104.142752,30.595134,28.51,0.1312,741,861,中
DO202607090050,2026-07-09,P024,永辉超市(锦江城市花园店),R05,104.142752,30.595134,26.33,0.1923,742,862,中
DO202607090051,2026-07-09,P024,永辉超市(锦江城市花园店),R05,104.142752,30.595134,18.96,0.1726,743,863,中
DO202607090052,2026-07-09,P025,红旗超市(成都红旗商厦店),R05,104.072081,30.658735,27.31,0.5579,897,1017,高
DO202607090053,2026-07-09,P026,友好多连锁超市(界牌店),R07,104.313922,30.880419,42.77,1.9876,591,711,高
DO202607090054,2026-07-09,P027,大荣发连锁超市(和顺雅苑店),R07,104.253582,30.90011,55.81,0.1624,769,889,低
DO202607090055,2026-07-09,P027,大荣发连锁超市(和顺雅苑店),R07,104.253582,30.90011,9.71,0.8072,775,895,中
DO202607090056,2026-07-09,P028,永辉超市(天府欧城店),R07,104.256388,30.892152,5.04,0.0949,721,841,高
DO202607090057,2026-07-09,P029,永辉超市(青白江万达广场店),R07,104.253652,30.878095,214.75,0.0475,739,859,低
DO202607090058,2026-07-09,P032,渝华连锁超市(绣川新城店),R07,104.330571,30.85576,25.12,0.7758,831,951,中
DO202607090059,2026-07-09,P033,红旗超市(团结花园店),R07,104.246885,30.877313,656.11,0.0786,660,780,中
DO202607090060,2026-07-09,P033,红旗超市(团结花园店),R07,104.246885,30.877313,2454.26,0.0851,660,780,中
DO202607090061,2026-07-09,P033,红旗超市(团结花园店),R07,104.246885,30.877313,49.74,0.2774,661,781,高
DO202607090062,2026-07-09,P033,红旗超市(团结花园店),R07,104.246885,30.877313,53.86,0.6823,665,785,低
DO202607090063,2026-07-09,P033,红旗超市(团结花园店),R07,104.246885,30.877313,83.55,1.142,665,785,高
DO202607090064,2026-07-09,P033,红旗超市(团结花园店),R07,104.246885,30.877313,11.0,0.5044,665,785,中
DO202607090065,2026-07-09,P033,红旗超市(团结花园店),R07,104.246885,30.877313,224.18,0.725,666,786,低
DO202607090066,2026-07-09,P033,红旗超市(团结花园店),R07,104.246885,30.877313,4.45,0.1772,669,789,高
DO202607090067,2026-07-09,P034,红旗连锁(北城新界民族花园店),R07,104.201632,30.877318,224.71,3.4724,720,840,低
DO202607090068,2026-07-09,P034,红旗连锁(北城新界民族花园店),R07,104.201632,30.877318,29.36,0.4778,724,844,低
DO202607090069,2026-07-09,P034,红旗连锁(北城新界民族花园店),R07,104.201632,30.877318,40.64,1.8966,725,845,高
DO202607090070,2026-07-09,P034,红旗连锁(北城新界民族花园店),R07,104.201632,30.877318,700.77,0.0524,726,846,低
DO202607090071,2026-07-09,P034,红旗连锁(北城新界民族花园店),R07,104.201632,30.877318,1.16,0.3841,726,846,中
DO202607090072,2026-07-09,P035,红旗连锁(青白江同金街便利店),R07,104.244552,30.889503,74.81,0.5008,797,917,中
DO202607090073,2026-07-09,P035,红旗连锁(青白江同金街便利店),R07,104.244552,30.889503,92.81,1.1211,804,924,中
DO202607090074,2026-07-09,P037,红旗连锁(青白江石家碾西路店),R07,104.253962,30.887052,158.6,0.1949,895,1015,低
DO202607090075,2026-07-09,P037,红旗连锁(青白江石家碾西路店),R07,104.253962,30.887052,109.3,0.4216,897,1017,高
DO202607090076,2026-07-09,P038,青江一家超市,R07,104.284321,30.880989,6.49,0.4863,546,666,中
DO202607090077,2026-07-09,P038,青江一家超市,R07,104.284321,30.880989,91.36,0.1299,551,671,低
DO202607090078,2026-07-09,P038,青江一家超市,R07,104.284321,30.880989,39.55,0.3001,551,671,中
DO202607090079,2026-07-09,P039,青江百货连锁超市,R07,104.269502,30.876837,15.58,0.3356,762,882,低
DO202607090080,2026-07-09,P041,永辉超市(成都青羊中铁大道店),R02,103.961452,30.670211,34.17,0.3209,695,815,中
DO202607090081,2026-07-09,P041,永辉超市(成都青羊中铁大道店),R02,103.961452,30.670211,140.83,0.4377,701,821,高
DO202607090082,2026-07-09,P042,永辉超市(青羊新城市店),R02,104.057614,30.67321,403.61,0.0409,597,717,中
DO202607090083,2026-07-09,P042,永辉超市(青羊新城市店),R02,104.057614,30.67321,164.6,0.2699,598,718,低
DO202607090084,2026-07-09,P042,永辉超市(青羊新城市店),R02,104.057614,30.67321,11.86,1.1657,601,721,中
DO202607090085,2026-07-09,P042,永辉超市(青羊新城市店),R02,104.057614,30.67321,428.53,0.1347,604,724,高
DO202607090086,2026-07-09,P043,红旗超市(中同仁路分场),R02,104.052373,30.668819,51.56,0.1375,645,765,中
DO202607090087,2026-07-09,P043,红旗超市(中同仁路分场),R02,104.052373,30.668819,16.64,0.0904,649,769,中
DO202607090088,2026-07-09,P043,红旗超市(中同仁路分场),R02,104.052373,30.668819,35.27,0.1112,650,770,低
DO202607090089,2026-07-09,P043,红旗超市(中同仁路分场),R02,104.052373,30.668819,36.78,0.1668,650,770,中
DO202607090090,2026-07-09,P043,红旗超市(中同仁路分场),R02,104.052373,30.668819,55.49,0.2968,650,770,中
DO202607090091,2026-07-09,P044,邻你生活超市(大庆店),R02,104.032527,30.669557,41.38,0.5974,617,737,低
DO202607090092,2026-07-09,P044,邻你生活超市(大庆店),R02,104.032527,30.669557,40.24,0.1082,623,743,低
DO202607090093,2026-07-09,P045,世纪红连锁超市,R08,104.208007,30.532247,23.52,0.5473,576,696,高
DO202607090094,2026-07-09,P046,尚喜超市(锦绣路店),R08,104.308338,30.606726,9.05,1.9014,730,850,低
DO202607090095,2026-07-09,P047,永辉超市(成都龙泉驿万达广场店),R08,104.269392,30.566865,99.44,0.2429,619,739,中
DO202607090096,2026-07-09,P047,永辉超市(成都龙泉驿万达广场店),R08,104.269392,30.566865,738.0,0.7458,619,739,高
DO202607090097,2026-07-09,P047,永辉超市(成都龙泉驿万达广场店),R08,104.269392,30.566865,38.56,2.155,620,740,中
DO202607090098,2026-07-09,P047,永辉超市(成都龙泉驿万达广场店),R08,104.269392,30.566865,18.09,0.8961,628,748,高
DO202607090099,2026-07-09,P047,永辉超市(成都龙泉驿万达广场店),R08,104.269392,30.566865,36.79,0.0223,628,748,高
DO202607090100,2026-07-09,P048,汇联美连锁超市(中街店),R08,104.27333,30.560098,14.59,0.0637,585,705,中
DO202607090101,2026-07-09,P048,汇联美连锁超市(中街店),R08,104.27333,30.560098,15.81,0.0886,590,710,中
DO202607090102,2026-07-09,P049,百伦生活超市(龙泉店),R08,104.273346,30.559846,18.9,0.1398,842,962,低
DO202607090103,2026-07-09,P049,百伦生活超市(龙泉店),R08,104.273346,30.559846,14.91,0.1028,842,962,高
DO202607100000,2026-07-10,P002,十二超市(佳年华广场1期店),R06,104.131787,30.627615,30.91,0.0934,588,708,中
DO202607100001,2026-07-10,P002,十二超市(佳年华广场1期店),R06,104.131787,30.627615,17.26,1.0778,590,710,低
DO202607100002,2026-07-10,P002,十二超市(佳年华广场1期店),R06,104.131787,30.627615,2.64,3.0247,591,711,低
DO202607100003,2026-07-10,P003,红旗连锁,R06,104.132763,30.627528,51.52,0.1633,546,666,中
DO202607100004,2026-07-10,P004,老蔡小卖部(水碾河路北社区三街店),R06,104.099234,30.648748,15.35,0.4985,748,868,高
DO202607100005,2026-07-10,P004,老蔡小卖部(水碾河路北社区三街店),R06,104.099234,30.648748,21.42,0.199,749,869,高
DO202607100006,2026-07-10,P004,老蔡小卖部(水碾河路北社区三街店),R06,104.099234,30.648748,100.88,0.1421,753,873,低
DO202607100007,2026-07-10,P005,郝英超市,R06,104.129707,30.628761,81.49,0.1681,815,935,低
DO202607100008,2026-07-10,P005,郝英超市,R06,104.129707,30.628761,39.58,0.7331,816,936,中
DO202607100009,2026-07-10,P005,郝英超市,R06,104.129707,30.628761,44.78,0.085,816,936,高
DO202607100010,2026-07-10,P006,全家便利店(龙江路店),R03,104.077199,30.641639,0.67,1.3206,756,876,低
DO202607100011,2026-07-10,P006,全家便利店(龙江路店),R03,104.077199,30.641639,125.96,0.2748,757,877,低
DO202607100012,2026-07-10,P006,全家便利店(龙江路店),R03,104.077199,30.641639,9.92,0.1596,758,878,高
DO202607100013,2026-07-10,P007,永辉超市(成都市新城吾悦广场店),R03,103.988663,30.626255,127.51,0.2016,685,805,高
DO202607100014,2026-07-10,P008,永辉超市(银泰城店),R03,104.058121,30.541191,14.97,0.0392,718,838,高
DO202607100015,2026-07-10,P009,永辉超市(龙湖成都金楠天街店),R03,103.995986,30.648731,6.87,0.1161,712,832,高
DO202607100016,2026-07-10,P010,百分百超市(心语店),R03,104.045915,30.545712,45.27,0.4985,713,833,高
DO202607100017,2026-07-10,P010,百分百超市(心语店),R03,104.045915,30.545712,38.02,0.2357,718,838,中
DO202607100018,2026-07-10,P011,永辉超市(成都市双铁广场店),R01,103.975737,30.758309,86.8,0.0297,710,830,高
DO202607100019,2026-07-10,P011,永辉超市(成都市双铁广场店),R01,103.975737,30.758309,15.86,0.0337,714,834,高
DO202607100020,2026-07-10,P011,永辉超市(成都市双铁广场店),R01,103.975737,30.758309,25.93,0.1028,719,839,低
DO202607100021,2026-07-10,P011,永辉超市(成都市双铁广场店),R01,103.975737,30.758309,18.27,0.4118,719,839,低
DO202607100022,2026-07-10,P011,永辉超市(成都市双铁广场店),R01,103.975737,30.758309,12.15,0.314,719,839,高
DO202607100023,2026-07-10,P012,永辉超市(成都市蜀都万达广场店),R01,103.907862,30.807642,1464.78,0.1357,786,906,中
DO202607100024,2026-07-10,P012,永辉超市(成都市蜀都万达广场店),R01,103.907862,30.807642,83.18,0.1292,794,914,中
DO202607100025,2026-07-10,P014,永辉超市(龙湖成都时代天街店),R01,103.921214,30.750831,55.24,10.6756,670,790,高
DO202607100026,2026-07-10,P014,永辉超市(龙湖成都时代天街店),R01,103.921214,30.750831,36.88,0.047,670,790,中
DO202607100027,2026-07-10,P014,永辉超市(龙湖成都时代天街店),R01,103.921214,30.750831,75.13,0.4426,670,790,高
DO202607100028,2026-07-10,P014,永辉超市(龙湖成都时代天街店),R01,103.921214,30.750831,8.53,0.627,674,794,中
DO202607100029,2026-07-10,P015,红旗超市(龙湖时代天街店),R01,103.919653,30.752444,6.33,0.0356,758,878,中
DO202607100030,2026-07-10,P015,红旗超市(龙湖时代天街店),R01,103.919653,30.752444,462.75,0.3871,763,883,低
DO202607100031,2026-07-10,P015,红旗超市(龙湖时代天街店),R01,103.919653,30.752444,13.47,1.3577,764,884,高
DO202607100032,2026-07-10,P016,LAWSON罗森(枣子巷15号院店),R04,104.044885,30.667759,92.14,0.4829,907,1027,高
DO202607100033,2026-07-10,P017,LAWSON罗森(龙湖成都上城天街店),R04,104.071944,30.68395,25.7,0.1368,676,796,低
DO202607100034,2026-07-10,P018,乐多(成华西街一店),R04,104.071998,30.683402,29.97,1.7523,663,783,低
DO202607100035,2026-07-10,P019,奥特乐(成都龙湖上城天街店),R04,104.072004,30.684929,4.45,0.3141,768,888,低
DO202607100036,2026-07-10,P019,奥特乐(成都龙湖上城天街店),R04,104.072004,30.684929,11.16,0.0888,772,892,低
DO202607100037,2026-07-10,P020,朴朴超市(西体路店),R04,104.061775,30.681195,52.44,0.0324,670,790,中
DO202607100038,2026-07-10,P020,朴朴超市(西体路店),R04,104.061775,30.681195,71.61,0.0373,671,791,低
DO202607100039,2026-07-10,P020,朴朴超市(西体路店),R04,104.061775,30.681195,36.74,0.0067,671,791,高
DO202607100040,2026-07-10,P021,Ole 精品超市(IFS国际金融中心店),R05,104.081893,30.655003,3.38,0.4288,774,894,高
DO202607100041,2026-07-10,P021,Ole 精品超市(IFS国际金融中心店),R05,104.081893,30.655003,7.74,0.8508,778,898,低
DO202607100042,2026-07-10,P021,Ole 精品超市(IFS国际金融中心店),R05,104.081893,30.655003,23.82,0.1412,778,898,低
DO202607100043,2026-07-10,P022,四川舞东风超市连锁股份有限公司,R05,104.082047,30.660437,475.41,1.192,865,985,中
DO202607100044,2026-07-10,P023,永辉超市(文华广场店),R05,104.107695,30.637048,42.38,0.8326,589,709,中
DO202607100045,2026-07-10,P023,永辉超市(文华广场店),R05,104.107695,30.637048,21.58,0.0577,591,711,中
DO202607100046,2026-07-10,P023,永辉超市(文华广场店),R05,104.107695,30.637048,16.17,0.4056,595,715,低
DO202607100047,2026-07-10,P024,永辉超市(锦江城市花园店),R05,104.142752,30.595134,6.92,0.8846,873,993,中
DO202607100048,2026-07-10,P024,永辉超市(锦江城市花园店),R05,104.142752,30.595134,23.55,0.0352,875,995,中
DO202607100049,2026-07-10,P024,永辉超市(锦江城市花园店),R05,104.142752,30.595134,83.23,0.1462,876,996,中
DO202607100050,2026-07-10,P025,红旗超市(成都红旗商厦店),R05,104.072081,30.658735,173.18,1.0556,848,968,高
DO202607100051,2026-07-10,P025,红旗超市(成都红旗商厦店),R05,104.072081,30.658735,37.39,0.1482,848,968,中
DO202607100052,2026-07-10,P025,红旗超市(成都红旗商厦店),R05,104.072081,30.658735,108.03,0.0197,849,969,高
DO202607100053,2026-07-10,P026,友好多连锁超市(界牌店),R07,104.313922,30.880419,79.5,0.7864,871,991,中
DO202607100054,2026-07-10,P027,大荣发连锁超市(和顺雅苑店),R07,104.253582,30.90011,43.88,0.1753,771,891,中
DO202607100055,2026-07-10,P027,大荣发连锁超市(和顺雅苑店),R07,104.253582,30.90011,21.9,2.5168,772,892,中
DO202607100056,2026-07-10,P028,永辉超市(天府欧城店),R07,104.256388,30.892152,19.08,0.1205,844,964,高
DO202607100057,2026-07-10,P029,永辉超市(青白江万达广场店),R07,104.253652,30.878095,75.46,0.051,516,636,高
DO202607100058,2026-07-10,P029,永辉超市(青白江万达广场店),R07,104.253652,30.878095,139.6,0.2058,524,644,高
DO202607100059,2026-07-10,P030,润都连锁生活超市(正兴路店),R07,104.188354,30.87079,4.6,0.7392,518,638,高
DO202607100060,2026-07-10,P030,润都连锁生活超市(正兴路店),R07,104.188354,30.87079,14.1,0.1214,522,642,中
DO202607100061,2026-07-10,P030,润都连锁生活超市(正兴路店),R07,104.188354,30.87079,23.49,0.6526,522,642,中
DO202607100062,2026-07-10,P030,润都连锁生活超市(正兴路店),R07,104.188354,30.87079,57.66,1.1161,525,645,低
DO202607100063,2026-07-10,P030,润都连锁生活超市(正兴路店),R07,104.188354,30.87079,43.63,1.363,527,647,中
DO202607100064,2026-07-10,P030,润都连锁生活超市(正兴路店),R07,104.188354,30.87079,95.23,0.498,527,647,高
DO202607100065,2026-07-10,P031,渝华连锁超市(学苑路店),R07,104.276426,30.875299,5.79,0.0372,524,644,中
DO202607100066,2026-07-10,P031,渝华连锁超市(学苑路店),R07,104.276426,30.875299,6.13,0.4168,527,647,高
DO202607100067,2026-07-10,P031,渝华连锁超市(学苑路店),R07,104.276426,30.875299,291.32,0.0891,530,650,低
DO202607100068,2026-07-10,P032,渝华连锁超市(绣川新城店),R07,104.330571,30.85576,16.78,0.1711,521,641,高
DO202607100069,2026-07-10,P033,红旗超市(团结花园店),R07,104.246885,30.877313,94.87,0.5838,784,904,低
DO202607100070,2026-07-10,P034,红旗连锁(北城新界民族花园店),R07,104.201632,30.877318,74.85,0.2421,819,939,中
DO202607100071,2026-07-10,P035,红旗连锁(青白江同金街便利店),R07,104.244552,30.889503,22.51,0.0079,810,930,低
DO202607100072,2026-07-10,P036,红旗连锁(青白江城厢首府分场),R07,104.323054,30.860039,146.7,0.1067,620,740,中
DO202607100073,2026-07-10,P036,红旗连锁(青白江城厢首府分场),R07,104.323054,30.860039,87.76,0.1241,623,743,中
DO202607100074,2026-07-10,P037,红旗连锁(青白江石家碾西路店),R07,104.253962,30.887052,23.18,0.0899,880,1000,高
DO202607100075,2026-07-10,P038,青江一家超市,R07,104.284321,30.880989,52.17,0.534,756,876,中
DO202607100076,2026-07-10,P039,青江百货连锁超市,R07,104.269502,30.876837,13.61,1.362,522,642,中
DO202607100077,2026-07-10,P040,上蔬永辉超市(西单商场店),R02,104.000521,30.674866,17.7,0.1153,526,646,中
DO202607100078,2026-07-10,P040,上蔬永辉超市(西单商场店),R02,104.000521,30.674866,3.28,0.3851,534,654,低
DO202607100079,2026-07-10,P041,永辉超市(成都青羊中铁大道店),R02,103.961452,30.670211,20.69,0.0337,572,692,低
DO202607100080,2026-07-10,P041,永辉超市(成都青羊中铁大道店),R02,103.961452,30.670211,47.82,0.2985,573,693,中
DO202607100081,2026-07-10,P041,永辉超市(成都青羊中铁大道店),R02,103.961452,30.670211,137.35,0.5801,574,694,低
DO202607100082,2026-07-10,P041,永辉超市(成都青羊中铁大道店),R02,103.961452,30.670211,73.48,2.8512,574,694,高
DO202607100083,2026-07-10,P041,永辉超市(成都青羊中铁大道店),R02,103.961452,30.670211,39.06,1.9467,575,695,高
DO202607100084,2026-07-10,P042,永辉超市(青羊新城市店),R02,104.057614,30.67321,235.67,1.2997,562,682,中
DO202607100085,2026-07-10,P042,永辉超市(青羊新城市店),R02,104.057614,30.67321,54.73,0.0388,569,689,中
DO202607100086,2026-07-10,P043,红旗超市(中同仁路分场),R02,104.052373,30.668819,147.33,0.0547,716,836,中
DO202607100087,2026-07-10,P043,红旗超市(中同仁路分场),R02,104.052373,30.668819,11.59,0.1796,719,839,中
DO202607100088,2026-07-10,P043,红旗超市(中同仁路分场),R02,104.052373,30.668819,32.29,0.2954,720,840,中
DO202607100089,2026-07-10,P043,红旗超市(中同仁路分场),R02,104.052373,30.668819,84.19,0.0231,722,842,低
DO202607100090,2026-07-10,P043,红旗超市(中同仁路分场),R02,104.052373,30.668819,55.28,1.6613,726,846,高
DO202607100091,2026-07-10,P044,邻你生活超市(大庆店),R02,104.032527,30.669557,7.5,0.2415,701,821,中
DO202607100092,2026-07-10,P046,尚喜超市(锦绣路店),R08,104.308338,30.606726,35.36,0.671,751,871,中
DO202607100093,2026-07-10,P046,尚喜超市(锦绣路店),R08,104.308338,30.606726,31.24,0.1061,753,873,低
DO202607100094,2026-07-10,P046,尚喜超市(锦绣路店),R08,104.308338,30.606726,142.1,0.0631,756,876,高
DO202607100095,2026-07-10,P047,永辉超市(成都龙泉驿万达广场店),R08,104.269392,30.566865,115.17,0.2271,532,652,低
DO202607100096,2026-07-10,P047,永辉超市(成都龙泉驿万达广场店),R08,104.269392,30.566865,106.34,0.9958,532,652,低
DO202607100097,2026-07-10,P047,永辉超市(成都龙泉驿万达广场店),R08,104.269392,30.566865,126.31,0.2007,533,653,低
DO202607100098,2026-07-10,P047,永辉超市(成都龙泉驿万达广场店),R08,104.269392,30.566865,92.96,0.0874,535,655,中
DO202607100099,2026-07-10,P047,永辉超市(成都龙泉驿万达广场店),R08,104.269392,30.566865,15.08,1.2122,537,657,中
DO202607100100,2026-07-10,P048,汇联美连锁超市(中街店),R08,104.27333,30.560098,42.73,0.0161,682,802,中
DO202607100101,2026-07-10,P048,汇联美连锁超市(中街店),R08,104.27333,30.560098,10.22,0.2582,683,803,中
DO202607100102,2026-07-10,P048,汇联美连锁超市(中街店),R08,104.27333,30.560098,21.2,0.1797,685,805,低
DO202607100103,2026-07-10,P048,汇联美连锁超市(中街店),R08,104.27333,30.560098,17.65,1.2431,686,806,中
DO202607100104,2026-07-10,P048,汇联美连锁超市(中街店),R08,104.27333,30.560098,16.9,0.3231,690,810,高
DO202607100105,2026-07-10,P049,百伦生活超市(龙泉店),R08,104.273346,30.559846,21.65,0.6711,741,861,低
DO202607100106,2026-07-10,P049,百伦生活超市(龙泉店),R08,104.273346,30.559846,34.18,0.5115,743,863,低
DO202607110000,2026-07-11,P001,689便民(荣盛·香榭兰庭店),R06,104.135375,30.623625,55.52,0.2094,818,938,高
DO202607110001,2026-07-11,P001,689便民(荣盛·香榭兰庭店),R06,104.135375,30.623625,23.75,0.1361,824,944,中
DO202607110002,2026-07-11,P001,689便民(荣盛·香榭兰庭店),R06,104.135375,30.623625,67.8,2.219,825,945,中
DO202607110003,2026-07-11,P002,十二超市(佳年华广场1期店),R06,104.131787,30.627615,21.77,0.4001,808,928,中
DO202607110004,2026-07-11,P002,十二超市(佳年华广场1期店),R06,104.131787,30.627615,63.11,1.6291,811,931,中
DO202607110005,2026-07-11,P002,十二超市(佳年华广场1期店),R06,104.131787,30.627615,22.03,0.1777,814,934,中
DO202607110006,2026-07-11,P003,红旗连锁,R06,104.132763,30.627528,8.53,0.2049,596,716,高
DO202607110007,2026-07-11,P003,红旗连锁,R06,104.132763,30.627528,19.36,1.8128,600,720,低
DO202607110008,2026-07-11,P003,红旗连锁,R06,104.132763,30.627528,10.69,2.7484,601,721,低
DO202607110009,2026-07-11,P003,红旗连锁,R06,104.132763,30.627528,149.43,0.3067,604,724,低
DO202607110010,2026-07-11,P004,老蔡小卖部(水碾河路北社区三街店),R06,104.099234,30.648748,9.91,2.1621,845,965,高
DO202607110011,2026-07-11,P004,老蔡小卖部(水碾河路北社区三街店),R06,104.099234,30.648748,0.2,0.2664,846,966,低
DO202607110012,2026-07-11,P005,郝英超市,R06,104.129707,30.628761,184.49,0.6188,765,885,中
DO202607110013,2026-07-11,P005,郝英超市,R06,104.129707,30.628761,28.11,0.4739,766,886,中
DO202607110014,2026-07-11,P005,郝英超市,R06,104.129707,30.628761,35.35,0.0489,766,886,高
DO202607110015,2026-07-11,P005,郝英超市,R06,104.129707,30.628761,79.26,0.9192,772,892,中
DO202607110016,2026-07-11,P007,永辉超市(成都市新城吾悦广场店),R03,103.988663,30.626255,12.25,0.5777,851,971,中
DO202607110017,2026-07-11,P008,永辉超市(银泰城店),R03,104.058121,30.541191,3.98,0.6616,752,872,中
DO202607110018,2026-07-11,P008,永辉超市(银泰城店),R03,104.058121,30.541191,8.67,0.6946,755,875,低
DO202607110019,2026-07-11,P009,永辉超市(龙湖成都金楠天街店),R03,103.995986,30.648731,29.87,0.1651,694,814,低
DO202607110020,2026-07-11,P009,永辉超市(龙湖成都金楠天街店),R03,103.995986,30.648731,39.77,0.232,699,819,高
DO202607110021,2026-07-11,P009,永辉超市(龙湖成都金楠天街店),R03,103.995986,30.648731,13.18,0.4462,700,820,中
DO202607110022,2026-07-11,P010,百分百超市(心语店),R03,104.045915,30.545712,23.76,0.1973,758,878,高
DO202607110023,2026-07-11,P010,百分百超市(心语店),R03,104.045915,30.545712,124.68,0.026,760,880,中
DO202607110024,2026-07-11,P010,百分百超市(心语店),R03,104.045915,30.545712,61.14,0.562,760,880,高
DO202607110025,2026-07-11,P010,百分百超市(心语店),R03,104.045915,30.545712,33.85,0.0477,764,884,高
DO202607110026,2026-07-11,P010,百分百超市(心语店),R03,104.045915,30.545712,57.71,0.0717,764,884,高
DO202607110027,2026-07-11,P010,百分百超市(心语店),R03,104.045915,30.545712,37.17,0.1101,768,888,低
DO202607110028,2026-07-11,P011,永辉超市(成都市双铁广场店),R01,103.975737,30.758309,53.19,0.3814,874,994,高
DO202607110029,2026-07-11,P011,永辉超市(成都市双铁广场店),R01,103.975737,30.758309,66.51,0.1232,876,996,低
DO202607110030,2026-07-11,P011,永辉超市(成都市双铁广场店),R01,103.975737,30.758309,13.57,1.028,877,997,高
DO202607110031,2026-07-11,P011,永辉超市(成都市双铁广场店),R01,103.975737,30.758309,48.0,0.0164,884,1004,低
DO202607110032,2026-07-11,P012,永辉超市(成都市蜀都万达广场店),R01,103.907862,30.807642,78.47,0.6262,833,953,中
DO202607110033,2026-07-11,P012,永辉超市(成都市蜀都万达广场店),R01,103.907862,30.807642,76.99,0.2919,839,959,中
DO202607110034,2026-07-11,P013,永辉超市(爱琴海购物中心店),R01,103.991901,30.737566,39.41,0.2442,714,834,高
DO202607110035,2026-07-11,P013,永辉超市(爱琴海购物中心店),R01,103.991901,30.737566,86.05,0.5512,721,841,高
DO202607110036,2026-07-11,P014,永辉超市(龙湖成都时代天街店),R01,103.921214,30.750831,25.01,1.8337,659,779,中
DO202607110037,2026-07-11,P014,永辉超市(龙湖成都时代天街店),R01,103.921214,30.750831,181.08,0.6994,662,782,低
DO202607110038,2026-07-11,P014,永辉超市(龙湖成都时代天街店),R01,103.921214,30.750831,24.22,2.7229,664,784,中
DO202607110039,2026-07-11,P016,LAWSON罗森(枣子巷15号院店),R04,104.044885,30.667759,8.7,0.634,542,662,中
DO202607110040,2026-07-11,P017,LAWSON罗森(龙湖成都上城天街店),R04,104.071944,30.68395,24.31,0.0324,583,703,中
DO202607110041,2026-07-11,P018,乐多(成华西街一店),R04,104.071998,30.683402,23.96,1.0284,797,917,中
DO202607110042,2026-07-11,P018,乐多(成华西街一店),R04,104.071998,30.683402,148.83,0.588,800,920,高
DO202607110043,2026-07-11,P018,乐多(成华西街一店),R04,104.071998,30.683402,32.99,0.0725,806,926,低
DO202607110044,2026-07-11,P021,Ole 精品超市(IFS国际金融中心店),R05,104.081893,30.655003,19.68,0.0521,766,886,中
DO202607110045,2026-07-11,P022,四川舞东风超市连锁股份有限公司,R05,104.082047,30.660437,22.24,0.4547,875,995,低
DO202607110046,2026-07-11,P022,四川舞东风超市连锁股份有限公司,R05,104.082047,30.660437,186.23,0.1675,876,996,中
DO202607110047,2026-07-11,P024,永辉超市(锦江城市花园店),R05,104.142752,30.595134,49.46,0.1934,817,937,低
DO202607110048,2026-07-11,P024,永辉超市(锦江城市花园店),R05,104.142752,30.595134,5.24,0.5109,818,938,低
DO202607110049,2026-07-11,P024,永辉超市(锦江城市花园店),R05,104.142752,30.595134,22.36,0.0957,823,943,高
DO202607110050,2026-07-11,P024,永辉超市(锦江城市花园店),R05,104.142752,30.595134,24.62,0.1086,825,945,中
DO202607110051,2026-07-11,P025,红旗超市(成都红旗商厦店),R05,104.072081,30.658735,35.43,0.2833,775,895,高
DO202607110052,2026-07-11,P026,友好多连锁超市(界牌店),R07,104.313922,30.880419,7.54,0.4035,892,1012,中
DO202607110053,2026-07-11,P026,友好多连锁超市(界牌店),R07,104.313922,30.880419,79.45,0.1413,896,1016,低
DO202607110054,2026-07-11,P026,友好多连锁超市(界牌店),R07,104.313922,30.880419,146.31,0.8527,897,1017,中
DO202607110055,2026-07-11,P027,大荣发连锁超市(和顺雅苑店),R07,104.253582,30.90011,167.81,0.0948,834,954,中
DO202607110056,2026-07-11,P027,大荣发连锁超市(和顺雅苑店),R07,104.253582,30.90011,34.67,7.4945,841,961,中
DO202607110057,2026-07-11,P027,大荣发连锁超市(和顺雅苑店),R07,104.253582,30.90011,25.18,0.1025,841,961,高
DO202607110058,2026-07-11,P028,永辉超市(天府欧城店),R07,104.256388,30.892152,5.2,0.0222,869,989,中
DO202607110059,2026-07-11,P028,永辉超市(天府欧城店),R07,104.256388,30.892152,78.58,0.0853,875,995,中
DO202607110060,2026-07-11,P028,永辉超市(天府欧城店),R07,104.256388,30.892152,45.02,0.2656,876,996,低
DO202607110061,2026-07-11,P029,永辉超市(青白江万达广场店),R07,104.253652,30.878095,27.03,0.4355,550,670,低
DO202607110062,2026-07-11,P029,永辉超市(青白江万达广场店),R07,104.253652,30.878095,1.91,0.0937,551,671,中
DO202607110063,2026-07-11,P029,永辉超市(青白江万达广场店),R07,104.253652,30.878095,19.42,0.4443,553,673,低
DO202607110064,2026-07-11,P029,永辉超市(青白江万达广场店),R07,104.253652,30.878095,119.11,0.0427,558,678,低
DO202607110065,2026-07-11,P030,润都连锁生活超市(正兴路店),R07,104.188354,30.87079,132.36,0.5777,867,987,高
DO202607110066,2026-07-11,P030,润都连锁生活超市(正兴路店),R07,104.188354,30.87079,578.11,0.3829,875,995,高
DO202607110067,2026-07-11,P031,渝华连锁超市(学苑路店),R07,104.276426,30.875299,3110.58,0.3464,733,853,高
DO202607110068,2026-07-11,P031,渝华连锁超市(学苑路店),R07,104.276426,30.875299,34.38,1.7056,736,856,低
DO202607110069,2026-07-11,P032,渝华连锁超市(绣川新城店),R07,104.330571,30.85576,66.14,0.2943,544,664,低
DO202607110070,2026-07-11,P033,红旗超市(团结花园店),R07,104.246885,30.877313,46.95,0.2687,544,664,中
DO202607110071,2026-07-11,P033,红旗超市(团结花园店),R07,104.246885,30.877313,189.78,0.1521,548,668,高
DO202607110072,2026-07-11,P034,红旗连锁(北城新界民族花园店),R07,104.201632,30.877318,29.37,0.116,693,813,高
DO202607110073,2026-07-11,P037,红旗连锁(青白江石家碾西路店),R07,104.253962,30.887052,203.22,0.0181,555,675,中
DO202607110074,2026-07-11,P038,青江一家超市,R07,104.284321,30.880989,16.6,0.1505,876,996,低
DO202607110075,2026-07-11,P038,青江一家超市,R07,104.284321,30.880989,54.64,3.9348,886,1006,中
DO202607110076,2026-07-11,P041,永辉超市(成都青羊中铁大道店),R02,103.961452,30.670211,152.51,0.1161,707,827,中
DO202607110077,2026-07-11,P041,永辉超市(成都青羊中铁大道店),R02,103.961452,30.670211,30.3,0.193,713,833,高
DO202607110078,2026-07-11,P042,永辉超市(青羊新城市店),R02,104.057614,30.67321,29.68,0.0841,543,663,中
DO202607110079,2026-07-11,P042,永辉超市(青羊新城市店),R02,104.057614,30.67321,10.09,0.2078,551,671,中
DO202607110080,2026-07-11,P043,红旗超市(中同仁路分场),R02,104.052373,30.668819,16.75,0.0457,843,963,中
DO202607110081,2026-07-11,P043,红旗超市(中同仁路分场),R02,104.052373,30.668819,72.31,0.7745,844,964,低
DO202607110082,2026-07-11,P043,红旗超市(中同仁路分场),R02,104.052373,30.668819,11.37,0.418,845,965,中
DO202607110083,2026-07-11,P043,红旗超市(中同仁路分场),R02,104.052373,30.668819,26.8,0.0761,846,966,高
DO202607110084,2026-07-11,P044,邻你生活超市(大庆店),R02,104.032527,30.669557,8.86,0.1153,687,807,高
DO202607110085,2026-07-11,P045,世纪红连锁超市,R08,104.208007,30.532247,95.06,1.3935,898,1018,高
DO202607110086,2026-07-11,P046,尚喜超市(锦绣路店),R08,104.308338,30.606726,54.65,0.1594,840,960,中
DO202607110087,2026-07-11,P046,尚喜超市(锦绣路店),R08,104.308338,30.606726,68.83,1.0608,845,965,中
DO202607110088,2026-07-11,P046,尚喜超市(锦绣路店),R08,104.308338,30.606726,5.26,1.2129,847,967,中
DO202607110089,2026-07-11,P046,尚喜超市(锦绣路店),R08,104.308338,30.606726,57.25,0.3437,848,968,低
DO202607110090,2026-07-11,P047,永辉超市(成都龙泉驿万达广场店),R08,104.269392,30.566865,26.47,0.7152,826,946,低
DO202607110091,2026-07-11,P048,汇联美连锁超市(中街店),R08,104.27333,30.560098,32.82,0.3063,729,849,高
DO202607110092,2026-07-11,P048,汇联美连锁超市(中街店),R08,104.27333,30.560098,21.77,0.8018,730,850,中
DO202607110093,2026-07-11,P048,汇联美连锁超市(中街店),R08,104.27333,30.560098,306.94,0.3577,734,854,中
DO202607110094,2026-07-11,P049,百伦生活超市(龙泉店),R08,104.273346,30.559846,189.16,0.1564,781,901,中
DO202607120000,2026-07-12,P002,十二超市(佳年华广场1期店),R06,104.131787,30.627615,6.73,0.2175,722,842,中
DO202607120001,2026-07-12,P003,红旗连锁,R06,104.132763,30.627528,28.15,0.1975,885,1005,中
DO202607120002,2026-07-12,P004,老蔡小卖部(水碾河路北社区三街店),R06,104.099234,30.648748,31.12,0.0411,691,811,中
DO202607120003,2026-07-12,P004,老蔡小卖部(水碾河路北社区三街店),R06,104.099234,30.648748,55.43,0.2474,692,812,低
DO202607120004,2026-07-12,P004,老蔡小卖部(水碾河路北社区三街店),R06,104.099234,30.648748,13.45,0.2973,699,819,低
DO202607120005,2026-07-12,P004,老蔡小卖部(水碾河路北社区三街店),R06,104.099234,30.648748,53.92,0.4643,699,819,中
DO202607120006,2026-07-12,P004,老蔡小卖部(水碾河路北社区三街店),R06,104.099234,30.648748,19.47,0.345,699,819,中
DO202607120007,2026-07-12,P005,郝英超市,R06,104.129707,30.628761,1578.18,3.4659,553,673,中
DO202607120008,2026-07-12,P007,永辉超市(成都市新城吾悦广场店),R03,103.988663,30.626255,3.26,0.2367,625,745,中
DO202607120009,2026-07-12,P008,永辉超市(银泰城店),R03,104.058121,30.541191,25.42,0.7476,637,757,低
DO202607120010,2026-07-12,P009,永辉超市(龙湖成都金楠天街店),R03,103.995986,30.648731,11.79,0.1833,563,683,低
DO202607120011,2026-07-12,P009,永辉超市(龙湖成都金楠天街店),R03,103.995986,30.648731,7.47,0.1288,564,684,高
DO202607120012,2026-07-12,P011,永辉超市(成都市双铁广场店),R01,103.975737,30.758309,11.21,0.1838,794,914,中
DO202607120013,2026-07-12,P011,永辉超市(成都市双铁广场店),R01,103.975737,30.758309,9.9,0.2914,797,917,中
DO202607120014,2026-07-12,P012,永辉超市(成都市蜀都万达广场店),R01,103.907862,30.807642,38.26,0.6122,767,887,高
DO202607120015,2026-07-12,P012,永辉超市(成都市蜀都万达广场店),R01,103.907862,30.807642,13.25,2.4814,771,891,高
DO202607120016,2026-07-12,P012,永辉超市(成都市蜀都万达广场店),R01,103.907862,30.807642,367.54,2.501,772,892,低
DO202607120017,2026-07-12,P012,永辉超市(成都市蜀都万达广场店),R01,103.907862,30.807642,13.97,0.32,774,894,中
DO202607120018,2026-07-12,P013,永辉超市(爱琴海购物中心店),R01,103.991901,30.737566,288.33,0.8039,693,813,中
DO202607120019,2026-07-12,P014,永辉超市(龙湖成都时代天街店),R01,103.921214,30.750831,493.29,12.2539,558,678,中
DO202607120020,2026-07-12,P014,永辉超市(龙湖成都时代天街店),R01,103.921214,30.750831,148.83,0.7617,567,687,中
DO202607120021,2026-07-12,P014,永辉超市(龙湖成都时代天街店),R01,103.921214,30.750831,108.0,0.0148,567,687,中
DO202607120022,2026-07-12,P015,红旗超市(龙湖时代天街店),R01,103.919653,30.752444,8.67,0.109,753,873,中
DO202607120023,2026-07-12,P015,红旗超市(龙湖时代天街店),R01,103.919653,30.752444,11.28,0.4713,761,881,中
DO202607120024,2026-07-12,P016,LAWSON罗森(枣子巷15号院店),R04,104.044885,30.667759,13.86,0.7819,570,690,中
DO202607120025,2026-07-12,P017,LAWSON罗森(龙湖成都上城天街店),R04,104.071944,30.68395,227.29,0.4989,678,798,中
DO202607120026,2026-07-12,P017,LAWSON罗森(龙湖成都上城天街店),R04,104.071944,30.68395,2.63,0.2076,681,801,中
DO202607120027,2026-07-12,P017,LAWSON罗森(龙湖成都上城天街店),R04,104.071944,30.68395,9.15,1.2553,687,807,中
DO202607120028,2026-07-12,P019,奥特乐(成都龙湖上城天街店),R04,104.072004,30.684929,35.29,0.252,881,1001,中
DO202607120029,2026-07-12,P020,朴朴超市(西体路店),R04,104.061775,30.681195,65.21,1.0839,530,650,低
DO202607120030,2026-07-12,P021,Ole 精品超市(IFS国际金融中心店),R05,104.081893,30.655003,138.52,0.1275,812,932,中
DO202607120031,2026-07-12,P021,Ole 精品超市(IFS国际金融中心店),R05,104.081893,30.655003,5.96,0.6575,814,934,高
DO202607120032,2026-07-12,P021,Ole 精品超市(IFS国际金融中心店),R05,104.081893,30.655003,620.66,0.5615,816,936,中
DO202607120033,2026-07-12,P022,四川舞东风超市连锁股份有限公司,R05,104.082047,30.660437,51.87,0.2162,625,745,低
DO202607120034,2026-07-12,P022,四川舞东风超市连锁股份有限公司,R05,104.082047,30.660437,5.56,0.041,628,748,低
DO202607120035,2026-07-12,P023,永辉超市(文华广场店),R05,104.107695,30.637048,375.23,0.0127,789,909,高
DO202607120036,2026-07-12,P023,永辉超市(文华广场店),R05,104.107695,30.637048,36.76,0.2843,795,915,高
DO202607120037,2026-07-12,P025,红旗超市(成都红旗商厦店),R05,104.072081,30.658735,36.8,0.5485,514,634,中
DO202607120038,2026-07-12,P025,红旗超市(成都红旗商厦店),R05,104.072081,30.658735,189.82,0.0186,515,635,中
DO202607120039,2026-07-12,P025,红旗超市(成都红旗商厦店),R05,104.072081,30.658735,37.69,0.6814,516,636,中
DO202607120040,2026-07-12,P025,红旗超市(成都红旗商厦店),R05,104.072081,30.658735,11.3,0.115,523,643,中
DO202607120041,2026-07-12,P026,友好多连锁超市(界牌店),R07,104.313922,30.880419,173.55,0.0429,829,949,低
DO202607120042,2026-07-12,P027,大荣发连锁超市(和顺雅苑店),R07,104.253582,30.90011,9.19,0.067,819,939,高
DO202607120043,2026-07-12,P027,大荣发连锁超市(和顺雅苑店),R07,104.253582,30.90011,13.22,0.1122,822,942,中
DO202607120044,2026-07-12,P028,永辉超市(天府欧城店),R07,104.256388,30.892152,11.2,6.007,713,833,高
DO202607120045,2026-07-12,P029,永辉超市(青白江万达广场店),R07,104.253652,30.878095,2.32,0.0468,633,753,中
DO202607120046,2026-07-12,P030,润都连锁生活超市(正兴路店),R07,104.188354,30.87079,35.34,0.3066,522,642,低
DO202607120047,2026-07-12,P030,润都连锁生活超市(正兴路店),R07,104.188354,30.87079,72.33,0.0439,522,642,中
DO202607120048,2026-07-12,P030,润都连锁生活超市(正兴路店),R07,104.188354,30.87079,1.63,1.8628,527,647,高
DO202607120049,2026-07-12,P031,渝华连锁超市(学苑路店),R07,104.276426,30.875299,7.96,0.1487,565,685,高
DO202607120050,2026-07-12,P031,渝华连锁超市(学苑路店),R07,104.276426,30.875299,129.87,0.3419,571,691,中
DO202607120051,2026-07-12,P033,红旗超市(团结花园店),R07,104.246885,30.877313,14.43,0.0525,807,927,高
DO202607120052,2026-07-12,P035,红旗连锁(青白江同金街便利店),R07,104.244552,30.889503,42.67,1.9061,683,803,中
DO202607120053,2026-07-12,P036,红旗连锁(青白江城厢首府分场),R07,104.323054,30.860039,259.95,0.6074,723,843,中
DO202607120054,2026-07-12,P036,红旗连锁(青白江城厢首府分场),R07,104.323054,30.860039,50.08,0.1073,726,846,低
DO202607120055,2026-07-12,P036,红旗连锁(青白江城厢首府分场),R07,104.323054,30.860039,4.45,0.2492,729,849,低
DO202607120056,2026-07-12,P037,红旗连锁(青白江石家碾西路店),R07,104.253962,30.887052,11.91,0.1114,883,1003,中
DO202607120057,2026-07-12,P037,红旗连锁(青白江石家碾西路店),R07,104.253962,30.887052,13.48,0.0217,885,1005,高
DO202607120058,2026-07-12,P038,青江一家超市,R07,104.284321,30.880989,8.33,0.1342,688,808,高
DO202607120059,2026-07-12,P038,青江一家超市,R07,104.284321,30.880989,14.54,1.0793,690,810,中
DO202607120060,2026-07-12,P038,青江一家超市,R07,104.284321,30.880989,60.68,0.256,695,815,低
DO202607120061,2026-07-12,P039,青江百货连锁超市,R07,104.269502,30.876837,92.66,0.6533,851,971,中
DO202607120062,2026-07-12,P040,上蔬永辉超市(西单商场店),R02,104.000521,30.674866,12.65,0.102,882,1002,高
DO202607120063,2026-07-12,P040,上蔬永辉超市(西单商场店),R02,104.000521,30.674866,38.81,0.0348,883,1003,中
DO202607120064,2026-07-12,P042,永辉超市(青羊新城市店),R02,104.057614,30.67321,131.19,0.567,530,650,低
DO202607120065,2026-07-12,P042,永辉超市(青羊新城市店),R02,104.057614,30.67321,263.96,0.3658,538,658,中
DO202607120066,2026-07-12,P043,红旗超市(中同仁路分场),R02,104.052373,30.668819,9.96,0.891,625,745,高
DO202607120067,2026-07-12,P044,邻你生活超市(大庆店),R02,104.032527,30.669557,109.91,0.1035,701,821,高
DO202607120068,2026-07-12,P044,邻你生活超市(大庆店),R02,104.032527,30.669557,74.06,0.0477,702,822,中
DO202607120069,2026-07-12,P046,尚喜超市(锦绣路店),R08,104.308338,30.606726,9.86,3.0703,710,830,中
DO202607120070,2026-07-12,P046,尚喜超市(锦绣路店),R08,104.308338,30.606726,26.41,0.0558,713,833,低
DO202607120071,2026-07-12,P046,尚喜超市(锦绣路店),R08,104.308338,30.606726,37.99,0.295,715,835,中
DO202607120072,2026-07-12,P047,永辉超市(成都龙泉驿万达广场店),R08,104.269392,30.566865,44.92,0.0833,829,949,中
DO202607120073,2026-07-12,P047,永辉超市(成都龙泉驿万达广场店),R08,104.269392,30.566865,55.57,0.057,829,949,中
DO202607120074,2026-07-12,P047,永辉超市(成都龙泉驿万达广场店),R08,104.269392,30.566865,4.92,0.4966,835,955,高
DO202607120075,2026-07-12,P047,永辉超市(成都龙泉驿万达广场店),R08,104.269392,30.566865,132.03,0.0385,835,955,中
DO202607120076,2026-07-12,P048,汇联美连锁超市(中街店),R08,104.27333,30.560098,42.38,0.0514,621,741,中
DO202607120077,2026-07-12,P048,汇联美连锁超市(中街店),R08,104.27333,30.560098,49.99,0.0063,622,742,中
DO202607120078,2026-07-12,P048,汇联美连锁超市(中街店),R08,104.27333,30.560098,4.29,4.3428,628,748,中
DO202607120079,2026-07-12,P048,汇联美连锁超市(中街店),R08,104.27333,30.560098,105.26,0.1841,630,750,中
DO202607120080,2026-07-12,P049,百伦生活超市(龙泉店),R08,104.273346,30.559846,6.93,0.1814,791,911,低
DO202607120081,2026-07-12,P049,百伦生活超市(龙泉店),R08,104.273346,30.559846,62.52,0.5238,791,911,中
DO202607120082,2026-07-12,P049,百伦生活超市(龙泉店),R08,104.273346,30.559846,62.07,0.0466,794,914,高
DO202607120083,2026-07-12,P049,百伦生活超市(龙泉店),R08,104.273346,30.559846,162.58,0.1359,796,916,低
DO202607130000,2026-07-13,P001,689便民(荣盛·香榭兰庭店),R06,104.135375,30.623625,22.79,0.2648,526,646,低
DO202607130001,2026-07-13,P001,689便民(荣盛·香榭兰庭店),R06,104.135375,30.623625,704.95,0.1544,529,649,中
DO202607130002,2026-07-13,P001,689便民(荣盛·香榭兰庭店),R06,104.135375,30.623625,50.35,1.1828,531,651,高
DO202607130003,2026-07-13,P002,十二超市(佳年华广场1期店),R06,104.131787,30.627615,51.32,0.2166,838,958,中
DO202607130004,2026-07-13,P002,十二超市(佳年华广场1期店),R06,104.131787,30.627615,17.58,0.0875,838,958,高
DO202607130005,2026-07-13,P003,红旗连锁,R06,104.132763,30.627528,26.91,0.0195,682,802,中
DO202607130006,2026-07-13,P004,老蔡小卖部(水碾河路北社区三街店),R06,104.099234,30.648748,200.47,2.0182,607,727,中
DO202607130007,2026-07-13,P004,老蔡小卖部(水碾河路北社区三街店),R06,104.099234,30.648748,11.62,0.8391,610,730,中
DO202607130008,2026-07-13,P004,老蔡小卖部(水碾河路北社区三街店),R06,104.099234,30.648748,14.46,0.0261,612,732,中
DO202607130009,2026-07-13,P004,老蔡小卖部(水碾河路北社区三街店),R06,104.099234,30.648748,178.07,0.2307,613,733,高
DO202607130010,2026-07-13,P004,老蔡小卖部(水碾河路北社区三街店),R06,104.099234,30.648748,47.49,0.046,616,736,中
DO202607130011,2026-07-13,P005,郝英超市,R06,104.129707,30.628761,5.82,0.2042,772,892,中
DO202607130012,2026-07-13,P005,郝英超市,R06,104.129707,30.628761,19.85,0.6883,773,893,高
DO202607130013,2026-07-13,P006,全家便利店(龙江路店),R03,104.077199,30.641639,197.36,0.0753,715,835,中
DO202607130014,2026-07-13,P006,全家便利店(龙江路店),R03,104.077199,30.641639,45.56,0.4619,722,842,中
DO202607130015,2026-07-13,P008,永辉超市(银泰城店),R03,104.058121,30.541191,16.93,0.1529,754,874,高
DO202607130016,2026-07-13,P008,永辉超市(银泰城店),R03,104.058121,30.541191,2.64,0.3854,762,882,中
DO202607130017,2026-07-13,P009,永辉超市(龙湖成都金楠天街店),R03,103.995986,30.648731,39.16,0.0892,674,794,中
DO202607130018,2026-07-13,P010,百分百超市(心语店),R03,104.045915,30.545712,101.18,1.2916,576,696,中
DO202607130019,2026-07-13,P010,百分百超市(心语店),R03,104.045915,30.545712,24.68,0.0733,576,696,中
DO202607130020,2026-07-13,P010,百分百超市(心语店),R03,104.045915,30.545712,11.08,1.1432,577,697,低
DO202607130021,2026-07-13,P011,永辉超市(成都市双铁广场店),R01,103.975737,30.758309,85.68,0.028,616,736,中
DO202607130022,2026-07-13,P011,永辉超市(成都市双铁广场店),R01,103.975737,30.758309,46.38,1.4136,618,738,高
DO202607130023,2026-07-13,P011,永辉超市(成都市双铁广场店),R01,103.975737,30.758309,280.5,0.1231,621,741,中
DO202607130024,2026-07-13,P011,永辉超市(成都市双铁广场店),R01,103.975737,30.758309,34.99,0.3407,622,742,中
DO202607130025,2026-07-13,P012,永辉超市(成都市蜀都万达广场店),R01,103.907862,30.807642,2.73,0.0589,711,831,中
DO202607130026,2026-07-13,P013,永辉超市(爱琴海购物中心店),R01,103.991901,30.737566,147.27,0.3821,901,1021,低
DO202607130027,2026-07-13,P013,永辉超市(爱琴海购物中心店),R01,103.991901,30.737566,1.52,0.0183,909,1029,高
DO202607130028,2026-07-13,P014,永辉超市(龙湖成都时代天街店),R01,103.921214,30.750831,4.51,0.3856,577,697,低
DO202607130029,2026-07-13,P014,永辉超市(龙湖成都时代天街店),R01,103.921214,30.750831,30.33,0.2942,580,700,低
DO202607130030,2026-07-13,P014,永辉超市(龙湖成都时代天街店),R01,103.921214,30.750831,25.75,0.9383,581,701,中
DO202607130031,2026-07-13,P015,红旗超市(龙湖时代天街店),R01,103.919653,30.752444,7.78,1.3567,857,977,中
DO202607130032,2026-07-13,P017,LAWSON罗森(龙湖成都上城天街店),R04,104.071944,30.68395,25.36,0.0899,677,797,中
DO202607130033,2026-07-13,P017,LAWSON罗森(龙湖成都上城天街店),R04,104.071944,30.68395,31.29,0.521,680,800,高
DO202607130034,2026-07-13,P018,乐多(成华西街一店),R04,104.071998,30.683402,413.97,2.1953,869,989,中
DO202607130035,2026-07-13,P018,乐多(成华西街一店),R04,104.071998,30.683402,9.4,0.4745,870,990,中
DO202607130036,2026-07-13,P018,乐多(成华西街一店),R04,104.071998,30.683402,5.24,0.2507,871,991,中
DO202607130037,2026-07-13,P018,乐多(成华西街一店),R04,104.071998,30.683402,66.88,0.5207,874,994,中
DO202607130038,2026-07-13,P018,乐多(成华西街一店),R04,104.071998,30.683402,35.0,0.1265,876,996,中
DO202607130039,2026-07-13,P018,乐多(成华西街一店),R04,104.071998,30.683402,18.9,0.0363,877,997,高
DO202607130040,2026-07-13,P019,奥特乐(成都龙湖上城天街店),R04,104.072004,30.684929,46.3,1.2129,702,822,中
DO202607130041,2026-07-13,P020,朴朴超市(西体路店),R04,104.061775,30.681195,7.95,3.5615,902,1022,低
DO202607130042,2026-07-13,P020,朴朴超市(西体路店),R04,104.061775,30.681195,80.52,0.3714,903,1023,高
DO202607130043,2026-07-13,P020,朴朴超市(西体路店),R04,104.061775,30.681195,27.81,5.0241,904,1024,中
DO202607130044,2026-07-13,P020,朴朴超市(西体路店),R04,104.061775,30.681195,8.93,0.0212,904,1024,中
DO202607130045,2026-07-13,P021,Ole 精品超市(IFS国际金融中心店),R05,104.081893,30.655003,10.96,0.1625,759,879,中
DO202607130046,2026-07-13,P021,Ole 精品超市(IFS国际金融中心店),R05,104.081893,30.655003,216.18,0.1259,765,885,低
DO202607130047,2026-07-13,P021,Ole 精品超市(IFS国际金融中心店),R05,104.081893,30.655003,19.8,0.7956,768,888,中
DO202607130048,2026-07-13,P022,四川舞东风超市连锁股份有限公司,R05,104.082047,30.660437,33.37,2.2988,634,754,高
DO202607130049,2026-07-13,P022,四川舞东风超市连锁股份有限公司,R05,104.082047,30.660437,32.22,0.4151,641,761,中
DO202607130050,2026-07-13,P022,四川舞东风超市连锁股份有限公司,R05,104.082047,30.660437,365.14,0.5665,642,762,中
DO202607130051,2026-07-13,P023,永辉超市(文华广场店),R05,104.107695,30.637048,18.14,0.9097,854,974,高
DO202607130052,2026-07-13,P024,永辉超市(锦江城市花园店),R05,104.142752,30.595134,9.21,0.2138,755,875,中
DO202607130053,2026-07-13,P024,永辉超市(锦江城市花园店),R05,104.142752,30.595134,35.24,0.6687,759,879,中
DO202607130054,2026-07-13,P025,红旗超市(成都红旗商厦店),R05,104.072081,30.658735,15.52,1.3968,688,808,高
DO202607130055,2026-07-13,P025,红旗超市(成都红旗商厦店),R05,104.072081,30.658735,139.7,0.1054,688,808,高
DO202607130056,2026-07-13,P026,友好多连锁超市(界牌店),R07,104.313922,30.880419,332.74,0.2119,731,851,高
DO202607130057,2026-07-13,P027,大荣发连锁超市(和顺雅苑店),R07,104.253582,30.90011,18.61,0.2131,832,952,高
DO202607130058,2026-07-13,P027,大荣发连锁超市(和顺雅苑店),R07,104.253582,30.90011,74.75,0.1083,833,953,中
DO202607130059,2026-07-13,P027,大荣发连锁超市(和顺雅苑店),R07,104.253582,30.90011,20.83,0.094,834,954,中
DO202607130060,2026-07-13,P028,永辉超市(天府欧城店),R07,104.256388,30.892152,32.63,0.1958,535,655,中
DO202607130061,2026-07-13,P028,永辉超市(天府欧城店),R07,104.256388,30.892152,93.93,0.0723,538,658,低
DO202607130062,2026-07-13,P028,永辉超市(天府欧城店),R07,104.256388,30.892152,71.67,0.7551,539,659,中
DO202607130063,2026-07-13,P029,永辉超市(青白江万达广场店),R07,104.253652,30.878095,7.17,0.0233,692,812,中
DO202607130064,2026-07-13,P029,永辉超市(青白江万达广场店),R07,104.253652,30.878095,122.25,0.4492,693,813,高
DO202607130065,2026-07-13,P029,永辉超市(青白江万达广场店),R07,104.253652,30.878095,69.53,0.0063,696,816,中
DO202607130066,2026-07-13,P029,永辉超市(青白江万达广场店),R07,104.253652,30.878095,189.31,2.4781,696,816,中
DO202607130067,2026-07-13,P030,润都连锁生活超市(正兴路店),R07,104.188354,30.87079,6.43,0.0603,715,835,中
DO202607130068,2026-07-13,P030,润都连锁生活超市(正兴路店),R07,104.188354,30.87079,47.65,0.7764,716,836,低
DO202607130069,2026-07-13,P030,润都连锁生活超市(正兴路店),R07,104.188354,30.87079,47.63,1.1336,720,840,中
DO202607130070,2026-07-13,P030,润都连锁生活超市(正兴路店),R07,104.188354,30.87079,116.51,0.2754,722,842,高
DO202607130071,2026-07-13,P031,渝华连锁超市(学苑路店),R07,104.276426,30.875299,644.38,0.4211,607,727,中
DO202607130072,2026-07-13,P032,渝华连锁超市(绣川新城店),R07,104.330571,30.85576,33.21,0.959,618,738,高
DO202607130073,2026-07-13,P032,渝华连锁超市(绣川新城店),R07,104.330571,30.85576,274.76,0.3344,623,743,中
DO202607130074,2026-07-13,P033,红旗超市(团结花园店),R07,104.246885,30.877313,66.55,0.1419,782,902,高
DO202607130075,2026-07-13,P033,红旗超市(团结花园店),R07,104.246885,30.877313,30.31,0.3126,782,902,高
DO202607130076,2026-07-13,P033,红旗超市(团结花园店),R07,104.246885,30.877313,53.43,0.0345,785,905,中
DO202607130077,2026-07-13,P034,红旗连锁(北城新界民族花园店),R07,104.201632,30.877318,9.06,0.1301,710,830,中
DO202607130078,2026-07-13,P034,红旗连锁(北城新界民族花园店),R07,104.201632,30.877318,5.4,1.2751,714,834,低
DO202607130079,2026-07-13,P035,红旗连锁(青白江同金街便利店),R07,104.244552,30.889503,2.39,0.1019,673,793,中
DO202607130080,2026-07-13,P035,红旗连锁(青白江同金街便利店),R07,104.244552,30.889503,34.71,0.825,674,794,高
DO202607130081,2026-07-13,P035,红旗连锁(青白江同金街便利店),R07,104.244552,30.889503,15.15,0.5668,682,802,高
DO202607130082,2026-07-13,P036,红旗连锁(青白江城厢首府分场),R07,104.323054,30.860039,5.06,0.0297,824,944,低
DO202607130083,2026-07-13,P036,红旗连锁(青白江城厢首府分场),R07,104.323054,30.860039,15.51,0.044,826,946,低
DO202607130084,2026-07-13,P036,红旗连锁(青白江城厢首府分场),R07,104.323054,30.860039,160.05,0.232,833,953,低
DO202607130085,2026-07-13,P036,红旗连锁(青白江城厢首府分场),R07,104.323054,30.860039,48.59,0.2142,833,953,低
DO202607130086,2026-07-13,P037,红旗连锁(青白江石家碾西路店),R07,104.253962,30.887052,13.69,0.3305,858,978,中
DO202607130087,2026-07-13,P037,红旗连锁(青白江石家碾西路店),R07,104.253962,30.887052,92.57,0.296,860,980,中
DO202607130088,2026-07-13,P037,红旗连锁(青白江石家碾西路店),R07,104.253962,30.887052,14.81,0.0257,862,982,高
DO202607130089,2026-07-13,P038,青江一家超市,R07,104.284321,30.880989,308.42,0.2344,799,919,中
DO202607130090,2026-07-13,P038,青江一家超市,R07,104.284321,30.880989,3.95,0.0325,800,920,中
DO202607130091,2026-07-13,P038,青江一家超市,R07,104.284321,30.880989,447.19,0.657,802,922,低
DO202607130092,2026-07-13,P038,青江一家超市,R07,104.284321,30.880989,90.79,0.2508,805,925,中
DO202607130093,2026-07-13,P038,青江一家超市,R07,104.284321,30.880989,32.44,0.1236,806,926,中
DO202607130094,2026-07-13,P038,青江一家超市,R07,104.284321,30.880989,213.74,0.1755,807,927,高
DO202607130095,2026-07-13,P039,青江百货连锁超市,R07,104.269502,30.876837,7.81,0.328,715,835,低
DO202607130096,2026-07-13,P041,永辉超市(成都青羊中铁大道店),R02,103.961452,30.670211,130.67,0.1076,655,775,高
DO202607130097,2026-07-13,P041,永辉超市(成都青羊中铁大道店),R02,103.961452,30.670211,101.18,0.2227,655,775,低
DO202607130098,2026-07-13,P041,永辉超市(成都青羊中铁大道店),R02,103.961452,30.670211,133.08,0.4046,656,776,中
DO202607130099,2026-07-13,P041,永辉超市(成都青羊中铁大道店),R02,103.961452,30.670211,185.85,0.1484,660,780,高
DO202607130100,2026-07-13,P041,永辉超市(成都青羊中铁大道店),R02,103.961452,30.670211,177.37,0.2432,662,782,高
DO202607130101,2026-07-13,P043,红旗超市(中同仁路分场),R02,104.052373,30.668819,14.64,1.8675,622,742,中
DO202607130102,2026-07-13,P043,红旗超市(中同仁路分场),R02,104.052373,30.668819,23.55,0.1722,622,742,中
DO202607130103,2026-07-13,P043,红旗超市(中同仁路分场),R02,104.052373,30.668819,118.42,0.1463,622,742,中
DO202607130104,2026-07-13,P043,红旗超市(中同仁路分场),R02,104.052373,30.668819,53.58,0.5787,623,743,低
DO202607130105,2026-07-13,P043,红旗超市(中同仁路分场),R02,104.052373,30.668819,2.0,0.1373,624,744,高
DO202607130106,2026-07-13,P043,红旗超市(中同仁路分场),R02,104.052373,30.668819,83.36,0.0918,630,750,高
DO202607130107,2026-07-13,P044,邻你生活超市(大庆店),R02,104.032527,30.669557,135.86,0.2869,872,992,中
DO202607130108,2026-07-13,P044,邻你生活超市(大庆店),R02,104.032527,30.669557,167.49,1.1129,878,998,中
DO202607130109,2026-07-13,P044,邻你生活超市(大庆店),R02,104.032527,30.669557,23.81,0.3661,882,1002,中
DO202607130110,2026-07-13,P044,邻你生活超市(大庆店),R02,104.032527,30.669557,154.89,0.4862,882,1002,高
DO202607130111,2026-07-13,P045,世纪红连锁超市,R08,104.208007,30.532247,70.14,0.2457,574,694,高
DO202607130112,2026-07-13,P046,尚喜超市(锦绣路店),R08,104.308338,30.606726,89.73,0.0481,605,725,低
DO202607130113,2026-07-13,P046,尚喜超市(锦绣路店),R08,104.308338,30.606726,7.03,0.3194,605,725,中
DO202607130114,2026-07-13,P046,尚喜超市(锦绣路店),R08,104.308338,30.606726,3.11,2.5272,606,726,中
DO202607130115,2026-07-13,P046,尚喜超市(锦绣路店),R08,104.308338,30.606726,252.71,0.2569,609,729,中
DO202607130116,2026-07-13,P046,尚喜超市(锦绣路店),R08,104.308338,30.606726,8.03,1.5092,612,732,中
DO202607130117,2026-07-13,P046,尚喜超市(锦绣路店),R08,104.308338,30.606726,8.08,9.2535,615,735,低
DO202607130118,2026-07-13,P047,永辉超市(成都龙泉驿万达广场店),R08,104.269392,30.566865,23.44,0.2242,807,927,中
DO202607130119,2026-07-13,P047,永辉超市(成都龙泉驿万达广场店),R08,104.269392,30.566865,5.84,0.0932,809,929,低
DO202607130120,2026-07-13,P047,永辉超市(成都龙泉驿万达广场店),R08,104.269392,30.566865,55.11,0.0888,810,930,中
DO202607130121,2026-07-13,P047,永辉超市(成都龙泉驿万达广场店),R08,104.269392,30.566865,42.02,7.4438,810,930,低
DO202607130122,2026-07-13,P047,永辉超市(成都龙泉驿万达广场店),R08,104.269392,30.566865,222.82,0.3911,811,931,低
DO202607130123,2026-07-13,P047,永辉超市(成都龙泉驿万达广场店),R08,104.269392,30.566865,51.38,0.0409,811,931,低
DO202607130124,2026-07-13,P047,永辉超市(成都龙泉驿万达广场店),R08,104.269392,30.566865,13.42,0.353,812,932,高
DO202607130125,2026-07-13,P048,汇联美连锁超市(中街店),R08,104.27333,30.560098,4.24,0.0583,667,787,中
DO202607130126,2026-07-13,P048,汇联美连锁超市(中街店),R08,104.27333,30.560098,2.79,0.1193,676,796,低
DO202607130127,2026-07-13,P048,汇联美连锁超市(中街店),R08,104.27333,30.560098,1.67,0.5311,677,797,低
DO202607130128,2026-07-13,P049,百伦生活超市(龙泉店),R08,104.273346,30.559846,146.7,0.6896,747,867,低
DO202607130129,2026-07-13,P049,百伦生活超市(龙泉店),R08,104.273346,30.559846,141.37,0.3537,748,868,低
DO202607130130,2026-07-13,P049,百伦生活超市(龙泉店),R08,104.273346,30.559846,83.49,0.0721,750,870,低
DO202607130131,2026-07-13,P049,百伦生活超市(龙泉店),R08,104.273346,30.559846,39.65,0.9967,752,872,高
DO202607140000,2026-07-14,P001,689便民(荣盛·香榭兰庭店),R06,104.135375,30.623625,7.19,0.4011,751,871,高
DO202607140001,2026-07-14,P003,红旗连锁,R06,104.132763,30.627528,56.39,0.3159,684,804,低
DO202607140002,2026-07-14,P003,红旗连锁,R06,104.132763,30.627528,32.62,0.0894,689,809,中
DO202607140003,2026-07-14,P004,老蔡小卖部(水碾河路北社区三街店),R06,104.099234,30.648748,21.5,0.6348,708,828,中
DO202607140004,2026-07-14,P004,老蔡小卖部(水碾河路北社区三街店),R06,104.099234,30.648748,27.54,0.1148,710,830,低
DO202607140005,2026-07-14,P004,老蔡小卖部(水碾河路北社区三街店),R06,104.099234,30.648748,12.62,0.0879,715,835,中
DO202607140006,2026-07-14,P004,老蔡小卖部(水碾河路北社区三街店),R06,104.099234,30.648748,27.86,0.3233,716,836,中
DO202607140007,2026-07-14,P005,郝英超市,R06,104.129707,30.628761,188.2,0.2685,729,849,高
DO202607140008,2026-07-14,P006,全家便利店(龙江路店),R03,104.077199,30.641639,139.86,0.1344,735,855,中
DO202607140009,2026-07-14,P006,全家便利店(龙江路店),R03,104.077199,30.641639,40.34,0.1189,736,856,中
DO202607140010,2026-07-14,P006,全家便利店(龙江路店),R03,104.077199,30.641639,45.96,0.99,739,859,低
DO202607140011,2026-07-14,P008,永辉超市(银泰城店),R03,104.058121,30.541191,70.43,0.31,679,799,中
DO202607140012,2026-07-14,P008,永辉超市(银泰城店),R03,104.058121,30.541191,60.56,0.1597,680,800,高
DO202607140013,2026-07-14,P008,永辉超市(银泰城店),R03,104.058121,30.541191,254.02,0.159,684,804,中
DO202607140014,2026-07-14,P009,永辉超市(龙湖成都金楠天街店),R03,103.995986,30.648731,3.15,0.6599,705,825,中
DO202607140015,2026-07-14,P009,永辉超市(龙湖成都金楠天街店),R03,103.995986,30.648731,474.54,0.308,708,828,高
DO202607140016,2026-07-14,P009,永辉超市(龙湖成都金楠天街店),R03,103.995986,30.648731,18.0,0.1293,714,834,中
DO202607140017,2026-07-14,P011,永辉超市(成都市双铁广场店),R01,103.975737,30.758309,75.94,0.6526,597,717,低
DO202607140018,2026-07-14,P011,永辉超市(成都市双铁广场店),R01,103.975737,30.758309,64.06,0.402,604,724,低
DO202607140019,2026-07-14,P012,永辉超市(成都市蜀都万达广场店),R01,103.907862,30.807642,8.67,0.0503,748,868,中
DO202607140020,2026-07-14,P012,永辉超市(成都市蜀都万达广场店),R01,103.907862,30.807642,90.66,1.5437,751,871,低
DO202607140021,2026-07-14,P012,永辉超市(成都市蜀都万达广场店),R01,103.907862,30.807642,9.03,0.1336,753,873,高
DO202607140022,2026-07-14,P013,永辉超市(爱琴海购物中心店),R01,103.991901,30.737566,134.23,0.174,845,965,高
DO202607140023,2026-07-14,P013,永辉超市(爱琴海购物中心店),R01,103.991901,30.737566,28.5,1.1491,847,967,低
DO202607140024,2026-07-14,P014,永辉超市(龙湖成都时代天街店),R01,103.921214,30.750831,1855.31,0.3004,875,995,高
DO202607140025,2026-07-14,P014,永辉超市(龙湖成都时代天街店),R01,103.921214,30.750831,14.77,0.032,877,997,中
DO202607140026,2026-07-14,P015,红旗超市(龙湖时代天街店),R01,103.919653,30.752444,108.83,0.2133,735,855,中
DO202607140027,2026-07-14,P015,红旗超市(龙湖时代天街店),R01,103.919653,30.752444,10.97,0.1255,738,858,中
DO202607140028,2026-07-14,P015,红旗超市(龙湖时代天街店),R01,103.919653,30.752444,106.47,0.6807,738,858,高
DO202607140029,2026-07-14,P016,LAWSON罗森(枣子巷15号院店),R04,104.044885,30.667759,75.91,1.7874,808,928,中
DO202607140030,2026-07-14,P017,LAWSON罗森(龙湖成都上城天街店),R04,104.071944,30.68395,98.97,0.5227,894,1014,中
DO202607140031,2026-07-14,P017,LAWSON罗森(龙湖成都上城天街店),R04,104.071944,30.68395,38.15,2.7425,895,1015,中
DO202607140032,2026-07-14,P017,LAWSON罗森(龙湖成都上城天街店),R04,104.071944,30.68395,57.91,0.1141,895,1015,高
DO202607140033,2026-07-14,P018,乐多(成华西街一店),R04,104.071998,30.683402,27.75,0.0622,811,931,高
DO202607140034,2026-07-14,P018,乐多(成华西街一店),R04,104.071998,30.683402,20.49,0.176,813,933,中
DO202607140035,2026-07-14,P018,乐多(成华西街一店),R04,104.071998,30.683402,7.59,0.281,814,934,低
DO202607140036,2026-07-14,P019,奥特乐(成都龙湖上城天街店),R04,104.072004,30.684929,40.2,0.1093,788,908,高
DO202607140037,2026-07-14,P019,奥特乐(成都龙湖上城天街店),R04,104.072004,30.684929,658.75,0.476,789,909,低
DO202607140038,2026-07-14,P019,奥特乐(成都龙湖上城天街店),R04,104.072004,30.684929,63.03,0.5408,791,911,中
DO202607140039,2026-07-14,P019,奥特乐(成都龙湖上城天街店),R04,104.072004,30.684929,20.58,0.2402,791,911,中
DO202607140040,2026-07-14,P022,四川舞东风超市连锁股份有限公司,R05,104.082047,30.660437,149.5,0.4268,560,680,高
DO202607140041,2026-07-14,P022,四川舞东风超市连锁股份有限公司,R05,104.082047,30.660437,194.77,0.7086,563,683,高
DO202607140042,2026-07-14,P022,四川舞东风超市连锁股份有限公司,R05,104.082047,30.660437,57.33,0.0545,565,685,高
DO202607140043,2026-07-14,P022,四川舞东风超市连锁股份有限公司,R05,104.082047,30.660437,7.76,0.0367,565,685,低
DO202607140044,2026-07-14,P024,永辉超市(锦江城市花园店),R05,104.142752,30.595134,15.13,1.0517,903,1023,低
DO202607140045,2026-07-14,P024,永辉超市(锦江城市花园店),R05,104.142752,30.595134,3.82,0.3647,907,1027,中
DO202607140046,2026-07-14,P024,永辉超市(锦江城市花园店),R05,104.142752,30.595134,61.04,0.1088,907,1027,高
DO202607140047,2026-07-14,P024,永辉超市(锦江城市花园店),R05,104.142752,30.595134,7.23,0.3488,910,1030,中
DO202607140048,2026-07-14,P025,红旗超市(成都红旗商厦店),R05,104.072081,30.658735,4.8,0.3516,890,1010,高
DO202607140049,2026-07-14,P025,红旗超市(成都红旗商厦店),R05,104.072081,30.658735,8.68,0.2619,892,1012,高
DO202607140050,2026-07-14,P025,红旗超市(成都红旗商厦店),R05,104.072081,30.658735,11.11,0.1017,894,1014,中
DO202607140051,2026-07-14,P025,红旗超市(成都红旗商厦店),R05,104.072081,30.658735,25.88,0.9415,895,1015,中
DO202607140052,2026-07-14,P026,友好多连锁超市(界牌店),R07,104.313922,30.880419,5.78,0.4086,851,971,中
DO202607140053,2026-07-14,P026,友好多连锁超市(界牌店),R07,104.313922,30.880419,4.96,0.018,855,975,中
DO202607140054,2026-07-14,P027,大荣发连锁超市(和顺雅苑店),R07,104.253582,30.90011,5.94,0.2593,744,864,高
DO202607140055,2026-07-14,P027,大荣发连锁超市(和顺雅苑店),R07,104.253582,30.90011,1448.3,2.9102,746,866,中
DO202607140056,2026-07-14,P028,永辉超市(天府欧城店),R07,104.256388,30.892152,95.6,0.0782,624,744,高
DO202607140057,2026-07-14,P028,永辉超市(天府欧城店),R07,104.256388,30.892152,188.34,0.4651,625,745,高
DO202607140058,2026-07-14,P028,永辉超市(天府欧城店),R07,104.256388,30.892152,21.89,0.675,631,751,中
DO202607140059,2026-07-14,P029,永辉超市(青白江万达广场店),R07,104.253652,30.878095,14.74,0.2512,745,865,高
DO202607140060,2026-07-14,P029,永辉超市(青白江万达广场店),R07,104.253652,30.878095,46.0,0.8711,752,872,中
DO202607140061,2026-07-14,P030,润都连锁生活超市(正兴路店),R07,104.188354,30.87079,53.69,0.5088,662,782,低
DO202607140062,2026-07-14,P030,润都连锁生活超市(正兴路店),R07,104.188354,30.87079,79.18,1.2514,666,786,高
DO202607140063,2026-07-14,P030,润都连锁生活超市(正兴路店),R07,104.188354,30.87079,179.61,0.0267,667,787,中
DO202607140064,2026-07-14,P030,润都连锁生活超市(正兴路店),R07,104.188354,30.87079,5.62,0.0109,668,788,低
DO202607140065,2026-07-14,P031,渝华连锁超市(学苑路店),R07,104.276426,30.875299,28.08,0.3849,665,785,高
DO202607140066,2026-07-14,P032,渝华连锁超市(绣川新城店),R07,104.330571,30.85576,27.29,0.1184,583,703,中
DO202607140067,2026-07-14,P032,渝华连锁超市(绣川新城店),R07,104.330571,30.85576,5.45,0.8838,585,705,中
DO202607140068,2026-07-14,P033,红旗超市(团结花园店),R07,104.246885,30.877313,14.0,0.5903,808,928,高
DO202607140069,2026-07-14,P033,红旗超市(团结花园店),R07,104.246885,30.877313,67.03,2.1882,809,929,高
DO202607140070,2026-07-14,P033,红旗超市(团结花园店),R07,104.246885,30.877313,52.44,0.1804,811,931,中
DO202607140071,2026-07-14,P033,红旗超市(团结花园店),R07,104.246885,30.877313,136.46,0.1828,812,932,中
DO202607140072,2026-07-14,P033,红旗超市(团结花园店),R07,104.246885,30.877313,28.0,0.212,813,933,高
DO202607140073,2026-07-14,P033,红旗超市(团结花园店),R07,104.246885,30.877313,12.34,0.1349,813,933,高
DO202607140074,2026-07-14,P034,红旗连锁(北城新界民族花园店),R07,104.201632,30.877318,76.74,0.0188,725,845,中
DO202607140075,2026-07-14,P034,红旗连锁(北城新界民族花园店),R07,104.201632,30.877318,115.59,0.2037,730,850,中
DO202607140076,2026-07-14,P034,红旗连锁(北城新界民族花园店),R07,104.201632,30.877318,50.21,0.8861,730,850,中
DO202607140077,2026-07-14,P035,红旗连锁(青白江同金街便利店),R07,104.244552,30.889503,19.55,0.2907,702,822,中
DO202607140078,2026-07-14,P035,红旗连锁(青白江同金街便利店),R07,104.244552,30.889503,68.33,0.0802,705,825,高
DO202607140079,2026-07-14,P035,红旗连锁(青白江同金街便利店),R07,104.244552,30.889503,64.82,0.1297,707,827,中
DO202607140080,2026-07-14,P037,红旗连锁(青白江石家碾西路店),R07,104.253962,30.887052,102.89,0.335,734,854,中
DO202607140081,2026-07-14,P037,红旗连锁(青白江石家碾西路店),R07,104.253962,30.887052,19.24,0.1028,742,862,中
DO202607140082,2026-07-14,P038,青江一家超市,R07,104.284321,30.880989,80.83,4.0457,840,960,低
DO202607140083,2026-07-14,P038,青江一家超市,R07,104.284321,30.880989,15.59,0.7405,840,960,低
DO202607140084,2026-07-14,P038,青江一家超市,R07,104.284321,30.880989,638.88,0.4591,844,964,高
DO202607140085,2026-07-14,P038,青江一家超市,R07,104.284321,30.880989,41.47,0.4959,844,964,低
DO202607140086,2026-07-14,P039,青江百货连锁超市,R07,104.269502,30.876837,88.11,0.1333,858,978,中
DO202607140087,2026-07-14,P039,青江百货连锁超市,R07,104.269502,30.876837,353.27,0.2973,861,981,中
DO202607140088,2026-07-14,P039,青江百货连锁超市,R07,104.269502,30.876837,57.98,0.1243,863,983,中
DO202607140089,2026-07-14,P040,上蔬永辉超市(西单商场店),R02,104.000521,30.674866,15.11,1.6497,673,793,中
DO202607140090,2026-07-14,P041,永辉超市(成都青羊中铁大道店),R02,103.961452,30.670211,70.35,0.5804,516,636,中
DO202607140091,2026-07-14,P042,永辉超市(青羊新城市店),R02,104.057614,30.67321,34.24,0.0896,797,917,中
DO202607140092,2026-07-14,P042,永辉超市(青羊新城市店),R02,104.057614,30.67321,22.3,0.0414,801,921,中
DO202607140093,2026-07-14,P043,红旗超市(中同仁路分场),R02,104.052373,30.668819,30.13,1.2343,890,1010,中
DO202607140094,2026-07-14,P044,邻你生活超市(大庆店),R02,104.032527,30.669557,134.96,0.2311,636,756,低
DO202607140095,2026-07-14,P044,邻你生活超市(大庆店),R02,104.032527,30.669557,19.48,0.861,636,756,高
DO202607140096,2026-07-14,P044,邻你生活超市(大庆店),R02,104.032527,30.669557,31.07,0.2174,637,757,低
DO202607140097,2026-07-14,P044,邻你生活超市(大庆店),R02,104.032527,30.669557,56.4,0.4471,644,764,中
DO202607140098,2026-07-14,P045,世纪红连锁超市,R08,104.208007,30.532247,6.28,1.3469,843,963,中
DO202607140099,2026-07-14,P045,世纪红连锁超市,R08,104.208007,30.532247,12.07,3.1195,845,965,中
DO202607140100,2026-07-14,P046,尚喜超市(锦绣路店),R08,104.308338,30.606726,268.87,0.2469,724,844,中
DO202607140101,2026-07-14,P046,尚喜超市(锦绣路店),R08,104.308338,30.606726,14.57,0.0367,727,847,中
DO202607140102,2026-07-14,P046,尚喜超市(锦绣路店),R08,104.308338,30.606726,17.48,0.6419,727,847,高
DO202607140103,2026-07-14,P046,尚喜超市(锦绣路店),R08,104.308338,30.606726,3.98,0.1604,729,849,中
DO202607140104,2026-07-14,P046,尚喜超市(锦绣路店),R08,104.308338,30.606726,7.2,0.1836,731,851,中
DO202607140105,2026-07-14,P046,尚喜超市(锦绣路店),R08,104.308338,30.606726,212.46,0.1303,732,852,高
DO202607140106,2026-07-14,P047,永辉超市(成都龙泉驿万达广场店),R08,104.269392,30.566865,190.51,0.2342,562,682,中
DO202607140107,2026-07-14,P047,永辉超市(成都龙泉驿万达广场店),R08,104.269392,30.566865,144.55,0.2534,566,686,高
DO202607140108,2026-07-14,P048,汇联美连锁超市(中街店),R08,104.27333,30.560098,199.75,0.0852,864,984,中
DO202607140109,2026-07-14,P048,汇联美连锁超市(中街店),R08,104.27333,30.560098,624.54,0.2427,868,988,高
DO202607140110,2026-07-14,P048,汇联美连锁超市(中街店),R08,104.27333,30.560098,37.81,0.0185,869,989,中
DO202607140111,2026-07-14,P049,百伦生活超市(龙泉店),R08,104.273346,30.559846,50.52,0.3182,763,883,中
DO202607140112,2026-07-14,P049,百伦生活超市(龙泉店),R08,104.273346,30.559846,6.78,0.1579,766,886,中
DO202607140113,2026-07-14,P049,百伦生活超市(龙泉店),R08,104.273346,30.559846,32.89,0.2147,770,890,中
DO202607140114,2026-07-14,P049,百伦生活超市(龙泉店),R08,104.273346,30.559846,14.47,1.1709,770,890,中
DO202607150000,2026-07-15,P001,689便民(荣盛·香榭兰庭店),R06,104.135375,30.623625,8.87,0.1413,743,863,中
DO202607150001,2026-07-15,P001,689便民(荣盛·香榭兰庭店),R06,104.135375,30.623625,226.83,0.4331,748,868,高
DO202607150002,2026-07-15,P001,689便民(荣盛·香榭兰庭店),R06,104.135375,30.623625,110.45,0.4741,750,870,中
DO202607150003,2026-07-15,P002,十二超市(佳年华广场1期店),R06,104.131787,30.627615,48.87,2.4495,679,799,低
DO202607150004,2026-07-15,P004,老蔡小卖部(水碾河路北社区三街店),R06,104.099234,30.648748,43.45,0.2114,765,885,中
DO202607150005,2026-07-15,P004,老蔡小卖部(水碾河路北社区三街店),R06,104.099234,30.648748,47.19,1.4388,766,886,中
DO202607150006,2026-07-15,P004,老蔡小卖部(水碾河路北社区三街店),R06,104.099234,30.648748,39.97,0.6013,773,893,中
DO202607150007,2026-07-15,P004,老蔡小卖部(水碾河路北社区三街店),R06,104.099234,30.648748,20.92,0.1023,775,895,中
DO202607150008,2026-07-15,P004,老蔡小卖部(水碾河路北社区三街店),R06,104.099234,30.648748,82.35,0.5581,775,895,高
DO202607150009,2026-07-15,P004,老蔡小卖部(水碾河路北社区三街店),R06,104.099234,30.648748,33.69,0.0333,775,895,低
DO202607150010,2026-07-15,P005,郝英超市,R06,104.129707,30.628761,322.72,2.5991,747,867,中
DO202607150011,2026-07-15,P005,郝英超市,R06,104.129707,30.628761,11.74,0.0972,747,867,中
DO202607150012,2026-07-15,P005,郝英超市,R06,104.129707,30.628761,46.58,0.1978,749,869,中
DO202607150013,2026-07-15,P006,全家便利店(龙江路店),R03,104.077199,30.641639,57.2,0.0702,708,828,高
DO202607150014,2026-07-15,P008,永辉超市(银泰城店),R03,104.058121,30.541191,267.84,0.1909,823,943,中
DO202607150015,2026-07-15,P008,永辉超市(银泰城店),R03,104.058121,30.541191,65.85,0.3793,825,945,中
DO202607150016,2026-07-15,P008,永辉超市(银泰城店),R03,104.058121,30.541191,45.1,0.1482,826,946,高
DO202607150017,2026-07-15,P009,永辉超市(龙湖成都金楠天街店),R03,103.995986,30.648731,29.78,0.096,684,804,高
DO202607150018,2026-07-15,P009,永辉超市(龙湖成都金楠天街店),R03,103.995986,30.648731,31.51,0.2974,684,804,中
DO202607150019,2026-07-15,P010,百分百超市(心语店),R03,104.045915,30.545712,214.4,0.2438,771,891,低
DO202607150020,2026-07-15,P010,百分百超市(心语店),R03,104.045915,30.545712,1.19,0.4465,773,893,中
DO202607150021,2026-07-15,P011,永辉超市(成都市双铁广场店),R01,103.975737,30.758309,12.87,2.1541,632,752,高
DO202607150022,2026-07-15,P011,永辉超市(成都市双铁广场店),R01,103.975737,30.758309,2.1,1.5656,638,758,中
DO202607150023,2026-07-15,P012,永辉超市(成都市蜀都万达广场店),R01,103.907862,30.807642,5.24,0.4667,611,731,中
DO202607150024,2026-07-15,P012,永辉超市(成都市蜀都万达广场店),R01,103.907862,30.807642,1.17,5.4909,612,732,中
DO202607150025,2026-07-15,P012,永辉超市(成都市蜀都万达广场店),R01,103.907862,30.807642,75.53,2.3746,616,736,中
DO202607150026,2026-07-15,P012,永辉超市(成都市蜀都万达广场店),R01,103.907862,30.807642,70.29,0.8836,621,741,高
DO202607150027,2026-07-15,P013,永辉超市(爱琴海购物中心店),R01,103.991901,30.737566,222.69,0.1233,520,640,高
DO202607150028,2026-07-15,P013,永辉超市(爱琴海购物中心店),R01,103.991901,30.737566,99.54,1.8203,524,644,高
DO202607150029,2026-07-15,P014,永辉超市(龙湖成都时代天街店),R01,103.921214,30.750831,307.58,0.1302,891,1011,中
DO202607150030,2026-07-15,P014,永辉超市(龙湖成都时代天街店),R01,103.921214,30.750831,33.27,0.2195,892,1012,低
DO202607150031,2026-07-15,P014,永辉超市(龙湖成都时代天街店),R01,103.921214,30.750831,15.18,0.8938,893,1013,低
DO202607150032,2026-07-15,P014,永辉超市(龙湖成都时代天街店),R01,103.921214,30.750831,15.1,0.0286,894,1014,中
DO202607150033,2026-07-15,P014,永辉超市(龙湖成都时代天街店),R01,103.921214,30.750831,20.1,0.2586,894,1014,中
DO202607150034,2026-07-15,P015,红旗超市(龙湖时代天街店),R01,103.919653,30.752444,28.8,0.4815,577,697,高
DO202607150035,2026-07-15,P015,红旗超市(龙湖时代天街店),R01,103.919653,30.752444,21.17,0.7416,584,704,中
DO202607150036,2026-07-15,P016,LAWSON罗森(枣子巷15号院店),R04,104.044885,30.667759,83.87,1.2041,671,791,低
DO202607150037,2026-07-15,P017,LAWSON罗森(龙湖成都上城天街店),R04,104.071944,30.68395,14.56,0.055,758,878,中
DO202607150038,2026-07-15,P017,LAWSON罗森(龙湖成都上城天街店),R04,104.071944,30.68395,189.54,0.1685,759,879,中
DO202607150039,2026-07-15,P017,LAWSON罗森(龙湖成都上城天街店),R04,104.071944,30.68395,11.86,0.1809,762,882,低
DO202607150040,2026-07-15,P018,乐多(成华西街一店),R04,104.071998,30.683402,9.92,0.4652,864,984,中
DO202607150041,2026-07-15,P018,乐多(成华西街一店),R04,104.071998,30.683402,363.32,0.7951,869,989,高
DO202607150042,2026-07-15,P019,奥特乐(成都龙湖上城天街店),R04,104.072004,30.684929,41.06,0.1038,686,806,中
DO202607150043,2026-07-15,P019,奥特乐(成都龙湖上城天街店),R04,104.072004,30.684929,15.48,0.4005,688,808,高
DO202607150044,2026-07-15,P019,奥特乐(成都龙湖上城天街店),R04,104.072004,30.684929,75.77,0.9245,689,809,高
DO202607150045,2026-07-15,P019,奥特乐(成都龙湖上城天街店),R04,104.072004,30.684929,94.94,0.3016,695,815,中
DO202607150046,2026-07-15,P020,朴朴超市(西体路店),R04,104.061775,30.681195,55.98,1.4135,597,717,中
DO202607150047,2026-07-15,P021,Ole 精品超市(IFS国际金融中心店),R05,104.081893,30.655003,98.94,0.36,602,722,中
DO202607150048,2026-07-15,P021,Ole 精品超市(IFS国际金融中心店),R05,104.081893,30.655003,25.36,0.5189,609,729,中
DO202607150049,2026-07-15,P021,Ole 精品超市(IFS国际金融中心店),R05,104.081893,30.655003,35.15,0.2092,611,731,低
DO202607150050,2026-07-15,P021,Ole 精品超市(IFS国际金融中心店),R05,104.081893,30.655003,52.37,0.273,611,731,低
DO202607150051,2026-07-15,P022,四川舞东风超市连锁股份有限公司,R05,104.082047,30.660437,179.27,0.1699,800,920,高
DO202607150052,2026-07-15,P024,永辉超市(锦江城市花园店),R05,104.142752,30.595134,54.36,1.1264,834,954,中
DO202607150053,2026-07-15,P025,红旗超市(成都红旗商厦店),R05,104.072081,30.658735,31.6,0.2297,719,839,低
DO202607150054,2026-07-15,P026,友好多连锁超市(界牌店),R07,104.313922,30.880419,100.11,0.1041,523,643,低
DO202607150055,2026-07-15,P026,友好多连锁超市(界牌店),R07,104.313922,30.880419,32.55,0.2334,527,647,中
DO202607150056,2026-07-15,P027,大荣发连锁超市(和顺雅苑店),R07,104.253582,30.90011,130.59,0.1197,532,652,中
DO202607150057,2026-07-15,P027,大荣发连锁超市(和顺雅苑店),R07,104.253582,30.90011,401.83,0.0246,534,654,中
DO202607150058,2026-07-15,P027,大荣发连锁超市(和顺雅苑店),R07,104.253582,30.90011,104.02,0.3204,538,658,低
DO202607150059,2026-07-15,P027,大荣发连锁超市(和顺雅苑店),R07,104.253582,30.90011,318.98,0.2299,539,659,中
DO202607150060,2026-07-15,P028,永辉超市(天府欧城店),R07,104.256388,30.892152,254.82,0.5593,640,760,中
DO202607150061,2026-07-15,P028,永辉超市(天府欧城店),R07,104.256388,30.892152,238.45,0.1786,642,762,中
DO202607150062,2026-07-15,P029,永辉超市(青白江万达广场店),R07,104.253652,30.878095,27.89,0.4738,576,696,中
DO202607150063,2026-07-15,P029,永辉超市(青白江万达广场店),R07,104.253652,30.878095,32.29,1.5273,578,698,高
DO202607150064,2026-07-15,P029,永辉超市(青白江万达广场店),R07,104.253652,30.878095,22.7,0.1521,578,698,中
DO202607150065,2026-07-15,P029,永辉超市(青白江万达广场店),R07,104.253652,30.878095,79.51,0.1066,579,699,中
DO202607150066,2026-07-15,P029,永辉超市(青白江万达广场店),R07,104.253652,30.878095,12.32,0.3372,580,700,低
DO202607150067,2026-07-15,P029,永辉超市(青白江万达广场店),R07,104.253652,30.878095,4.92,0.2776,583,703,中
DO202607150068,2026-07-15,P030,润都连锁生活超市(正兴路店),R07,104.188354,30.87079,9.46,0.175,523,643,中
DO202607150069,2026-07-15,P030,润都连锁生活超市(正兴路店),R07,104.188354,30.87079,5.76,0.7627,524,644,低
DO202607150070,2026-07-15,P031,渝华连锁超市(学苑路店),R07,104.276426,30.875299,42.27,0.1567,758,878,高
DO202607150071,2026-07-15,P031,渝华连锁超市(学苑路店),R07,104.276426,30.875299,35.14,0.0443,762,882,中
DO202607150072,2026-07-15,P032,渝华连锁超市(绣川新城店),R07,104.330571,30.85576,149.76,1.0413,628,748,中
DO202607150073,2026-07-15,P032,渝华连锁超市(绣川新城店),R07,104.330571,30.85576,7.46,0.3194,630,750,中
DO202607150074,2026-07-15,P032,渝华连锁超市(绣川新城店),R07,104.330571,30.85576,32.93,0.2226,632,752,高
DO202607150075,2026-07-15,P033,红旗超市(团结花园店),R07,104.246885,30.877313,41.38,0.5816,875,995,低
DO202607150076,2026-07-15,P033,红旗超市(团结花园店),R07,104.246885,30.877313,90.62,1.3354,879,999,高
DO202607150077,2026-07-15,P033,红旗超市(团结花园店),R07,104.246885,30.877313,317.74,0.1294,880,1000,高
DO202607150078,2026-07-15,P033,红旗超市(团结花园店),R07,104.246885,30.877313,34.46,0.1587,880,1000,中
DO202607150079,2026-07-15,P033,红旗超市(团结花园店),R07,104.246885,30.877313,20.33,0.0336,883,1003,中
DO202607150080,2026-07-15,P034,红旗连锁(北城新界民族花园店),R07,104.201632,30.877318,297.34,0.0986,647,767,中
DO202607150081,2026-07-15,P034,红旗连锁(北城新界民族花园店),R07,104.201632,30.877318,31.31,0.4542,648,768,中
DO202607150082,2026-07-15,P035,红旗连锁(青白江同金街便利店),R07,104.244552,30.889503,738.82,0.1891,533,653,低
DO202607150083,2026-07-15,P037,红旗连锁(青白江石家碾西路店),R07,104.253962,30.887052,70.92,0.048,646,766,中
DO202607150084,2026-07-15,P038,青江一家超市,R07,104.284321,30.880989,14.19,1.1353,726,846,高
DO202607150085,2026-07-15,P038,青江一家超市,R07,104.284321,30.880989,14.86,0.5053,729,849,高
DO202607150086,2026-07-15,P039,青江百货连锁超市,R07,104.269502,30.876837,198.24,1.3874,706,826,低
DO202607150087,2026-07-15,P039,青江百货连锁超市,R07,104.269502,30.876837,47.71,0.4506,707,827,低
DO202607150088,2026-07-15,P040,上蔬永辉超市(西单商场店),R02,104.000521,30.674866,5.14,0.5599,541,661,中
DO202607150089,2026-07-15,P040,上蔬永辉超市(西单商场店),R02,104.000521,30.674866,92.5,0.2106,541,661,高
DO202607150090,2026-07-15,P041,永辉超市(成都青羊中铁大道店),R02,103.961452,30.670211,174.66,0.0621,542,662,高
DO202607150091,2026-07-15,P041,永辉超市(成都青羊中铁大道店),R02,103.961452,30.670211,16.79,0.1475,544,664,低
DO202607150092,2026-07-15,P041,永辉超市(成都青羊中铁大道店),R02,103.961452,30.670211,40.46,0.4115,544,664,中
DO202607150093,2026-07-15,P042,永辉超市(青羊新城市店),R02,104.057614,30.67321,12.95,0.8265,743,863,中
DO202607150094,2026-07-15,P042,永辉超市(青羊新城市店),R02,104.057614,30.67321,291.63,0.546,747,867,中
DO202607150095,2026-07-15,P042,永辉超市(青羊新城市店),R02,104.057614,30.67321,7.72,0.7149,749,869,低
DO202607150096,2026-07-15,P043,红旗超市(中同仁路分场),R02,104.052373,30.668819,286.9,0.5856,588,708,中
DO202607150097,2026-07-15,P043,红旗超市(中同仁路分场),R02,104.052373,30.668819,22.3,0.3181,593,713,低
DO202607150098,2026-07-15,P043,红旗超市(中同仁路分场),R02,104.052373,30.668819,70.09,0.2572,593,713,高
DO202607150099,2026-07-15,P043,红旗超市(中同仁路分场),R02,104.052373,30.668819,33.28,0.9296,594,714,中
DO202607150100,2026-07-15,P044,邻你生活超市(大庆店),R02,104.032527,30.669557,64.63,0.0079,848,968,中
DO202607150101,2026-07-15,P044,邻你生活超市(大庆店),R02,104.032527,30.669557,75.6,0.1995,849,969,中
DO202607150102,2026-07-15,P044,邻你生活超市(大庆店),R02,104.032527,30.669557,198.69,0.2323,852,972,中
DO202607150103,2026-07-15,P044,邻你生活超市(大庆店),R02,104.032527,30.669557,8.63,0.1066,853,973,高
DO202607150104,2026-07-15,P044,邻你生活超市(大庆店),R02,104.032527,30.669557,39.13,0.1076,854,974,中
DO202607150105,2026-07-15,P044,邻你生活超市(大庆店),R02,104.032527,30.669557,19.66,0.2693,855,975,中
DO202607150106,2026-07-15,P045,世纪红连锁超市,R08,104.208007,30.532247,175.19,0.156,824,944,中
DO202607150107,2026-07-15,P046,尚喜超市(锦绣路店),R08,104.308338,30.606726,88.47,0.2373,794,914,低
DO202607150108,2026-07-15,P046,尚喜超市(锦绣路店),R08,104.308338,30.606726,8.33,0.319,798,918,低
DO202607150109,2026-07-15,P047,永辉超市(成都龙泉驿万达广场店),R08,104.269392,30.566865,74.95,0.0761,645,765,中
DO202607150110,2026-07-15,P047,永辉超市(成都龙泉驿万达广场店),R08,104.269392,30.566865,10.89,0.3928,648,768,中
DO202607150111,2026-07-15,P048,汇联美连锁超市(中街店),R08,104.27333,30.560098,37.74,3.0485,572,692,中
DO202607150112,2026-07-15,P048,汇联美连锁超市(中街店),R08,104.27333,30.560098,77.11,0.9262,573,693,中
DO202607150113,2026-07-15,P048,汇联美连锁超市(中街店),R08,104.27333,30.560098,21.64,0.0051,575,695,高
DO202607150114,2026-07-15,P048,汇联美连锁超市(中街店),R08,104.27333,30.560098,604.75,0.5872,580,700,中
DO202607150115,2026-07-15,P048,汇联美连锁超市(中街店),R08,104.27333,30.560098,66.46,0.2178,581,701,中
DO202607150116,2026-07-15,P049,百伦生活超市(龙泉店),R08,104.273346,30.559846,11.29,0.7389,880,1000,低
DO202607160000,2026-07-16,P001,689便民(荣盛·香榭兰庭店),R06,104.135375,30.623625,53.76,0.5376,887,1007,低
DO202607160001,2026-07-16,P001,689便民(荣盛·香榭兰庭店),R06,104.135375,30.623625,25.4,0.1526,888,1008,中
DO202607160002,2026-07-16,P002,十二超市(佳年华广场1期店),R06,104.131787,30.627615,26.91,0.6435,904,1024,中
DO202607160003,2026-07-16,P003,红旗连锁,R06,104.132763,30.627528,12.08,0.1997,782,902,中
DO202607160004,2026-07-16,P003,红旗连锁,R06,104.132763,30.627528,372.11,0.0487,782,902,高
DO202607160005,2026-07-16,P004,老蔡小卖部(水碾河路北社区三街店),R06,104.099234,30.648748,141.58,0.8757,589,709,低
DO202607160006,2026-07-16,P004,老蔡小卖部(水碾河路北社区三街店),R06,104.099234,30.648748,379.53,0.4652,590,710,高
DO202607160007,2026-07-16,P004,老蔡小卖部(水碾河路北社区三街店),R06,104.099234,30.648748,163.64,1.7123,590,710,中
DO202607160008,2026-07-16,P004,老蔡小卖部(水碾河路北社区三街店),R06,104.099234,30.648748,47.64,0.053,590,710,高
DO202607160009,2026-07-16,P004,老蔡小卖部(水碾河路北社区三街店),R06,104.099234,30.648748,144.91,0.395,592,712,低
DO202607160010,2026-07-16,P004,老蔡小卖部(水碾河路北社区三街店),R06,104.099234,30.648748,16.82,0.061,594,714,中
DO202607160011,2026-07-16,P005,郝英超市,R06,104.129707,30.628761,0.88,2.5543,676,796,中
DO202607160012,2026-07-16,P006,全家便利店(龙江路店),R03,104.077199,30.641639,13.02,0.6479,756,876,高
DO202607160013,2026-07-16,P006,全家便利店(龙江路店),R03,104.077199,30.641639,6.62,0.042,756,876,中
DO202607160014,2026-07-16,P006,全家便利店(龙江路店),R03,104.077199,30.641639,141.2,0.2695,758,878,高
DO202607160015,2026-07-16,P007,永辉超市(成都市新城吾悦广场店),R03,103.988663,30.626255,250.4,0.1889,782,902,中
DO202607160016,2026-07-16,P008,永辉超市(银泰城店),R03,104.058121,30.541191,117.57,0.0168,642,762,中
DO202607160017,2026-07-16,P009,永辉超市(龙湖成都金楠天街店),R03,103.995986,30.648731,24.1,0.8178,869,989,高
DO202607160018,2026-07-16,P010,百分百超市(心语店),R03,104.045915,30.545712,80.85,0.1086,614,734,高
DO202607160019,2026-07-16,P010,百分百超市(心语店),R03,104.045915,30.545712,46.68,0.5257,615,735,高
DO202607160020,2026-07-16,P012,永辉超市(成都市蜀都万达广场店),R01,103.907862,30.807642,52.63,0.302,663,783,中
DO202607160021,2026-07-16,P013,永辉超市(爱琴海购物中心店),R01,103.991901,30.737566,23.64,3.4296,532,652,中
DO202607160022,2026-07-16,P014,永辉超市(龙湖成都时代天街店),R01,103.921214,30.750831,10.96,0.0193,537,657,中
DO202607160023,2026-07-16,P014,永辉超市(龙湖成都时代天街店),R01,103.921214,30.750831,47.63,0.0793,538,658,中
DO202607160024,2026-07-16,P015,红旗超市(龙湖时代天街店),R01,103.919653,30.752444,93.46,0.6393,694,814,低
DO202607160025,2026-07-16,P015,红旗超市(龙湖时代天街店),R01,103.919653,30.752444,42.1,0.1142,697,817,中
DO202607160026,2026-07-16,P015,红旗超市(龙湖时代天街店),R01,103.919653,30.752444,39.56,0.7973,700,820,高
DO202607160027,2026-07-16,P015,红旗超市(龙湖时代天街店),R01,103.919653,30.752444,23.08,0.5392,702,822,中
DO202607160028,2026-07-16,P016,LAWSON罗森(枣子巷15号院店),R04,104.044885,30.667759,64.64,2.2769,764,884,高
DO202607160029,2026-07-16,P017,LAWSON罗森(龙湖成都上城天街店),R04,104.071944,30.68395,8.19,0.2037,748,868,低
DO202607160030,2026-07-16,P017,LAWSON罗森(龙湖成都上城天街店),R04,104.071944,30.68395,111.22,1.3061,750,870,高
DO202607160031,2026-07-16,P017,LAWSON罗森(龙湖成都上城天街店),R04,104.071944,30.68395,107.09,0.0944,751,871,中
DO202607160032,2026-07-16,P017,LAWSON罗森(龙湖成都上城天街店),R04,104.071944,30.68395,142.86,0.6766,752,872,中
DO202607160033,2026-07-16,P017,LAWSON罗森(龙湖成都上城天街店),R04,104.071944,30.68395,63.24,0.4285,752,872,中
DO202607160034,2026-07-16,P018,乐多(成华西街一店),R04,104.071998,30.683402,104.11,0.1887,748,868,高
DO202607160035,2026-07-16,P018,乐多(成华西街一店),R04,104.071998,30.683402,19.87,1.9193,751,871,高
DO202607160036,2026-07-16,P018,乐多(成华西街一店),R04,104.071998,30.683402,33.44,0.5813,755,875,高
DO202607160037,2026-07-16,P019,奥特乐(成都龙湖上城天街店),R04,104.072004,30.684929,25.44,0.2674,670,790,中
DO202607160038,2026-07-16,P019,奥特乐(成都龙湖上城天街店),R04,104.072004,30.684929,180.0,0.0317,672,792,中
DO202607160039,2026-07-16,P019,奥特乐(成都龙湖上城天街店),R04,104.072004,30.684929,59.3,0.2775,673,793,低
DO202607160040,2026-07-16,P019,奥特乐(成都龙湖上城天街店),R04,104.072004,30.684929,181.37,0.6172,674,794,低
DO202607160041,2026-07-16,P020,朴朴超市(西体路店),R04,104.061775,30.681195,96.25,8.4325,639,759,中
DO202607160042,2026-07-16,P020,朴朴超市(西体路店),R04,104.061775,30.681195,7.98,2.6407,643,763,中
DO202607160043,2026-07-16,P020,朴朴超市(西体路店),R04,104.061775,30.681195,131.65,0.2478,646,766,高
DO202607160044,2026-07-16,P021,Ole 精品超市(IFS国际金融中心店),R05,104.081893,30.655003,95.28,0.1914,800,920,低
DO202607160045,2026-07-16,P021,Ole 精品超市(IFS国际金融中心店),R05,104.081893,30.655003,56.67,0.1524,800,920,中
DO202607160046,2026-07-16,P021,Ole 精品超市(IFS国际金融中心店),R05,104.081893,30.655003,123.45,1.7222,806,926,高
DO202607160047,2026-07-16,P022,四川舞东风超市连锁股份有限公司,R05,104.082047,30.660437,19.73,0.2324,706,826,中
DO202607160048,2026-07-16,P022,四川舞东风超市连锁股份有限公司,R05,104.082047,30.660437,18.33,0.0925,710,830,中
DO202607160049,2026-07-16,P022,四川舞东风超市连锁股份有限公司,R05,104.082047,30.660437,22.33,0.1088,712,832,高
DO202607160050,2026-07-16,P022,四川舞东风超市连锁股份有限公司,R05,104.082047,30.660437,91.19,0.0605,713,833,中
DO202607160051,2026-07-16,P023,永辉超市(文华广场店),R05,104.107695,30.637048,34.46,0.0268,862,982,中
DO202607160052,2026-07-16,P024,永辉超市(锦江城市花园店),R05,104.142752,30.595134,3.84,0.0475,769,889,低
DO202607160053,2026-07-16,P025,红旗超市(成都红旗商厦店),R05,104.072081,30.658735,76.99,0.8661,755,875,中
DO202607160054,2026-07-16,P025,红旗超市(成都红旗商厦店),R05,104.072081,30.658735,3.79,0.8744,761,881,中
DO202607160055,2026-07-16,P026,友好多连锁超市(界牌店),R07,104.313922,30.880419,73.13,0.4772,561,681,中
DO202607160056,2026-07-16,P026,友好多连锁超市(界牌店),R07,104.313922,30.880419,457.44,0.9366,566,686,高
DO202607160057,2026-07-16,P027,大荣发连锁超市(和顺雅苑店),R07,104.253582,30.90011,37.45,0.4252,562,682,中
DO202607160058,2026-07-16,P027,大荣发连锁超市(和顺雅苑店),R07,104.253582,30.90011,6.11,0.2335,567,687,高
DO202607160059,2026-07-16,P027,大荣发连锁超市(和顺雅苑店),R07,104.253582,30.90011,5.56,0.6224,569,689,中
DO202607160060,2026-07-16,P029,永辉超市(青白江万达广场店),R07,104.253652,30.878095,22.85,0.6178,556,676,高
DO202607160061,2026-07-16,P029,永辉超市(青白江万达广场店),R07,104.253652,30.878095,48.97,0.0745,558,678,高
DO202607160062,2026-07-16,P029,永辉超市(青白江万达广场店),R07,104.253652,30.878095,51.21,0.5889,559,679,中
DO202607160063,2026-07-16,P029,永辉超市(青白江万达广场店),R07,104.253652,30.878095,7.74,0.1815,563,683,高
DO202607160064,2026-07-16,P030,润都连锁生活超市(正兴路店),R07,104.188354,30.87079,34.2,0.7678,638,758,高
DO202607160065,2026-07-16,P032,渝华连锁超市(绣川新城店),R07,104.330571,30.85576,177.26,0.1508,555,675,中
DO202607160066,2026-07-16,P032,渝华连锁超市(绣川新城店),R07,104.330571,30.85576,8.99,0.0335,559,679,低
DO202607160067,2026-07-16,P032,渝华连锁超市(绣川新城店),R07,104.330571,30.85576,72.3,0.202,564,684,低
DO202607160068,2026-07-16,P033,红旗超市(团结花园店),R07,104.246885,30.877313,197.46,0.1642,660,780,高
DO202607160069,2026-07-16,P033,红旗超市(团结花园店),R07,104.246885,30.877313,225.8,0.0752,663,783,低
DO202607160070,2026-07-16,P033,红旗超市(团结花园店),R07,104.246885,30.877313,50.25,0.628,664,784,中
DO202607160071,2026-07-16,P033,红旗超市(团结花园店),R07,104.246885,30.877313,12.05,0.1234,666,786,低
DO202607160072,2026-07-16,P033,红旗超市(团结花园店),R07,104.246885,30.877313,24.86,0.0586,667,787,低
DO202607160073,2026-07-16,P034,红旗连锁(北城新界民族花园店),R07,104.201632,30.877318,18.72,0.0558,539,659,中
DO202607160074,2026-07-16,P034,红旗连锁(北城新界民族花园店),R07,104.201632,30.877318,98.05,0.0953,540,660,高
DO202607160075,2026-07-16,P034,红旗连锁(北城新界民族花园店),R07,104.201632,30.877318,43.44,0.1551,541,661,低
DO202607160076,2026-07-16,P034,红旗连锁(北城新界民族花园店),R07,104.201632,30.877318,17.64,0.328,543,663,高
DO202607160077,2026-07-16,P034,红旗连锁(北城新界民族花园店),R07,104.201632,30.877318,76.11,0.231,544,664,中
DO202607160078,2026-07-16,P034,红旗连锁(北城新界民族花园店),R07,104.201632,30.877318,2.65,0.0857,547,667,高
DO202607160079,2026-07-16,P035,红旗连锁(青白江同金街便利店),R07,104.244552,30.889503,23.75,0.3988,810,930,中
DO202607160080,2026-07-16,P035,红旗连锁(青白江同金街便利店),R07,104.244552,30.889503,21.39,0.3402,818,938,低
DO202607160081,2026-07-16,P035,红旗连锁(青白江同金街便利店),R07,104.244552,30.889503,37.1,0.0515,818,938,中
DO202607160082,2026-07-16,P036,红旗连锁(青白江城厢首府分场),R07,104.323054,30.860039,1.82,0.455,673,793,中
DO202607160083,2026-07-16,P037,红旗连锁(青白江石家碾西路店),R07,104.253962,30.887052,14.97,0.2497,731,851,低
DO202607160084,2026-07-16,P037,红旗连锁(青白江石家碾西路店),R07,104.253962,30.887052,618.95,0.5844,739,859,中
DO202607160085,2026-07-16,P038,青江一家超市,R07,104.284321,30.880989,34.43,10.5577,555,675,低
DO202607160086,2026-07-16,P038,青江一家超市,R07,104.284321,30.880989,2331.94,9.2108,559,679,低
DO202607160087,2026-07-16,P038,青江一家超市,R07,104.284321,30.880989,39.82,0.2742,565,685,中
DO202607160088,2026-07-16,P039,青江百货连锁超市,R07,104.269502,30.876837,247.67,0.4758,601,721,中
DO202607160089,2026-07-16,P039,青江百货连锁超市,R07,104.269502,30.876837,60.56,1.1451,603,723,中
DO202607160090,2026-07-16,P039,青江百货连锁超市,R07,104.269502,30.876837,18.77,0.4298,603,723,中
DO202607160091,2026-07-16,P039,青江百货连锁超市,R07,104.269502,30.876837,71.66,0.7302,606,726,中
DO202607160092,2026-07-16,P040,上蔬永辉超市(西单商场店),R02,104.000521,30.674866,34.03,0.6302,633,753,低
DO202607160093,2026-07-16,P041,永辉超市(成都青羊中铁大道店),R02,103.961452,30.670211,19.65,0.1445,830,950,中
DO202607160094,2026-07-16,P041,永辉超市(成都青羊中铁大道店),R02,103.961452,30.670211,77.81,1.4811,832,952,中
DO202607160095,2026-07-16,P041,永辉超市(成都青羊中铁大道店),R02,103.961452,30.670211,25.88,0.6789,835,955,中
DO202607160096,2026-07-16,P041,永辉超市(成都青羊中铁大道店),R02,103.961452,30.670211,149.54,1.0322,836,956,中
DO202607160097,2026-07-16,P042,永辉超市(青羊新城市店),R02,104.057614,30.67321,23.22,2.5643,831,951,中
DO202607160098,2026-07-16,P042,永辉超市(青羊新城市店),R02,104.057614,30.67321,220.8,0.0696,831,951,中
DO202607160099,2026-07-16,P043,红旗超市(中同仁路分场),R02,104.052373,30.668819,165.47,0.9797,791,911,低
DO202607160100,2026-07-16,P043,红旗超市(中同仁路分场),R02,104.052373,30.668819,6.9,0.5867,795,915,低
DO202607160101,2026-07-16,P043,红旗超市(中同仁路分场),R02,104.052373,30.668819,4.63,0.373,795,915,中
DO202607160102,2026-07-16,P043,红旗超市(中同仁路分场),R02,104.052373,30.668819,107.62,0.3806,798,918,高
DO202607160103,2026-07-16,P043,红旗超市(中同仁路分场),R02,104.052373,30.668819,47.1,5.5918,798,918,低
DO202607160104,2026-07-16,P044,邻你生活超市(大庆店),R02,104.032527,30.669557,796.35,0.047,597,717,高
DO202607160105,2026-07-16,P044,邻你生活超市(大庆店),R02,104.032527,30.669557,59.56,0.081,601,721,低
DO202607160106,2026-07-16,P044,邻你生活超市(大庆店),R02,104.032527,30.669557,14.18,0.0307,604,724,中
DO202607160107,2026-07-16,P047,永辉超市(成都龙泉驿万达广场店),R08,104.269392,30.566865,42.72,0.0327,768,888,中
DO202607160108,2026-07-16,P048,汇联美连锁超市(中街店),R08,104.27333,30.560098,679.61,0.1806,856,976,高
DO202607160109,2026-07-16,P048,汇联美连锁超市(中街店),R08,104.27333,30.560098,53.81,0.1297,858,978,高
DO202607160110,2026-07-16,P049,百伦生活超市(龙泉店),R08,104.273346,30.559846,89.28,0.4197,694,814,中
DO202607160111,2026-07-16,P049,百伦生活超市(龙泉店),R08,104.273346,30.559846,96.25,0.443,695,815,中
DO202607160112,2026-07-16,P049,百伦生活超市(龙泉店),R08,104.273346,30.559846,133.32,0.056,696,816,中
DO202607160113,2026-07-16,P049,百伦生活超市(龙泉店),R08,104.273346,30.559846,43.08,1.4284,699,819,高
DO202607160114,2026-07-16,P049,百伦生活超市(龙泉店),R08,104.273346,30.559846,15.4,0.942,701,821,高
DO202607170000,2026-07-17,P001,689便民(荣盛·香榭兰庭店),R06,104.135375,30.623625,41.74,1.1244,649,769,中
DO202607170001,2026-07-17,P001,689便民(荣盛·香榭兰庭店),R06,104.135375,30.623625,42.86,0.4324,650,770,低
DO202607170002,2026-07-17,P001,689便民(荣盛·香榭兰庭店),R06,104.135375,30.623625,61.87,3.4323,652,772,低
DO202607170003,2026-07-17,P001,689便民(荣盛·香榭兰庭店),R06,104.135375,30.623625,103.31,0.358,654,774,高
DO202607170004,2026-07-17,P003,红旗连锁,R06,104.132763,30.627528,19.31,0.2539,692,812,中
DO202607170005,2026-07-17,P004,老蔡小卖部(水碾河路北社区三街店),R06,104.099234,30.648748,214.8,0.0763,881,1001,中
DO202607170006,2026-07-17,P005,郝英超市,R06,104.129707,30.628761,11.97,0.1305,880,1000,高
DO202607170007,2026-07-17,P006,全家便利店(龙江路店),R03,104.077199,30.641639,40.33,0.0333,872,992,中
DO202607170008,2026-07-17,P006,全家便利店(龙江路店),R03,104.077199,30.641639,28.39,0.5548,880,1000,高
DO202607170009,2026-07-17,P007,永辉超市(成都市新城吾悦广场店),R03,103.988663,30.626255,42.42,0.0495,778,898,低
DO202607170010,2026-07-17,P007,永辉超市(成都市新城吾悦广场店),R03,103.988663,30.626255,28.87,0.0477,780,900,低
DO202607170011,2026-07-17,P008,永辉超市(银泰城店),R03,104.058121,30.541191,5.83,0.5344,688,808,中
DO202607170012,2026-07-17,P008,永辉超市(银泰城店),R03,104.058121,30.541191,53.5,2.3556,690,810,中
DO202607170013,2026-07-17,P009,永辉超市(龙湖成都金楠天街店),R03,103.995986,30.648731,160.46,0.1124,587,707,中
DO202607170014,2026-07-17,P009,永辉超市(龙湖成都金楠天街店),R03,103.995986,30.648731,147.42,0.0795,589,709,低
DO202607170015,2026-07-17,P009,永辉超市(龙湖成都金楠天街店),R03,103.995986,30.648731,9.45,0.1815,590,710,低
DO202607170016,2026-07-17,P010,百分百超市(心语店),R03,104.045915,30.545712,14.7,0.3988,685,805,中
DO202607170017,2026-07-17,P010,百分百超市(心语店),R03,104.045915,30.545712,139.6,0.1635,685,805,低
DO202607170018,2026-07-17,P011,永辉超市(成都市双铁广场店),R01,103.975737,30.758309,66.17,1.9404,532,652,中
DO202607170019,2026-07-17,P012,永辉超市(成都市蜀都万达广场店),R01,103.907862,30.807642,15.63,0.2695,691,811,中
DO202607170020,2026-07-17,P013,永辉超市(爱琴海购物中心店),R01,103.991901,30.737566,33.7,0.1294,897,1017,低
DO202607170021,2026-07-17,P013,永辉超市(爱琴海购物中心店),R01,103.991901,30.737566,106.51,0.039,897,1017,中
DO202607170022,2026-07-17,P013,永辉超市(爱琴海购物中心店),R01,103.991901,30.737566,5.59,0.0329,898,1018,中
DO202607170023,2026-07-17,P013,永辉超市(爱琴海购物中心店),R01,103.991901,30.737566,97.75,0.0243,900,1020,高
DO202607170024,2026-07-17,P014,永辉超市(龙湖成都时代天街店),R01,103.921214,30.750831,53.63,0.8367,780,900,中
DO202607170025,2026-07-17,P014,永辉超市(龙湖成都时代天街店),R01,103.921214,30.750831,12.68,0.0957,782,902,高
DO202607170026,2026-07-17,P014,永辉超市(龙湖成都时代天街店),R01,103.921214,30.750831,70.32,0.1647,786,906,低
DO202607170027,2026-07-17,P015,红旗超市(龙湖时代天街店),R01,103.919653,30.752444,153.09,1.0964,726,846,高
DO202607170028,2026-07-17,P015,红旗超市(龙湖时代天街店),R01,103.919653,30.752444,5.23,0.1415,731,851,中
DO202607170029,2026-07-17,P016,LAWSON罗森(枣子巷15号院店),R04,104.044885,30.667759,96.18,0.0682,586,706,中
DO202607170030,2026-07-17,P017,LAWSON罗森(龙湖成都上城天街店),R04,104.071944,30.68395,13.55,0.0808,717,837,中
DO202607170031,2026-07-17,P017,LAWSON罗森(龙湖成都上城天街店),R04,104.071944,30.68395,24.69,0.1332,717,837,中
DO202607170032,2026-07-17,P018,乐多(成华西街一店),R04,104.071998,30.683402,20.11,3.7406,836,956,中
DO202607170033,2026-07-17,P018,乐多(成华西街一店),R04,104.071998,30.683402,99.47,0.9216,843,963,低
DO202607170034,2026-07-17,P020,朴朴超市(西体路店),R04,104.061775,30.681195,34.08,3.7496,782,902,中
DO202607170035,2026-07-17,P021,Ole 精品超市(IFS国际金融中心店),R05,104.081893,30.655003,23.54,0.1915,755,875,高
DO202607170036,2026-07-17,P022,四川舞东风超市连锁股份有限公司,R05,104.082047,30.660437,573.37,0.1838,662,782,中
DO202607170037,2026-07-17,P022,四川舞东风超市连锁股份有限公司,R05,104.082047,30.660437,2.86,0.5162,665,785,低
DO202607170038,2026-07-17,P022,四川舞东风超市连锁股份有限公司,R05,104.082047,30.660437,7.35,0.2607,668,788,中
DO202607170039,2026-07-17,P022,四川舞东风超市连锁股份有限公司,R05,104.082047,30.660437,129.48,0.806,670,790,低
DO202607170040,2026-07-17,P022,四川舞东风超市连锁股份有限公司,R05,104.082047,30.660437,241.39,0.2977,670,790,低
DO202607170041,2026-07-17,P024,永辉超市(锦江城市花园店),R05,104.142752,30.595134,93.22,0.0151,526,646,中
DO202607170042,2026-07-17,P026,友好多连锁超市(界牌店),R07,104.313922,30.880419,47.42,0.0182,895,1015,中
DO202607170043,2026-07-17,P027,大荣发连锁超市(和顺雅苑店),R07,104.253582,30.90011,34.64,0.5355,835,955,中
DO202607170044,2026-07-17,P027,大荣发连锁超市(和顺雅苑店),R07,104.253582,30.90011,157.19,0.4424,837,957,中
DO202607170045,2026-07-17,P027,大荣发连锁超市(和顺雅苑店),R07,104.253582,30.90011,55.85,0.138,838,958,中
DO202607170046,2026-07-17,P027,大荣发连锁超市(和顺雅苑店),R07,104.253582,30.90011,6.62,0.0747,840,960,低
DO202607170047,2026-07-17,P028,永辉超市(天府欧城店),R07,104.256388,30.892152,6.56,2.746,824,944,低
DO202607170048,2026-07-17,P028,永辉超市(天府欧城店),R07,104.256388,30.892152,51.69,0.1158,824,944,低
DO202607170049,2026-07-17,P028,永辉超市(天府欧城店),R07,104.256388,30.892152,389.44,0.4693,826,946,中
DO202607170050,2026-07-17,P028,永辉超市(天府欧城店),R07,104.256388,30.892152,27.72,0.0952,834,954,高
DO202607170051,2026-07-17,P029,永辉超市(青白江万达广场店),R07,104.253652,30.878095,15.19,0.0184,864,984,低
DO202607170052,2026-07-17,P030,润都连锁生活超市(正兴路店),R07,104.188354,30.87079,152.7,1.083,579,699,高
DO202607170053,2026-07-17,P031,渝华连锁超市(学苑路店),R07,104.276426,30.875299,8.17,0.0931,758,878,低
DO202607170054,2026-07-17,P032,渝华连锁超市(绣川新城店),R07,104.330571,30.85576,175.54,0.0658,616,736,中
DO202607170055,2026-07-17,P033,红旗超市(团结花园店),R07,104.246885,30.877313,28.27,0.0469,686,806,中
DO202607170056,2026-07-17,P034,红旗连锁(北城新界民族花园店),R07,104.201632,30.877318,23.99,0.4879,909,1029,中
DO202607170057,2026-07-17,P034,红旗连锁(北城新界民族花园店),R07,104.201632,30.877318,10.68,0.1427,910,1030,低
DO202607170058,2026-07-17,P034,红旗连锁(北城新界民族花园店),R07,104.201632,30.877318,277.39,0.4267,910,1030,中
DO202607170059,2026-07-17,P035,红旗连锁(青白江同金街便利店),R07,104.244552,30.889503,162.49,0.1859,835,955,中
DO202607170060,2026-07-17,P036,红旗连锁(青白江城厢首府分场),R07,104.323054,30.860039,110.93,0.5883,540,660,中
DO202607170061,2026-07-17,P037,红旗连锁(青白江石家碾西路店),R07,104.253962,30.887052,32.99,3.7645,819,939,低
DO202607170062,2026-07-17,P038,青江一家超市,R07,104.284321,30.880989,10.05,0.111,743,863,高
DO202607170063,2026-07-17,P038,青江一家超市,R07,104.284321,30.880989,1.5,0.0262,746,866,中
DO202607170064,2026-07-17,P038,青江一家超市,R07,104.284321,30.880989,1525.73,0.4903,750,870,中
DO202607170065,2026-07-17,P038,青江一家超市,R07,104.284321,30.880989,22.3,0.0215,751,871,中
DO202607170066,2026-07-17,P038,青江一家超市,R07,104.284321,30.880989,23.97,0.1624,751,871,中
DO202607170067,2026-07-17,P038,青江一家超市,R07,104.284321,30.880989,118.71,0.1941,752,872,中
DO202607170068,2026-07-17,P039,青江百货连锁超市,R07,104.269502,30.876837,51.3,0.1151,531,651,中
DO202607170069,2026-07-17,P040,上蔬永辉超市(西单商场店),R02,104.000521,30.674866,382.91,0.5048,735,855,高
DO202607170070,2026-07-17,P040,上蔬永辉超市(西单商场店),R02,104.000521,30.674866,47.93,0.0515,735,855,高
DO202607170071,2026-07-17,P041,永辉超市(成都青羊中铁大道店),R02,103.961452,30.670211,79.28,0.5659,548,668,中
DO202607170072,2026-07-17,P042,永辉超市(青羊新城市店),R02,104.057614,30.67321,22.31,0.2757,866,986,中
DO202607170073,2026-07-17,P042,永辉超市(青羊新城市店),R02,104.057614,30.67321,32.18,0.6587,867,987,高
DO202607170074,2026-07-17,P042,永辉超市(青羊新城市店),R02,104.057614,30.67321,19.22,0.4716,870,990,中
DO202607170075,2026-07-17,P043,红旗超市(中同仁路分场),R02,104.052373,30.668819,29.92,0.1024,730,850,高
DO202607170076,2026-07-17,P043,红旗超市(中同仁路分场),R02,104.052373,30.668819,27.78,0.0946,734,854,低
DO202607170077,2026-07-17,P044,邻你生活超市(大庆店),R02,104.032527,30.669557,15.11,0.498,618,738,低
DO202607170078,2026-07-17,P044,邻你生活超市(大庆店),R02,104.032527,30.669557,62.65,0.0468,621,741,高
DO202607170079,2026-07-17,P044,邻你生活超市(大庆店),R02,104.032527,30.669557,6.78,0.2618,622,742,中
DO202607170080,2026-07-17,P044,邻你生活超市(大庆店),R02,104.032527,30.669557,638.16,0.0672,624,744,高
DO202607170081,2026-07-17,P044,邻你生活超市(大庆店),R02,104.032527,30.669557,195.0,2.5482,625,745,中
DO202607170082,2026-07-17,P044,邻你生活超市(大庆店),R02,104.032527,30.669557,83.66,0.0694,628,748,中
DO202607170083,2026-07-17,P045,世纪红连锁超市,R08,104.208007,30.532247,67.32,0.3583,569,689,高
DO202607170084,2026-07-17,P046,尚喜超市(锦绣路店),R08,104.308338,30.606726,64.05,0.4287,550,670,中
DO202607170085,2026-07-17,P046,尚喜超市(锦绣路店),R08,104.308338,30.606726,4.56,0.0617,558,678,高
DO202607170086,2026-07-17,P046,尚喜超市(锦绣路店),R08,104.308338,30.606726,6.06,0.5796,559,679,中
DO202607170087,2026-07-17,P047,永辉超市(成都龙泉驿万达广场店),R08,104.269392,30.566865,397.2,1.469,705,825,高
DO202607170088,2026-07-17,P047,永辉超市(成都龙泉驿万达广场店),R08,104.269392,30.566865,82.36,0.4411,709,829,中
DO202607170089,2026-07-17,P047,永辉超市(成都龙泉驿万达广场店),R08,104.269392,30.566865,62.7,0.6579,711,831,中
DO202607170090,2026-07-17,P047,永辉超市(成都龙泉驿万达广场店),R08,104.269392,30.566865,30.57,0.1852,713,833,高
DO202607180000,2026-07-18,P001,689便民(荣盛·香榭兰庭店),R06,104.135375,30.623625,23.94,0.0908,701,821,高
DO202607180001,2026-07-18,P001,689便民(荣盛·香榭兰庭店),R06,104.135375,30.623625,11.4,0.1434,704,824,中
DO202607180002,2026-07-18,P001,689便民(荣盛·香榭兰庭店),R06,104.135375,30.623625,14.82,0.468,705,825,中
DO202607180003,2026-07-18,P002,十二超市(佳年华广场1期店),R06,104.131787,30.627615,112.69,0.2275,823,943,中
DO202607180004,2026-07-18,P003,红旗连锁,R06,104.132763,30.627528,777.06,3.0292,538,658,中
DO202607180005,2026-07-18,P004,老蔡小卖部(水碾河路北社区三街店),R06,104.099234,30.648748,30.04,0.0415,596,716,中
DO202607180006,2026-07-18,P005,郝英超市,R06,104.129707,30.628761,19.78,0.0678,514,634,高
DO202607180007,2026-07-18,P005,郝英超市,R06,104.129707,30.628761,41.76,0.3561,515,635,低
DO202607180008,2026-07-18,P005,郝英超市,R06,104.129707,30.628761,48.43,0.2124,516,636,中
DO202607180009,2026-07-18,P006,全家便利店(龙江路店),R03,104.077199,30.641639,346.47,0.1164,847,967,中
DO202607180010,2026-07-18,P006,全家便利店(龙江路店),R03,104.077199,30.641639,89.4,0.2384,853,973,低
DO202607180011,2026-07-18,P007,永辉超市(成都市新城吾悦广场店),R03,103.988663,30.626255,59.69,0.1777,772,892,中
DO202607180012,2026-07-18,P007,永辉超市(成都市新城吾悦广场店),R03,103.988663,30.626255,51.27,0.0955,773,893,高
DO202607180013,2026-07-18,P008,永辉超市(银泰城店),R03,104.058121,30.541191,132.49,1.0483,856,976,中
DO202607180014,2026-07-18,P008,永辉超市(银泰城店),R03,104.058121,30.541191,37.05,0.5489,856,976,中
DO202607180015,2026-07-18,P008,永辉超市(银泰城店),R03,104.058121,30.541191,30.14,0.1135,856,976,中
DO202607180016,2026-07-18,P008,永辉超市(银泰城店),R03,104.058121,30.541191,28.18,1.3108,857,977,低
DO202607180017,2026-07-18,P008,永辉超市(银泰城店),R03,104.058121,30.541191,98.86,1.4693,863,983,中
DO202607180018,2026-07-18,P009,永辉超市(龙湖成都金楠天街店),R03,103.995986,30.648731,307.94,0.3633,562,682,中
DO202607180019,2026-07-18,P009,永辉超市(龙湖成都金楠天街店),R03,103.995986,30.648731,165.05,0.9853,563,683,高
DO202607180020,2026-07-18,P010,百分百超市(心语店),R03,104.045915,30.545712,90.9,3.401,900,1020,中
DO202607180021,2026-07-18,P011,永辉超市(成都市双铁广场店),R01,103.975737,30.758309,6.5,0.1959,900,1020,中
DO202607180022,2026-07-18,P011,永辉超市(成都市双铁广场店),R01,103.975737,30.758309,33.86,0.4199,900,1020,低
DO202607180023,2026-07-18,P011,永辉超市(成都市双铁广场店),R01,103.975737,30.758309,51.69,0.0812,903,1023,中
DO202607180024,2026-07-18,P011,永辉超市(成都市双铁广场店),R01,103.975737,30.758309,141.19,0.081,904,1024,中
DO202607180025,2026-07-18,P011,永辉超市(成都市双铁广场店),R01,103.975737,30.758309,91.55,0.5554,908,1028,中
DO202607180026,2026-07-18,P011,永辉超市(成都市双铁广场店),R01,103.975737,30.758309,64.98,0.1852,909,1029,高
DO202607180027,2026-07-18,P011,永辉超市(成都市双铁广场店),R01,103.975737,30.758309,58.1,0.0826,909,1029,中
DO202607180028,2026-07-18,P011,永辉超市(成都市双铁广场店),R01,103.975737,30.758309,13.47,0.3813,909,1029,高
DO202607180029,2026-07-18,P013,永辉超市(爱琴海购物中心店),R01,103.991901,30.737566,95.96,0.6292,706,826,高
DO202607180030,2026-07-18,P013,永辉超市(爱琴海购物中心店),R01,103.991901,30.737566,40.44,0.2291,713,833,高
DO202607180031,2026-07-18,P014,永辉超市(龙湖成都时代天街店),R01,103.921214,30.750831,41.2,2.1348,724,844,高
DO202607180032,2026-07-18,P014,永辉超市(龙湖成都时代天街店),R01,103.921214,30.750831,23.64,3.2926,725,845,中
DO202607180033,2026-07-18,P014,永辉超市(龙湖成都时代天街店),R01,103.921214,30.750831,10.08,0.1616,726,846,低
DO202607180034,2026-07-18,P014,永辉超市(龙湖成都时代天街店),R01,103.921214,30.750831,31.98,0.0468,729,849,中
DO202607180035,2026-07-18,P014,永辉超市(龙湖成都时代天街店),R01,103.921214,30.750831,114.05,0.034,731,851,中
DO202607180036,2026-07-18,P015,红旗超市(龙湖时代天街店),R01,103.919653,30.752444,28.24,2.1373,869,989,低
DO202607180037,2026-07-18,P015,红旗超市(龙湖时代天街店),R01,103.919653,30.752444,3.95,0.4214,872,992,低
DO202607180038,2026-07-18,P015,红旗超市(龙湖时代天街店),R01,103.919653,30.752444,50.82,0.1416,874,994,中
DO202607180039,2026-07-18,P015,红旗超市(龙湖时代天街店),R01,103.919653,30.752444,36.41,0.2772,876,996,高
DO202607180040,2026-07-18,P016,LAWSON罗森(枣子巷15号院店),R04,104.044885,30.667759,29.62,0.8887,820,940,低
DO202607180041,2026-07-18,P017,LAWSON罗森(龙湖成都上城天街店),R04,104.071944,30.68395,38.83,0.0653,880,1000,低
DO202607180042,2026-07-18,P017,LAWSON罗森(龙湖成都上城天街店),R04,104.071944,30.68395,62.11,0.059,882,1002,中
DO202607180043,2026-07-18,P017,LAWSON罗森(龙湖成都上城天街店),R04,104.071944,30.68395,46.01,0.9878,883,1003,低
DO202607180044,2026-07-18,P018,乐多(成华西街一店),R04,104.071998,30.683402,450.33,1.0036,800,920,低
DO202607180045,2026-07-18,P019,奥特乐(成都龙湖上城天街店),R04,104.072004,30.684929,26.91,0.1247,565,685,低
DO202607180046,2026-07-18,P020,朴朴超市(西体路店),R04,104.061775,30.681195,183.55,0.0714,709,829,高
DO202607180047,2026-07-18,P020,朴朴超市(西体路店),R04,104.061775,30.681195,7.82,0.5123,711,831,中
DO202607180048,2026-07-18,P021,Ole 精品超市(IFS国际金融中心店),R05,104.081893,30.655003,18.0,0.0787,656,776,中
DO202607180049,2026-07-18,P021,Ole 精品超市(IFS国际金融中心店),R05,104.081893,30.655003,5.04,2.4406,657,777,高
DO202607180050,2026-07-18,P021,Ole 精品超市(IFS国际金融中心店),R05,104.081893,30.655003,42.08,0.328,657,777,高
DO202607180051,2026-07-18,P022,四川舞东风超市连锁股份有限公司,R05,104.082047,30.660437,8.8,0.8183,579,699,高
DO202607180052,2026-07-18,P022,四川舞东风超市连锁股份有限公司,R05,104.082047,30.660437,135.56,4.1653,580,700,中
DO202607180053,2026-07-18,P023,永辉超市(文华广场店),R05,104.107695,30.637048,13.34,0.1685,543,663,高
DO202607180054,2026-07-18,P024,永辉超市(锦江城市花园店),R05,104.142752,30.595134,12.68,0.5203,860,980,中
DO202607180055,2026-07-18,P024,永辉超市(锦江城市花园店),R05,104.142752,30.595134,19.16,0.7766,861,981,中
DO202607180056,2026-07-18,P025,红旗超市(成都红旗商厦店),R05,104.072081,30.658735,74.32,4.9239,692,812,中
DO202607180057,2026-07-18,P026,友好多连锁超市(界牌店),R07,104.313922,30.880419,16.46,0.1717,612,732,中
DO202607180058,2026-07-18,P027,大荣发连锁超市(和顺雅苑店),R07,104.253582,30.90011,19.4,0.3186,690,810,中
DO202607180059,2026-07-18,P027,大荣发连锁超市(和顺雅苑店),R07,104.253582,30.90011,455.13,0.1832,691,811,高
DO202607180060,2026-07-18,P027,大荣发连锁超市(和顺雅苑店),R07,104.253582,30.90011,8.41,0.1864,696,816,中
DO202607180061,2026-07-18,P028,永辉超市(天府欧城店),R07,104.256388,30.892152,34.79,0.6968,592,712,高
DO202607180062,2026-07-18,P029,永辉超市(青白江万达广场店),R07,104.253652,30.878095,50.83,0.118,829,949,中
DO202607180063,2026-07-18,P030,润都连锁生活超市(正兴路店),R07,104.188354,30.87079,5.47,0.2013,794,914,高
DO202607180064,2026-07-18,P031,渝华连锁超市(学苑路店),R07,104.276426,30.875299,45.66,0.1802,826,946,中
DO202607180065,2026-07-18,P034,红旗连锁(北城新界民族花园店),R07,104.201632,30.877318,8.28,0.3947,780,900,低
DO202607180066,2026-07-18,P034,红旗连锁(北城新界民族花园店),R07,104.201632,30.877318,51.21,0.5773,780,900,中
DO202607180067,2026-07-18,P034,红旗连锁(北城新界民族花园店),R07,104.201632,30.877318,18.63,0.5061,780,900,低
DO202607180068,2026-07-18,P034,红旗连锁(北城新界民族花园店),R07,104.201632,30.877318,205.58,0.1392,787,907,低
DO202607180069,2026-07-18,P034,红旗连锁(北城新界民族花园店),R07,104.201632,30.877318,68.31,0.4835,788,908,低
DO202607180070,2026-07-18,P035,红旗连锁(青白江同金街便利店),R07,104.244552,30.889503,26.99,0.802,769,889,中
DO202607180071,2026-07-18,P037,红旗连锁(青白江石家碾西路店),R07,104.253962,30.887052,9.89,1.4058,803,923,中
DO202607180072,2026-07-18,P037,红旗连锁(青白江石家碾西路店),R07,104.253962,30.887052,10.55,0.4597,803,923,中
DO202607180073,2026-07-18,P038,青江一家超市,R07,104.284321,30.880989,40.98,0.2967,602,722,中
DO202607180074,2026-07-18,P038,青江一家超市,R07,104.284321,30.880989,154.66,0.2399,602,722,中
DO202607180075,2026-07-18,P038,青江一家超市,R07,104.284321,30.880989,12.69,0.0983,605,725,中
DO202607180076,2026-07-18,P038,青江一家超市,R07,104.284321,30.880989,10.27,0.1612,609,729,低
DO202607180077,2026-07-18,P039,青江百货连锁超市,R07,104.269502,30.876837,9.01,0.7261,596,716,中
DO202607180078,2026-07-18,P039,青江百货连锁超市,R07,104.269502,30.876837,69.41,0.1041,603,723,中
DO202607180079,2026-07-18,P040,上蔬永辉超市(西单商场店),R02,104.000521,30.674866,8.84,1.1343,654,774,中
DO202607180080,2026-07-18,P041,永辉超市(成都青羊中铁大道店),R02,103.961452,30.670211,32.81,0.0193,634,754,高
DO202607180081,2026-07-18,P041,永辉超市(成都青羊中铁大道店),R02,103.961452,30.670211,23.75,0.2054,634,754,中
DO202607180082,2026-07-18,P042,永辉超市(青羊新城市店),R02,104.057614,30.67321,16.87,0.4295,681,801,高
DO202607180083,2026-07-18,P042,永辉超市(青羊新城市店),R02,104.057614,30.67321,216.47,0.0611,684,804,中
DO202607180084,2026-07-18,P043,红旗超市(中同仁路分场),R02,104.052373,30.668819,155.07,0.5689,514,634,中
DO202607180085,2026-07-18,P043,红旗超市(中同仁路分场),R02,104.052373,30.668819,161.69,0.0743,515,635,中
DO202607180086,2026-07-18,P043,红旗超市(中同仁路分场),R02,104.052373,30.668819,29.61,0.0728,516,636,中
DO202607180087,2026-07-18,P043,红旗超市(中同仁路分场),R02,104.052373,30.668819,54.83,2.1382,517,637,中
DO202607180088,2026-07-18,P043,红旗超市(中同仁路分场),R02,104.052373,30.668819,111.9,0.4324,524,644,中
DO202607180089,2026-07-18,P044,邻你生活超市(大庆店),R02,104.032527,30.669557,28.7,1.3773,745,865,低
DO202607180090,2026-07-18,P044,邻你生活超市(大庆店),R02,104.032527,30.669557,234.0,0.0678,746,866,中
DO202607180091,2026-07-18,P045,世纪红连锁超市,R08,104.208007,30.532247,43.11,0.0754,523,643,中
DO202607180092,2026-07-18,P045,世纪红连锁超市,R08,104.208007,30.532247,76.08,0.1392,531,651,中
DO202607180093,2026-07-18,P046,尚喜超市(锦绣路店),R08,104.308338,30.606726,114.69,0.5561,732,852,中
DO202607180094,2026-07-18,P046,尚喜超市(锦绣路店),R08,104.308338,30.606726,11.22,0.1414,732,852,高
DO202607180095,2026-07-18,P046,尚喜超市(锦绣路店),R08,104.308338,30.606726,294.86,3.0614,737,857,高
DO202607180096,2026-07-18,P046,尚喜超市(锦绣路店),R08,104.308338,30.606726,66.55,0.2251,737,857,中
DO202607180097,2026-07-18,P046,尚喜超市(锦绣路店),R08,104.308338,30.606726,7.59,0.1261,738,858,低
DO202607180098,2026-07-18,P046,尚喜超市(锦绣路店),R08,104.308338,30.606726,3546.85,0.3696,739,859,中
DO202607180099,2026-07-18,P047,永辉超市(成都龙泉驿万达广场店),R08,104.269392,30.566865,6.94,0.4683,841,961,中
DO202607180100,2026-07-18,P047,永辉超市(成都龙泉驿万达广场店),R08,104.269392,30.566865,44.31,0.0692,842,962,中
DO202607180101,2026-07-18,P047,永辉超市(成都龙泉驿万达广场店),R08,104.269392,30.566865,20.27,0.1139,847,967,中
DO202607180102,2026-07-18,P048,汇联美连锁超市(中街店),R08,104.27333,30.560098,15.48,0.2074,527,647,中
DO202607180103,2026-07-18,P048,汇联美连锁超市(中街店),R08,104.27333,30.560098,34.66,0.1459,529,649,中
DO202607180104,2026-07-18,P049,百伦生活超市(龙泉店),R08,104.273346,30.559846,165.2,0.1152,680,800,中
DO202607180105,2026-07-18,P049,百伦生活超市(龙泉店),R08,104.273346,30.559846,50.61,0.728,684,804,低
DO202607180106,2026-07-18,P049,百伦生活超市(龙泉店),R08,104.273346,30.559846,40.46,0.0227,685,805,低
DO202607190000,2026-07-19,P001,689便民(荣盛·香榭兰庭店),R06,104.135375,30.623625,115.89,0.5364,534,654,中
DO202607190001,2026-07-19,P001,689便民(荣盛·香榭兰庭店),R06,104.135375,30.623625,43.21,0.7041,535,655,中
DO202607190002,2026-07-19,P002,十二超市(佳年华广场1期店),R06,104.131787,30.627615,330.19,0.024,626,746,中
DO202607190003,2026-07-19,P004,老蔡小卖部(水碾河路北社区三街店),R06,104.099234,30.648748,9.47,0.1678,620,740,中
DO202607190004,2026-07-19,P004,老蔡小卖部(水碾河路北社区三街店),R06,104.099234,30.648748,25.42,2.3038,622,742,高
DO202607190005,2026-07-19,P004,老蔡小卖部(水碾河路北社区三街店),R06,104.099234,30.648748,214.74,10.1728,624,744,低
DO202607190006,2026-07-19,P005,郝英超市,R06,104.129707,30.628761,121.57,0.6155,829,949,中
DO202607190007,2026-07-19,P006,全家便利店(龙江路店),R03,104.077199,30.641639,305.81,0.2661,580,700,中
DO202607190008,2026-07-19,P006,全家便利店(龙江路店),R03,104.077199,30.641639,321.11,0.6027,581,701,高
DO202607190009,2026-07-19,P006,全家便利店(龙江路店),R03,104.077199,30.641639,61.1,0.3593,584,704,低
DO202607190010,2026-07-19,P006,全家便利店(龙江路店),R03,104.077199,30.641639,10.26,0.219,586,706,高
DO202607190011,2026-07-19,P007,永辉超市(成都市新城吾悦广场店),R03,103.988663,30.626255,15.28,1.7959,674,794,中
DO202607190012,2026-07-19,P008,永辉超市(银泰城店),R03,104.058121,30.541191,3.6,0.0838,668,788,低
DO202607190013,2026-07-19,P009,永辉超市(龙湖成都金楠天街店),R03,103.995986,30.648731,33.36,9.5659,892,1012,中
DO202607190014,2026-07-19,P009,永辉超市(龙湖成都金楠天街店),R03,103.995986,30.648731,20.25,0.3153,899,1019,中
DO202607190015,2026-07-19,P009,永辉超市(龙湖成都金楠天街店),R03,103.995986,30.648731,37.81,2.0218,899,1019,低
DO202607190016,2026-07-19,P010,百分百超市(心语店),R03,104.045915,30.545712,0.69,0.3849,902,1022,中
DO202607190017,2026-07-19,P010,百分百超市(心语店),R03,104.045915,30.545712,7.56,0.3103,903,1023,高
DO202607190018,2026-07-19,P010,百分百超市(心语店),R03,104.045915,30.545712,24.61,0.1043,906,1026,中
DO202607190019,2026-07-19,P011,永辉超市(成都市双铁广场店),R01,103.975737,30.758309,62.33,0.0823,642,762,中
DO202607190020,2026-07-19,P011,永辉超市(成都市双铁广场店),R01,103.975737,30.758309,75.32,0.0849,642,762,低
DO202607190021,2026-07-19,P011,永辉超市(成都市双铁广场店),R01,103.975737,30.758309,90.43,2.8209,648,768,中
DO202607190022,2026-07-19,P012,永辉超市(成都市蜀都万达广场店),R01,103.907862,30.807642,77.14,4.1556,879,999,低
DO202607190023,2026-07-19,P012,永辉超市(成都市蜀都万达广场店),R01,103.907862,30.807642,18.16,1.1967,884,1004,中
DO202607190024,2026-07-19,P012,永辉超市(成都市蜀都万达广场店),R01,103.907862,30.807642,6.85,0.2589,885,1005,中
DO202607190025,2026-07-19,P013,永辉超市(爱琴海购物中心店),R01,103.991901,30.737566,47.09,0.1621,703,823,中
DO202607190026,2026-07-19,P013,永辉超市(爱琴海购物中心店),R01,103.991901,30.737566,3.83,0.325,706,826,低
DO202607190027,2026-07-19,P014,永辉超市(龙湖成都时代天街店),R01,103.921214,30.750831,133.26,0.5467,751,871,高
DO202607190028,2026-07-19,P014,永辉超市(龙湖成都时代天街店),R01,103.921214,30.750831,22.81,0.3169,754,874,低
DO202607190029,2026-07-19,P014,永辉超市(龙湖成都时代天街店),R01,103.921214,30.750831,6.8,0.126,757,877,高
DO202607190030,2026-07-19,P014,永辉超市(龙湖成都时代天街店),R01,103.921214,30.750831,10.71,0.3207,758,878,低
DO202607190031,2026-07-19,P014,永辉超市(龙湖成都时代天街店),R01,103.921214,30.750831,155.81,0.2945,759,879,中
DO202607190032,2026-07-19,P015,红旗超市(龙湖时代天街店),R01,103.919653,30.752444,87.69,1.1133,858,978,中
DO202607190033,2026-07-19,P015,红旗超市(龙湖时代天街店),R01,103.919653,30.752444,183.02,0.0157,859,979,中
DO202607190034,2026-07-19,P015,红旗超市(龙湖时代天街店),R01,103.919653,30.752444,5.43,0.2915,864,984,中
DO202607190035,2026-07-19,P017,LAWSON罗森(龙湖成都上城天街店),R04,104.071944,30.68395,44.63,0.1519,532,652,中
DO202607190036,2026-07-19,P017,LAWSON罗森(龙湖成都上城天街店),R04,104.071944,30.68395,476.39,0.344,533,653,中
DO202607190037,2026-07-19,P017,LAWSON罗森(龙湖成都上城天街店),R04,104.071944,30.68395,4.41,0.1737,536,656,低
DO202607190038,2026-07-19,P018,乐多(成华西街一店),R04,104.071998,30.683402,29.94,0.1716,656,776,中
DO202607190039,2026-07-19,P018,乐多(成华西街一店),R04,104.071998,30.683402,160.42,0.7532,661,781,中
DO202607190040,2026-07-19,P018,乐多(成华西街一店),R04,104.071998,30.683402,90.0,1.9209,664,784,低
DO202607190041,2026-07-19,P019,奥特乐(成都龙湖上城天街店),R04,104.072004,30.684929,14.57,0.1364,739,859,低
DO202607190042,2026-07-19,P020,朴朴超市(西体路店),R04,104.061775,30.681195,21.16,0.0403,901,1021,高
DO202607190043,2026-07-19,P020,朴朴超市(西体路店),R04,104.061775,30.681195,140.41,0.57,903,1023,中
DO202607190044,2026-07-19,P021,Ole 精品超市(IFS国际金融中心店),R05,104.081893,30.655003,27.73,0.0715,716,836,高
DO202607190045,2026-07-19,P022,四川舞东风超市连锁股份有限公司,R05,104.082047,30.660437,368.46,0.5162,733,853,中
DO202607190046,2026-07-19,P022,四川舞东风超市连锁股份有限公司,R05,104.082047,30.660437,5.21,0.2191,735,855,低
DO202607190047,2026-07-19,P022,四川舞东风超市连锁股份有限公司,R05,104.082047,30.660437,189.76,0.4774,738,858,中
DO202607190048,2026-07-19,P023,永辉超市(文华广场店),R05,104.107695,30.637048,121.37,0.6518,530,650,低
DO202607190049,2026-07-19,P024,永辉超市(锦江城市花园店),R05,104.142752,30.595134,141.26,0.087,751,871,中
DO202607190050,2026-07-19,P025,红旗超市(成都红旗商厦店),R05,104.072081,30.658735,9.51,0.2178,744,864,高
DO202607190051,2026-07-19,P025,红旗超市(成都红旗商厦店),R05,104.072081,30.658735,19.6,0.6898,747,867,高
DO202607190052,2026-07-19,P026,友好多连锁超市(界牌店),R07,104.313922,30.880419,79.64,0.1707,770,890,高
DO202607190053,2026-07-19,P027,大荣发连锁超市(和顺雅苑店),R07,104.253582,30.90011,684.92,0.2995,749,869,中
DO202607190054,2026-07-19,P028,永辉超市(天府欧城店),R07,104.256388,30.892152,267.84,0.566,633,753,高
DO202607190055,2026-07-19,P029,永辉超市(青白江万达广场店),R07,104.253652,30.878095,9.03,0.1254,521,641,高
DO202607190056,2026-07-19,P029,永辉超市(青白江万达广场店),R07,104.253652,30.878095,39.14,0.1612,522,642,低
DO202607190057,2026-07-19,P030,润都连锁生活超市(正兴路店),R07,104.188354,30.87079,7.26,0.1714,808,928,中
DO202607190058,2026-07-19,P030,润都连锁生活超市(正兴路店),R07,104.188354,30.87079,27.14,0.0483,813,933,中
DO202607190059,2026-07-19,P030,润都连锁生活超市(正兴路店),R07,104.188354,30.87079,38.24,0.3364,813,933,中
DO202607190060,2026-07-19,P031,渝华连锁超市(学苑路店),R07,104.276426,30.875299,29.74,0.1754,557,677,低
DO202607190061,2026-07-19,P031,渝华连锁超市(学苑路店),R07,104.276426,30.875299,264.17,0.3416,557,677,高
DO202607190062,2026-07-19,P031,渝华连锁超市(学苑路店),R07,104.276426,30.875299,169.52,0.3846,561,681,低
DO202607190063,2026-07-19,P031,渝华连锁超市(学苑路店),R07,104.276426,30.875299,67.61,3.0671,563,683,中
DO202607190064,2026-07-19,P031,渝华连锁超市(学苑路店),R07,104.276426,30.875299,303.61,1.0496,567,687,高
DO202607190065,2026-07-19,P033,红旗超市(团结花园店),R07,104.246885,30.877313,145.13,1.5587,766,886,中
DO202607190066,2026-07-19,P037,红旗连锁(青白江石家碾西路店),R07,104.253962,30.887052,55.41,0.5684,777,897,中
DO202607190067,2026-07-19,P037,红旗连锁(青白江石家碾西路店),R07,104.253962,30.887052,99.61,0.4082,779,899,高
DO202607190068,2026-07-19,P037,红旗连锁(青白江石家碾西路店),R07,104.253962,30.887052,22.65,0.0995,779,899,中
DO202607190069,2026-07-19,P037,红旗连锁(青白江石家碾西路店),R07,104.253962,30.887052,22.01,1.5517,779,899,中
DO202607190070,2026-07-19,P037,红旗连锁(青白江石家碾西路店),R07,104.253962,30.887052,602.58,0.4572,783,903,高
DO202607190071,2026-07-19,P037,红旗连锁(青白江石家碾西路店),R07,104.253962,30.887052,88.06,0.224,784,904,中
DO202607190072,2026-07-19,P037,红旗连锁(青白江石家碾西路店),R07,104.253962,30.887052,128.27,1.0602,786,906,中
DO202607190073,2026-07-19,P038,青江一家超市,R07,104.284321,30.880989,6.94,0.3858,666,786,高
DO202607190074,2026-07-19,P038,青江一家超市,R07,104.284321,30.880989,68.0,0.0665,666,786,低
DO202607190075,2026-07-19,P039,青江百货连锁超市,R07,104.269502,30.876837,104.69,2.4789,637,757,高
DO202607190076,2026-07-19,P039,青江百货连锁超市,R07,104.269502,30.876837,221.13,0.1384,638,758,中
DO202607190077,2026-07-19,P040,上蔬永辉超市(西单商场店),R02,104.000521,30.674866,40.74,0.0856,568,688,低
DO202607190078,2026-07-19,P040,上蔬永辉超市(西单商场店),R02,104.000521,30.674866,42.88,0.0724,570,690,低
DO202607190079,2026-07-19,P040,上蔬永辉超市(西单商场店),R02,104.000521,30.674866,16.48,0.3981,572,692,低
DO202607190080,2026-07-19,P041,永辉超市(成都青羊中铁大道店),R02,103.961452,30.670211,49.48,0.2486,652,772,中
DO202607190081,2026-07-19,P041,永辉超市(成都青羊中铁大道店),R02,103.961452,30.670211,104.96,0.0275,652,772,高
DO202607190082,2026-07-19,P041,永辉超市(成都青羊中铁大道店),R02,103.961452,30.670211,6357.74,0.1932,652,772,中
DO202607190083,2026-07-19,P041,永辉超市(成都青羊中铁大道店),R02,103.961452,30.670211,206.32,0.0978,656,776,低
DO202607190084,2026-07-19,P041,永辉超市(成都青羊中铁大道店),R02,103.961452,30.670211,3.56,0.1074,656,776,中
DO202607190085,2026-07-19,P043,红旗超市(中同仁路分场),R02,104.052373,30.668819,193.12,0.481,831,951,低
DO202607190086,2026-07-19,P044,邻你生活超市(大庆店),R02,104.032527,30.669557,69.53,0.2491,735,855,低
DO202607190087,2026-07-19,P044,邻你生活超市(大庆店),R02,104.032527,30.669557,35.67,9.1281,739,859,中
DO202607190088,2026-07-19,P044,邻你生活超市(大庆店),R02,104.032527,30.669557,19.38,0.0588,740,860,中
DO202607190089,2026-07-19,P044,邻你生活超市(大庆店),R02,104.032527,30.669557,21.66,0.1189,743,863,高
DO202607190090,2026-07-19,P044,邻你生活超市(大庆店),R02,104.032527,30.669557,27.73,0.4187,744,864,低
DO202607190091,2026-07-19,P046,尚喜超市(锦绣路店),R08,104.308338,30.606726,39.14,0.6267,792,912,高
DO202607190092,2026-07-19,P046,尚喜超市(锦绣路店),R08,104.308338,30.606726,467.9,0.8328,796,916,低
DO202607190093,2026-07-19,P047,永辉超市(成都龙泉驿万达广场店),R08,104.269392,30.566865,721.8,0.6626,657,777,低
DO202607190094,2026-07-19,P047,永辉超市(成都龙泉驿万达广场店),R08,104.269392,30.566865,1.24,0.0219,659,779,中
DO202607190095,2026-07-19,P047,永辉超市(成都龙泉驿万达广场店),R08,104.269392,30.566865,121.21,0.4593,662,782,中
DO202607190096,2026-07-19,P047,永辉超市(成都龙泉驿万达广场店),R08,104.269392,30.566865,40.69,0.2754,662,782,低
DO202607190097,2026-07-19,P047,永辉超市(成都龙泉驿万达广场店),R08,104.269392,30.566865,231.61,0.6502,663,783,低
DO202607190098,2026-07-19,P048,汇联美连锁超市(中街店),R08,104.27333,30.560098,15.32,0.1376,882,1002,中
DO202607190099,2026-07-19,P049,百伦生活超市(龙泉店),R08,104.273346,30.559846,26.63,3.2672,835,955,中
DO202607200000,2026-07-20,P001,689便民(荣盛·香榭兰庭店),R06,104.135375,30.623625,11.64,0.4465,522,642,高
DO202607200001,2026-07-20,P001,689便民(荣盛·香榭兰庭店),R06,104.135375,30.623625,86.68,2.9404,525,645,高
DO202607200002,2026-07-20,P002,十二超市(佳年华广场1期店),R06,104.131787,30.627615,22.98,0.0288,760,880,中
DO202607200003,2026-07-20,P005,郝英超市,R06,104.129707,30.628761,37.22,0.125,649,769,高
DO202607200004,2026-07-20,P006,全家便利店(龙江路店),R03,104.077199,30.641639,13.07,0.1653,668,788,中
DO202607200005,2026-07-20,P006,全家便利店(龙江路店),R03,104.077199,30.641639,38.24,0.6284,671,791,低
DO202607200006,2026-07-20,P006,全家便利店(龙江路店),R03,104.077199,30.641639,62.95,0.3076,677,797,高
DO202607200007,2026-07-20,P007,永辉超市(成都市新城吾悦广场店),R03,103.988663,30.626255,308.68,1.2385,628,748,中
DO202607200008,2026-07-20,P007,永辉超市(成都市新城吾悦广场店),R03,103.988663,30.626255,264.99,0.3187,634,754,中
DO202607200009,2026-07-20,P008,永辉超市(银泰城店),R03,104.058121,30.541191,4.39,0.2081,653,773,中
DO202607200010,2026-07-20,P008,永辉超市(银泰城店),R03,104.058121,30.541191,13.7,1.7916,655,775,高
DO202607200011,2026-07-20,P008,永辉超市(银泰城店),R03,104.058121,30.541191,208.07,0.3088,657,777,低
DO202607200012,2026-07-20,P009,永辉超市(龙湖成都金楠天街店),R03,103.995986,30.648731,2.02,0.4459,861,981,低
DO202607200013,2026-07-20,P009,永辉超市(龙湖成都金楠天街店),R03,103.995986,30.648731,8.33,0.1165,861,981,高
DO202607200014,2026-07-20,P009,永辉超市(龙湖成都金楠天街店),R03,103.995986,30.648731,287.62,0.3227,866,986,低
DO202607200015,2026-07-20,P010,百分百超市(心语店),R03,104.045915,30.545712,708.1,0.035,808,928,高
DO202607200016,2026-07-20,P010,百分百超市(心语店),R03,104.045915,30.545712,17.38,0.1293,809,929,低
DO202607200017,2026-07-20,P010,百分百超市(心语店),R03,104.045915,30.545712,91.33,0.5455,810,930,中
DO202607200018,2026-07-20,P010,百分百超市(心语店),R03,104.045915,30.545712,113.72,0.1364,810,930,高
DO202607200019,2026-07-20,P010,百分百超市(心语店),R03,104.045915,30.545712,54.47,0.8426,814,934,高
DO202607200020,2026-07-20,P010,百分百超市(心语店),R03,104.045915,30.545712,3.13,0.2653,814,934,中
DO202607200021,2026-07-20,P011,永辉超市(成都市双铁广场店),R01,103.975737,30.758309,36.74,0.4007,826,946,中
DO202607200022,2026-07-20,P011,永辉超市(成都市双铁广场店),R01,103.975737,30.758309,27.54,0.3701,828,948,低
DO202607200023,2026-07-20,P011,永辉超市(成都市双铁广场店),R01,103.975737,30.758309,7.06,0.0418,828,948,高
DO202607200024,2026-07-20,P011,永辉超市(成都市双铁广场店),R01,103.975737,30.758309,28.48,0.3585,829,949,中
DO202607200025,2026-07-20,P013,永辉超市(爱琴海购物中心店),R01,103.991901,30.737566,84.98,0.182,843,963,中
DO202607200026,2026-07-20,P013,永辉超市(爱琴海购物中心店),R01,103.991901,30.737566,96.67,1.3799,844,964,低
DO202607200027,2026-07-20,P013,永辉超市(爱琴海购物中心店),R01,103.991901,30.737566,12.1,0.9026,847,967,中
DO202607200028,2026-07-20,P014,永辉超市(龙湖成都时代天街店),R01,103.921214,30.750831,84.53,0.7238,559,679,中
DO202607200029,2026-07-20,P014,永辉超市(龙湖成都时代天街店),R01,103.921214,30.750831,30.79,1.3343,560,680,中
DO202607200030,2026-07-20,P014,永辉超市(龙湖成都时代天街店),R01,103.921214,30.750831,13.08,0.4596,562,682,中
DO202607200031,2026-07-20,P014,永辉超市(龙湖成都时代天街店),R01,103.921214,30.750831,27.85,1.9827,565,685,高
DO202607200032,2026-07-20,P014,永辉超市(龙湖成都时代天街店),R01,103.921214,30.750831,172.87,0.1109,566,686,中
DO202607200033,2026-07-20,P015,红旗超市(龙湖时代天街店),R01,103.919653,30.752444,7.09,0.376,551,671,低
DO202607200034,2026-07-20,P015,红旗超市(龙湖时代天街店),R01,103.919653,30.752444,85.69,0.0236,552,672,中
DO202607200035,2026-07-20,P016,LAWSON罗森(枣子巷15号院店),R04,104.044885,30.667759,43.75,0.0635,846,966,中
DO202607200036,2026-07-20,P016,LAWSON罗森(枣子巷15号院店),R04,104.044885,30.667759,17.89,0.0608,854,974,中
DO202607200037,2026-07-20,P017,LAWSON罗森(龙湖成都上城天街店),R04,104.071944,30.68395,311.93,1.2178,606,726,高
DO202607200038,2026-07-20,P017,LAWSON罗森(龙湖成都上城天街店),R04,104.071944,30.68395,44.46,0.1236,608,728,中
DO202607200039,2026-07-20,P017,LAWSON罗森(龙湖成都上城天街店),R04,104.071944,30.68395,13.82,0.0775,608,728,低
DO202607200040,2026-07-20,P017,LAWSON罗森(龙湖成都上城天街店),R04,104.071944,30.68395,535.6,0.3906,614,734,中
DO202607200041,2026-07-20,P018,乐多(成华西街一店),R04,104.071998,30.683402,6.4,0.4197,736,856,低
DO202607200042,2026-07-20,P018,乐多(成华西街一店),R04,104.071998,30.683402,13.32,0.0768,745,865,高
DO202607200043,2026-07-20,P019,奥特乐(成都龙湖上城天街店),R04,104.072004,30.684929,90.5,0.1664,671,791,高
DO202607200044,2026-07-20,P019,奥特乐(成都龙湖上城天街店),R04,104.072004,30.684929,49.52,0.0176,674,794,低
DO202607200045,2026-07-20,P020,朴朴超市(西体路店),R04,104.061775,30.681195,5.0,0.3544,646,766,中
DO202607200046,2026-07-20,P020,朴朴超市(西体路店),R04,104.061775,30.681195,11.96,0.5331,646,766,高
DO202607200047,2026-07-20,P022,四川舞东风超市连锁股份有限公司,R05,104.082047,30.660437,170.26,3.1272,807,927,中
DO202607200048,2026-07-20,P023,永辉超市(文华广场店),R05,104.107695,30.637048,174.66,0.1322,820,940,中
DO202607200049,2026-07-20,P024,永辉超市(锦江城市花园店),R05,104.142752,30.595134,1732.13,0.4711,852,972,高
DO202607200050,2026-07-20,P026,友好多连锁超市(界牌店),R07,104.313922,30.880419,91.32,0.1775,709,829,中
DO202607200051,2026-07-20,P026,友好多连锁超市(界牌店),R07,104.313922,30.880419,159.7,0.0829,716,836,低
DO202607200052,2026-07-20,P027,大荣发连锁超市(和顺雅苑店),R07,104.253582,30.90011,39.64,1.5556,537,657,低
DO202607200053,2026-07-20,P027,大荣发连锁超市(和顺雅苑店),R07,104.253582,30.90011,41.49,1.738,541,661,低
DO202607200054,2026-07-20,P027,大荣发连锁超市(和顺雅苑店),R07,104.253582,30.90011,21.28,0.5333,545,665,高
DO202607200055,2026-07-20,P029,永辉超市(青白江万达广场店),R07,104.253652,30.878095,33.14,0.6801,744,864,中
DO202607200056,2026-07-20,P030,润都连锁生活超市(正兴路店),R07,104.188354,30.87079,29.73,0.1575,880,1000,中
DO202607200057,2026-07-20,P030,润都连锁生活超市(正兴路店),R07,104.188354,30.87079,66.38,0.1397,880,1000,中
DO202607200058,2026-07-20,P030,润都连锁生活超市(正兴路店),R07,104.188354,30.87079,27.41,0.2,883,1003,低
DO202607200059,2026-07-20,P030,润都连锁生活超市(正兴路店),R07,104.188354,30.87079,8.13,12.865,885,1005,中
DO202607200060,2026-07-20,P031,渝华连锁超市(学苑路店),R07,104.276426,30.875299,5.04,0.0627,539,659,高
DO202607200061,2026-07-20,P032,渝华连锁超市(绣川新城店),R07,104.330571,30.85576,63.68,0.0571,530,650,中
DO202607200062,2026-07-20,P033,红旗超市(团结花园店),R07,104.246885,30.877313,77.2,0.2508,752,872,中
DO202607200063,2026-07-20,P033,红旗超市(团结花园店),R07,104.246885,30.877313,127.36,0.5398,756,876,高
DO202607200064,2026-07-20,P033,红旗超市(团结花园店),R07,104.246885,30.877313,34.71,0.3901,756,876,高
DO202607200065,2026-07-20,P033,红旗超市(团结花园店),R07,104.246885,30.877313,17.4,0.0722,758,878,中
DO202607200066,2026-07-20,P033,红旗超市(团结花园店),R07,104.246885,30.877313,11.54,1.0504,759,879,低
DO202607200067,2026-07-20,P034,红旗连锁(北城新界民族花园店),R07,104.201632,30.877318,13.68,0.6766,805,925,中
DO202607200068,2026-07-20,P034,红旗连锁(北城新界民族花园店),R07,104.201632,30.877318,15.55,0.7079,806,926,低
DO202607200069,2026-07-20,P035,红旗连锁(青白江同金街便利店),R07,104.244552,30.889503,15.86,0.8205,655,775,中
DO202607200070,2026-07-20,P036,红旗连锁(青白江城厢首府分场),R07,104.323054,30.860039,184.59,0.4983,772,892,中
DO202607200071,2026-07-20,P037,红旗连锁(青白江石家碾西路店),R07,104.253962,30.887052,160.24,0.4083,623,743,低
DO202607200072,2026-07-20,P037,红旗连锁(青白江石家碾西路店),R07,104.253962,30.887052,111.07,0.0727,627,747,高
DO202607200073,2026-07-20,P037,红旗连锁(青白江石家碾西路店),R07,104.253962,30.887052,15.72,0.0101,627,747,中
DO202607200074,2026-07-20,P037,红旗连锁(青白江石家碾西路店),R07,104.253962,30.887052,649.49,0.1503,628,748,高
DO202607200075,2026-07-20,P038,青江一家超市,R07,104.284321,30.880989,10.95,1.1986,566,686,低
DO202607200076,2026-07-20,P038,青江一家超市,R07,104.284321,30.880989,57.93,0.0059,568,688,高
DO202607200077,2026-07-20,P039,青江百货连锁超市,R07,104.269502,30.876837,3.65,0.1028,722,842,中
DO202607200078,2026-07-20,P039,青江百货连锁超市,R07,104.269502,30.876837,26.45,0.0747,728,848,中
DO202607200079,2026-07-20,P039,青江百货连锁超市,R07,104.269502,30.876837,38.58,0.0432,731,851,中
DO202607200080,2026-07-20,P040,上蔬永辉超市(西单商场店),R02,104.000521,30.674866,23.31,0.5011,639,759,低
DO202607200081,2026-07-20,P041,永辉超市(成都青羊中铁大道店),R02,103.961452,30.670211,61.76,0.1682,819,939,高
DO202607200082,2026-07-20,P042,永辉超市(青羊新城市店),R02,104.057614,30.67321,123.51,1.0125,515,635,高
DO202607200083,2026-07-20,P042,永辉超市(青羊新城市店),R02,104.057614,30.67321,102.66,0.7109,515,635,低
DO202607200084,2026-07-20,P042,永辉超市(青羊新城市店),R02,104.057614,30.67321,105.76,0.8383,518,638,高
DO202607200085,2026-07-20,P042,永辉超市(青羊新城市店),R02,104.057614,30.67321,250.76,1.4524,519,639,中
DO202607200086,2026-07-20,P043,红旗超市(中同仁路分场),R02,104.052373,30.668819,232.33,0.1882,783,903,中
DO202607200087,2026-07-20,P043,红旗超市(中同仁路分场),R02,104.052373,30.668819,269.67,0.1249,783,903,低
DO202607200088,2026-07-20,P043,红旗超市(中同仁路分场),R02,104.052373,30.668819,41.89,1.1398,785,905,高
DO202607200089,2026-07-20,P043,红旗超市(中同仁路分场),R02,104.052373,30.668819,42.12,2.804,788,908,高
DO202607200090,2026-07-20,P043,红旗超市(中同仁路分场),R02,104.052373,30.668819,3.86,0.4916,790,910,中
DO202607200091,2026-07-20,P044,邻你生活超市(大庆店),R02,104.032527,30.669557,7.42,0.2798,744,864,中
DO202607200092,2026-07-20,P044,邻你生活超市(大庆店),R02,104.032527,30.669557,56.85,0.2801,744,864,中
DO202607200093,2026-07-20,P044,邻你生活超市(大庆店),R02,104.032527,30.669557,6.8,0.157,748,868,低
DO202607200094,2026-07-20,P044,邻你生活超市(大庆店),R02,104.032527,30.669557,66.44,0.3212,749,869,高
DO202607200095,2026-07-20,P044,邻你生活超市(大庆店),R02,104.032527,30.669557,57.33,1.3564,750,870,中
DO202607200096,2026-07-20,P046,尚喜超市(锦绣路店),R08,104.308338,30.606726,191.54,0.0907,728,848,中
DO202607200097,2026-07-20,P046,尚喜超市(锦绣路店),R08,104.308338,30.606726,91.41,0.1455,732,852,中
DO202607200098,2026-07-20,P046,尚喜超市(锦绣路店),R08,104.308338,30.606726,5.73,0.1905,733,853,中
DO202607200099,2026-07-20,P046,尚喜超市(锦绣路店),R08,104.308338,30.606726,14.11,0.0754,733,853,中
DO202607200100,2026-07-20,P047,永辉超市(成都龙泉驿万达广场店),R08,104.269392,30.566865,33.63,0.9347,902,1022,中
DO202607200101,2026-07-20,P049,百伦生活超市(龙泉店),R08,104.273346,30.559846,50.55,0.5926,827,947,低
DO202607200102,2026-07-20,P049,百伦生活超市(龙泉店),R08,104.273346,30.559846,60.46,0.4484,832,952,低
DO202607200103,2026-07-20,P049,百伦生活超市(龙泉店),R08,104.273346,30.559846,14.24,0.2454,834,954,高
DO202607210000,2026-07-21,P002,十二超市(佳年华广场1期店),R06,104.131787,30.627615,198.42,2.7148,641,761,高
DO202607210001,2026-07-21,P002,十二超市(佳年华广场1期店),R06,104.131787,30.627615,6.98,0.0455,645,765,低
DO202607210002,2026-07-21,P003,红旗连锁,R06,104.132763,30.627528,19.71,0.1416,670,790,中
DO202607210003,2026-07-21,P003,红旗连锁,R06,104.132763,30.627528,284.31,9.8042,677,797,高
DO202607210004,2026-07-21,P005,郝英超市,R06,104.129707,30.628761,47.23,0.0455,519,639,中
DO202607210005,2026-07-21,P005,郝英超市,R06,104.129707,30.628761,84.6,1.3084,520,640,中
DO202607210006,2026-07-21,P005,郝英超市,R06,104.129707,30.628761,155.24,0.0962,523,643,中
DO202607210007,2026-07-21,P006,全家便利店(龙江路店),R03,104.077199,30.641639,26.5,1.8575,720,840,高
DO202607210008,2026-07-21,P008,永辉超市(银泰城店),R03,104.058121,30.541191,189.57,0.5197,880,1000,高
DO202607210009,2026-07-21,P009,永辉超市(龙湖成都金楠天街店),R03,103.995986,30.648731,1.91,0.0091,875,995,中
DO202607210010,2026-07-21,P010,百分百超市(心语店),R03,104.045915,30.545712,283.16,0.1136,761,881,低
DO202607210011,2026-07-21,P010,百分百超市(心语店),R03,104.045915,30.545712,32.2,0.1193,765,885,高
DO202607210012,2026-07-21,P011,永辉超市(成都市双铁广场店),R01,103.975737,30.758309,724.77,0.3599,710,830,中
DO202607210013,2026-07-21,P011,永辉超市(成都市双铁广场店),R01,103.975737,30.758309,25.82,0.1899,716,836,低
DO202607210014,2026-07-21,P011,永辉超市(成都市双铁广场店),R01,103.975737,30.758309,10.04,0.0793,716,836,低
DO202607210015,2026-07-21,P011,永辉超市(成都市双铁广场店),R01,103.975737,30.758309,42.75,0.3023,718,838,中
DO202607210016,2026-07-21,P012,永辉超市(成都市蜀都万达广场店),R01,103.907862,30.807642,11.28,1.0986,855,975,中
DO202607210017,2026-07-21,P012,永辉超市(成都市蜀都万达广场店),R01,103.907862,30.807642,51.43,1.5517,856,976,中
DO202607210018,2026-07-21,P013,永辉超市(爱琴海购物中心店),R01,103.991901,30.737566,47.19,0.1589,707,827,中
DO202607210019,2026-07-21,P013,永辉超市(爱琴海购物中心店),R01,103.991901,30.737566,10.83,0.7453,709,829,中
DO202607210020,2026-07-21,P014,永辉超市(龙湖成都时代天街店),R01,103.921214,30.750831,14.38,0.4602,608,728,中
DO202607210021,2026-07-21,P014,永辉超市(龙湖成都时代天街店),R01,103.921214,30.750831,45.17,0.3453,616,736,中
DO202607210022,2026-07-21,P015,红旗超市(龙湖时代天街店),R01,103.919653,30.752444,105.6,0.5789,818,938,中
DO202607210023,2026-07-21,P015,红旗超市(龙湖时代天街店),R01,103.919653,30.752444,296.24,1.0581,820,940,低
DO202607210024,2026-07-21,P015,红旗超市(龙湖时代天街店),R01,103.919653,30.752444,17.38,0.3571,826,946,高
DO202607210025,2026-07-21,P015,红旗超市(龙湖时代天街店),R01,103.919653,30.752444,61.15,0.2647,826,946,中
DO202607210026,2026-07-21,P017,LAWSON罗森(龙湖成都上城天街店),R04,104.071944,30.68395,26.03,0.1473,826,946,中
DO202607210027,2026-07-21,P017,LAWSON罗森(龙湖成都上城天街店),R04,104.071944,30.68395,20.96,0.0564,827,947,低
DO202607210028,2026-07-21,P017,LAWSON罗森(龙湖成都上城天街店),R04,104.071944,30.68395,698.15,0.3574,829,949,中
DO202607210029,2026-07-21,P017,LAWSON罗森(龙湖成都上城天街店),R04,104.071944,30.68395,96.56,0.215,834,954,高
DO202607210030,2026-07-21,P018,乐多(成华西街一店),R04,104.071998,30.683402,2.5,0.7272,732,852,高
DO202607210031,2026-07-21,P018,乐多(成华西街一店),R04,104.071998,30.683402,9.28,0.0611,740,860,中
DO202607210032,2026-07-21,P018,乐多(成华西街一店),R04,104.071998,30.683402,80.33,0.1199,740,860,低
DO202607210033,2026-07-21,P018,乐多(成华西街一店),R04,104.071998,30.683402,108.19,1.0716,740,860,高
DO202607210034,2026-07-21,P019,奥特乐(成都龙湖上城天街店),R04,104.072004,30.684929,92.66,0.2271,564,684,高
DO202607210035,2026-07-21,P021,Ole 精品超市(IFS国际金融中心店),R05,104.081893,30.655003,102.42,2.0276,710,830,中
DO202607210036,2026-07-21,P021,Ole 精品超市(IFS国际金融中心店),R05,104.081893,30.655003,14.11,0.3123,714,834,中
DO202607210037,2026-07-21,P021,Ole 精品超市(IFS国际金融中心店),R05,104.081893,30.655003,340.8,0.3273,716,836,高
DO202607210038,2026-07-21,P022,四川舞东风超市连锁股份有限公司,R05,104.082047,30.660437,148.83,0.7581,865,985,低
DO202607210039,2026-07-21,P022,四川舞东风超市连锁股份有限公司,R05,104.082047,30.660437,45.24,1.5141,867,987,中
DO202607210040,2026-07-21,P022,四川舞东风超市连锁股份有限公司,R05,104.082047,30.660437,12.94,2.1315,869,989,中
DO202607210041,2026-07-21,P022,四川舞东风超市连锁股份有限公司,R05,104.082047,30.660437,258.32,0.2454,870,990,中
DO202607210042,2026-07-21,P023,永辉超市(文华广场店),R05,104.107695,30.637048,136.44,4.362,737,857,中
DO202607210043,2026-07-21,P024,永辉超市(锦江城市花园店),R05,104.142752,30.595134,77.46,2.4463,633,753,低
DO202607210044,2026-07-21,P024,永辉超市(锦江城市花园店),R05,104.142752,30.595134,40.49,0.2038,634,754,中
DO202607210045,2026-07-21,P024,永辉超市(锦江城市花园店),R05,104.142752,30.595134,6.6,0.0342,634,754,中
DO202607210046,2026-07-21,P025,红旗超市(成都红旗商厦店),R05,104.072081,30.658735,19.98,0.4666,572,692,高
DO202607210047,2026-07-21,P027,大荣发连锁超市(和顺雅苑店),R07,104.253582,30.90011,28.85,0.4854,836,956,低
DO202607210048,2026-07-21,P027,大荣发连锁超市(和顺雅苑店),R07,104.253582,30.90011,197.28,0.9626,840,960,中
DO202607210049,2026-07-21,P027,大荣发连锁超市(和顺雅苑店),R07,104.253582,30.90011,3.77,2.4059,841,961,高
DO202607210050,2026-07-21,P027,大荣发连锁超市(和顺雅苑店),R07,104.253582,30.90011,157.09,0.0842,843,963,中
DO202607210051,2026-07-21,P028,永辉超市(天府欧城店),R07,104.256388,30.892152,83.69,0.1733,841,961,中
DO202607210052,2026-07-21,P029,永辉超市(青白江万达广场店),R07,104.253652,30.878095,5.13,0.1808,788,908,中
DO202607210053,2026-07-21,P030,润都连锁生活超市(正兴路店),R07,104.188354,30.87079,2.78,1.6119,715,835,低
DO202607210054,2026-07-21,P030,润都连锁生活超市(正兴路店),R07,104.188354,30.87079,65.41,0.2633,716,836,低
DO202607210055,2026-07-21,P030,润都连锁生活超市(正兴路店),R07,104.188354,30.87079,68.91,0.3021,722,842,高
DO202607210056,2026-07-21,P031,渝华连锁超市(学苑路店),R07,104.276426,30.875299,138.52,0.2777,584,704,高
DO202607210057,2026-07-21,P031,渝华连锁超市(学苑路店),R07,104.276426,30.875299,204.33,0.0891,590,710,中
DO202607210058,2026-07-21,P033,红旗超市(团结花园店),R07,104.246885,30.877313,293.02,0.4596,791,911,中
DO202607210059,2026-07-21,P033,红旗超市(团结花园店),R07,104.246885,30.877313,33.9,0.3461,792,912,中
DO202607210060,2026-07-21,P033,红旗超市(团结花园店),R07,104.246885,30.877313,33.09,0.0193,793,913,中
DO202607210061,2026-07-21,P033,红旗超市(团结花园店),R07,104.246885,30.877313,227.09,0.11,794,914,低
DO202607210062,2026-07-21,P033,红旗超市(团结花园店),R07,104.246885,30.877313,26.58,0.0769,795,915,中
DO202607210063,2026-07-21,P035,红旗连锁(青白江同金街便利店),R07,104.244552,30.889503,66.02,0.7982,601,721,高
DO202607210064,2026-07-21,P035,红旗连锁(青白江同金街便利店),R07,104.244552,30.889503,47.75,0.5603,602,722,低
DO202607210065,2026-07-21,P037,红旗连锁(青白江石家碾西路店),R07,104.253962,30.887052,37.06,0.1907,576,696,中
DO202607210066,2026-07-21,P037,红旗连锁(青白江石家碾西路店),R07,104.253962,30.887052,5.7,0.7289,580,700,中
DO202607210067,2026-07-21,P037,红旗连锁(青白江石家碾西路店),R07,104.253962,30.887052,32.56,0.0997,585,705,中
DO202607210068,2026-07-21,P038,青江一家超市,R07,104.284321,30.880989,45.77,0.7517,644,764,中
DO202607210069,2026-07-21,P038,青江一家超市,R07,104.284321,30.880989,144.38,0.0309,644,764,低
DO202607210070,2026-07-21,P038,青江一家超市,R07,104.284321,30.880989,20.49,0.09,644,764,低
DO202607210071,2026-07-21,P039,青江百货连锁超市,R07,104.269502,30.876837,53.18,0.1247,814,934,低
DO202607210072,2026-07-21,P039,青江百货连锁超市,R07,104.269502,30.876837,27.72,0.0687,817,937,中
DO202607210073,2026-07-21,P039,青江百货连锁超市,R07,104.269502,30.876837,26.94,0.214,817,937,高
DO202607210074,2026-07-21,P039,青江百货连锁超市,R07,104.269502,30.876837,23.53,0.0092,818,938,中
DO202607210075,2026-07-21,P041,永辉超市(成都青羊中铁大道店),R02,103.961452,30.670211,80.78,0.5339,858,978,中
DO202607210076,2026-07-21,P042,永辉超市(青羊新城市店),R02,104.057614,30.67321,30.93,0.0741,864,984,中
DO202607210077,2026-07-21,P044,邻你生活超市(大庆店),R02,104.032527,30.669557,202.11,0.4472,578,698,高
DO202607210078,2026-07-21,P044,邻你生活超市(大庆店),R02,104.032527,30.669557,10.69,0.4423,581,701,高
DO202607210079,2026-07-21,P044,邻你生活超市(大庆店),R02,104.032527,30.669557,101.65,0.0273,581,701,中
DO202607210080,2026-07-21,P044,邻你生活超市(大庆店),R02,104.032527,30.669557,183.1,0.5275,581,701,中
DO202607210081,2026-07-21,P044,邻你生活超市(大庆店),R02,104.032527,30.669557,88.03,0.1019,583,703,中
DO202607210082,2026-07-21,P044,邻你生活超市(大庆店),R02,104.032527,30.669557,29.5,0.0762,586,706,中
DO202607210083,2026-07-21,P045,世纪红连锁超市,R08,104.208007,30.532247,59.84,1.3136,520,640,中
DO202607210084,2026-07-21,P046,尚喜超市(锦绣路店),R08,104.308338,30.606726,73.51,0.2065,834,954,中
DO202607210085,2026-07-21,P046,尚喜超市(锦绣路店),R08,104.308338,30.606726,1231.45,0.7647,838,958,中
DO202607210086,2026-07-21,P046,尚喜超市(锦绣路店),R08,104.308338,30.606726,277.57,0.6145,839,959,中
DO202607210087,2026-07-21,P046,尚喜超市(锦绣路店),R08,104.308338,30.606726,47.21,0.5783,842,962,低
DO202607210088,2026-07-21,P047,永辉超市(成都龙泉驿万达广场店),R08,104.269392,30.566865,6.73,4.1365,702,822,高
DO202607210089,2026-07-21,P047,永辉超市(成都龙泉驿万达广场店),R08,104.269392,30.566865,2.91,1.1039,702,822,低
DO202607210090,2026-07-21,P047,永辉超市(成都龙泉驿万达广场店),R08,104.269392,30.566865,50.6,0.1722,704,824,低
DO202607210091,2026-07-21,P047,永辉超市(成都龙泉驿万达广场店),R08,104.269392,30.566865,33.27,0.4451,712,832,高
DO202607210092,2026-07-21,P048,汇联美连锁超市(中街店),R08,104.27333,30.560098,91.02,0.198,618,738,高
DO202607210093,2026-07-21,P049,百伦生活超市(龙泉店),R08,104.273346,30.559846,2.85,2.3845,801,921,中
DO202607210094,2026-07-21,P049,百伦生活超市(龙泉店),R08,104.273346,30.559846,21.43,0.2265,810,930,高
DO202607220000,2026-07-22,P001,689便民(荣盛·香榭兰庭店),R06,104.135375,30.623625,83.57,0.3357,883,1003,低
DO202607220001,2026-07-22,P001,689便民(荣盛·香榭兰庭店),R06,104.135375,30.623625,15.12,0.0246,885,1005,中
DO202607220002,2026-07-22,P002,十二超市(佳年华广场1期店),R06,104.131787,30.627615,23.11,1.1457,782,902,高
DO202607220003,2026-07-22,P002,十二超市(佳年华广场1期店),R06,104.131787,30.627615,72.64,0.0825,788,908,中
DO202607220004,2026-07-22,P003,红旗连锁,R06,104.132763,30.627528,42.84,2.4954,636,756,低
DO202607220005,2026-07-22,P003,红旗连锁,R06,104.132763,30.627528,4.72,0.217,637,757,中
DO202607220006,2026-07-22,P003,红旗连锁,R06,104.132763,30.627528,12.81,1.2238,639,759,低
DO202607220007,2026-07-22,P003,红旗连锁,R06,104.132763,30.627528,41.87,0.8386,644,764,高
DO202607220008,2026-07-22,P004,老蔡小卖部(水碾河路北社区三街店),R06,104.099234,30.648748,40.66,0.484,765,885,低
DO202607220009,2026-07-22,P004,老蔡小卖部(水碾河路北社区三街店),R06,104.099234,30.648748,14.05,0.7443,766,886,低
DO202607220010,2026-07-22,P004,老蔡小卖部(水碾河路北社区三街店),R06,104.099234,30.648748,189.38,0.1824,770,890,低
DO202607220011,2026-07-22,P005,郝英超市,R06,104.129707,30.628761,3.29,0.6174,603,723,低
DO202607220012,2026-07-22,P006,全家便利店(龙江路店),R03,104.077199,30.641639,2.39,0.5176,848,968,高
DO202607220013,2026-07-22,P006,全家便利店(龙江路店),R03,104.077199,30.641639,1239.25,0.6384,850,970,中
DO202607220014,2026-07-22,P006,全家便利店(龙江路店),R03,104.077199,30.641639,119.24,0.1673,851,971,中
DO202607220015,2026-07-22,P006,全家便利店(龙江路店),R03,104.077199,30.641639,82.85,0.203,854,974,低
DO202607220016,2026-07-22,P008,永辉超市(银泰城店),R03,104.058121,30.541191,111.49,0.1761,612,732,中
DO202607220017,2026-07-22,P008,永辉超市(银泰城店),R03,104.058121,30.541191,66.43,1.222,619,739,低
DO202607220018,2026-07-22,P010,百分百超市(心语店),R03,104.045915,30.545712,1111.88,0.0478,594,714,低
DO202607220019,2026-07-22,P010,百分百超市(心语店),R03,104.045915,30.545712,20.54,1.5347,598,718,低
DO202607220020,2026-07-22,P010,百分百超市(心语店),R03,104.045915,30.545712,46.05,0.0885,599,719,中
DO202607220021,2026-07-22,P010,百分百超市(心语店),R03,104.045915,30.545712,45.14,0.1012,602,722,中
DO202607220022,2026-07-22,P012,永辉超市(成都市蜀都万达广场店),R01,103.907862,30.807642,78.41,0.2003,666,786,高
DO202607220023,2026-07-22,P012,永辉超市(成都市蜀都万达广场店),R01,103.907862,30.807642,80.13,0.5565,667,787,高
DO202607220024,2026-07-22,P012,永辉超市(成都市蜀都万达广场店),R01,103.907862,30.807642,8.15,0.4236,668,788,中
DO202607220025,2026-07-22,P013,永辉超市(爱琴海购物中心店),R01,103.991901,30.737566,34.24,0.6365,798,918,低
DO202607220026,2026-07-22,P013,永辉超市(爱琴海购物中心店),R01,103.991901,30.737566,23.18,0.1871,799,919,低
DO202607220027,2026-07-22,P013,永辉超市(爱琴海购物中心店),R01,103.991901,30.737566,18.8,0.5462,802,922,中
DO202607220028,2026-07-22,P014,永辉超市(龙湖成都时代天街店),R01,103.921214,30.750831,1219.84,0.0772,802,922,低
DO202607220029,2026-07-22,P015,红旗超市(龙湖时代天街店),R01,103.919653,30.752444,18.2,0.0696,852,972,低
DO202607220030,2026-07-22,P017,LAWSON罗森(龙湖成都上城天街店),R04,104.071944,30.68395,24.72,0.5252,633,753,低
DO202607220031,2026-07-22,P017,LAWSON罗森(龙湖成都上城天街店),R04,104.071944,30.68395,61.09,0.6388,635,755,中
DO202607220032,2026-07-22,P017,LAWSON罗森(龙湖成都上城天街店),R04,104.071944,30.68395,37.27,0.0749,640,760,低
DO202607220033,2026-07-22,P019,奥特乐(成都龙湖上城天街店),R04,104.072004,30.684929,181.44,0.109,773,893,高
DO202607220034,2026-07-22,P019,奥特乐(成都龙湖上城天街店),R04,104.072004,30.684929,292.75,0.3839,775,895,中
DO202607220035,2026-07-22,P019,奥特乐(成都龙湖上城天街店),R04,104.072004,30.684929,433.38,0.4784,781,901,中
DO202607220036,2026-07-22,P020,朴朴超市(西体路店),R04,104.061775,30.681195,76.75,0.1591,794,914,高
DO202607220037,2026-07-22,P020,朴朴超市(西体路店),R04,104.061775,30.681195,11.1,1.097,795,915,中
DO202607220038,2026-07-22,P021,Ole 精品超市(IFS国际金融中心店),R05,104.081893,30.655003,59.9,0.4393,747,867,高
DO202607220039,2026-07-22,P021,Ole 精品超市(IFS国际金融中心店),R05,104.081893,30.655003,13.68,0.715,748,868,中
DO202607220040,2026-07-22,P021,Ole 精品超市(IFS国际金融中心店),R05,104.081893,30.655003,957.96,0.2632,754,874,低
DO202607220041,2026-07-22,P023,永辉超市(文华广场店),R05,104.107695,30.637048,40.06,0.316,600,720,中
DO202607220042,2026-07-22,P023,永辉超市(文华广场店),R05,104.107695,30.637048,27.57,0.1138,600,720,高
DO202607220043,2026-07-22,P023,永辉超市(文华广场店),R05,104.107695,30.637048,13.24,0.2714,601,721,低
DO202607220044,2026-07-22,P023,永辉超市(文华广场店),R05,104.107695,30.637048,5.04,0.0558,601,721,低
DO202607220045,2026-07-22,P026,友好多连锁超市(界牌店),R07,104.313922,30.880419,1384.94,0.1104,731,851,中
DO202607220046,2026-07-22,P026,友好多连锁超市(界牌店),R07,104.313922,30.880419,60.74,0.1349,738,858,中
DO202607220047,2026-07-22,P027,大荣发连锁超市(和顺雅苑店),R07,104.253582,30.90011,40.16,0.1958,550,670,低
DO202607220048,2026-07-22,P027,大荣发连锁超市(和顺雅苑店),R07,104.253582,30.90011,63.73,2.3378,553,673,中
DO202607220049,2026-07-22,P028,永辉超市(天府欧城店),R07,104.256388,30.892152,17.11,0.0821,807,927,低
DO202607220050,2026-07-22,P029,永辉超市(青白江万达广场店),R07,104.253652,30.878095,5.04,0.1787,860,980,低
DO202607220051,2026-07-22,P029,永辉超市(青白江万达广场店),R07,104.253652,30.878095,18.68,0.2303,863,983,中
DO202607220052,2026-07-22,P030,润都连锁生活超市(正兴路店),R07,104.188354,30.87079,163.68,0.0862,755,875,中
DO202607220053,2026-07-22,P031,渝华连锁超市(学苑路店),R07,104.276426,30.875299,10.07,0.3551,622,742,低
DO202607220054,2026-07-22,P033,红旗超市(团结花园店),R07,104.246885,30.877313,18.4,0.0683,596,716,高
DO202607220055,2026-07-22,P033,红旗超市(团结花园店),R07,104.246885,30.877313,132.95,0.028,599,719,低
DO202607220056,2026-07-22,P033,红旗超市(团结花园店),R07,104.246885,30.877313,19.11,0.5443,599,719,中
DO202607220057,2026-07-22,P033,红旗超市(团结花园店),R07,104.246885,30.877313,101.66,0.588,602,722,高
DO202607220058,2026-07-22,P035,红旗连锁(青白江同金街便利店),R07,104.244552,30.889503,4.42,0.2729,608,728,高
DO202607220059,2026-07-22,P037,红旗连锁(青白江石家碾西路店),R07,104.253962,30.887052,268.5,0.1276,712,832,高
DO202607220060,2026-07-22,P037,红旗连锁(青白江石家碾西路店),R07,104.253962,30.887052,14.73,0.1186,713,833,低
DO202607220061,2026-07-22,P038,青江一家超市,R07,104.284321,30.880989,218.19,0.1211,545,665,低
DO202607220062,2026-07-22,P039,青江百货连锁超市,R07,104.269502,30.876837,18.31,2.5083,816,936,低
DO202607220063,2026-07-22,P039,青江百货连锁超市,R07,104.269502,30.876837,3.79,0.2698,821,941,中
DO202607220064,2026-07-22,P040,上蔬永辉超市(西单商场店),R02,104.000521,30.674866,187.1,0.4278,605,725,高
DO202607220065,2026-07-22,P041,永辉超市(成都青羊中铁大道店),R02,103.961452,30.670211,57.5,3.9865,644,764,中
DO202607220066,2026-07-22,P041,永辉超市(成都青羊中铁大道店),R02,103.961452,30.670211,693.31,0.073,650,770,低
DO202607220067,2026-07-22,P042,永辉超市(青羊新城市店),R02,104.057614,30.67321,16.59,0.6625,809,929,高
DO202607220068,2026-07-22,P042,永辉超市(青羊新城市店),R02,104.057614,30.67321,5.99,0.9256,817,937,中
DO202607220069,2026-07-22,P043,红旗超市(中同仁路分场),R02,104.052373,30.668819,53.07,0.1617,845,965,高
DO202607220070,2026-07-22,P043,红旗超市(中同仁路分场),R02,104.052373,30.668819,2.56,1.3679,847,967,中
DO202607220071,2026-07-22,P044,邻你生活超市(大庆店),R02,104.032527,30.669557,48.94,0.0888,778,898,高
DO202607220072,2026-07-22,P044,邻你生活超市(大庆店),R02,104.032527,30.669557,138.85,0.2094,779,899,中
DO202607220073,2026-07-22,P044,邻你生活超市(大庆店),R02,104.032527,30.669557,35.73,1.4825,780,900,高
DO202607220074,2026-07-22,P045,世纪红连锁超市,R08,104.208007,30.532247,33.25,0.133,830,950,高
DO202607220075,2026-07-22,P045,世纪红连锁超市,R08,104.208007,30.532247,242.58,0.2698,832,952,中
DO202607220076,2026-07-22,P046,尚喜超市(锦绣路店),R08,104.308338,30.606726,18.54,0.0153,729,849,中
DO202607220077,2026-07-22,P046,尚喜超市(锦绣路店),R08,104.308338,30.606726,32.58,2.4549,732,852,中
DO202607220078,2026-07-22,P047,永辉超市(成都龙泉驿万达广场店),R08,104.269392,30.566865,53.52,0.32,739,859,中
DO202607220079,2026-07-22,P047,永辉超市(成都龙泉驿万达广场店),R08,104.269392,30.566865,93.68,1.1129,747,867,中
DO202607220080,2026-07-22,P048,汇联美连锁超市(中街店),R08,104.27333,30.560098,13.91,0.2694,632,752,中
DO202607220081,2026-07-22,P048,汇联美连锁超市(中街店),R08,104.27333,30.560098,26.23,0.112,633,753,高
DO202607220082,2026-07-22,P049,百伦生活超市(龙泉店),R08,104.273346,30.559846,412.5,0.4499,663,783,高
DO202607230000,2026-07-23,P001,689便民(荣盛·香榭兰庭店),R06,104.135375,30.623625,36.61,0.8451,679,799,中
DO202607230001,2026-07-23,P003,红旗连锁,R06,104.132763,30.627528,15.2,0.041,854,974,高
DO202607230002,2026-07-23,P004,老蔡小卖部(水碾河路北社区三街店),R06,104.099234,30.648748,274.97,3.8722,602,722,中
DO202607230003,2026-07-23,P004,老蔡小卖部(水碾河路北社区三街店),R06,104.099234,30.648748,76.38,0.786,603,723,中
DO202607230004,2026-07-23,P004,老蔡小卖部(水碾河路北社区三街店),R06,104.099234,30.648748,13.82,1.3351,606,726,中
DO202607230005,2026-07-23,P004,老蔡小卖部(水碾河路北社区三街店),R06,104.099234,30.648748,36.14,2.2866,608,728,中
DO202607230006,2026-07-23,P004,老蔡小卖部(水碾河路北社区三街店),R06,104.099234,30.648748,37.06,0.2398,608,728,中
DO202607230007,2026-07-23,P004,老蔡小卖部(水碾河路北社区三街店),R06,104.099234,30.648748,16.02,0.5791,609,729,中
DO202607230008,2026-07-23,P005,郝英超市,R06,104.129707,30.628761,812.06,0.1854,710,830,中
DO202607230009,2026-07-23,P005,郝英超市,R06,104.129707,30.628761,19.56,0.0675,713,833,低
DO202607230010,2026-07-23,P005,郝英超市,R06,104.129707,30.628761,172.14,0.9757,713,833,高
DO202607230011,2026-07-23,P006,全家便利店(龙江路店),R03,104.077199,30.641639,51.02,0.0454,673,793,高
DO202607230012,2026-07-23,P006,全家便利店(龙江路店),R03,104.077199,30.641639,88.06,0.0918,674,794,中
DO202607230013,2026-07-23,P007,永辉超市(成都市新城吾悦广场店),R03,103.988663,30.626255,17.4,4.0479,634,754,中
DO202607230014,2026-07-23,P007,永辉超市(成都市新城吾悦广场店),R03,103.988663,30.626255,153.21,0.5757,639,759,中
DO202607230015,2026-07-23,P008,永辉超市(银泰城店),R03,104.058121,30.541191,11.37,0.5632,900,1020,低
DO202607230016,2026-07-23,P009,永辉超市(龙湖成都金楠天街店),R03,103.995986,30.648731,3.5,0.2271,712,832,中
DO202607230017,2026-07-23,P009,永辉超市(龙湖成都金楠天街店),R03,103.995986,30.648731,246.05,0.0139,714,834,中
DO202607230018,2026-07-23,P009,永辉超市(龙湖成都金楠天街店),R03,103.995986,30.648731,112.3,0.1094,719,839,低
DO202607230019,2026-07-23,P010,百分百超市(心语店),R03,104.045915,30.545712,87.37,0.7657,552,672,中
DO202607230020,2026-07-23,P011,永辉超市(成都市双铁广场店),R01,103.975737,30.758309,286.95,0.1331,512,632,中
DO202607230021,2026-07-23,P011,永辉超市(成都市双铁广场店),R01,103.975737,30.758309,33.83,0.2426,513,633,高
DO202607230022,2026-07-23,P011,永辉超市(成都市双铁广场店),R01,103.975737,30.758309,1247.25,0.8424,518,638,低
DO202607230023,2026-07-23,P012,永辉超市(成都市蜀都万达广场店),R01,103.907862,30.807642,63.58,0.1256,575,695,低
DO202607230024,2026-07-23,P012,永辉超市(成都市蜀都万达广场店),R01,103.907862,30.807642,352.43,0.296,575,695,中
DO202607230025,2026-07-23,P013,永辉超市(爱琴海购物中心店),R01,103.991901,30.737566,6.35,1.0603,547,667,高
DO202607230026,2026-07-23,P013,永辉超市(爱琴海购物中心店),R01,103.991901,30.737566,47.83,0.4926,549,669,中
DO202607230027,2026-07-23,P013,永辉超市(爱琴海购物中心店),R01,103.991901,30.737566,44.25,0.4405,551,671,低
DO202607230028,2026-07-23,P013,永辉超市(爱琴海购物中心店),R01,103.991901,30.737566,63.53,0.7848,553,673,中
DO202607230029,2026-07-23,P013,永辉超市(爱琴海购物中心店),R01,103.991901,30.737566,152.95,0.1401,555,675,低
DO202607230030,2026-07-23,P014,永辉超市(龙湖成都时代天街店),R01,103.921214,30.750831,98.88,0.6384,813,933,中
DO202607230031,2026-07-23,P014,永辉超市(龙湖成都时代天街店),R01,103.921214,30.750831,209.03,2.8807,814,934,高
DO202607230032,2026-07-23,P014,永辉超市(龙湖成都时代天街店),R01,103.921214,30.750831,97.0,1.0805,816,936,中
DO202607230033,2026-07-23,P014,永辉超市(龙湖成都时代天街店),R01,103.921214,30.750831,19.13,0.1381,817,937,高
DO202607230034,2026-07-23,P014,永辉超市(龙湖成都时代天街店),R01,103.921214,30.750831,209.52,0.0697,820,940,中
DO202607230035,2026-07-23,P014,永辉超市(龙湖成都时代天街店),R01,103.921214,30.750831,19.14,0.0763,821,941,中
DO202607230036,2026-07-23,P015,红旗超市(龙湖时代天街店),R01,103.919653,30.752444,14.59,0.1546,539,659,低
DO202607230037,2026-07-23,P017,LAWSON罗森(龙湖成都上城天街店),R04,104.071944,30.68395,251.93,0.4851,766,886,中
DO202607230038,2026-07-23,P017,LAWSON罗森(龙湖成都上城天街店),R04,104.071944,30.68395,71.34,2.2107,770,890,中
DO202607230039,2026-07-23,P017,LAWSON罗森(龙湖成都上城天街店),R04,104.071944,30.68395,44.03,1.2181,770,890,中
DO202607230040,2026-07-23,P017,LAWSON罗森(龙湖成都上城天街店),R04,104.071944,30.68395,704.8,0.9596,770,890,低
DO202607230041,2026-07-23,P017,LAWSON罗森(龙湖成都上城天街店),R04,104.071944,30.68395,15.18,0.1949,773,893,高
DO202607230042,2026-07-23,P018,乐多(成华西街一店),R04,104.071998,30.683402,19.5,0.2986,685,805,中
DO202607230043,2026-07-23,P018,乐多(成华西街一店),R04,104.071998,30.683402,266.23,4.5818,692,812,高
DO202607230044,2026-07-23,P018,乐多(成华西街一店),R04,104.071998,30.683402,107.9,0.0718,692,812,高
DO202607230045,2026-07-23,P019,奥特乐(成都龙湖上城天街店),R04,104.072004,30.684929,104.08,0.0255,642,762,中
DO202607230046,2026-07-23,P019,奥特乐(成都龙湖上城天街店),R04,104.072004,30.684929,5.86,0.8748,649,769,中
DO202607230047,2026-07-23,P019,奥特乐(成都龙湖上城天街店),R04,104.072004,30.684929,84.21,0.2473,649,769,低
DO202607230048,2026-07-23,P019,奥特乐(成都龙湖上城天街店),R04,104.072004,30.684929,27.73,0.4672,650,770,中
DO202607230049,2026-07-23,P021,Ole 精品超市(IFS国际金融中心店),R05,104.081893,30.655003,140.07,0.6745,585,705,低
DO202607230050,2026-07-23,P021,Ole 精品超市(IFS国际金融中心店),R05,104.081893,30.655003,327.07,0.0835,585,705,高
DO202607230051,2026-07-23,P022,四川舞东风超市连锁股份有限公司,R05,104.082047,30.660437,18.12,0.2026,694,814,中
DO202607230052,2026-07-23,P022,四川舞东风超市连锁股份有限公司,R05,104.082047,30.660437,9.27,0.2947,698,818,高
DO202607230053,2026-07-23,P022,四川舞东风超市连锁股份有限公司,R05,104.082047,30.660437,5.42,1.5174,698,818,低
DO202607230054,2026-07-23,P023,永辉超市(文华广场店),R05,104.107695,30.637048,9.22,0.2416,542,662,中
DO202607230055,2026-07-23,P024,永辉超市(锦江城市花园店),R05,104.142752,30.595134,114.23,4.9697,628,748,低
DO202607230056,2026-07-23,P024,永辉超市(锦江城市花园店),R05,104.142752,30.595134,83.08,1.3826,629,749,高
DO202607230057,2026-07-23,P026,友好多连锁超市(界牌店),R07,104.313922,30.880419,1.49,0.1636,848,968,中
DO202607230058,2026-07-23,P027,大荣发连锁超市(和顺雅苑店),R07,104.253582,30.90011,25.97,1.7228,603,723,中
DO202607230059,2026-07-23,P027,大荣发连锁超市(和顺雅苑店),R07,104.253582,30.90011,23.37,0.8407,604,724,低
DO202607230060,2026-07-23,P027,大荣发连锁超市(和顺雅苑店),R07,104.253582,30.90011,5.22,2.0384,606,726,中
DO202607230061,2026-07-23,P027,大荣发连锁超市(和顺雅苑店),R07,104.253582,30.90011,117.0,0.7225,607,727,高
DO202607230062,2026-07-23,P027,大荣发连锁超市(和顺雅苑店),R07,104.253582,30.90011,61.86,0.7855,610,730,中
DO202607230063,2026-07-23,P027,大荣发连锁超市(和顺雅苑店),R07,104.253582,30.90011,129.98,0.1988,612,732,低
DO202607230064,2026-07-23,P028,永辉超市(天府欧城店),R07,104.256388,30.892152,44.88,0.3957,674,794,中
DO202607230065,2026-07-23,P029,永辉超市(青白江万达广场店),R07,104.253652,30.878095,114.67,0.307,632,752,高
DO202607230066,2026-07-23,P029,永辉超市(青白江万达广场店),R07,104.253652,30.878095,52.43,0.136,632,752,中
DO202607230067,2026-07-23,P030,润都连锁生活超市(正兴路店),R07,104.188354,30.87079,23.07,0.0701,702,822,低
DO202607230068,2026-07-23,P030,润都连锁生活超市(正兴路店),R07,104.188354,30.87079,46.47,0.1051,703,823,中
DO202607230069,2026-07-23,P030,润都连锁生活超市(正兴路店),R07,104.188354,30.87079,94.79,0.0553,705,825,中
DO202607230070,2026-07-23,P032,渝华连锁超市(绣川新城店),R07,104.330571,30.85576,15.94,0.2349,566,686,低
DO202607230071,2026-07-23,P032,渝华连锁超市(绣川新城店),R07,104.330571,30.85576,2.89,0.3585,568,688,高
DO202607230072,2026-07-23,P032,渝华连锁超市(绣川新城店),R07,104.330571,30.85576,166.94,0.3401,573,693,高
DO202607230073,2026-07-23,P032,渝华连锁超市(绣川新城店),R07,104.330571,30.85576,96.05,0.0431,574,694,中
DO202607230074,2026-07-23,P033,红旗超市(团结花园店),R07,104.246885,30.877313,263.4,0.0774,745,865,中
DO202607230075,2026-07-23,P033,红旗超市(团结花园店),R07,104.246885,30.877313,47.26,0.1941,747,867,中
DO202607230076,2026-07-23,P033,红旗超市(团结花园店),R07,104.246885,30.877313,52.12,1.3205,748,868,低
DO202607230077,2026-07-23,P033,红旗超市(团结花园店),R07,104.246885,30.877313,2.75,0.235,750,870,低
DO202607230078,2026-07-23,P033,红旗超市(团结花园店),R07,104.246885,30.877313,40.44,0.1046,751,871,低
DO202607230079,2026-07-23,P034,红旗连锁(北城新界民族花园店),R07,104.201632,30.877318,26.87,0.3975,697,817,高
DO202607230080,2026-07-23,P034,红旗连锁(北城新界民族花园店),R07,104.201632,30.877318,41.99,0.5071,698,818,中
DO202607230081,2026-07-23,P035,红旗连锁(青白江同金街便利店),R07,104.244552,30.889503,6.12,0.1896,598,718,高
DO202607230082,2026-07-23,P036,红旗连锁(青白江城厢首府分场),R07,104.323054,30.860039,44.79,0.1858,812,932,低
DO202607230083,2026-07-23,P036,红旗连锁(青白江城厢首府分场),R07,104.323054,30.860039,11.18,2.9837,818,938,中
DO202607230084,2026-07-23,P036,红旗连锁(青白江城厢首府分场),R07,104.323054,30.860039,150.25,0.2593,819,939,中
DO202607230085,2026-07-23,P036,红旗连锁(青白江城厢首府分场),R07,104.323054,30.860039,29.74,0.0524,820,940,中
DO202607230086,2026-07-23,P036,红旗连锁(青白江城厢首府分场),R07,104.323054,30.860039,59.15,1.5431,820,940,高
DO202607230087,2026-07-23,P037,红旗连锁(青白江石家碾西路店),R07,104.253962,30.887052,5.4,0.379,774,894,低
DO202607230088,2026-07-23,P038,青江一家超市,R07,104.284321,30.880989,38.54,0.3846,749,869,低
DO202607230089,2026-07-23,P038,青江一家超市,R07,104.284321,30.880989,23.38,0.0276,750,870,低
DO202607230090,2026-07-23,P038,青江一家超市,R07,104.284321,30.880989,26.42,0.0666,752,872,高
DO202607230091,2026-07-23,P040,上蔬永辉超市(西单商场店),R02,104.000521,30.674866,5.79,0.1577,653,773,中
DO202607230092,2026-07-23,P040,上蔬永辉超市(西单商场店),R02,104.000521,30.674866,81.85,0.3525,654,774,高
DO202607230093,2026-07-23,P041,永辉超市(成都青羊中铁大道店),R02,103.961452,30.670211,9.42,0.0517,587,707,中
DO202607230094,2026-07-23,P041,永辉超市(成都青羊中铁大道店),R02,103.961452,30.670211,101.17,0.0609,594,714,中
DO202607230095,2026-07-23,P041,永辉超市(成都青羊中铁大道店),R02,103.961452,30.670211,271.29,0.318,596,716,中
DO202607230096,2026-07-23,P043,红旗超市(中同仁路分场),R02,104.052373,30.668819,12.71,11.6937,767,887,中
DO202607230097,2026-07-23,P043,红旗超市(中同仁路分场),R02,104.052373,30.668819,32.17,0.4175,768,888,低
DO202607230098,2026-07-23,P043,红旗超市(中同仁路分场),R02,104.052373,30.668819,8.47,0.1306,768,888,低
DO202607230099,2026-07-23,P044,邻你生活超市(大庆店),R02,104.032527,30.669557,258.75,0.0864,819,939,高
DO202607230100,2026-07-23,P044,邻你生活超市(大庆店),R02,104.032527,30.669557,8.05,0.0168,821,941,低
DO202607230101,2026-07-23,P044,邻你生活超市(大庆店),R02,104.032527,30.669557,939.39,0.1966,822,942,中
DO202607230102,2026-07-23,P044,邻你生活超市(大庆店),R02,104.032527,30.669557,46.85,0.9362,822,942,高
DO202607230103,2026-07-23,P044,邻你生活超市(大庆店),R02,104.032527,30.669557,27.46,0.0705,826,946,低
DO202607230104,2026-07-23,P044,邻你生活超市(大庆店),R02,104.032527,30.669557,219.0,0.6548,826,946,高
DO202607230105,2026-07-23,P045,世纪红连锁超市,R08,104.208007,30.532247,68.35,0.0245,627,747,高
DO202607230106,2026-07-23,P046,尚喜超市(锦绣路店),R08,104.308338,30.606726,36.66,0.7624,701,821,中
DO202607230107,2026-07-23,P046,尚喜超市(锦绣路店),R08,104.308338,30.606726,43.17,0.0561,705,825,中
DO202607230108,2026-07-23,P047,永辉超市(成都龙泉驿万达广场店),R08,104.269392,30.566865,24.55,0.1659,605,725,低
DO202607230109,2026-07-23,P048,汇联美连锁超市(中街店),R08,104.27333,30.560098,13.64,0.7737,865,985,高
DO202607230110,2026-07-23,P049,百伦生活超市(龙泉店),R08,104.273346,30.559846,167.79,0.1905,898,1018,中
DO202607240000,2026-07-24,P001,689便民(荣盛·香榭兰庭店),R06,104.135375,30.623625,14.48,1.5816,611,731,中
DO202607240001,2026-07-24,P001,689便民(荣盛·香榭兰庭店),R06,104.135375,30.623625,235.54,0.6484,616,736,低
DO202607240002,2026-07-24,P002,十二超市(佳年华广场1期店),R06,104.131787,30.627615,53.22,0.2488,636,756,中
DO202607240003,2026-07-24,P002,十二超市(佳年华广场1期店),R06,104.131787,30.627615,29.08,2.614,638,758,中
DO202607240004,2026-07-24,P002,十二超市(佳年华广场1期店),R06,104.131787,30.627615,82.81,0.1984,641,761,中
DO202607240005,2026-07-24,P003,红旗连锁,R06,104.132763,30.627528,32.57,0.1405,753,873,中
DO202607240006,2026-07-24,P004,老蔡小卖部(水碾河路北社区三街店),R06,104.099234,30.648748,41.8,0.7738,769,889,中
DO202607240007,2026-07-24,P004,老蔡小卖部(水碾河路北社区三街店),R06,104.099234,30.648748,735.73,0.0449,772,892,中
DO202607240008,2026-07-24,P004,老蔡小卖部(水碾河路北社区三街店),R06,104.099234,30.648748,49.38,0.1625,777,897,高
DO202607240009,2026-07-24,P004,老蔡小卖部(水碾河路北社区三街店),R06,104.099234,30.648748,36.74,0.0584,777,897,低
DO202607240010,2026-07-24,P005,郝英超市,R06,104.129707,30.628761,138.34,0.591,624,744,中
DO202607240011,2026-07-24,P006,全家便利店(龙江路店),R03,104.077199,30.641639,22.92,0.0402,607,727,中
DO202607240012,2026-07-24,P006,全家便利店(龙江路店),R03,104.077199,30.641639,41.29,0.4244,607,727,低
DO202607240013,2026-07-24,P006,全家便利店(龙江路店),R03,104.077199,30.641639,3.19,9.4789,608,728,中
DO202607240014,2026-07-24,P006,全家便利店(龙江路店),R03,104.077199,30.641639,3.08,0.4234,608,728,中
DO202607240015,2026-07-24,P006,全家便利店(龙江路店),R03,104.077199,30.641639,21.68,0.651,612,732,中
DO202607240016,2026-07-24,P007,永辉超市(成都市新城吾悦广场店),R03,103.988663,30.626255,28.46,0.6412,761,881,低
DO202607240017,2026-07-24,P008,永辉超市(银泰城店),R03,104.058121,30.541191,9.41,0.3768,594,714,低
DO202607240018,2026-07-24,P009,永辉超市(龙湖成都金楠天街店),R03,103.995986,30.648731,64.42,0.0039,871,991,低
DO202607240019,2026-07-24,P009,永辉超市(龙湖成都金楠天街店),R03,103.995986,30.648731,4.51,0.0952,876,996,中
DO202607240020,2026-07-24,P010,百分百超市(心语店),R03,104.045915,30.545712,90.12,1.2839,634,754,中
DO202607240021,2026-07-24,P010,百分百超市(心语店),R03,104.045915,30.545712,46.84,0.0291,635,755,中
DO202607240022,2026-07-24,P010,百分百超市(心语店),R03,104.045915,30.545712,46.95,0.4051,638,758,中
DO202607240023,2026-07-24,P011,永辉超市(成都市双铁广场店),R01,103.975737,30.758309,22.16,0.1317,851,971,低
DO202607240024,2026-07-24,P011,永辉超市(成都市双铁广场店),R01,103.975737,30.758309,81.69,0.4074,851,971,中
DO202607240025,2026-07-24,P011,永辉超市(成都市双铁广场店),R01,103.975737,30.758309,15.3,0.0499,856,976,中
DO202607240026,2026-07-24,P012,永辉超市(成都市蜀都万达广场店),R01,103.907862,30.807642,95.72,0.0571,665,785,中
DO202607240027,2026-07-24,P013,永辉超市(爱琴海购物中心店),R01,103.991901,30.737566,95.7,0.3603,818,938,低
DO202607240028,2026-07-24,P013,永辉超市(爱琴海购物中心店),R01,103.991901,30.737566,116.11,2.103,818,938,中
DO202607240029,2026-07-24,P013,永辉超市(爱琴海购物中心店),R01,103.991901,30.737566,47.38,0.0691,821,941,中
DO202607240030,2026-07-24,P013,永辉超市(爱琴海购物中心店),R01,103.991901,30.737566,34.76,0.0909,825,945,低
DO202607240031,2026-07-24,P013,永辉超市(爱琴海购物中心店),R01,103.991901,30.737566,70.64,0.549,825,945,高
DO202607240032,2026-07-24,P013,永辉超市(爱琴海购物中心店),R01,103.991901,30.737566,38.13,0.2683,827,947,高
DO202607240033,2026-07-24,P014,永辉超市(龙湖成都时代天街店),R01,103.921214,30.750831,35.62,2.2916,772,892,低
DO202607240034,2026-07-24,P014,永辉超市(龙湖成都时代天街店),R01,103.921214,30.750831,2.93,0.1341,774,894,中
DO202607240035,2026-07-24,P014,永辉超市(龙湖成都时代天街店),R01,103.921214,30.750831,122.61,5.6415,776,896,低
DO202607240036,2026-07-24,P014,永辉超市(龙湖成都时代天街店),R01,103.921214,30.750831,138.09,0.5355,778,898,中
DO202607240037,2026-07-24,P015,红旗超市(龙湖时代天街店),R01,103.919653,30.752444,42.8,0.4958,521,641,中
DO202607240038,2026-07-24,P016,LAWSON罗森(枣子巷15号院店),R04,104.044885,30.667759,22.09,0.073,753,873,高
DO202607240039,2026-07-24,P017,LAWSON罗森(龙湖成都上城天街店),R04,104.071944,30.68395,31.54,0.4006,797,917,低
DO202607240040,2026-07-24,P018,乐多(成华西街一店),R04,104.071998,30.683402,37.91,0.3596,862,982,高
DO202607240041,2026-07-24,P018,乐多(成华西街一店),R04,104.071998,30.683402,26.47,0.1391,864,984,中
DO202607240042,2026-07-24,P018,乐多(成华西街一店),R04,104.071998,30.683402,25.42,0.3452,864,984,中
DO202607240043,2026-07-24,P018,乐多(成华西街一店),R04,104.071998,30.683402,44.88,0.2176,870,990,低
DO202607240044,2026-07-24,P019,奥特乐(成都龙湖上城天街店),R04,104.072004,30.684929,72.75,1.1073,515,635,中
DO202607240045,2026-07-24,P019,奥特乐(成都龙湖上城天街店),R04,104.072004,30.684929,59.04,0.0691,518,638,中
DO202607240046,2026-07-24,P019,奥特乐(成都龙湖上城天街店),R04,104.072004,30.684929,255.02,0.4421,520,640,中
DO202607240047,2026-07-24,P022,四川舞东风超市连锁股份有限公司,R05,104.082047,30.660437,501.59,6.7577,893,1013,低
DO202607240048,2026-07-24,P022,四川舞东风超市连锁股份有限公司,R05,104.082047,30.660437,36.34,0.282,898,1018,中
DO202607240049,2026-07-24,P022,四川舞东风超市连锁股份有限公司,R05,104.082047,30.660437,346.12,0.5865,902,1022,中
DO202607240050,2026-07-24,P023,永辉超市(文华广场店),R05,104.107695,30.637048,63.52,0.3271,534,654,中
DO202607240051,2026-07-24,P024,永辉超市(锦江城市花园店),R05,104.142752,30.595134,22.73,0.0285,760,880,中
DO202607240052,2026-07-24,P024,永辉超市(锦江城市花园店),R05,104.142752,30.595134,24.36,0.3995,761,881,中
DO202607240053,2026-07-24,P024,永辉超市(锦江城市花园店),R05,104.142752,30.595134,116.01,0.1046,761,881,中
DO202607240054,2026-07-24,P025,红旗超市(成都红旗商厦店),R05,104.072081,30.658735,135.74,0.354,836,956,低
DO202607240055,2026-07-24,P026,友好多连锁超市(界牌店),R07,104.313922,30.880419,33.34,0.7302,601,721,中
DO202607240056,2026-07-24,P026,友好多连锁超市(界牌店),R07,104.313922,30.880419,38.26,0.1924,607,727,中
DO202607240057,2026-07-24,P028,永辉超市(天府欧城店),R07,104.256388,30.892152,36.22,2.2156,584,704,高
DO202607240058,2026-07-24,P028,永辉超市(天府欧城店),R07,104.256388,30.892152,30.08,0.0401,591,711,低
DO202607240059,2026-07-24,P028,永辉超市(天府欧城店),R07,104.256388,30.892152,107.57,3.1791,591,711,中
DO202607240060,2026-07-24,P029,永辉超市(青白江万达广场店),R07,104.253652,30.878095,21.57,0.2577,592,712,中
DO202607240061,2026-07-24,P029,永辉超市(青白江万达广场店),R07,104.253652,30.878095,135.41,0.27,592,712,高
DO202607240062,2026-07-24,P029,永辉超市(青白江万达广场店),R07,104.253652,30.878095,89.83,0.1988,593,713,中
DO202607240063,2026-07-24,P030,润都连锁生活超市(正兴路店),R07,104.188354,30.87079,48.97,0.4467,561,681,高
DO202607240064,2026-07-24,P030,润都连锁生活超市(正兴路店),R07,104.188354,30.87079,9.42,1.175,564,684,中
DO202607240065,2026-07-24,P031,渝华连锁超市(学苑路店),R07,104.276426,30.875299,24.75,0.0974,649,769,低
DO202607240066,2026-07-24,P031,渝华连锁超市(学苑路店),R07,104.276426,30.875299,68.71,1.0522,652,772,低
DO202607240067,2026-07-24,P032,渝华连锁超市(绣川新城店),R07,104.330571,30.85576,78.86,1.7661,707,827,中
DO202607240068,2026-07-24,P033,红旗超市(团结花园店),R07,104.246885,30.877313,161.59,0.6889,665,785,中
DO202607240069,2026-07-24,P033,红旗超市(团结花园店),R07,104.246885,30.877313,42.95,0.0502,673,793,中
DO202607240070,2026-07-24,P033,红旗超市(团结花园店),R07,104.246885,30.877313,46.45,0.5161,674,794,低
DO202607240071,2026-07-24,P034,红旗连锁(北城新界民族花园店),R07,104.201632,30.877318,101.29,2.4532,894,1014,中
DO202607240072,2026-07-24,P034,红旗连锁(北城新界民族花园店),R07,104.201632,30.877318,11.67,0.2496,895,1015,中
DO202607240073,2026-07-24,P035,红旗连锁(青白江同金街便利店),R07,104.244552,30.889503,51.37,0.4685,624,744,中
DO202607240074,2026-07-24,P036,红旗连锁(青白江城厢首府分场),R07,104.323054,30.860039,64.19,0.5356,625,745,中
DO202607240075,2026-07-24,P036,红旗连锁(青白江城厢首府分场),R07,104.323054,30.860039,199.48,0.3702,627,747,中
DO202607240076,2026-07-24,P036,红旗连锁(青白江城厢首府分场),R07,104.323054,30.860039,8.74,1.2114,630,750,高
DO202607240077,2026-07-24,P036,红旗连锁(青白江城厢首府分场),R07,104.323054,30.860039,39.46,0.0579,632,752,中
DO202607240078,2026-07-24,P037,红旗连锁(青白江石家碾西路店),R07,104.253962,30.887052,25.68,0.0246,624,744,中
DO202607240079,2026-07-24,P038,青江一家超市,R07,104.284321,30.880989,10.9,1.899,837,957,低
DO202607240080,2026-07-24,P038,青江一家超市,R07,104.284321,30.880989,21.39,38.3005,840,960,中
DO202607240081,2026-07-24,P039,青江百货连锁超市,R07,104.269502,30.876837,5.88,0.6783,852,972,中
DO202607240082,2026-07-24,P039,青江百货连锁超市,R07,104.269502,30.876837,11.67,0.4943,859,979,中
DO202607240083,2026-07-24,P040,上蔬永辉超市(西单商场店),R02,104.000521,30.674866,14.99,0.0507,871,991,中
DO202607240084,2026-07-24,P041,永辉超市(成都青羊中铁大道店),R02,103.961452,30.670211,21.32,0.7772,660,780,低
DO202607240085,2026-07-24,P041,永辉超市(成都青羊中铁大道店),R02,103.961452,30.670211,240.83,0.0961,665,785,低
DO202607240086,2026-07-24,P042,永辉超市(青羊新城市店),R02,104.057614,30.67321,26.72,0.4792,554,674,低
DO202607240087,2026-07-24,P043,红旗超市(中同仁路分场),R02,104.052373,30.668819,16.33,0.1075,890,1010,高
DO202607240088,2026-07-24,P044,邻你生活超市(大庆店),R02,104.032527,30.669557,46.68,0.1444,851,971,低
DO202607240089,2026-07-24,P046,尚喜超市(锦绣路店),R08,104.308338,30.606726,16.82,0.3481,775,895,低
DO202607240090,2026-07-24,P046,尚喜超市(锦绣路店),R08,104.308338,30.606726,41.03,0.5798,777,897,中
DO202607240091,2026-07-24,P046,尚喜超市(锦绣路店),R08,104.308338,30.606726,38.35,1.5713,778,898,中
DO202607240092,2026-07-24,P047,永辉超市(成都龙泉驿万达广场店),R08,104.269392,30.566865,380.97,0.6134,770,890,低
DO202607240093,2026-07-24,P048,汇联美连锁超市(中街店),R08,104.27333,30.560098,64.11,3.4558,892,1012,高
DO202607240094,2026-07-24,P048,汇联美连锁超市(中街店),R08,104.27333,30.560098,28.08,0.5588,893,1013,高
DO202607240095,2026-07-24,P049,百伦生活超市(龙泉店),R08,104.273346,30.559846,53.11,0.4328,550,670,高
DO202607250000,2026-07-25,P001,689便民(荣盛·香榭兰庭店),R06,104.135375,30.623625,230.56,0.5217,633,753,低
DO202607250001,2026-07-25,P001,689便民(荣盛·香榭兰庭店),R06,104.135375,30.623625,19.58,0.1887,636,756,中
DO202607250002,2026-07-25,P001,689便民(荣盛·香榭兰庭店),R06,104.135375,30.623625,63.71,0.1169,638,758,中
DO202607250003,2026-07-25,P002,十二超市(佳年华广场1期店),R06,104.131787,30.627615,33.07,0.064,763,883,中
DO202607250004,2026-07-25,P002,十二超市(佳年华广场1期店),R06,104.131787,30.627615,94.65,1.2928,765,885,高
DO202607250005,2026-07-25,P003,红旗连锁,R06,104.132763,30.627528,9.74,1.6929,511,631,中
DO202607250006,2026-07-25,P003,红旗连锁,R06,104.132763,30.627528,51.03,0.1478,519,639,低
DO202607250007,2026-07-25,P003,红旗连锁,R06,104.132763,30.627528,22.4,0.4082,519,639,低
DO202607250008,2026-07-25,P004,老蔡小卖部(水碾河路北社区三街店),R06,104.099234,30.648748,202.25,1.1183,803,923,低
DO202607250009,2026-07-25,P005,郝英超市,R06,104.129707,30.628761,97.4,0.2595,685,805,低
DO202607250010,2026-07-25,P006,全家便利店(龙江路店),R03,104.077199,30.641639,369.72,0.3311,876,996,中
DO202607250011,2026-07-25,P006,全家便利店(龙江路店),R03,104.077199,30.641639,59.21,1.0404,877,997,高
DO202607250012,2026-07-25,P006,全家便利店(龙江路店),R03,104.077199,30.641639,75.63,0.1632,880,1000,中
DO202607250013,2026-07-25,P007,永辉超市(成都市新城吾悦广场店),R03,103.988663,30.626255,6.85,0.1508,697,817,高
DO202607250014,2026-07-25,P007,永辉超市(成都市新城吾悦广场店),R03,103.988663,30.626255,18.58,0.1165,704,824,高
DO202607250015,2026-07-25,P009,永辉超市(龙湖成都金楠天街店),R03,103.995986,30.648731,11.11,0.1031,708,828,低
DO202607250016,2026-07-25,P010,百分百超市(心语店),R03,104.045915,30.545712,14.2,0.1104,564,684,低
DO202607250017,2026-07-25,P011,永辉超市(成都市双铁广场店),R01,103.975737,30.758309,18.1,0.0924,729,849,中
DO202607250018,2026-07-25,P011,永辉超市(成都市双铁广场店),R01,103.975737,30.758309,65.26,0.3365,731,851,低
DO202607250019,2026-07-25,P011,永辉超市(成都市双铁广场店),R01,103.975737,30.758309,27.66,0.2151,733,853,中
DO202607250020,2026-07-25,P011,永辉超市(成都市双铁广场店),R01,103.975737,30.758309,110.3,0.0414,734,854,中
DO202607250021,2026-07-25,P012,永辉超市(成都市蜀都万达广场店),R01,103.907862,30.807642,128.92,2.0121,810,930,低
DO202607250022,2026-07-25,P012,永辉超市(成都市蜀都万达广场店),R01,103.907862,30.807642,266.1,0.5772,813,933,中
DO202607250023,2026-07-25,P013,永辉超市(爱琴海购物中心店),R01,103.991901,30.737566,139.84,0.0677,796,916,高
DO202607250024,2026-07-25,P013,永辉超市(爱琴海购物中心店),R01,103.991901,30.737566,172.6,0.0941,799,919,高
DO202607250025,2026-07-25,P014,永辉超市(龙湖成都时代天街店),R01,103.921214,30.750831,134.04,0.1305,669,789,高
DO202607250026,2026-07-25,P014,永辉超市(龙湖成都时代天街店),R01,103.921214,30.750831,259.16,0.1029,670,790,高
DO202607250027,2026-07-25,P014,永辉超市(龙湖成都时代天街店),R01,103.921214,30.750831,30.5,1.0117,675,795,高
DO202607250028,2026-07-25,P015,红旗超市(龙湖时代天街店),R01,103.919653,30.752444,68.3,0.213,705,825,中
DO202607250029,2026-07-25,P015,红旗超市(龙湖时代天街店),R01,103.919653,30.752444,92.66,0.0346,708,828,中
DO202607250030,2026-07-25,P016,LAWSON罗森(枣子巷15号院店),R04,104.044885,30.667759,30.01,0.2121,890,1010,高
DO202607250031,2026-07-25,P016,LAWSON罗森(枣子巷15号院店),R04,104.044885,30.667759,13.96,0.2227,891,1011,高
DO202607250032,2026-07-25,P017,LAWSON罗森(龙湖成都上城天街店),R04,104.071944,30.68395,37.84,0.062,525,645,低
DO202607250033,2026-07-25,P017,LAWSON罗森(龙湖成都上城天街店),R04,104.071944,30.68395,10.52,0.1155,530,650,中
DO202607250034,2026-07-25,P017,LAWSON罗森(龙湖成都上城天街店),R04,104.071944,30.68395,17.77,0.8629,531,651,中
DO202607250035,2026-07-25,P017,LAWSON罗森(龙湖成都上城天街店),R04,104.071944,30.68395,33.52,0.3945,531,651,中
DO202607250036,2026-07-25,P018,乐多(成华西街一店),R04,104.071998,30.683402,8.83,0.5062,559,679,低
DO202607250037,2026-07-25,P018,乐多(成华西街一店),R04,104.071998,30.683402,75.76,0.2498,564,684,中
DO202607250038,2026-07-25,P019,奥特乐(成都龙湖上城天街店),R04,104.072004,30.684929,24.36,0.9392,522,642,低
DO202607250039,2026-07-25,P019,奥特乐(成都龙湖上城天街店),R04,104.072004,30.684929,16.97,0.4363,524,644,高
DO202607250040,2026-07-25,P019,奥特乐(成都龙湖上城天街店),R04,104.072004,30.684929,21.36,0.1711,525,645,低
DO202607250041,2026-07-25,P019,奥特乐(成都龙湖上城天街店),R04,104.072004,30.684929,91.48,0.1089,530,650,中
DO202607250042,2026-07-25,P020,朴朴超市(西体路店),R04,104.061775,30.681195,63.14,0.0862,833,953,中
DO202607250043,2026-07-25,P020,朴朴超市(西体路店),R04,104.061775,30.681195,81.45,0.4958,842,962,中
DO202607250044,2026-07-25,P021,Ole 精品超市(IFS国际金融中心店),R05,104.081893,30.655003,135.39,2.1319,893,1013,高
DO202607250045,2026-07-25,P022,四川舞东风超市连锁股份有限公司,R05,104.082047,30.660437,67.34,0.406,894,1014,高
DO202607250046,2026-07-25,P022,四川舞东风超市连锁股份有限公司,R05,104.082047,30.660437,51.61,0.2757,896,1016,中
DO202607250047,2026-07-25,P023,永辉超市(文华广场店),R05,104.107695,30.637048,6.83,0.2061,629,749,中
DO202607250048,2026-07-25,P023,永辉超市(文华广场店),R05,104.107695,30.637048,141.0,3.6435,634,754,中
DO202607250049,2026-07-25,P023,永辉超市(文华广场店),R05,104.107695,30.637048,97.41,0.015,634,754,中
DO202607250050,2026-07-25,P025,红旗超市(成都红旗商厦店),R05,104.072081,30.658735,194.22,1.6511,642,762,低
DO202607250051,2026-07-25,P026,友好多连锁超市(界牌店),R07,104.313922,30.880419,40.72,0.1901,827,947,高
DO202607250052,2026-07-25,P027,大荣发连锁超市(和顺雅苑店),R07,104.253582,30.90011,45.34,0.0196,825,945,低
DO202607250053,2026-07-25,P028,永辉超市(天府欧城店),R07,104.256388,30.892152,109.77,8.6046,611,731,中
DO202607250054,2026-07-25,P028,永辉超市(天府欧城店),R07,104.256388,30.892152,6.03,0.3641,617,737,低
DO202607250055,2026-07-25,P029,永辉超市(青白江万达广场店),R07,104.253652,30.878095,174.88,2.989,661,781,低
DO202607250056,2026-07-25,P029,永辉超市(青白江万达广场店),R07,104.253652,30.878095,26.79,0.0665,667,787,低
DO202607250057,2026-07-25,P030,润都连锁生活超市(正兴路店),R07,104.188354,30.87079,4.31,0.1525,704,824,中
DO202607250058,2026-07-25,P030,润都连锁生活超市(正兴路店),R07,104.188354,30.87079,13.76,0.6157,704,824,低
DO202607250059,2026-07-25,P031,渝华连锁超市(学苑路店),R07,104.276426,30.875299,125.55,0.1563,547,667,中
DO202607250060,2026-07-25,P031,渝华连锁超市(学苑路店),R07,104.276426,30.875299,27.36,0.6121,553,673,中
DO202607250061,2026-07-25,P032,渝华连锁超市(绣川新城店),R07,104.330571,30.85576,129.0,0.4625,689,809,高
DO202607250062,2026-07-25,P032,渝华连锁超市(绣川新城店),R07,104.330571,30.85576,649.37,0.0791,690,810,低
DO202607250063,2026-07-25,P033,红旗超市(团结花园店),R07,104.246885,30.877313,6.07,0.0207,550,670,低
DO202607250064,2026-07-25,P033,红旗超市(团结花园店),R07,104.246885,30.877313,32.71,0.5861,554,674,低
DO202607250065,2026-07-25,P034,红旗连锁(北城新界民族花园店),R07,104.201632,30.877318,11.94,0.9218,808,928,低
DO202607250066,2026-07-25,P034,红旗连锁(北城新界民族花园店),R07,104.201632,30.877318,55.22,0.0464,810,930,中
DO202607250067,2026-07-25,P035,红旗连锁(青白江同金街便利店),R07,104.244552,30.889503,296.58,0.0455,739,859,中
DO202607250068,2026-07-25,P035,红旗连锁(青白江同金街便利店),R07,104.244552,30.889503,9.34,0.4225,742,862,低
DO202607250069,2026-07-25,P036,红旗连锁(青白江城厢首府分场),R07,104.323054,30.860039,89.65,0.1023,717,837,低
DO202607250070,2026-07-25,P037,红旗连锁(青白江石家碾西路店),R07,104.253962,30.887052,222.88,0.0334,833,953,中
DO202607250071,2026-07-25,P037,红旗连锁(青白江石家碾西路店),R07,104.253962,30.887052,973.39,0.3995,835,955,低
DO202607250072,2026-07-25,P037,红旗连锁(青白江石家碾西路店),R07,104.253962,30.887052,264.62,0.4004,841,961,中
DO202607250073,2026-07-25,P037,红旗连锁(青白江石家碾西路店),R07,104.253962,30.887052,103.58,0.0487,841,961,高
DO202607250074,2026-07-25,P038,青江一家超市,R07,104.284321,30.880989,9.98,0.1034,890,1010,中
DO202607250075,2026-07-25,P038,青江一家超市,R07,104.284321,30.880989,110.38,0.0977,893,1013,中
DO202607250076,2026-07-25,P039,青江百货连锁超市,R07,104.269502,30.876837,3.16,1.2111,772,892,高
DO202607250077,2026-07-25,P040,上蔬永辉超市(西单商场店),R02,104.000521,30.674866,27.3,0.8919,732,852,低
DO202607250078,2026-07-25,P040,上蔬永辉超市(西单商场店),R02,104.000521,30.674866,22.54,0.122,734,854,中
DO202607250079,2026-07-25,P040,上蔬永辉超市(西单商场店),R02,104.000521,30.674866,218.55,0.334,737,857,中
DO202607250080,2026-07-25,P040,上蔬永辉超市(西单商场店),R02,104.000521,30.674866,23.26,0.0912,741,861,高
DO202607250081,2026-07-25,P041,永辉超市(成都青羊中铁大道店),R02,103.961452,30.670211,41.34,0.0615,644,764,低
DO202607250082,2026-07-25,P041,永辉超市(成都青羊中铁大道店),R02,103.961452,30.670211,11.28,1.1836,646,766,中
DO202607250083,2026-07-25,P041,永辉超市(成都青羊中铁大道店),R02,103.961452,30.670211,241.41,0.0558,646,766,低
DO202607250084,2026-07-25,P041,永辉超市(成都青羊中铁大道店),R02,103.961452,30.670211,119.46,0.12,647,767,低
DO202607250085,2026-07-25,P042,永辉超市(青羊新城市店),R02,104.057614,30.67321,25.6,0.4684,858,978,中
DO202607250086,2026-07-25,P042,永辉超市(青羊新城市店),R02,104.057614,30.67321,2.96,0.2964,859,979,低
DO202607250087,2026-07-25,P042,永辉超市(青羊新城市店),R02,104.057614,30.67321,104.68,0.294,860,980,中
DO202607250088,2026-07-25,P043,红旗超市(中同仁路分场),R02,104.052373,30.668819,351.74,0.3088,795,915,中
DO202607250089,2026-07-25,P044,邻你生活超市(大庆店),R02,104.032527,30.669557,60.04,0.1556,706,826,高
DO202607250090,2026-07-25,P044,邻你生活超市(大庆店),R02,104.032527,30.669557,619.44,1.0667,708,828,中
DO202607250091,2026-07-25,P044,邻你生活超市(大庆店),R02,104.032527,30.669557,21.87,0.0879,711,831,中
DO202607250092,2026-07-25,P044,邻你生活超市(大庆店),R02,104.032527,30.669557,47.28,0.2842,712,832,中
DO202607250093,2026-07-25,P044,邻你生活超市(大庆店),R02,104.032527,30.669557,39.51,0.273,712,832,中
DO202607250094,2026-07-25,P045,世纪红连锁超市,R08,104.208007,30.532247,63.67,0.2347,865,985,高
DO202607250095,2026-07-25,P046,尚喜超市(锦绣路店),R08,104.308338,30.606726,10.35,0.4875,791,911,低
DO202607250096,2026-07-25,P046,尚喜超市(锦绣路店),R08,104.308338,30.606726,12.66,0.1641,791,911,中
DO202607250097,2026-07-25,P046,尚喜超市(锦绣路店),R08,104.308338,30.606726,34.47,0.1796,794,914,高
DO202607250098,2026-07-25,P048,汇联美连锁超市(中街店),R08,104.27333,30.560098,56.21,0.0718,840,960,高
DO202607250099,2026-07-25,P048,汇联美连锁超市(中街店),R08,104.27333,30.560098,54.08,1.1453,841,961,低
DO202607250100,2026-07-25,P048,汇联美连锁超市(中街店),R08,104.27333,30.560098,47.99,0.0177,841,961,中
DO202607250101,2026-07-25,P048,汇联美连锁超市(中街店),R08,104.27333,30.560098,8.5,0.59,842,962,高
DO202607250102,2026-07-25,P049,百伦生活超市(龙泉店),R08,104.273346,30.559846,59.17,0.0706,547,667,低
DO202607260000,2026-07-26,P001,689便民(荣盛·香榭兰庭店),R06,104.135375,30.623625,87.01,0.0906,653,773,高
DO202607260001,2026-07-26,P001,689便民(荣盛·香榭兰庭店),R06,104.135375,30.623625,76.58,0.0862,654,774,高
DO202607260002,2026-07-26,P003,红旗连锁,R06,104.132763,30.627528,93.01,0.6776,879,999,高
DO202607260003,2026-07-26,P003,红旗连锁,R06,104.132763,30.627528,6.3,0.0564,881,1001,高
DO202607260004,2026-07-26,P003,红旗连锁,R06,104.132763,30.627528,13.1,0.1684,885,1005,中
DO202607260005,2026-07-26,P003,红旗连锁,R06,104.132763,30.627528,30.66,0.2013,885,1005,低
DO202607260006,2026-07-26,P004,老蔡小卖部(水碾河路北社区三街店),R06,104.099234,30.648748,328.51,0.6466,754,874,中
DO202607260007,2026-07-26,P006,全家便利店(龙江路店),R03,104.077199,30.641639,45.25,0.3822,861,981,中
DO202607260008,2026-07-26,P006,全家便利店(龙江路店),R03,104.077199,30.641639,293.16,0.6163,869,989,低
DO202607260009,2026-07-26,P007,永辉超市(成都市新城吾悦广场店),R03,103.988663,30.626255,22.64,0.1436,842,962,中
DO202607260010,2026-07-26,P007,永辉超市(成都市新城吾悦广场店),R03,103.988663,30.626255,58.95,0.1616,845,965,高
DO202607260011,2026-07-26,P008,永辉超市(银泰城店),R03,104.058121,30.541191,19.46,0.8805,841,961,中
DO202607260012,2026-07-26,P009,永辉超市(龙湖成都金楠天街店),R03,103.995986,30.648731,36.33,0.157,581,701,中
DO202607260013,2026-07-26,P010,百分百超市(心语店),R03,104.045915,30.545712,19.09,0.212,862,982,中
DO202607260014,2026-07-26,P011,永辉超市(成都市双铁广场店),R01,103.975737,30.758309,127.99,1.9095,788,908,中
DO202607260015,2026-07-26,P011,永辉超市(成都市双铁广场店),R01,103.975737,30.758309,64.89,0.129,789,909,中
DO202607260016,2026-07-26,P011,永辉超市(成都市双铁广场店),R01,103.975737,30.758309,21.21,0.0259,789,909,低
DO202607260017,2026-07-26,P011,永辉超市(成都市双铁广场店),R01,103.975737,30.758309,205.3,0.2162,791,911,低
DO202607260018,2026-07-26,P012,永辉超市(成都市蜀都万达广场店),R01,103.907862,30.807642,133.35,0.2907,547,667,高
DO202607260019,2026-07-26,P013,永辉超市(爱琴海购物中心店),R01,103.991901,30.737566,1331.96,0.7784,674,794,中
DO202607260020,2026-07-26,P014,永辉超市(龙湖成都时代天街店),R01,103.921214,30.750831,34.38,2.0124,534,654,中
DO202607260021,2026-07-26,P015,红旗超市(龙湖时代天街店),R01,103.919653,30.752444,62.88,0.0237,547,667,中
DO202607260022,2026-07-26,P015,红旗超市(龙湖时代天街店),R01,103.919653,30.752444,79.6,0.5397,548,668,高
DO202607260023,2026-07-26,P015,红旗超市(龙湖时代天街店),R01,103.919653,30.752444,18.09,0.6441,554,674,高
DO202607260024,2026-07-26,P016,LAWSON罗森(枣子巷15号院店),R04,104.044885,30.667759,111.29,0.6572,815,935,中
DO202607260025,2026-07-26,P017,LAWSON罗森(龙湖成都上城天街店),R04,104.071944,30.68395,28.91,2.4509,592,712,高
DO202607260026,2026-07-26,P017,LAWSON罗森(龙湖成都上城天街店),R04,104.071944,30.68395,68.15,0.0621,596,716,中
DO202607260027,2026-07-26,P018,乐多(成华西街一店),R04,104.071998,30.683402,12.05,0.0977,852,972,低
DO202607260028,2026-07-26,P018,乐多(成华西街一店),R04,104.071998,30.683402,104.43,0.4489,854,974,中
DO202607260029,2026-07-26,P018,乐多(成华西街一店),R04,104.071998,30.683402,70.91,0.2674,857,977,中
DO202607260030,2026-07-26,P018,乐多(成华西街一店),R04,104.071998,30.683402,3.54,0.1386,857,977,低
DO202607260031,2026-07-26,P019,奥特乐(成都龙湖上城天街店),R04,104.072004,30.684929,136.25,0.5925,744,864,中
DO202607260032,2026-07-26,P020,朴朴超市(西体路店),R04,104.061775,30.681195,65.52,0.2902,807,927,中
DO202607260033,2026-07-26,P021,Ole 精品超市(IFS国际金融中心店),R05,104.081893,30.655003,39.07,0.0341,619,739,低
DO202607260034,2026-07-26,P022,四川舞东风超市连锁股份有限公司,R05,104.082047,30.660437,24.9,0.4418,883,1003,高
DO202607260035,2026-07-26,P022,四川舞东风超市连锁股份有限公司,R05,104.082047,30.660437,18.91,1.9738,887,1007,低
DO202607260036,2026-07-26,P022,四川舞东风超市连锁股份有限公司,R05,104.082047,30.660437,9.08,0.0686,889,1009,低
DO202607260037,2026-07-26,P022,四川舞东风超市连锁股份有限公司,R05,104.082047,30.660437,98.43,0.0584,889,1009,中
DO202607260038,2026-07-26,P023,永辉超市(文华广场店),R05,104.107695,30.637048,7.47,0.6257,793,913,中
DO202607260039,2026-07-26,P024,永辉超市(锦江城市花园店),R05,104.142752,30.595134,45.07,0.1626,759,879,中
DO202607260040,2026-07-26,P024,永辉超市(锦江城市花园店),R05,104.142752,30.595134,71.89,0.3947,763,883,中
DO202607260041,2026-07-26,P027,大荣发连锁超市(和顺雅苑店),R07,104.253582,30.90011,342.17,0.0352,760,880,低
DO202607260042,2026-07-26,P027,大荣发连锁超市(和顺雅苑店),R07,104.253582,30.90011,80.0,0.1255,761,881,中
DO202607260043,2026-07-26,P028,永辉超市(天府欧城店),R07,104.256388,30.892152,127.63,0.3981,729,849,低
DO202607260044,2026-07-26,P030,润都连锁生活超市(正兴路店),R07,104.188354,30.87079,135.82,0.286,591,711,高
DO202607260045,2026-07-26,P030,润都连锁生活超市(正兴路店),R07,104.188354,30.87079,132.25,0.8393,592,712,高
DO202607260046,2026-07-26,P030,润都连锁生活超市(正兴路店),R07,104.188354,30.87079,178.94,0.103,596,716,高
DO202607260047,2026-07-26,P031,渝华连锁超市(学苑路店),R07,104.276426,30.875299,379.34,0.1127,897,1017,高
DO202607260048,2026-07-26,P031,渝华连锁超市(学苑路店),R07,104.276426,30.875299,90.45,1.6822,902,1022,中
DO202607260049,2026-07-26,P032,渝华连锁超市(绣川新城店),R07,104.330571,30.85576,202.39,0.2681,846,966,中
DO202607260050,2026-07-26,P033,红旗超市(团结花园店),R07,104.246885,30.877313,234.42,0.8971,623,743,低
DO202607260051,2026-07-26,P033,红旗超市(团结花园店),R07,104.246885,30.877313,6.49,0.0999,624,744,低
DO202607260052,2026-07-26,P033,红旗超市(团结花园店),R07,104.246885,30.877313,13.82,0.069,624,744,中
DO202607260053,2026-07-26,P033,红旗超市(团结花园店),R07,104.246885,30.877313,336.32,0.3751,629,749,高
DO202607260054,2026-07-26,P033,红旗超市(团结花园店),R07,104.246885,30.877313,27.97,0.0107,630,750,高
DO202607260055,2026-07-26,P033,红旗超市(团结花园店),R07,104.246885,30.877313,50.97,0.0718,630,750,低
DO202607260056,2026-07-26,P033,红旗超市(团结花园店),R07,104.246885,30.877313,20.36,0.4424,631,751,中
DO202607260057,2026-07-26,P035,红旗连锁(青白江同金街便利店),R07,104.244552,30.889503,35.32,0.0222,703,823,中
DO202607260058,2026-07-26,P035,红旗连锁(青白江同金街便利店),R07,104.244552,30.889503,25.0,0.2489,712,832,低
DO202607260059,2026-07-26,P035,红旗连锁(青白江同金街便利店),R07,104.244552,30.889503,134.6,0.0861,712,832,中
DO202607260060,2026-07-26,P036,红旗连锁(青白江城厢首府分场),R07,104.323054,30.860039,146.17,0.1722,821,941,中
DO202607260061,2026-07-26,P037,红旗连锁(青白江石家碾西路店),R07,104.253962,30.887052,14.07,0.2787,731,851,低
DO202607260062,2026-07-26,P037,红旗连锁(青白江石家碾西路店),R07,104.253962,30.887052,26.34,0.3614,734,854,低
DO202607260063,2026-07-26,P038,青江一家超市,R07,104.284321,30.880989,2062.47,0.5408,525,645,中
DO202607260064,2026-07-26,P039,青江百货连锁超市,R07,104.269502,30.876837,7.15,0.0748,691,811,中
DO202607260065,2026-07-26,P041,永辉超市(成都青羊中铁大道店),R02,103.961452,30.670211,33.72,0.1148,526,646,高
DO202607260066,2026-07-26,P041,永辉超市(成都青羊中铁大道店),R02,103.961452,30.670211,40.95,0.6046,528,648,中
DO202607260067,2026-07-26,P041,永辉超市(成都青羊中铁大道店),R02,103.961452,30.670211,100.39,0.3564,529,649,中
DO202607260068,2026-07-26,P041,永辉超市(成都青羊中铁大道店),R02,103.961452,30.670211,103.13,0.1287,532,652,中
DO202607260069,2026-07-26,P042,永辉超市(青羊新城市店),R02,104.057614,30.67321,1058.03,0.356,820,940,高
DO202607260070,2026-07-26,P042,永辉超市(青羊新城市店),R02,104.057614,30.67321,22.79,0.7487,820,940,中
DO202607260071,2026-07-26,P043,红旗超市(中同仁路分场),R02,104.052373,30.668819,10.8,0.168,630,750,低
DO202607260072,2026-07-26,P044,邻你生活超市(大庆店),R02,104.032527,30.669557,176.57,1.1726,884,1004,高
DO202607260073,2026-07-26,P044,邻你生活超市(大庆店),R02,104.032527,30.669557,9.54,0.3726,887,1007,低
DO202607260074,2026-07-26,P044,邻你生活超市(大庆店),R02,104.032527,30.669557,41.75,0.1554,890,1010,高
DO202607260075,2026-07-26,P045,世纪红连锁超市,R08,104.208007,30.532247,384.27,0.0581,523,643,中
DO202607260076,2026-07-26,P046,尚喜超市(锦绣路店),R08,104.308338,30.606726,110.18,1.0111,654,774,低
DO202607260077,2026-07-26,P046,尚喜超市(锦绣路店),R08,104.308338,30.606726,122.5,0.0909,655,775,低
DO202607260078,2026-07-26,P046,尚喜超市(锦绣路店),R08,104.308338,30.606726,20.12,0.1513,656,776,高
DO202607260079,2026-07-26,P046,尚喜超市(锦绣路店),R08,104.308338,30.606726,36.64,1.1661,657,777,低
DO202607260080,2026-07-26,P046,尚喜超市(锦绣路店),R08,104.308338,30.606726,23.31,4.2343,657,777,中
DO202607260081,2026-07-26,P047,永辉超市(成都龙泉驿万达广场店),R08,104.269392,30.566865,47.3,0.0808,774,894,中
DO202607260082,2026-07-26,P047,永辉超市(成都龙泉驿万达广场店),R08,104.269392,30.566865,27.4,0.0741,775,895,低
DO202607260083,2026-07-26,P047,永辉超市(成都龙泉驿万达广场店),R08,104.269392,30.566865,177.55,0.0418,779,899,高
DO202607260084,2026-07-26,P047,永辉超市(成都龙泉驿万达广场店),R08,104.269392,30.566865,124.41,0.4029,783,903,高
DO202607260085,2026-07-26,P049,百伦生活超市(龙泉店),R08,104.273346,30.559846,48.84,0.4297,560,680,中
DO202607260086,2026-07-26,P049,百伦生活超市(龙泉店),R08,104.273346,30.559846,112.63,1.5121,563,683,中
DO202607260087,2026-07-26,P049,百伦生活超市(龙泉店),R08,104.273346,30.559846,12.87,0.5337,565,685,低
DO202607260088,2026-07-26,P049,百伦生活超市(龙泉店),R08,104.273346,30.559846,1763.13,0.1175,565,685,高
DO202607270000,2026-07-27,P002,十二超市(佳年华广场1期店),R06,104.131787,30.627615,30.48,0.1485,585,705,高
DO202607270001,2026-07-27,P002,十二超市(佳年华广场1期店),R06,104.131787,30.627615,12.53,0.0758,586,706,高
DO202607270002,2026-07-27,P002,十二超市(佳年华广场1期店),R06,104.131787,30.627615,11.01,0.4237,588,708,中
DO202607270003,2026-07-27,P002,十二超市(佳年华广场1期店),R06,104.131787,30.627615,336.52,0.0739,591,711,高
DO202607270004,2026-07-27,P003,红旗连锁,R06,104.132763,30.627528,280.02,0.1133,771,891,中
DO202607270005,2026-07-27,P003,红旗连锁,R06,104.132763,30.627528,108.42,0.7222,773,893,中
DO202607270006,2026-07-27,P004,老蔡小卖部(水碾河路北社区三街店),R06,104.099234,30.648748,44.83,0.1373,587,707,高
DO202607270007,2026-07-27,P004,老蔡小卖部(水碾河路北社区三街店),R06,104.099234,30.648748,6.21,0.7427,592,712,高
DO202607270008,2026-07-27,P004,老蔡小卖部(水碾河路北社区三街店),R06,104.099234,30.648748,17.46,0.5777,595,715,低
DO202607270009,2026-07-27,P005,郝英超市,R06,104.129707,30.628761,17.99,0.9442,562,682,中
DO202607270010,2026-07-27,P006,全家便利店(龙江路店),R03,104.077199,30.641639,153.33,0.1818,553,673,中
DO202607270011,2026-07-27,P006,全家便利店(龙江路店),R03,104.077199,30.641639,19.96,0.4508,553,673,高
DO202607270012,2026-07-27,P006,全家便利店(龙江路店),R03,104.077199,30.641639,6.13,0.7217,555,675,低
DO202607270013,2026-07-27,P006,全家便利店(龙江路店),R03,104.077199,30.641639,73.3,0.277,559,679,高
DO202607270014,2026-07-27,P006,全家便利店(龙江路店),R03,104.077199,30.641639,313.97,2.4715,562,682,高
DO202607270015,2026-07-27,P006,全家便利店(龙江路店),R03,104.077199,30.641639,4.18,0.4718,563,683,低
DO202607270016,2026-07-27,P007,永辉超市(成都市新城吾悦广场店),R03,103.988663,30.626255,150.13,0.2411,838,958,低
DO202607270017,2026-07-27,P007,永辉超市(成都市新城吾悦广场店),R03,103.988663,30.626255,77.52,0.1726,838,958,低
DO202607270018,2026-07-27,P007,永辉超市(成都市新城吾悦广场店),R03,103.988663,30.626255,21.46,0.3443,842,962,中
DO202607270019,2026-07-27,P007,永辉超市(成都市新城吾悦广场店),R03,103.988663,30.626255,11.8,0.4456,845,965,低
DO202607270020,2026-07-27,P008,永辉超市(银泰城店),R03,104.058121,30.541191,116.01,0.3817,537,657,中
DO202607270021,2026-07-27,P008,永辉超市(银泰城店),R03,104.058121,30.541191,32.19,2.1632,539,659,高
DO202607270022,2026-07-27,P008,永辉超市(银泰城店),R03,104.058121,30.541191,193.22,1.9718,542,662,中
DO202607270023,2026-07-27,P009,永辉超市(龙湖成都金楠天街店),R03,103.995986,30.648731,82.96,0.0487,896,1016,低
DO202607270024,2026-07-27,P009,永辉超市(龙湖成都金楠天街店),R03,103.995986,30.648731,75.94,1.9886,896,1016,高
DO202607270025,2026-07-27,P009,永辉超市(龙湖成都金楠天街店),R03,103.995986,30.648731,15.92,0.3205,901,1021,中
DO202607270026,2026-07-27,P009,永辉超市(龙湖成都金楠天街店),R03,103.995986,30.648731,83.5,0.2682,901,1021,高
DO202607270027,2026-07-27,P009,永辉超市(龙湖成都金楠天街店),R03,103.995986,30.648731,99.01,0.7276,902,1022,中
DO202607270028,2026-07-27,P010,百分百超市(心语店),R03,104.045915,30.545712,54.45,0.1265,653,773,中
DO202607270029,2026-07-27,P011,永辉超市(成都市双铁广场店),R01,103.975737,30.758309,614.51,0.0902,623,743,高
DO202607270030,2026-07-27,P011,永辉超市(成都市双铁广场店),R01,103.975737,30.758309,482.63,0.0149,624,744,低
DO202607270031,2026-07-27,P011,永辉超市(成都市双铁广场店),R01,103.975737,30.758309,263.93,0.229,628,748,高
DO202607270032,2026-07-27,P011,永辉超市(成都市双铁广场店),R01,103.975737,30.758309,181.56,0.0922,630,750,中
DO202607270033,2026-07-27,P012,永辉超市(成都市蜀都万达广场店),R01,103.907862,30.807642,64.83,0.5057,601,721,中
DO202607270034,2026-07-27,P013,永辉超市(爱琴海购物中心店),R01,103.991901,30.737566,142.88,0.2998,685,805,低
DO202607270035,2026-07-27,P013,永辉超市(爱琴海购物中心店),R01,103.991901,30.737566,158.24,0.8693,687,807,中
DO202607270036,2026-07-27,P013,永辉超市(爱琴海购物中心店),R01,103.991901,30.737566,36.85,0.1945,688,808,中
DO202607270037,2026-07-27,P013,永辉超市(爱琴海购物中心店),R01,103.991901,30.737566,72.59,1.5125,688,808,中
DO202607270038,2026-07-27,P013,永辉超市(爱琴海购物中心店),R01,103.991901,30.737566,68.84,1.1084,689,809,中
DO202607270039,2026-07-27,P014,永辉超市(龙湖成都时代天街店),R01,103.921214,30.750831,290.75,0.1054,811,931,低
DO202607270040,2026-07-27,P014,永辉超市(龙湖成都时代天街店),R01,103.921214,30.750831,88.89,0.608,812,932,高
DO202607270041,2026-07-27,P014,永辉超市(龙湖成都时代天街店),R01,103.921214,30.750831,79.48,1.1473,813,933,中
DO202607270042,2026-07-27,P015,红旗超市(龙湖时代天街店),R01,103.919653,30.752444,5.29,0.2691,721,841,低
DO202607270043,2026-07-27,P015,红旗超市(龙湖时代天街店),R01,103.919653,30.752444,4.73,0.1225,722,842,高
DO202607270044,2026-07-27,P015,红旗超市(龙湖时代天街店),R01,103.919653,30.752444,28.72,0.0753,725,845,高
DO202607270045,2026-07-27,P015,红旗超市(龙湖时代天街店),R01,103.919653,30.752444,47.5,0.1419,726,846,高
DO202607270046,2026-07-27,P017,LAWSON罗森(龙湖成都上城天街店),R04,104.071944,30.68395,8.11,0.0935,768,888,中
DO202607270047,2026-07-27,P017,LAWSON罗森(龙湖成都上城天街店),R04,104.071944,30.68395,230.9,5.5127,769,889,中
DO202607270048,2026-07-27,P018,乐多(成华西街一店),R04,104.071998,30.683402,14.26,0.2006,887,1007,高
DO202607270049,2026-07-27,P018,乐多(成华西街一店),R04,104.071998,30.683402,40.72,0.2174,892,1012,中
DO202607270050,2026-07-27,P018,乐多(成华西街一店),R04,104.071998,30.683402,18.61,0.8425,895,1015,中
DO202607270051,2026-07-27,P019,奥特乐(成都龙湖上城天街店),R04,104.072004,30.684929,276.32,0.0126,623,743,低
DO202607270052,2026-07-27,P019,奥特乐(成都龙湖上城天街店),R04,104.072004,30.684929,48.16,0.1897,628,748,中
DO202607270053,2026-07-27,P020,朴朴超市(西体路店),R04,104.061775,30.681195,39.28,1.056,805,925,中
DO202607270054,2026-07-27,P020,朴朴超市(西体路店),R04,104.061775,30.681195,88.04,0.187,809,929,中
DO202607270055,2026-07-27,P022,四川舞东风超市连锁股份有限公司,R05,104.082047,30.660437,7.09,0.1787,718,838,中
DO202607270056,2026-07-27,P022,四川舞东风超市连锁股份有限公司,R05,104.082047,30.660437,7.96,0.079,720,840,中
DO202607270057,2026-07-27,P023,永辉超市(文华广场店),R05,104.107695,30.637048,89.79,0.2996,602,722,中
DO202607270058,2026-07-27,P024,永辉超市(锦江城市花园店),R05,104.142752,30.595134,25.46,1.449,835,955,中
DO202607270059,2026-07-27,P024,永辉超市(锦江城市花园店),R05,104.142752,30.595134,3.89,0.8731,842,962,低
DO202607270060,2026-07-27,P025,红旗超市(成都红旗商厦店),R05,104.072081,30.658735,4.29,0.6846,675,795,高
DO202607270061,2026-07-27,P025,红旗超市(成都红旗商厦店),R05,104.072081,30.658735,37.45,0.214,683,803,低
DO202607270062,2026-07-27,P026,友好多连锁超市(界牌店),R07,104.313922,30.880419,31.89,0.0483,561,681,低
DO202607270063,2026-07-27,P026,友好多连锁超市(界牌店),R07,104.313922,30.880419,3.66,3.4363,565,685,中
DO202607270064,2026-07-27,P026,友好多连锁超市(界牌店),R07,104.313922,30.880419,132.26,1.358,567,687,低
DO202607270065,2026-07-27,P027,大荣发连锁超市(和顺雅苑店),R07,104.253582,30.90011,18.34,0.061,689,809,高
DO202607270066,2026-07-27,P027,大荣发连锁超市(和顺雅苑店),R07,104.253582,30.90011,96.8,0.1,691,811,高
DO202607270067,2026-07-27,P027,大荣发连锁超市(和顺雅苑店),R07,104.253582,30.90011,254.61,3.4342,692,812,中
DO202607270068,2026-07-27,P027,大荣发连锁超市(和顺雅苑店),R07,104.253582,30.90011,324.85,0.172,695,815,高
DO202607270069,2026-07-27,P029,永辉超市(青白江万达广场店),R07,104.253652,30.878095,135.75,0.1743,740,860,低
DO202607270070,2026-07-27,P030,润都连锁生活超市(正兴路店),R07,104.188354,30.87079,73.26,1.5628,784,904,低
DO202607270071,2026-07-27,P030,润都连锁生活超市(正兴路店),R07,104.188354,30.87079,2.48,0.3321,787,907,低
DO202607270072,2026-07-27,P030,润都连锁生活超市(正兴路店),R07,104.188354,30.87079,1.34,3.4022,787,907,中
DO202607270073,2026-07-27,P030,润都连锁生活超市(正兴路店),R07,104.188354,30.87079,15.81,0.1106,789,909,低
DO202607270074,2026-07-27,P031,渝华连锁超市(学苑路店),R07,104.276426,30.875299,17.56,2.4132,582,702,低
DO202607270075,2026-07-27,P032,渝华连锁超市(绣川新城店),R07,104.330571,30.85576,101.21,1.9984,692,812,中
DO202607270076,2026-07-27,P032,渝华连锁超市(绣川新城店),R07,104.330571,30.85576,23.02,0.4908,693,813,中
DO202607270077,2026-07-27,P032,渝华连锁超市(绣川新城店),R07,104.330571,30.85576,72.04,2.8296,698,818,低
DO202607270078,2026-07-27,P033,红旗超市(团结花园店),R07,104.246885,30.877313,28.63,0.1475,871,991,低
DO202607270079,2026-07-27,P033,红旗超市(团结花园店),R07,104.246885,30.877313,479.39,0.7547,874,994,低
DO202607270080,2026-07-27,P033,红旗超市(团结花园店),R07,104.246885,30.877313,99.49,0.2819,875,995,中
DO202607270081,2026-07-27,P034,红旗连锁(北城新界民族花园店),R07,104.201632,30.877318,19.75,0.1867,773,893,高
DO202607270082,2026-07-27,P034,红旗连锁(北城新界民族花园店),R07,104.201632,30.877318,11.52,0.2168,774,894,中
DO202607270083,2026-07-27,P036,红旗连锁(青白江城厢首府分场),R07,104.323054,30.860039,2.79,0.5569,690,810,低
DO202607270084,2026-07-27,P036,红旗连锁(青白江城厢首府分场),R07,104.323054,30.860039,102.45,0.3655,700,820,高
DO202607270085,2026-07-27,P037,红旗连锁(青白江石家碾西路店),R07,104.253962,30.887052,40.73,2.1295,647,767,中
DO202607270086,2026-07-27,P038,青江一家超市,R07,104.284321,30.880989,60.37,0.0261,632,752,中
DO202607270087,2026-07-27,P038,青江一家超市,R07,104.284321,30.880989,431.81,0.2082,637,757,中
DO202607270088,2026-07-27,P038,青江一家超市,R07,104.284321,30.880989,20.06,0.6982,638,758,中
DO202607270089,2026-07-27,P038,青江一家超市,R07,104.284321,30.880989,187.73,1.675,639,759,低
DO202607270090,2026-07-27,P039,青江百货连锁超市,R07,104.269502,30.876837,0.94,0.0292,880,1000,中
DO202607270091,2026-07-27,P039,青江百货连锁超市,R07,104.269502,30.876837,9.81,0.1449,882,1002,中
DO202607270092,2026-07-27,P040,上蔬永辉超市(西单商场店),R02,104.000521,30.674866,66.79,0.6118,882,1002,低
DO202607270093,2026-07-27,P040,上蔬永辉超市(西单商场店),R02,104.000521,30.674866,335.06,0.0882,882,1002,中
DO202607270094,2026-07-27,P040,上蔬永辉超市(西单商场店),R02,104.000521,30.674866,111.5,0.1362,885,1005,中
DO202607270095,2026-07-27,P041,永辉超市(成都青羊中铁大道店),R02,103.961452,30.670211,51.87,0.0444,654,774,中
DO202607270096,2026-07-27,P042,永辉超市(青羊新城市店),R02,104.057614,30.67321,14.62,0.8222,536,656,低
DO202607270097,2026-07-27,P042,永辉超市(青羊新城市店),R02,104.057614,30.67321,59.3,2.1662,536,656,中
DO202607270098,2026-07-27,P044,邻你生活超市(大庆店),R02,104.032527,30.669557,23.79,0.1048,864,984,低
DO202607270099,2026-07-27,P045,世纪红连锁超市,R08,104.208007,30.532247,5.76,1.8411,651,771,中
DO202607270100,2026-07-27,P045,世纪红连锁超市,R08,104.208007,30.532247,25.83,0.0748,659,779,中
DO202607270101,2026-07-27,P046,尚喜超市(锦绣路店),R08,104.308338,30.606726,22.71,0.3115,701,821,高
DO202607270102,2026-07-27,P046,尚喜超市(锦绣路店),R08,104.308338,30.606726,86.28,0.2158,702,822,中
DO202607270103,2026-07-27,P046,尚喜超市(锦绣路店),R08,104.308338,30.606726,23.39,0.1149,709,829,高
DO202607270104,2026-07-27,P046,尚喜超市(锦绣路店),R08,104.308338,30.606726,15.72,0.469,709,829,中
DO202607270105,2026-07-27,P047,永辉超市(成都龙泉驿万达广场店),R08,104.269392,30.566865,41.23,3.6221,544,664,中
DO202607270106,2026-07-27,P048,汇联美连锁超市(中街店),R08,104.27333,30.560098,276.4,2.1735,581,701,高
DO202607270107,2026-07-27,P048,汇联美连锁超市(中街店),R08,104.27333,30.560098,140.71,0.2977,581,701,中
DO202607270108,2026-07-27,P049,百伦生活超市(龙泉店),R08,104.273346,30.559846,2.7,0.5622,516,636,高
DO202607270109,2026-07-27,P049,百伦生活超市(龙泉店),R08,104.273346,30.559846,49.31,0.2461,518,638,高
DO202607270110,2026-07-27,P049,百伦生活超市(龙泉店),R08,104.273346,30.559846,59.73,0.6245,522,642,低
DO202607270111,2026-07-27,P049,百伦生活超市(龙泉店),R08,104.273346,30.559846,9.8,0.1024,522,642,中
DO202607280000,2026-07-28,P001,689便民(荣盛·香榭兰庭店),R06,104.135375,30.623625,73.23,0.0476,528,648,中
DO202607280001,2026-07-28,P001,689便民(荣盛·香榭兰庭店),R06,104.135375,30.623625,44.0,0.4402,529,649,高
DO202607280002,2026-07-28,P001,689便民(荣盛·香榭兰庭店),R06,104.135375,30.623625,123.0,10.679,533,653,低
DO202607280003,2026-07-28,P003,红旗连锁,R06,104.132763,30.627528,66.16,1.3208,719,839,中
DO202607280004,2026-07-28,P003,红旗连锁,R06,104.132763,30.627528,360.15,0.2124,720,840,中
DO202607280005,2026-07-28,P003,红旗连锁,R06,104.132763,30.627528,3.0,10.0574,722,842,中
DO202607280006,2026-07-28,P003,红旗连锁,R06,104.132763,30.627528,35.31,0.0251,726,846,高
DO202607280007,2026-07-28,P004,老蔡小卖部(水碾河路北社区三街店),R06,104.099234,30.648748,108.05,0.1763,728,848,低
DO202607280008,2026-07-28,P004,老蔡小卖部(水碾河路北社区三街店),R06,104.099234,30.648748,21.01,1.5736,730,850,低
DO202607280009,2026-07-28,P004,老蔡小卖部(水碾河路北社区三街店),R06,104.099234,30.648748,74.8,0.0242,735,855,中
DO202607280010,2026-07-28,P004,老蔡小卖部(水碾河路北社区三街店),R06,104.099234,30.648748,87.6,0.2671,736,856,高
DO202607280011,2026-07-28,P005,郝英超市,R06,104.129707,30.628761,10.84,0.133,886,1006,中
DO202607280012,2026-07-28,P005,郝英超市,R06,104.129707,30.628761,27.42,0.8019,887,1007,中
DO202607280013,2026-07-28,P007,永辉超市(成都市新城吾悦广场店),R03,103.988663,30.626255,56.11,1.608,679,799,中
DO202607280014,2026-07-28,P008,永辉超市(银泰城店),R03,104.058121,30.541191,10.45,1.0027,826,946,中
DO202607280015,2026-07-28,P009,永辉超市(龙湖成都金楠天街店),R03,103.995986,30.648731,153.1,0.0489,736,856,中
DO202607280016,2026-07-28,P011,永辉超市(成都市双铁广场店),R01,103.975737,30.758309,12.15,3.2807,671,791,低
DO202607280017,2026-07-28,P011,永辉超市(成都市双铁广场店),R01,103.975737,30.758309,211.24,1.9779,672,792,高
DO202607280018,2026-07-28,P011,永辉超市(成都市双铁广场店),R01,103.975737,30.758309,28.85,0.9776,674,794,中
DO202607280019,2026-07-28,P011,永辉超市(成都市双铁广场店),R01,103.975737,30.758309,23.57,1.7116,678,798,高
DO202607280020,2026-07-28,P011,永辉超市(成都市双铁广场店),R01,103.975737,30.758309,65.14,0.1668,678,798,低
DO202607280021,2026-07-28,P011,永辉超市(成都市双铁广场店),R01,103.975737,30.758309,4.28,0.761,680,800,中
DO202607280022,2026-07-28,P011,永辉超市(成都市双铁广场店),R01,103.975737,30.758309,102.44,0.2351,680,800,中
DO202607280023,2026-07-28,P012,永辉超市(成都市蜀都万达广场店),R01,103.907862,30.807642,35.13,0.1539,727,847,中
DO202607280024,2026-07-28,P012,永辉超市(成都市蜀都万达广场店),R01,103.907862,30.807642,23.36,0.2067,730,850,低
DO202607280025,2026-07-28,P012,永辉超市(成都市蜀都万达广场店),R01,103.907862,30.807642,21.74,0.171,731,851,中
DO202607280026,2026-07-28,P013,永辉超市(爱琴海购物中心店),R01,103.991901,30.737566,84.66,1.7253,688,808,高
DO202607280027,2026-07-28,P013,永辉超市(爱琴海购物中心店),R01,103.991901,30.737566,384.71,0.2768,689,809,中
DO202607280028,2026-07-28,P013,永辉超市(爱琴海购物中心店),R01,103.991901,30.737566,20.94,0.2737,693,813,中
DO202607280029,2026-07-28,P014,永辉超市(龙湖成都时代天街店),R01,103.921214,30.750831,14.16,0.4711,564,684,中
DO202607280030,2026-07-28,P014,永辉超市(龙湖成都时代天街店),R01,103.921214,30.750831,10.14,1.9907,568,688,中
DO202607280031,2026-07-28,P015,红旗超市(龙湖时代天街店),R01,103.919653,30.752444,48.26,0.3775,620,740,高
DO202607280032,2026-07-28,P016,LAWSON罗森(枣子巷15号院店),R04,104.044885,30.667759,68.46,0.0889,566,686,低
DO202607280033,2026-07-28,P017,LAWSON罗森(龙湖成都上城天街店),R04,104.071944,30.68395,72.85,0.0627,588,708,低
DO202607280034,2026-07-28,P017,LAWSON罗森(龙湖成都上城天街店),R04,104.071944,30.68395,336.84,0.9522,596,716,中
DO202607280035,2026-07-28,P018,乐多(成华西街一店),R04,104.071998,30.683402,303.68,0.1062,641,761,中
DO202607280036,2026-07-28,P018,乐多(成华西街一店),R04,104.071998,30.683402,31.77,0.091,641,761,高
DO202607280037,2026-07-28,P018,乐多(成华西街一店),R04,104.071998,30.683402,19.66,0.0984,641,761,中
DO202607280038,2026-07-28,P018,乐多(成华西街一店),R04,104.071998,30.683402,44.15,2.7379,641,761,低
DO202607280039,2026-07-28,P018,乐多(成华西街一店),R04,104.071998,30.683402,79.1,0.7946,642,762,高
DO202607280040,2026-07-28,P019,奥特乐(成都龙湖上城天街店),R04,104.072004,30.684929,3.4,0.007,788,908,高
DO202607280041,2026-07-28,P020,朴朴超市(西体路店),R04,104.061775,30.681195,58.64,0.2197,877,997,中
DO202607280042,2026-07-28,P020,朴朴超市(西体路店),R04,104.061775,30.681195,45.38,2.16,877,997,高
DO202607280043,2026-07-28,P022,四川舞东风超市连锁股份有限公司,R05,104.082047,30.660437,326.34,0.2378,775,895,中
DO202607280044,2026-07-28,P023,永辉超市(文华广场店),R05,104.107695,30.637048,3.2,1.315,689,809,低
DO202607280045,2026-07-28,P023,永辉超市(文华广场店),R05,104.107695,30.637048,176.7,1.4278,693,813,低
DO202607280046,2026-07-28,P024,永辉超市(锦江城市花园店),R05,104.142752,30.595134,11.28,0.2243,669,789,中
DO202607280047,2026-07-28,P024,永辉超市(锦江城市花园店),R05,104.142752,30.595134,32.02,0.1295,670,790,中
DO202607280048,2026-07-28,P024,永辉超市(锦江城市花园店),R05,104.142752,30.595134,23.71,0.1775,673,793,中
DO202607280049,2026-07-28,P026,友好多连锁超市(界牌店),R07,104.313922,30.880419,75.03,0.1762,642,762,低
DO202607280050,2026-07-28,P026,友好多连锁超市(界牌店),R07,104.313922,30.880419,81.07,0.2056,642,762,低
DO202607280051,2026-07-28,P026,友好多连锁超市(界牌店),R07,104.313922,30.880419,110.72,0.1284,642,762,高
DO202607280052,2026-07-28,P026,友好多连锁超市(界牌店),R07,104.313922,30.880419,39.22,0.1444,651,771,高
DO202607280053,2026-07-28,P027,大荣发连锁超市(和顺雅苑店),R07,104.253582,30.90011,21.0,0.1277,860,980,高
DO202607280054,2026-07-28,P028,永辉超市(天府欧城店),R07,104.256388,30.892152,541.54,1.6578,711,831,高
DO202607280055,2026-07-28,P029,永辉超市(青白江万达广场店),R07,104.253652,30.878095,61.42,0.896,653,773,中
DO202607280056,2026-07-28,P030,润都连锁生活超市(正兴路店),R07,104.188354,30.87079,208.98,0.844,857,977,低
DO202607280057,2026-07-28,P030,润都连锁生活超市(正兴路店),R07,104.188354,30.87079,8.56,0.0689,858,978,低
DO202607280058,2026-07-28,P030,润都连锁生活超市(正兴路店),R07,104.188354,30.87079,21.77,0.3904,860,980,中
DO202607280059,2026-07-28,P031,渝华连锁超市(学苑路店),R07,104.276426,30.875299,38.99,0.3087,750,870,中
DO202607280060,2026-07-28,P032,渝华连锁超市(绣川新城店),R07,104.330571,30.85576,27.79,0.127,549,669,高
DO202607280061,2026-07-28,P033,红旗超市(团结花园店),R07,104.246885,30.877313,66.79,2.2543,699,819,高
DO202607280062,2026-07-28,P033,红旗超市(团结花园店),R07,104.246885,30.877313,1.87,0.2157,700,820,中
DO202607280063,2026-07-28,P033,红旗超市(团结花园店),R07,104.246885,30.877313,41.54,0.1628,700,820,中
DO202607280064,2026-07-28,P035,红旗连锁(青白江同金街便利店),R07,104.244552,30.889503,192.55,0.3913,857,977,低
DO202607280065,2026-07-28,P035,红旗连锁(青白江同金街便利店),R07,104.244552,30.889503,4.52,0.299,864,984,中
DO202607280066,2026-07-28,P036,红旗连锁(青白江城厢首府分场),R07,104.323054,30.860039,58.77,0.1991,674,794,中
DO202607280067,2026-07-28,P037,红旗连锁(青白江石家碾西路店),R07,104.253962,30.887052,17.81,0.058,531,651,低
DO202607280068,2026-07-28,P037,红旗连锁(青白江石家碾西路店),R07,104.253962,30.887052,151.5,0.1274,535,655,中
DO202607280069,2026-07-28,P037,红旗连锁(青白江石家碾西路店),R07,104.253962,30.887052,289.25,3.6204,537,657,高
DO202607280070,2026-07-28,P037,红旗连锁(青白江石家碾西路店),R07,104.253962,30.887052,212.98,0.2095,540,660,中
DO202607280071,2026-07-28,P038,青江一家超市,R07,104.284321,30.880989,179.07,0.1291,785,905,中
DO202607280072,2026-07-28,P040,上蔬永辉超市(西单商场店),R02,104.000521,30.674866,3.65,0.2066,650,770,中
DO202607280073,2026-07-28,P040,上蔬永辉超市(西单商场店),R02,104.000521,30.674866,158.74,0.5947,652,772,中
DO202607280074,2026-07-28,P040,上蔬永辉超市(西单商场店),R02,104.000521,30.674866,33.72,0.2159,653,773,高
DO202607280075,2026-07-28,P041,永辉超市(成都青羊中铁大道店),R02,103.961452,30.670211,57.92,0.3728,763,883,中
DO202607280076,2026-07-28,P041,永辉超市(成都青羊中铁大道店),R02,103.961452,30.670211,186.97,2.0251,766,886,中
DO202607280077,2026-07-28,P041,永辉超市(成都青羊中铁大道店),R02,103.961452,30.670211,90.7,0.054,770,890,中
DO202607280078,2026-07-28,P041,永辉超市(成都青羊中铁大道店),R02,103.961452,30.670211,123.62,0.0707,770,890,中
DO202607280079,2026-07-28,P042,永辉超市(青羊新城市店),R02,104.057614,30.67321,15.79,0.4166,560,680,高
DO202607280080,2026-07-28,P042,永辉超市(青羊新城市店),R02,104.057614,30.67321,30.38,0.073,561,681,高
DO202607280081,2026-07-28,P042,永辉超市(青羊新城市店),R02,104.057614,30.67321,85.82,1.7487,561,681,低
DO202607280082,2026-07-28,P042,永辉超市(青羊新城市店),R02,104.057614,30.67321,54.81,8.9533,564,684,高
DO202607280083,2026-07-28,P042,永辉超市(青羊新城市店),R02,104.057614,30.67321,119.17,0.0648,564,684,低
DO202607280084,2026-07-28,P042,永辉超市(青羊新城市店),R02,104.057614,30.67321,76.75,0.0827,564,684,中
DO202607280085,2026-07-28,P043,红旗超市(中同仁路分场),R02,104.052373,30.668819,30.88,0.8876,661,781,中
DO202607280086,2026-07-28,P043,红旗超市(中同仁路分场),R02,104.052373,30.668819,163.72,0.0818,661,781,中
DO202607280087,2026-07-28,P043,红旗超市(中同仁路分场),R02,104.052373,30.668819,6.78,0.0204,662,782,高
DO202607280088,2026-07-28,P043,红旗超市(中同仁路分场),R02,104.052373,30.668819,68.69,0.0642,665,785,高
DO202607280089,2026-07-28,P043,红旗超市(中同仁路分场),R02,104.052373,30.668819,109.75,0.0726,665,785,高
DO202607280090,2026-07-28,P044,邻你生活超市(大庆店),R02,104.032527,30.669557,34.22,0.4303,687,807,高
DO202607280091,2026-07-28,P044,邻你生活超市(大庆店),R02,104.032527,30.669557,54.95,0.7195,689,809,低
DO202607280092,2026-07-28,P044,邻你生活超市(大庆店),R02,104.032527,30.669557,9.09,0.4163,690,810,中
DO202607280093,2026-07-28,P046,尚喜超市(锦绣路店),R08,104.308338,30.606726,44.81,1.1178,614,734,高
DO202607280094,2026-07-28,P046,尚喜超市(锦绣路店),R08,104.308338,30.606726,12.2,0.1258,619,739,高
DO202607280095,2026-07-28,P047,永辉超市(成都龙泉驿万达广场店),R08,104.269392,30.566865,214.31,0.2059,607,727,低
DO202607280096,2026-07-28,P047,永辉超市(成都龙泉驿万达广场店),R08,104.269392,30.566865,3.67,0.375,615,735,低
DO202607280097,2026-07-28,P049,百伦生活超市(龙泉店),R08,104.273346,30.559846,77.25,0.4062,762,882,低
DO202607280098,2026-07-28,P049,百伦生活超市(龙泉店),R08,104.273346,30.559846,62.51,2.0977,766,886,中
DO202607290000,2026-07-29,P001,689便民(荣盛·香榭兰庭店),R06,104.135375,30.623625,11.94,1.8905,780,900,高
DO202607290001,2026-07-29,P001,689便民(荣盛·香榭兰庭店),R06,104.135375,30.623625,20.34,0.0828,789,909,高
DO202607290002,2026-07-29,P003,红旗连锁,R06,104.132763,30.627528,10.07,1.9319,698,818,高
DO202607290003,2026-07-29,P004,老蔡小卖部(水碾河路北社区三街店),R06,104.099234,30.648748,106.25,0.5017,895,1015,低
DO202607290004,2026-07-29,P004,老蔡小卖部(水碾河路北社区三街店),R06,104.099234,30.648748,2.86,1.6647,903,1023,高
DO202607290005,2026-07-29,P004,老蔡小卖部(水碾河路北社区三街店),R06,104.099234,30.648748,25.54,0.208,904,1024,中
DO202607290006,2026-07-29,P006,全家便利店(龙江路店),R03,104.077199,30.641639,57.62,0.1591,784,904,中
DO202607290007,2026-07-29,P006,全家便利店(龙江路店),R03,104.077199,30.641639,279.34,0.2908,786,906,低
DO202607290008,2026-07-29,P008,永辉超市(银泰城店),R03,104.058121,30.541191,358.93,0.2356,843,963,中
DO202607290009,2026-07-29,P008,永辉超市(银泰城店),R03,104.058121,30.541191,54.23,0.6728,848,968,中
DO202607290010,2026-07-29,P008,永辉超市(银泰城店),R03,104.058121,30.541191,185.03,0.1902,849,969,高
DO202607290011,2026-07-29,P008,永辉超市(银泰城店),R03,104.058121,30.541191,5.65,3.231,849,969,中
DO202607290012,2026-07-29,P009,永辉超市(龙湖成都金楠天街店),R03,103.995986,30.648731,52.17,0.1971,603,723,中
DO202607290013,2026-07-29,P009,永辉超市(龙湖成都金楠天街店),R03,103.995986,30.648731,41.02,0.9594,603,723,低
DO202607290014,2026-07-29,P010,百分百超市(心语店),R03,104.045915,30.545712,17.36,0.5399,519,639,高
DO202607290015,2026-07-29,P011,永辉超市(成都市双铁广场店),R01,103.975737,30.758309,7.14,0.6955,573,693,高
DO202607290016,2026-07-29,P011,永辉超市(成都市双铁广场店),R01,103.975737,30.758309,6.32,1.0178,576,696,高
DO202607290017,2026-07-29,P012,永辉超市(成都市蜀都万达广场店),R01,103.907862,30.807642,21.36,0.0977,663,783,高
DO202607290018,2026-07-29,P013,永辉超市(爱琴海购物中心店),R01,103.991901,30.737566,62.02,0.1214,855,975,中
DO202607290019,2026-07-29,P013,永辉超市(爱琴海购物中心店),R01,103.991901,30.737566,113.71,0.4834,863,983,低
DO202607290020,2026-07-29,P014,永辉超市(龙湖成都时代天街店),R01,103.921214,30.750831,91.05,1.463,788,908,中
DO202607290021,2026-07-29,P014,永辉超市(龙湖成都时代天街店),R01,103.921214,30.750831,864.93,0.337,796,916,低
DO202607290022,2026-07-29,P014,永辉超市(龙湖成都时代天街店),R01,103.921214,30.750831,278.19,1.1861,796,916,高
DO202607290023,2026-07-29,P015,红旗超市(龙湖时代天街店),R01,103.919653,30.752444,17.26,0.0791,611,731,低
DO202607290024,2026-07-29,P015,红旗超市(龙湖时代天街店),R01,103.919653,30.752444,15.63,0.3617,613,733,中
DO202607290025,2026-07-29,P015,红旗超市(龙湖时代天街店),R01,103.919653,30.752444,56.16,1.0628,615,735,中
DO202607290026,2026-07-29,P016,LAWSON罗森(枣子巷15号院店),R04,104.044885,30.667759,6.0,0.1106,755,875,高
DO202607290027,2026-07-29,P016,LAWSON罗森(枣子巷15号院店),R04,104.044885,30.667759,9.6,0.1364,755,875,中
DO202607290028,2026-07-29,P017,LAWSON罗森(龙湖成都上城天街店),R04,104.071944,30.68395,70.25,0.1337,550,670,中
DO202607290029,2026-07-29,P017,LAWSON罗森(龙湖成都上城天街店),R04,104.071944,30.68395,58.02,1.1705,555,675,中
DO202607290030,2026-07-29,P018,乐多(成华西街一店),R04,104.071998,30.683402,25.0,0.0331,615,735,低
DO202607290031,2026-07-29,P018,乐多(成华西街一店),R04,104.071998,30.683402,4.16,0.653,619,739,中
DO202607290032,2026-07-29,P020,朴朴超市(西体路店),R04,104.061775,30.681195,37.91,0.3722,729,849,中
DO202607290033,2026-07-29,P022,四川舞东风超市连锁股份有限公司,R05,104.082047,30.660437,62.63,1.179,867,987,中
DO202607290034,2026-07-29,P022,四川舞东风超市连锁股份有限公司,R05,104.082047,30.660437,76.75,2.8553,868,988,高
DO202607290035,2026-07-29,P024,永辉超市(锦江城市花园店),R05,104.142752,30.595134,1183.49,2.6377,734,854,低
DO202607290036,2026-07-29,P024,永辉超市(锦江城市花园店),R05,104.142752,30.595134,620.04,0.1209,735,855,低
DO202607290037,2026-07-29,P024,永辉超市(锦江城市花园店),R05,104.142752,30.595134,60.51,0.2908,738,858,低
DO202607290038,2026-07-29,P026,友好多连锁超市(界牌店),R07,104.313922,30.880419,352.24,0.1207,820,940,低
DO202607290039,2026-07-29,P026,友好多连锁超市(界牌店),R07,104.313922,30.880419,14.65,0.4201,822,942,低
DO202607290040,2026-07-29,P027,大荣发连锁超市(和顺雅苑店),R07,104.253582,30.90011,35.31,0.0752,770,890,高
DO202607290041,2026-07-29,P027,大荣发连锁超市(和顺雅苑店),R07,104.253582,30.90011,126.02,0.1893,773,893,高
DO202607290042,2026-07-29,P027,大荣发连锁超市(和顺雅苑店),R07,104.253582,30.90011,32.89,0.2306,774,894,中
DO202607290043,2026-07-29,P028,永辉超市(天府欧城店),R07,104.256388,30.892152,48.8,0.9588,867,987,中
DO202607290044,2026-07-29,P029,永辉超市(青白江万达广场店),R07,104.253652,30.878095,23.35,0.1006,812,932,高
DO202607290045,2026-07-29,P029,永辉超市(青白江万达广场店),R07,104.253652,30.878095,37.55,0.3068,816,936,低
DO202607290046,2026-07-29,P030,润都连锁生活超市(正兴路店),R07,104.188354,30.87079,39.47,0.2395,902,1022,中
DO202607290047,2026-07-29,P030,润都连锁生活超市(正兴路店),R07,104.188354,30.87079,328.1,0.1105,903,1023,高
DO202607290048,2026-07-29,P032,渝华连锁超市(绣川新城店),R07,104.330571,30.85576,26.11,0.5388,660,780,高
DO202607290049,2026-07-29,P033,红旗超市(团结花园店),R07,104.246885,30.877313,6.51,0.0309,580,700,低
DO202607290050,2026-07-29,P034,红旗连锁(北城新界民族花园店),R07,104.201632,30.877318,172.92,0.0218,759,879,中
DO202607290051,2026-07-29,P034,红旗连锁(北城新界民族花园店),R07,104.201632,30.877318,92.07,0.3394,760,880,高
DO202607290052,2026-07-29,P034,红旗连锁(北城新界民族花园店),R07,104.201632,30.877318,476.79,0.0139,761,881,高
DO202607290053,2026-07-29,P034,红旗连锁(北城新界民族花园店),R07,104.201632,30.877318,47.81,0.6434,761,881,中
DO202607290054,2026-07-29,P035,红旗连锁(青白江同金街便利店),R07,104.244552,30.889503,72.74,0.043,901,1021,中
DO202607290055,2026-07-29,P035,红旗连锁(青白江同金街便利店),R07,104.244552,30.889503,64.88,0.0848,904,1024,低
DO202607290056,2026-07-29,P035,红旗连锁(青白江同金街便利店),R07,104.244552,30.889503,93.7,0.4756,905,1025,高
DO202607290057,2026-07-29,P036,红旗连锁(青白江城厢首府分场),R07,104.323054,30.860039,235.67,0.0442,701,821,低
DO202607290058,2026-07-29,P036,红旗连锁(青白江城厢首府分场),R07,104.323054,30.860039,2.95,0.1748,701,821,中
DO202607290059,2026-07-29,P036,红旗连锁(青白江城厢首府分场),R07,104.323054,30.860039,91.26,0.1956,703,823,中
DO202607290060,2026-07-29,P037,红旗连锁(青白江石家碾西路店),R07,104.253962,30.887052,53.66,2.2762,880,1000,中
DO202607290061,2026-07-29,P037,红旗连锁(青白江石家碾西路店),R07,104.253962,30.887052,14.58,0.9132,880,1000,高
DO202607290062,2026-07-29,P037,红旗连锁(青白江石家碾西路店),R07,104.253962,30.887052,8.46,4.2557,882,1002,中
DO202607290063,2026-07-29,P037,红旗连锁(青白江石家碾西路店),R07,104.253962,30.887052,200.65,0.4042,882,1002,中
DO202607290064,2026-07-29,P037,红旗连锁(青白江石家碾西路店),R07,104.253962,30.887052,5.36,7.3654,883,1003,中
DO202607290065,2026-07-29,P037,红旗连锁(青白江石家碾西路店),R07,104.253962,30.887052,11.8,0.2734,884,1004,低
DO202607290066,2026-07-29,P038,青江一家超市,R07,104.284321,30.880989,20.75,0.3186,755,875,中
DO202607290067,2026-07-29,P038,青江一家超市,R07,104.284321,30.880989,155.93,0.1145,757,877,高
DO202607290068,2026-07-29,P038,青江一家超市,R07,104.284321,30.880989,20.41,0.1189,760,880,高
DO202607290069,2026-07-29,P038,青江一家超市,R07,104.284321,30.880989,247.14,0.5366,760,880,高
DO202607290070,2026-07-29,P038,青江一家超市,R07,104.284321,30.880989,22.14,0.3448,761,881,低
DO202607290071,2026-07-29,P040,上蔬永辉超市(西单商场店),R02,104.000521,30.674866,177.7,0.1235,555,675,中
DO202607290072,2026-07-29,P040,上蔬永辉超市(西单商场店),R02,104.000521,30.674866,12.06,0.1276,556,676,中
DO202607290073,2026-07-29,P040,上蔬永辉超市(西单商场店),R02,104.000521,30.674866,43.28,1.1629,560,680,高
DO202607290074,2026-07-29,P041,永辉超市(成都青羊中铁大道店),R02,103.961452,30.670211,38.65,0.3689,593,713,中
DO202607290075,2026-07-29,P042,永辉超市(青羊新城市店),R02,104.057614,30.67321,66.6,0.9563,641,761,高
DO202607290076,2026-07-29,P042,永辉超市(青羊新城市店),R02,104.057614,30.67321,12.02,0.5754,643,763,低
DO202607290077,2026-07-29,P042,永辉超市(青羊新城市店),R02,104.057614,30.67321,69.34,1.0747,644,764,中
DO202607290078,2026-07-29,P043,红旗超市(中同仁路分场),R02,104.052373,30.668819,81.09,0.606,800,920,低
DO202607290079,2026-07-29,P043,红旗超市(中同仁路分场),R02,104.052373,30.668819,204.94,0.4434,802,922,中
DO202607290080,2026-07-29,P043,红旗超市(中同仁路分场),R02,104.052373,30.668819,18.74,0.3688,808,928,低
DO202607290081,2026-07-29,P044,邻你生活超市(大庆店),R02,104.032527,30.669557,103.76,0.11,760,880,高
DO202607290082,2026-07-29,P044,邻你生活超市(大庆店),R02,104.032527,30.669557,14.2,0.1608,763,883,中
DO202607290083,2026-07-29,P045,世纪红连锁超市,R08,104.208007,30.532247,153.48,0.3644,726,846,中
DO202607290084,2026-07-29,P045,世纪红连锁超市,R08,104.208007,30.532247,298.07,0.1039,727,847,中
DO202607290085,2026-07-29,P045,世纪红连锁超市,R08,104.208007,30.532247,45.55,0.7034,734,854,中
DO202607290086,2026-07-29,P046,尚喜超市(锦绣路店),R08,104.308338,30.606726,39.23,0.3338,559,679,高
DO202607290087,2026-07-29,P046,尚喜超市(锦绣路店),R08,104.308338,30.606726,55.1,0.5325,564,684,中
DO202607290088,2026-07-29,P046,尚喜超市(锦绣路店),R08,104.308338,30.606726,21.83,0.2817,567,687,低
DO202607290089,2026-07-29,P046,尚喜超市(锦绣路店),R08,104.308338,30.606726,127.42,4.3053,567,687,高
DO202607290090,2026-07-29,P046,尚喜超市(锦绣路店),R08,104.308338,30.606726,92.41,0.1592,569,689,低
DO202607290091,2026-07-29,P047,永辉超市(成都龙泉驿万达广场店),R08,104.269392,30.566865,1.51,0.2819,882,1002,中
DO202607290092,2026-07-29,P047,永辉超市(成都龙泉驿万达广场店),R08,104.269392,30.566865,9.95,0.0701,882,1002,低
DO202607290093,2026-07-29,P047,永辉超市(成都龙泉驿万达广场店),R08,104.269392,30.566865,37.56,0.0096,883,1003,低
DO202607290094,2026-07-29,P047,永辉超市(成都龙泉驿万达广场店),R08,104.269392,30.566865,20.65,0.1899,887,1007,中
DO202607290095,2026-07-29,P047,永辉超市(成都龙泉驿万达广场店),R08,104.269392,30.566865,120.69,0.0675,888,1008,中
DO202607290096,2026-07-29,P048,汇联美连锁超市(中街店),R08,104.27333,30.560098,24.38,0.3026,767,887,中
DO202607290097,2026-07-29,P048,汇联美连锁超市(中街店),R08,104.27333,30.560098,119.04,1.0233,771,891,低
DO202607300000,2026-07-30,P001,689便民(荣盛·香榭兰庭店),R06,104.135375,30.623625,40.81,0.7483,620,740,中
DO202607300001,2026-07-30,P002,十二超市(佳年华广场1期店),R06,104.131787,30.627615,18.1,0.2566,676,796,低
DO202607300002,2026-07-30,P004,老蔡小卖部(水碾河路北社区三街店),R06,104.099234,30.648748,10.64,0.1551,855,975,高
DO202607300003,2026-07-30,P004,老蔡小卖部(水碾河路北社区三街店),R06,104.099234,30.648748,130.34,1.7061,857,977,中
DO202607300004,2026-07-30,P005,郝英超市,R06,104.129707,30.628761,17.21,0.2353,709,829,高
DO202607300005,2026-07-30,P005,郝英超市,R06,104.129707,30.628761,22.75,1.166,713,833,低
DO202607300006,2026-07-30,P006,全家便利店(龙江路店),R03,104.077199,30.641639,21.6,0.7131,620,740,中
DO202607300007,2026-07-30,P006,全家便利店(龙江路店),R03,104.077199,30.641639,5.7,0.3342,620,740,中
DO202607300008,2026-07-30,P006,全家便利店(龙江路店),R03,104.077199,30.641639,87.45,0.6191,620,740,中
DO202607300009,2026-07-30,P006,全家便利店(龙江路店),R03,104.077199,30.641639,363.59,0.5751,627,747,中
DO202607300010,2026-07-30,P007,永辉超市(成都市新城吾悦广场店),R03,103.988663,30.626255,26.26,4.9107,689,809,低
DO202607300011,2026-07-30,P007,永辉超市(成都市新城吾悦广场店),R03,103.988663,30.626255,19.0,0.9669,694,814,低
DO202607300012,2026-07-30,P008,永辉超市(银泰城店),R03,104.058121,30.541191,183.46,0.5601,801,921,中
DO202607300013,2026-07-30,P009,永辉超市(龙湖成都金楠天街店),R03,103.995986,30.648731,437.18,0.1144,883,1003,低
DO202607300014,2026-07-30,P009,永辉超市(龙湖成都金楠天街店),R03,103.995986,30.648731,223.01,0.1081,884,1004,中
DO202607300015,2026-07-30,P009,永辉超市(龙湖成都金楠天街店),R03,103.995986,30.648731,386.36,1.2288,885,1005,中
DO202607300016,2026-07-30,P010,百分百超市(心语店),R03,104.045915,30.545712,127.44,0.7519,824,944,中
DO202607300017,2026-07-30,P010,百分百超市(心语店),R03,104.045915,30.545712,23.04,0.1133,825,945,低
DO202607300018,2026-07-30,P011,永辉超市(成都市双铁广场店),R01,103.975737,30.758309,53.5,0.0201,894,1014,高
DO202607300019,2026-07-30,P011,永辉超市(成都市双铁广场店),R01,103.975737,30.758309,102.1,0.0267,896,1016,中
DO202607300020,2026-07-30,P011,永辉超市(成都市双铁广场店),R01,103.975737,30.758309,74.58,0.1817,901,1021,高
DO202607300021,2026-07-30,P012,永辉超市(成都市蜀都万达广场店),R01,103.907862,30.807642,45.04,0.1917,770,890,中
DO202607300022,2026-07-30,P012,永辉超市(成都市蜀都万达广场店),R01,103.907862,30.807642,106.95,0.2725,773,893,低
DO202607300023,2026-07-30,P012,永辉超市(成都市蜀都万达广场店),R01,103.907862,30.807642,88.04,0.1377,776,896,高
DO202607300024,2026-07-30,P013,永辉超市(爱琴海购物中心店),R01,103.991901,30.737566,35.83,0.04,682,802,中
DO202607300025,2026-07-30,P014,永辉超市(龙湖成都时代天街店),R01,103.921214,30.750831,245.84,0.1289,876,996,中
DO202607300026,2026-07-30,P014,永辉超市(龙湖成都时代天街店),R01,103.921214,30.750831,2.57,1.122,877,997,低
DO202607300027,2026-07-30,P015,红旗超市(龙湖时代天街店),R01,103.919653,30.752444,101.08,1.2504,794,914,低
DO202607300028,2026-07-30,P015,红旗超市(龙湖时代天街店),R01,103.919653,30.752444,51.99,0.4631,799,919,中
DO202607300029,2026-07-30,P016,LAWSON罗森(枣子巷15号院店),R04,104.044885,30.667759,64.63,0.4452,530,650,高
DO202607300030,2026-07-30,P016,LAWSON罗森(枣子巷15号院店),R04,104.044885,30.667759,4.93,0.1291,532,652,中
DO202607300031,2026-07-30,P016,LAWSON罗森(枣子巷15号院店),R04,104.044885,30.667759,27.69,0.2313,534,654,中
DO202607300032,2026-07-30,P017,LAWSON罗森(龙湖成都上城天街店),R04,104.071944,30.68395,198.62,0.118,786,906,高
DO202607300033,2026-07-30,P017,LAWSON罗森(龙湖成都上城天街店),R04,104.071944,30.68395,36.27,0.0895,791,911,低
DO202607300034,2026-07-30,P017,LAWSON罗森(龙湖成都上城天街店),R04,104.071944,30.68395,155.61,4.1529,794,914,中
DO202607300035,2026-07-30,P018,乐多(成华西街一店),R04,104.071998,30.683402,20.47,0.1499,630,750,高
DO202607300036,2026-07-30,P018,乐多(成华西街一店),R04,104.071998,30.683402,4.82,0.9261,631,751,低
DO202607300037,2026-07-30,P018,乐多(成华西街一店),R04,104.071998,30.683402,9.57,0.0994,635,755,高
DO202607300038,2026-07-30,P019,奥特乐(成都龙湖上城天街店),R04,104.072004,30.684929,132.85,0.048,709,829,低
DO202607300039,2026-07-30,P019,奥特乐(成都龙湖上城天街店),R04,104.072004,30.684929,25.01,0.364,714,834,高
DO202607300040,2026-07-30,P019,奥特乐(成都龙湖上城天街店),R04,104.072004,30.684929,86.5,0.8282,715,835,中
DO202607300041,2026-07-30,P020,朴朴超市(西体路店),R04,104.061775,30.681195,7.09,0.2375,525,645,中
DO202607300042,2026-07-30,P021,Ole 精品超市(IFS国际金融中心店),R05,104.081893,30.655003,6.42,0.6529,804,924,中
DO202607300043,2026-07-30,P022,四川舞东风超市连锁股份有限公司,R05,104.082047,30.660437,6.39,0.2966,801,921,中
DO202607300044,2026-07-30,P022,四川舞东风超市连锁股份有限公司,R05,104.082047,30.660437,208.77,0.7717,805,925,中
DO202607300045,2026-07-30,P024,永辉超市(锦江城市花园店),R05,104.142752,30.595134,31.05,0.0323,756,876,中
DO202607300046,2026-07-30,P024,永辉超市(锦江城市花园店),R05,104.142752,30.595134,28.77,0.0371,756,876,中
DO202607300047,2026-07-30,P024,永辉超市(锦江城市花园店),R05,104.142752,30.595134,94.22,0.401,760,880,低
DO202607300048,2026-07-30,P025,红旗超市(成都红旗商厦店),R05,104.072081,30.658735,6.19,1.6127,663,783,中
DO202607300049,2026-07-30,P025,红旗超市(成都红旗商厦店),R05,104.072081,30.658735,120.34,1.0997,668,788,中
DO202607300050,2026-07-30,P025,红旗超市(成都红旗商厦店),R05,104.072081,30.658735,13.8,0.093,671,791,低
DO202607300051,2026-07-30,P025,红旗超市(成都红旗商厦店),R05,104.072081,30.658735,10.72,0.5365,672,792,中
DO202607300052,2026-07-30,P026,友好多连锁超市(界牌店),R07,104.313922,30.880419,26.76,0.2429,827,947,中
DO202607300053,2026-07-30,P026,友好多连锁超市(界牌店),R07,104.313922,30.880419,53.32,0.2809,833,953,高
DO202607300054,2026-07-30,P026,友好多连锁超市(界牌店),R07,104.313922,30.880419,87.15,0.1132,833,953,中
DO202607300055,2026-07-30,P027,大荣发连锁超市(和顺雅苑店),R07,104.253582,30.90011,19.51,4.6831,758,878,中
DO202607300056,2026-07-30,P027,大荣发连锁超市(和顺雅苑店),R07,104.253582,30.90011,2.01,2.5615,759,879,低
DO202607300057,2026-07-30,P027,大荣发连锁超市(和顺雅苑店),R07,104.253582,30.90011,160.68,0.1611,760,880,中
DO202607300058,2026-07-30,P027,大荣发连锁超市(和顺雅苑店),R07,104.253582,30.90011,62.87,0.1465,762,882,中
DO202607300059,2026-07-30,P028,永辉超市(天府欧城店),R07,104.256388,30.892152,45.16,0.1784,622,742,中
DO202607300060,2026-07-30,P029,永辉超市(青白江万达广场店),R07,104.253652,30.878095,6.8,0.2925,589,709,高
DO202607300061,2026-07-30,P029,永辉超市(青白江万达广场店),R07,104.253652,30.878095,24.5,0.6029,594,714,高
DO202607300062,2026-07-30,P030,润都连锁生活超市(正兴路店),R07,104.188354,30.87079,15.97,0.278,843,963,中
DO202607300063,2026-07-30,P030,润都连锁生活超市(正兴路店),R07,104.188354,30.87079,29.75,0.1992,844,964,低
DO202607300064,2026-07-30,P031,渝华连锁超市(学苑路店),R07,104.276426,30.875299,17.28,0.3809,668,788,中
DO202607300065,2026-07-30,P032,渝华连锁超市(绣川新城店),R07,104.330571,30.85576,90.87,0.501,855,975,高
DO202607300066,2026-07-30,P032,渝华连锁超市(绣川新城店),R07,104.330571,30.85576,823.4,0.4371,860,980,高
DO202607300067,2026-07-30,P033,红旗超市(团结花园店),R07,104.246885,30.877313,183.65,0.1817,764,884,高
DO202607300068,2026-07-30,P033,红旗超市(团结花园店),R07,104.246885,30.877313,8.13,0.052,766,886,高
DO202607300069,2026-07-30,P033,红旗超市(团结花园店),R07,104.246885,30.877313,42.62,0.3171,767,887,低
DO202607300070,2026-07-30,P033,红旗超市(团结花园店),R07,104.246885,30.877313,802.07,0.4542,770,890,高
DO202607300071,2026-07-30,P034,红旗连锁(北城新界民族花园店),R07,104.201632,30.877318,13.81,0.6427,745,865,高
DO202607300072,2026-07-30,P035,红旗连锁(青白江同金街便利店),R07,104.244552,30.889503,33.66,0.1466,855,975,低
DO202607300073,2026-07-30,P037,红旗连锁(青白江石家碾西路店),R07,104.253962,30.887052,3.45,0.2522,906,1026,低
DO202607300074,2026-07-30,P038,青江一家超市,R07,104.284321,30.880989,15.08,0.3095,899,1019,中
DO202607300075,2026-07-30,P039,青江百货连锁超市,R07,104.269502,30.876837,15.99,3.9259,597,717,高
DO202607300076,2026-07-30,P040,上蔬永辉超市(西单商场店),R02,104.000521,30.674866,52.66,1.9208,577,697,高
DO202607300077,2026-07-30,P041,永辉超市(成都青羊中铁大道店),R02,103.961452,30.670211,9.33,0.0919,608,728,中
DO202607300078,2026-07-30,P041,永辉超市(成都青羊中铁大道店),R02,103.961452,30.670211,66.07,0.1268,614,734,中
DO202607300079,2026-07-30,P042,永辉超市(青羊新城市店),R02,104.057614,30.67321,13.08,0.3561,882,1002,中
DO202607300080,2026-07-30,P042,永辉超市(青羊新城市店),R02,104.057614,30.67321,73.39,1.4919,885,1005,中
DO202607300081,2026-07-30,P043,红旗超市(中同仁路分场),R02,104.052373,30.668819,49.01,0.2814,796,916,中
DO202607300082,2026-07-30,P044,邻你生活超市(大庆店),R02,104.032527,30.669557,124.86,0.0198,803,923,低
DO202607300083,2026-07-30,P044,邻你生活超市(大庆店),R02,104.032527,30.669557,1.83,0.6604,809,929,低
DO202607300084,2026-07-30,P046,尚喜超市(锦绣路店),R08,104.308338,30.606726,4.63,1.6641,764,884,低
DO202607300085,2026-07-30,P046,尚喜超市(锦绣路店),R08,104.308338,30.606726,15.51,0.9947,770,890,中
DO202607300086,2026-07-30,P047,永辉超市(成都龙泉驿万达广场店),R08,104.269392,30.566865,203.29,0.0211,665,785,高
DO202607300087,2026-07-30,P047,永辉超市(成都龙泉驿万达广场店),R08,104.269392,30.566865,7.81,0.245,666,786,高
DO202607300088,2026-07-30,P048,汇联美连锁超市(中街店),R08,104.27333,30.560098,4.31,0.6561,725,845,中
DO202607300089,2026-07-30,P048,汇联美连锁超市(中街店),R08,104.27333,30.560098,729.26,0.1075,726,846,中
DO202607300090,2026-07-30,P049,百伦生活超市(龙泉店),R08,104.273346,30.559846,30.96,0.2458,614,734,中
DO202607300091,2026-07-30,P049,百伦生活超市(龙泉店),R08,104.273346,30.559846,201.83,0.9648,622,742,中
DO202607310000,2026-07-31,P001,689便民(荣盛·香榭兰庭店),R06,104.135375,30.623625,36.81,2.1456,826,946,高
DO202607310001,2026-07-31,P002,十二超市(佳年华广场1期店),R06,104.131787,30.627615,10.48,0.6605,706,826,低
DO202607310002,2026-07-31,P003,红旗连锁,R06,104.132763,30.627528,7.52,0.11,898,1018,高
DO202607310003,2026-07-31,P004,老蔡小卖部(水碾河路北社区三街店),R06,104.099234,30.648748,29.22,0.182,822,942,中
DO202607310004,2026-07-31,P005,郝英超市,R06,104.129707,30.628761,22.16,0.1849,747,867,中
DO202607310005,2026-07-31,P005,郝英超市,R06,104.129707,30.628761,70.58,0.8993,751,871,中
DO202607310006,2026-07-31,P005,郝英超市,R06,104.129707,30.628761,37.97,0.0825,751,871,高
DO202607310007,2026-07-31,P006,全家便利店(龙江路店),R03,104.077199,30.641639,28.02,0.4245,844,964,中
DO202607310008,2026-07-31,P006,全家便利店(龙江路店),R03,104.077199,30.641639,171.23,0.1349,845,965,中
DO202607310009,2026-07-31,P006,全家便利店(龙江路店),R03,104.077199,30.641639,122.81,1.5553,845,965,中
DO202607310010,2026-07-31,P006,全家便利店(龙江路店),R03,104.077199,30.641639,8.92,1.1521,849,969,中
DO202607310011,2026-07-31,P006,全家便利店(龙江路店),R03,104.077199,30.641639,38.07,0.0915,850,970,中
DO202607310012,2026-07-31,P007,永辉超市(成都市新城吾悦广场店),R03,103.988663,30.626255,15.4,4.8698,695,815,高
DO202607310013,2026-07-31,P007,永辉超市(成都市新城吾悦广场店),R03,103.988663,30.626255,23.31,0.0356,695,815,低
DO202607310014,2026-07-31,P007,永辉超市(成都市新城吾悦广场店),R03,103.988663,30.626255,28.43,0.0678,696,816,中
DO202607310015,2026-07-31,P009,永辉超市(龙湖成都金楠天街店),R03,103.995986,30.648731,140.62,0.3246,524,644,中
DO202607310016,2026-07-31,P009,永辉超市(龙湖成都金楠天街店),R03,103.995986,30.648731,28.23,1.9064,529,649,高
DO202607310017,2026-07-31,P011,永辉超市(成都市双铁广场店),R01,103.975737,30.758309,99.36,0.0323,554,674,中
DO202607310018,2026-07-31,P011,永辉超市(成都市双铁广场店),R01,103.975737,30.758309,5.1,0.0905,557,677,低
DO202607310019,2026-07-31,P011,永辉超市(成都市双铁广场店),R01,103.975737,30.758309,49.4,0.3976,559,679,中
DO202607310020,2026-07-31,P011,永辉超市(成都市双铁广场店),R01,103.975737,30.758309,21.81,2.2146,559,679,低
DO202607310021,2026-07-31,P012,永辉超市(成都市蜀都万达广场店),R01,103.907862,30.807642,36.59,0.1213,838,958,高
DO202607310022,2026-07-31,P012,永辉超市(成都市蜀都万达广场店),R01,103.907862,30.807642,142.51,1.1377,838,958,高
DO202607310023,2026-07-31,P012,永辉超市(成都市蜀都万达广场店),R01,103.907862,30.807642,74.32,0.0351,845,965,高
DO202607310024,2026-07-31,P012,永辉超市(成都市蜀都万达广场店),R01,103.907862,30.807642,15.93,0.0674,846,966,中
DO202607310025,2026-07-31,P013,永辉超市(爱琴海购物中心店),R01,103.991901,30.737566,42.14,0.4675,841,961,高
DO202607310026,2026-07-31,P013,永辉超市(爱琴海购物中心店),R01,103.991901,30.737566,18.38,0.0393,847,967,低
DO202607310027,2026-07-31,P014,永辉超市(龙湖成都时代天街店),R01,103.921214,30.750831,43.04,0.4544,801,921,高
DO202607310028,2026-07-31,P014,永辉超市(龙湖成都时代天街店),R01,103.921214,30.750831,254.2,0.3539,802,922,低
DO202607310029,2026-07-31,P014,永辉超市(龙湖成都时代天街店),R01,103.921214,30.750831,495.82,0.2251,803,923,低
DO202607310030,2026-07-31,P014,永辉超市(龙湖成都时代天街店),R01,103.921214,30.750831,42.24,0.9565,804,924,低
DO202607310031,2026-07-31,P014,永辉超市(龙湖成都时代天街店),R01,103.921214,30.750831,117.7,0.072,804,924,中
DO202607310032,2026-07-31,P014,永辉超市(龙湖成都时代天街店),R01,103.921214,30.750831,100.58,0.1902,805,925,高
DO202607310033,2026-07-31,P014,永辉超市(龙湖成都时代天街店),R01,103.921214,30.750831,6.5,0.0873,805,925,高
DO202607310034,2026-07-31,P014,永辉超市(龙湖成都时代天街店),R01,103.921214,30.750831,139.06,0.2292,805,925,中
DO202607310035,2026-07-31,P014,永辉超市(龙湖成都时代天街店),R01,103.921214,30.750831,87.58,3.6428,807,927,高
DO202607310036,2026-07-31,P014,永辉超市(龙湖成都时代天街店),R01,103.921214,30.750831,118.33,0.0683,807,927,低
DO202607310037,2026-07-31,P015,红旗超市(龙湖时代天街店),R01,103.919653,30.752444,11.03,0.181,865,985,高
DO202607310038,2026-07-31,P015,红旗超市(龙湖时代天街店),R01,103.919653,30.752444,20.14,0.2458,868,988,低
DO202607310039,2026-07-31,P015,红旗超市(龙湖时代天街店),R01,103.919653,30.752444,15.98,0.0263,873,993,低
DO202607310040,2026-07-31,P015,红旗超市(龙湖时代天街店),R01,103.919653,30.752444,58.22,0.0701,875,995,中
DO202607310041,2026-07-31,P016,LAWSON罗森(枣子巷15号院店),R04,104.044885,30.667759,209.53,3.2163,721,841,高
DO202607310042,2026-07-31,P016,LAWSON罗森(枣子巷15号院店),R04,104.044885,30.667759,53.43,0.0692,723,843,低
DO202607310043,2026-07-31,P017,LAWSON罗森(龙湖成都上城天街店),R04,104.071944,30.68395,117.41,0.2973,768,888,中
DO202607310044,2026-07-31,P018,乐多(成华西街一店),R04,104.071998,30.683402,2.69,0.013,811,931,中
DO202607310045,2026-07-31,P018,乐多(成华西街一店),R04,104.071998,30.683402,51.06,0.2231,814,934,中
DO202607310046,2026-07-31,P018,乐多(成华西街一店),R04,104.071998,30.683402,34.72,0.6188,815,935,中
DO202607310047,2026-07-31,P018,乐多(成华西街一店),R04,104.071998,30.683402,24.56,0.1241,816,936,中
DO202607310048,2026-07-31,P018,乐多(成华西街一店),R04,104.071998,30.683402,49.99,1.0506,818,938,中
DO202607310049,2026-07-31,P018,乐多(成华西街一店),R04,104.071998,30.683402,12.16,1.8664,820,940,中
DO202607310050,2026-07-31,P019,奥特乐(成都龙湖上城天街店),R04,104.072004,30.684929,163.52,0.1565,701,821,高
DO202607310051,2026-07-31,P019,奥特乐(成都龙湖上城天街店),R04,104.072004,30.684929,429.13,0.1333,705,825,低
DO202607310052,2026-07-31,P019,奥特乐(成都龙湖上城天街店),R04,104.072004,30.684929,674.98,0.1597,705,825,中
DO202607310053,2026-07-31,P020,朴朴超市(西体路店),R04,104.061775,30.681195,28.33,0.1301,533,653,高
DO202607310054,2026-07-31,P020,朴朴超市(西体路店),R04,104.061775,30.681195,19.39,0.8725,533,653,中
DO202607310055,2026-07-31,P020,朴朴超市(西体路店),R04,104.061775,30.681195,2.68,9.294,536,656,中
DO202607310056,2026-07-31,P020,朴朴超市(西体路店),R04,104.061775,30.681195,57.62,0.0534,538,658,高
DO202607310057,2026-07-31,P020,朴朴超市(西体路店),R04,104.061775,30.681195,39.23,3.7135,538,658,高
DO202607310058,2026-07-31,P020,朴朴超市(西体路店),R04,104.061775,30.681195,74.74,0.0975,541,661,低
DO202607310059,2026-07-31,P021,Ole 精品超市(IFS国际金融中心店),R05,104.081893,30.655003,38.07,0.0486,703,823,低
DO202607310060,2026-07-31,P022,四川舞东风超市连锁股份有限公司,R05,104.082047,30.660437,17.74,0.1178,552,672,高
DO202607310061,2026-07-31,P022,四川舞东风超市连锁股份有限公司,R05,104.082047,30.660437,137.95,0.2944,553,673,中
DO202607310062,2026-07-31,P022,四川舞东风超市连锁股份有限公司,R05,104.082047,30.660437,119.57,0.417,554,674,中
DO202607310063,2026-07-31,P023,永辉超市(文华广场店),R05,104.107695,30.637048,8.19,1.9008,610,730,中
DO202607310064,2026-07-31,P025,红旗超市(成都红旗商厦店),R05,104.072081,30.658735,43.08,0.1188,711,831,中
DO202607310065,2026-07-31,P025,红旗超市(成都红旗商厦店),R05,104.072081,30.658735,37.4,0.1079,712,832,高
DO202607310066,2026-07-31,P025,红旗超市(成都红旗商厦店),R05,104.072081,30.658735,46.59,0.0202,713,833,中
DO202607310067,2026-07-31,P025,红旗超市(成都红旗商厦店),R05,104.072081,30.658735,98.6,1.4748,717,837,中
DO202607310068,2026-07-31,P027,大荣发连锁超市(和顺雅苑店),R07,104.253582,30.90011,38.38,0.0665,822,942,中
DO202607310069,2026-07-31,P027,大荣发连锁超市(和顺雅苑店),R07,104.253582,30.90011,41.87,0.0768,824,944,中
DO202607310070,2026-07-31,P028,永辉超市(天府欧城店),R07,104.256388,30.892152,48.98,0.1208,728,848,高
DO202607310071,2026-07-31,P029,永辉超市(青白江万达广场店),R07,104.253652,30.878095,25.11,1.1605,555,675,中
DO202607310072,2026-07-31,P030,润都连锁生活超市(正兴路店),R07,104.188354,30.87079,23.88,1.0288,794,914,低
DO202607310073,2026-07-31,P030,润都连锁生活超市(正兴路店),R07,104.188354,30.87079,59.77,0.0491,796,916,中
DO202607310074,2026-07-31,P031,渝华连锁超市(学苑路店),R07,104.276426,30.875299,256.59,0.2584,748,868,中
DO202607310075,2026-07-31,P031,渝华连锁超市(学苑路店),R07,104.276426,30.875299,12.31,0.1374,750,870,中
DO202607310076,2026-07-31,P031,渝华连锁超市(学苑路店),R07,104.276426,30.875299,36.57,0.2763,751,871,高
DO202607310077,2026-07-31,P031,渝华连锁超市(学苑路店),R07,104.276426,30.875299,174.5,0.6965,754,874,高
DO202607310078,2026-07-31,P031,渝华连锁超市(学苑路店),R07,104.276426,30.875299,57.8,0.265,755,875,高
DO202607310079,2026-07-31,P032,渝华连锁超市(绣川新城店),R07,104.330571,30.85576,52.33,0.1836,838,958,高
DO202607310080,2026-07-31,P033,红旗超市(团结花园店),R07,104.246885,30.877313,97.41,0.5089,579,699,高
DO202607310081,2026-07-31,P033,红旗超市(团结花园店),R07,104.246885,30.877313,76.73,0.8945,579,699,中
DO202607310082,2026-07-31,P033,红旗超市(团结花园店),R07,104.246885,30.877313,514.0,0.386,580,700,高
DO202607310083,2026-07-31,P034,红旗连锁(北城新界民族花园店),R07,104.201632,30.877318,66.73,0.0961,549,669,低
DO202607310084,2026-07-31,P034,红旗连锁(北城新界民族花园店),R07,104.201632,30.877318,39.78,0.5789,549,669,中
DO202607310085,2026-07-31,P034,红旗连锁(北城新界民族花园店),R07,104.201632,30.877318,24.15,0.4102,551,671,低
DO202607310086,2026-07-31,P034,红旗连锁(北城新界民族花园店),R07,104.201632,30.877318,5.91,0.2655,556,676,中
DO202607310087,2026-07-31,P034,红旗连锁(北城新界民族花园店),R07,104.201632,30.877318,64.96,0.3355,558,678,高
DO202607310088,2026-07-31,P035,红旗连锁(青白江同金街便利店),R07,104.244552,30.889503,11.06,0.6238,844,964,高
DO202607310089,2026-07-31,P036,红旗连锁(青白江城厢首府分场),R07,104.323054,30.860039,89.11,0.1854,536,656,中
DO202607310090,2026-07-31,P037,红旗连锁(青白江石家碾西路店),R07,104.253962,30.887052,37.61,0.8675,854,974,中
DO202607310091,2026-07-31,P037,红旗连锁(青白江石家碾西路店),R07,104.253962,30.887052,37.69,0.2342,857,977,中
DO202607310092,2026-07-31,P037,红旗连锁(青白江石家碾西路店),R07,104.253962,30.887052,13.73,0.1489,857,977,高
DO202607310093,2026-07-31,P038,青江一家超市,R07,104.284321,30.880989,73.38,0.0285,728,848,低
DO202607310094,2026-07-31,P038,青江一家超市,R07,104.284321,30.880989,48.36,0.2752,731,851,中
DO202607310095,2026-07-31,P038,青江一家超市,R07,104.284321,30.880989,5.74,0.0198,731,851,中
DO202607310096,2026-07-31,P038,青江一家超市,R07,104.284321,30.880989,80.67,0.6579,733,853,中
DO202607310097,2026-07-31,P038,青江一家超市,R07,104.284321,30.880989,5758.18,0.3805,734,854,低
DO202607310098,2026-07-31,P038,青江一家超市,R07,104.284321,30.880989,331.9,0.7704,734,854,中
DO202607310099,2026-07-31,P038,青江一家超市,R07,104.284321,30.880989,5.35,0.068,734,854,中
DO202607310100,2026-07-31,P039,青江百货连锁超市,R07,104.269502,30.876837,23.92,0.223,668,788,低
DO202607310101,2026-07-31,P039,青江百货连锁超市,R07,104.269502,30.876837,5.02,0.3274,669,789,中
DO202607310102,2026-07-31,P039,青江百货连锁超市,R07,104.269502,30.876837,2.51,0.1948,670,790,中
DO202607310103,2026-07-31,P040,上蔬永辉超市(西单商场店),R02,104.000521,30.674866,8.33,0.0679,585,705,中
DO202607310104,2026-07-31,P040,上蔬永辉超市(西单商场店),R02,104.000521,30.674866,11.38,0.1752,589,709,高
DO202607310105,2026-07-31,P041,永辉超市(成都青羊中铁大道店),R02,103.961452,30.670211,355.79,0.0461,726,846,低
DO202607310106,2026-07-31,P041,永辉超市(成都青羊中铁大道店),R02,103.961452,30.670211,38.77,0.1777,727,847,低
DO202607310107,2026-07-31,P042,永辉超市(青羊新城市店),R02,104.057614,30.67321,4.31,0.3212,870,990,高
DO202607310108,2026-07-31,P042,永辉超市(青羊新城市店),R02,104.057614,30.67321,96.89,0.2046,875,995,中
DO202607310109,2026-07-31,P043,红旗超市(中同仁路分场),R02,104.052373,30.668819,184.12,0.5201,803,923,中
DO202607310110,2026-07-31,P043,红旗超市(中同仁路分场),R02,104.052373,30.668819,6.03,0.8397,804,924,低
DO202607310111,2026-07-31,P044,邻你生活超市(大庆店),R02,104.032527,30.669557,44.78,1.1909,576,696,高
DO202607310112,2026-07-31,P044,邻你生活超市(大庆店),R02,104.032527,30.669557,61.45,0.021,577,697,低
DO202607310113,2026-07-31,P045,世纪红连锁超市,R08,104.208007,30.532247,174.91,0.4845,621,741,中
DO202607310114,2026-07-31,P045,世纪红连锁超市,R08,104.208007,30.532247,21.28,0.4095,625,745,高
DO202607310115,2026-07-31,P046,尚喜超市(锦绣路店),R08,104.308338,30.606726,70.25,0.7969,696,816,中
DO202607310116,2026-07-31,P046,尚喜超市(锦绣路店),R08,104.308338,30.606726,13.48,1.2848,701,821,高
DO202607310117,2026-07-31,P046,尚喜超市(锦绣路店),R08,104.308338,30.606726,61.08,0.5138,703,823,中
DO202607310118,2026-07-31,P047,永辉超市(成都龙泉驿万达广场店),R08,104.269392,30.566865,31.89,1.6264,572,692,低
DO202607310119,2026-07-31,P047,永辉超市(成都龙泉驿万达广场店),R08,104.269392,30.566865,28.25,0.4182,572,692,高
DO202607310120,2026-07-31,P047,永辉超市(成都龙泉驿万达广场店),R08,104.269392,30.566865,366.77,0.2333,575,695,中
DO202607310121,2026-07-31,P047,永辉超市(成都龙泉驿万达广场店),R08,104.269392,30.566865,317.8,1.9076,582,702,中
DO202607310122,2026-07-31,P048,汇联美连锁超市(中街店),R08,104.27333,30.560098,204.98,4.435,783,903,高
DO202607310123,2026-07-31,P049,百伦生活超市(龙泉店),R08,104.273346,30.559846,50.5,0.9727,783,903,低
DO202607310124,2026-07-31,P049,百伦生活超市(龙泉店),R08,104.273346,30.559846,57.13,0.6027,784,904,低
DO202607310125,2026-07-31,P049,百伦生活超市(龙泉店),R08,104.273346,30.559846,48.33,0.401,787,907,中
DO202608010000,2026-08-01,P001,689便民(荣盛·香榭兰庭店),R06,104.135375,30.623625,52.42,0.2468,687,807,高
DO202608010001,2026-08-01,P002,十二超市(佳年华广场1期店),R06,104.131787,30.627615,55.76,1.2599,592,712,低
DO202608010002,2026-08-01,P002,十二超市(佳年华广场1期店),R06,104.131787,30.627615,1016.07,0.073,598,718,中
DO202608010003,2026-08-01,P003,红旗连锁,R06,104.132763,30.627528,89.6,0.3269,705,825,中
DO202608010004,2026-08-01,P004,老蔡小卖部(水碾河路北社区三街店),R06,104.099234,30.648748,42.32,0.0898,743,863,中
DO202608010005,2026-08-01,P004,老蔡小卖部(水碾河路北社区三街店),R06,104.099234,30.648748,160.06,0.0767,746,866,中
DO202608010006,2026-08-01,P004,老蔡小卖部(水碾河路北社区三街店),R06,104.099234,30.648748,733.07,0.6662,747,867,中
DO202608010007,2026-08-01,P004,老蔡小卖部(水碾河路北社区三街店),R06,104.099234,30.648748,95.19,0.0239,749,869,高
DO202608010008,2026-08-01,P005,郝英超市,R06,104.129707,30.628761,95.89,0.4563,607,727,高
DO202608010009,2026-08-01,P005,郝英超市,R06,104.129707,30.628761,47.06,0.0948,611,731,中
DO202608010010,2026-08-01,P006,全家便利店(龙江路店),R03,104.077199,30.641639,25.32,0.0109,897,1017,高
DO202608010011,2026-08-01,P006,全家便利店(龙江路店),R03,104.077199,30.641639,37.67,0.1172,897,1017,高
DO202608010012,2026-08-01,P007,永辉超市(成都市新城吾悦广场店),R03,103.988663,30.626255,7.55,0.1252,511,631,低
DO202608010013,2026-08-01,P007,永辉超市(成都市新城吾悦广场店),R03,103.988663,30.626255,5.24,0.0806,514,634,高
DO202608010014,2026-08-01,P007,永辉超市(成都市新城吾悦广场店),R03,103.988663,30.626255,32.31,0.0972,517,637,中
DO202608010015,2026-08-01,P007,永辉超市(成都市新城吾悦广场店),R03,103.988663,30.626255,75.59,0.0376,518,638,中
DO202608010016,2026-08-01,P007,永辉超市(成都市新城吾悦广场店),R03,103.988663,30.626255,12.6,0.3014,518,638,中
DO202608010017,2026-08-01,P008,永辉超市(银泰城店),R03,104.058121,30.541191,37.6,0.513,713,833,高
DO202608010018,2026-08-01,P008,永辉超市(银泰城店),R03,104.058121,30.541191,32.35,0.1382,718,838,低
DO202608010019,2026-08-01,P009,永辉超市(龙湖成都金楠天街店),R03,103.995986,30.648731,11.75,0.3826,575,695,低
DO202608010020,2026-08-01,P009,永辉超市(龙湖成都金楠天街店),R03,103.995986,30.648731,57.67,0.096,583,703,低
DO202608010021,2026-08-01,P009,永辉超市(龙湖成都金楠天街店),R03,103.995986,30.648731,25.66,0.9187,584,704,高
DO202608010022,2026-08-01,P009,永辉超市(龙湖成都金楠天街店),R03,103.995986,30.648731,38.77,0.3558,585,705,中
DO202608010023,2026-08-01,P010,百分百超市(心语店),R03,104.045915,30.545712,163.62,0.2962,727,847,高
DO202608010024,2026-08-01,P010,百分百超市(心语店),R03,104.045915,30.545712,36.1,0.5928,728,848,高
DO202608010025,2026-08-01,P010,百分百超市(心语店),R03,104.045915,30.545712,1.48,0.4201,729,849,低
DO202608010026,2026-08-01,P011,永辉超市(成都市双铁广场店),R01,103.975737,30.758309,9.02,0.0426,788,908,中
DO202608010027,2026-08-01,P011,永辉超市(成都市双铁广场店),R01,103.975737,30.758309,142.83,0.0902,788,908,中
DO202608010028,2026-08-01,P011,永辉超市(成都市双铁广场店),R01,103.975737,30.758309,29.83,0.0983,790,910,中
DO202608010029,2026-08-01,P011,永辉超市(成都市双铁广场店),R01,103.975737,30.758309,694.87,0.3119,793,913,中
DO202608010030,2026-08-01,P012,永辉超市(成都市蜀都万达广场店),R01,103.907862,30.807642,11.4,0.7652,543,663,中
DO202608010031,2026-08-01,P012,永辉超市(成都市蜀都万达广场店),R01,103.907862,30.807642,40.96,1.1539,544,664,中
DO202608010032,2026-08-01,P012,永辉超市(成都市蜀都万达广场店),R01,103.907862,30.807642,115.65,22.3729,549,669,中
DO202608010033,2026-08-01,P013,永辉超市(爱琴海购物中心店),R01,103.991901,30.737566,75.89,0.3529,842,962,高
DO202608010034,2026-08-01,P013,永辉超市(爱琴海购物中心店),R01,103.991901,30.737566,75.23,0.1317,842,962,高
DO202608010035,2026-08-01,P014,永辉超市(龙湖成都时代天街店),R01,103.921214,30.750831,49.05,1.4935,802,922,中
DO202608010036,2026-08-01,P014,永辉超市(龙湖成都时代天街店),R01,103.921214,30.750831,10.92,1.8073,805,925,中
DO202608010037,2026-08-01,P014,永辉超市(龙湖成都时代天街店),R01,103.921214,30.750831,166.45,0.1445,808,928,高
DO202608010038,2026-08-01,P014,永辉超市(龙湖成都时代天街店),R01,103.921214,30.750831,175.98,0.0607,808,928,中
DO202608010039,2026-08-01,P014,永辉超市(龙湖成都时代天街店),R01,103.921214,30.750831,132.86,5.1548,810,930,中
DO202608010040,2026-08-01,P014,永辉超市(龙湖成都时代天街店),R01,103.921214,30.750831,329.14,0.2597,811,931,低
DO202608010041,2026-08-01,P015,红旗超市(龙湖时代天街店),R01,103.919653,30.752444,78.51,0.4152,571,691,高
DO202608010042,2026-08-01,P015,红旗超市(龙湖时代天街店),R01,103.919653,30.752444,17.62,0.3564,572,692,中
DO202608010043,2026-08-01,P015,红旗超市(龙湖时代天街店),R01,103.919653,30.752444,29.46,6.719,575,695,高
DO202608010044,2026-08-01,P015,红旗超市(龙湖时代天街店),R01,103.919653,30.752444,28.09,0.0865,575,695,中
DO202608010045,2026-08-01,P019,奥特乐(成都龙湖上城天街店),R04,104.072004,30.684929,99.2,0.1394,626,746,低
DO202608010046,2026-08-01,P019,奥特乐(成都龙湖上城天街店),R04,104.072004,30.684929,55.28,0.5913,628,748,中
DO202608010047,2026-08-01,P020,朴朴超市(西体路店),R04,104.061775,30.681195,14.52,0.0427,576,696,中
DO202608010048,2026-08-01,P020,朴朴超市(西体路店),R04,104.061775,30.681195,27.79,0.2793,582,702,中
DO202608010049,2026-08-01,P021,Ole 精品超市(IFS国际金融中心店),R05,104.081893,30.655003,12.56,0.059,743,863,低
DO202608010050,2026-08-01,P022,四川舞东风超市连锁股份有限公司,R05,104.082047,30.660437,8.32,1.0657,566,686,中
DO202608010051,2026-08-01,P022,四川舞东风超市连锁股份有限公司,R05,104.082047,30.660437,13.96,0.0025,569,689,中
DO202608010052,2026-08-01,P022,四川舞东风超市连锁股份有限公司,R05,104.082047,30.660437,49.64,0.1439,572,692,高
DO202608010053,2026-08-01,P023,永辉超市(文华广场店),R05,104.107695,30.637048,122.07,0.4513,741,861,高
DO202608010054,2026-08-01,P023,永辉超市(文华广场店),R05,104.107695,30.637048,47.44,0.5629,743,863,高
DO202608010055,2026-08-01,P024,永辉超市(锦江城市花园店),R05,104.142752,30.595134,112.79,0.0298,711,831,中
DO202608010056,2026-08-01,P024,永辉超市(锦江城市花园店),R05,104.142752,30.595134,30.95,0.8485,717,837,中
DO202608010057,2026-08-01,P024,永辉超市(锦江城市花园店),R05,104.142752,30.595134,85.56,0.121,719,839,中
DO202608010058,2026-08-01,P025,红旗超市(成都红旗商厦店),R05,104.072081,30.658735,17.73,0.0741,687,807,高
DO202608010059,2026-08-01,P027,大荣发连锁超市(和顺雅苑店),R07,104.253582,30.90011,142.17,0.0471,782,902,中
DO202608010060,2026-08-01,P027,大荣发连锁超市(和顺雅苑店),R07,104.253582,30.90011,12.55,0.111,784,904,低
DO202608010061,2026-08-01,P027,大荣发连锁超市(和顺雅苑店),R07,104.253582,30.90011,7.07,0.1377,789,909,低
DO202608010062,2026-08-01,P028,永辉超市(天府欧城店),R07,104.256388,30.892152,7.96,0.0636,756,876,低
DO202608010063,2026-08-01,P029,永辉超市(青白江万达广场店),R07,104.253652,30.878095,15.39,0.1456,846,966,中
DO202608010064,2026-08-01,P030,润都连锁生活超市(正兴路店),R07,104.188354,30.87079,683.18,2.2757,588,708,中
DO202608010065,2026-08-01,P030,润都连锁生活超市(正兴路店),R07,104.188354,30.87079,28.42,0.1504,589,709,中
DO202608010066,2026-08-01,P030,润都连锁生活超市(正兴路店),R07,104.188354,30.87079,5.73,0.0482,591,711,中
DO202608010067,2026-08-01,P030,润都连锁生活超市(正兴路店),R07,104.188354,30.87079,142.94,11.0433,595,715,高
DO202608010068,2026-08-01,P030,润都连锁生活超市(正兴路店),R07,104.188354,30.87079,64.76,0.097,596,716,中
DO202608010069,2026-08-01,P031,渝华连锁超市(学苑路店),R07,104.276426,30.875299,23.2,0.1138,622,742,中
DO202608010070,2026-08-01,P031,渝华连锁超市(学苑路店),R07,104.276426,30.875299,12.9,5.5845,625,745,中
DO202608010071,2026-08-01,P031,渝华连锁超市(学苑路店),R07,104.276426,30.875299,26.13,0.0845,627,747,中
DO202608010072,2026-08-01,P032,渝华连锁超市(绣川新城店),R07,104.330571,30.85576,468.59,0.2822,564,684,低
DO202608010073,2026-08-01,P032,渝华连锁超市(绣川新城店),R07,104.330571,30.85576,132.63,2.6963,567,687,高
DO202608010074,2026-08-01,P032,渝华连锁超市(绣川新城店),R07,104.330571,30.85576,24.28,0.0206,571,691,高
DO202608010075,2026-08-01,P033,红旗超市(团结花园店),R07,104.246885,30.877313,213.43,0.3845,697,817,低
DO202608010076,2026-08-01,P033,红旗超市(团结花园店),R07,104.246885,30.877313,255.77,0.0617,698,818,中
DO202608010077,2026-08-01,P033,红旗超市(团结花园店),R07,104.246885,30.877313,37.24,1.0396,703,823,中
DO202608010078,2026-08-01,P034,红旗连锁(北城新界民族花园店),R07,104.201632,30.877318,41.35,0.1126,769,889,低
DO202608010079,2026-08-01,P034,红旗连锁(北城新界民族花园店),R07,104.201632,30.877318,82.02,6.0228,770,890,中
DO202608010080,2026-08-01,P034,红旗连锁(北城新界民族花园店),R07,104.201632,30.877318,6.58,0.2421,771,891,高
DO202608010081,2026-08-01,P034,红旗连锁(北城新界民族花园店),R07,104.201632,30.877318,71.73,0.1715,773,893,中
DO202608010082,2026-08-01,P034,红旗连锁(北城新界民族花园店),R07,104.201632,30.877318,27.54,0.3301,775,895,低
DO202608010083,2026-08-01,P034,红旗连锁(北城新界民族花园店),R07,104.201632,30.877318,92.48,0.5207,777,897,低
DO202608010084,2026-08-01,P037,红旗连锁(青白江石家碾西路店),R07,104.253962,30.887052,1.05,0.0197,844,964,中
DO202608010085,2026-08-01,P037,红旗连锁(青白江石家碾西路店),R07,104.253962,30.887052,40.59,0.4731,845,965,高
DO202608010086,2026-08-01,P037,红旗连锁(青白江石家碾西路店),R07,104.253962,30.887052,398.47,0.3726,848,968,低
DO202608010087,2026-08-01,P037,红旗连锁(青白江石家碾西路店),R07,104.253962,30.887052,5.11,0.3227,849,969,中
DO202608010088,2026-08-01,P038,青江一家超市,R07,104.284321,30.880989,153.79,4.0349,630,750,低
DO202608010089,2026-08-01,P040,上蔬永辉超市(西单商场店),R02,104.000521,30.674866,89.08,0.3161,661,781,高
DO202608010090,2026-08-01,P040,上蔬永辉超市(西单商场店),R02,104.000521,30.674866,247.33,1.5483,662,782,中
DO202608010091,2026-08-01,P040,上蔬永辉超市(西单商场店),R02,104.000521,30.674866,49.7,0.063,664,784,高
DO202608010092,2026-08-01,P041,永辉超市(成都青羊中铁大道店),R02,103.961452,30.670211,21.12,1.1334,734,854,低
DO202608010093,2026-08-01,P042,永辉超市(青羊新城市店),R02,104.057614,30.67321,16.75,1.0626,829,949,低
DO202608010094,2026-08-01,P042,永辉超市(青羊新城市店),R02,104.057614,30.67321,8.88,0.0547,829,949,中
DO202608010095,2026-08-01,P042,永辉超市(青羊新城市店),R02,104.057614,30.67321,109.47,0.8518,830,950,高
DO202608010096,2026-08-01,P043,红旗超市(中同仁路分场),R02,104.052373,30.668819,10.88,0.0908,828,948,中
DO202608010097,2026-08-01,P043,红旗超市(中同仁路分场),R02,104.052373,30.668819,110.08,1.1511,828,948,中
DO202608010098,2026-08-01,P043,红旗超市(中同仁路分场),R02,104.052373,30.668819,19.34,0.5764,829,949,低
DO202608010099,2026-08-01,P043,红旗超市(中同仁路分场),R02,104.052373,30.668819,357.26,0.0297,836,956,高
DO202608010100,2026-08-01,P043,红旗超市(中同仁路分场),R02,104.052373,30.668819,11.68,1.1871,837,957,高
DO202608010101,2026-08-01,P044,邻你生活超市(大庆店),R02,104.032527,30.669557,150.07,0.0327,869,989,中
DO202608010102,2026-08-01,P044,邻你生活超市(大庆店),R02,104.032527,30.669557,303.65,4.1736,874,994,中
DO202608010103,2026-08-01,P045,世纪红连锁超市,R08,104.208007,30.532247,33.95,0.1076,761,881,中
DO202608010104,2026-08-01,P046,尚喜超市(锦绣路店),R08,104.308338,30.606726,348.93,0.8378,654,774,中
DO202608010105,2026-08-01,P046,尚喜超市(锦绣路店),R08,104.308338,30.606726,83.72,0.6909,657,777,中
DO202608010106,2026-08-01,P046,尚喜超市(锦绣路店),R08,104.308338,30.606726,243.5,0.0699,660,780,中
DO202608010107,2026-08-01,P047,永辉超市(成都龙泉驿万达广场店),R08,104.269392,30.566865,4.24,0.2802,746,866,中
DO202608010108,2026-08-01,P047,永辉超市(成都龙泉驿万达广场店),R08,104.269392,30.566865,19.55,2.1655,746,866,中
DO202608010109,2026-08-01,P047,永辉超市(成都龙泉驿万达广场店),R08,104.269392,30.566865,47.78,1.4434,747,867,中
DO202608010110,2026-08-01,P047,永辉超市(成都龙泉驿万达广场店),R08,104.269392,30.566865,74.03,0.0429,750,870,中
DO202608010111,2026-08-01,P047,永辉超市(成都龙泉驿万达广场店),R08,104.269392,30.566865,5.83,0.8603,750,870,高
DO202608010112,2026-08-01,P047,永辉超市(成都龙泉驿万达广场店),R08,104.269392,30.566865,20.52,2.3559,750,870,中
DO202608010113,2026-08-01,P048,汇联美连锁超市(中街店),R08,104.27333,30.560098,29.72,0.0331,848,968,低
DO202608010114,2026-08-01,P049,百伦生活超市(龙泉店),R08,104.273346,30.559846,159.71,0.8408,684,804,中
DO202608010115,2026-08-01,P049,百伦生活超市(龙泉店),R08,104.273346,30.559846,2.1,0.0356,686,806,中
DO202608010116,2026-08-01,P049,百伦生活超市(龙泉店),R08,104.273346,30.559846,6.12,0.1852,687,807,低
DO202608010117,2026-08-01,P049,百伦生活超市(龙泉店),R08,104.273346,30.559846,617.71,0.6925,691,811,中
DO202608020000,2026-08-02,P001,689便民(荣盛·香榭兰庭店),R06,104.135375,30.623625,52.88,0.09,823,943,中
DO202608020001,2026-08-02,P002,十二超市(佳年华广场1期店),R06,104.131787,30.627615,2.74,0.1886,550,670,中
DO202608020002,2026-08-02,P002,十二超市(佳年华广场1期店),R06,104.131787,30.627615,389.56,0.0209,556,676,中
DO202608020003,2026-08-02,P003,红旗连锁,R06,104.132763,30.627528,80.67,0.3818,894,1014,中
DO202608020004,2026-08-02,P003,红旗连锁,R06,104.132763,30.627528,396.12,0.5593,894,1014,高
DO202608020005,2026-08-02,P004,老蔡小卖部(水碾河路北社区三街店),R06,104.099234,30.648748,43.33,0.0302,684,804,高
DO202608020006,2026-08-02,P004,老蔡小卖部(水碾河路北社区三街店),R06,104.099234,30.648748,14.62,0.1225,684,804,中
DO202608020007,2026-08-02,P004,老蔡小卖部(水碾河路北社区三街店),R06,104.099234,30.648748,78.77,0.1325,690,810,高
DO202608020008,2026-08-02,P006,全家便利店(龙江路店),R03,104.077199,30.641639,30.73,0.0169,569,689,低
DO202608020009,2026-08-02,P006,全家便利店(龙江路店),R03,104.077199,30.641639,40.71,0.1591,571,691,中
DO202608020010,2026-08-02,P006,全家便利店(龙江路店),R03,104.077199,30.641639,14.07,0.1334,575,695,中
DO202608020011,2026-08-02,P007,永辉超市(成都市新城吾悦广场店),R03,103.988663,30.626255,165.89,0.1007,668,788,中
DO202608020012,2026-08-02,P008,永辉超市(银泰城店),R03,104.058121,30.541191,45.13,0.0723,530,650,中
DO202608020013,2026-08-02,P008,永辉超市(银泰城店),R03,104.058121,30.541191,32.84,0.155,533,653,高
DO202608020014,2026-08-02,P009,永辉超市(龙湖成都金楠天街店),R03,103.995986,30.648731,36.28,0.1074,586,706,中
DO202608020015,2026-08-02,P009,永辉超市(龙湖成都金楠天街店),R03,103.995986,30.648731,70.04,0.0798,586,706,中
DO202608020016,2026-08-02,P009,永辉超市(龙湖成都金楠天街店),R03,103.995986,30.648731,31.93,0.6233,588,708,中
DO202608020017,2026-08-02,P009,永辉超市(龙湖成都金楠天街店),R03,103.995986,30.648731,28.31,1.4219,593,713,低
DO202608020018,2026-08-02,P009,永辉超市(龙湖成都金楠天街店),R03,103.995986,30.648731,20.06,0.1843,594,714,中
DO202608020019,2026-08-02,P010,百分百超市(心语店),R03,104.045915,30.545712,156.93,1.2639,718,838,中
DO202608020020,2026-08-02,P011,永辉超市(成都市双铁广场店),R01,103.975737,30.758309,4.46,0.8912,543,663,低
DO202608020021,2026-08-02,P011,永辉超市(成都市双铁广场店),R01,103.975737,30.758309,29.63,0.7033,546,666,中
DO202608020022,2026-08-02,P011,永辉超市(成都市双铁广场店),R01,103.975737,30.758309,92.15,0.9033,547,667,低
DO202608020023,2026-08-02,P011,永辉超市(成都市双铁广场店),R01,103.975737,30.758309,123.12,0.1573,547,667,高
DO202608020024,2026-08-02,P011,永辉超市(成都市双铁广场店),R01,103.975737,30.758309,24.24,0.2258,549,669,中
DO202608020025,2026-08-02,P011,永辉超市(成都市双铁广场店),R01,103.975737,30.758309,67.94,0.457,551,671,中
DO202608020026,2026-08-02,P012,永辉超市(成都市蜀都万达广场店),R01,103.907862,30.807642,70.97,0.0952,672,792,中
DO202608020027,2026-08-02,P013,永辉超市(爱琴海购物中心店),R01,103.991901,30.737566,482.23,0.3185,536,656,中
DO202608020028,2026-08-02,P013,永辉超市(爱琴海购物中心店),R01,103.991901,30.737566,6.65,0.0856,542,662,低
DO202608020029,2026-08-02,P013,永辉超市(爱琴海购物中心店),R01,103.991901,30.737566,279.49,0.1124,543,663,中
DO202608020030,2026-08-02,P013,永辉超市(爱琴海购物中心店),R01,103.991901,30.737566,160.07,0.5929,543,663,低
DO202608020031,2026-08-02,P014,永辉超市(龙湖成都时代天街店),R01,103.921214,30.750831,41.92,0.0697,847,967,中
DO202608020032,2026-08-02,P014,永辉超市(龙湖成都时代天街店),R01,103.921214,30.750831,44.12,0.1101,850,970,中
DO202608020033,2026-08-02,P014,永辉超市(龙湖成都时代天街店),R01,103.921214,30.750831,44.86,0.8788,853,973,高
DO202608020034,2026-08-02,P015,红旗超市(龙湖时代天街店),R01,103.919653,30.752444,15.53,0.0225,852,972,中
DO202608020035,2026-08-02,P015,红旗超市(龙湖时代天街店),R01,103.919653,30.752444,49.86,0.6814,859,979,中
DO202608020036,2026-08-02,P016,LAWSON罗森(枣子巷15号院店),R04,104.044885,30.667759,106.73,0.1753,754,874,中
DO202608020037,2026-08-02,P017,LAWSON罗森(龙湖成都上城天街店),R04,104.071944,30.68395,5.85,0.6509,740,860,高
DO202608020038,2026-08-02,P017,LAWSON罗森(龙湖成都上城天街店),R04,104.071944,30.68395,13.45,0.1467,741,861,高
DO202608020039,2026-08-02,P017,LAWSON罗森(龙湖成都上城天街店),R04,104.071944,30.68395,38.43,1.2406,744,864,中
DO202608020040,2026-08-02,P017,LAWSON罗森(龙湖成都上城天街店),R04,104.071944,30.68395,56.11,0.163,745,865,中
DO202608020041,2026-08-02,P017,LAWSON罗森(龙湖成都上城天街店),R04,104.071944,30.68395,0.79,0.822,747,867,高
DO202608020042,2026-08-02,P018,乐多(成华西街一店),R04,104.071998,30.683402,69.73,0.4691,639,759,高
DO202608020043,2026-08-02,P018,乐多(成华西街一店),R04,104.071998,30.683402,209.68,0.2277,643,763,低
DO202608020044,2026-08-02,P018,乐多(成华西街一店),R04,104.071998,30.683402,14.66,0.1158,645,765,中
DO202608020045,2026-08-02,P019,奥特乐(成都龙湖上城天街店),R04,104.072004,30.684929,7.72,0.3331,832,952,低
DO202608020046,2026-08-02,P019,奥特乐(成都龙湖上城天街店),R04,104.072004,30.684929,86.61,0.2806,832,952,低
DO202608020047,2026-08-02,P021,Ole 精品超市(IFS国际金融中心店),R05,104.081893,30.655003,13.98,0.1693,567,687,高
DO202608020048,2026-08-02,P021,Ole 精品超市(IFS国际金融中心店),R05,104.081893,30.655003,53.58,0.0287,568,688,低
DO202608020049,2026-08-02,P022,四川舞东风超市连锁股份有限公司,R05,104.082047,30.660437,21.23,0.1499,566,686,中
DO202608020050,2026-08-02,P022,四川舞东风超市连锁股份有限公司,R05,104.082047,30.660437,41.77,0.7128,567,687,中
DO202608020051,2026-08-02,P023,永辉超市(文华广场店),R05,104.107695,30.637048,14.82,0.0897,758,878,高
DO202608020052,2026-08-02,P023,永辉超市(文华广场店),R05,104.107695,30.637048,63.48,1.1771,761,881,中
DO202608020053,2026-08-02,P024,永辉超市(锦江城市花园店),R05,104.142752,30.595134,19.74,0.3488,594,714,中
DO202608020054,2026-08-02,P024,永辉超市(锦江城市花园店),R05,104.142752,30.595134,23.04,0.2909,595,715,高
DO202608020055,2026-08-02,P024,永辉超市(锦江城市花园店),R05,104.142752,30.595134,127.73,0.4756,598,718,中
DO202608020056,2026-08-02,P025,红旗超市(成都红旗商厦店),R05,104.072081,30.658735,5.93,0.1845,524,644,低
DO202608020057,2026-08-02,P026,友好多连锁超市(界牌店),R07,104.313922,30.880419,183.98,0.0191,889,1009,中
DO202608020058,2026-08-02,P027,大荣发连锁超市(和顺雅苑店),R07,104.253582,30.90011,40.02,0.7836,592,712,中
DO202608020059,2026-08-02,P027,大荣发连锁超市(和顺雅苑店),R07,104.253582,30.90011,18.67,0.2162,595,715,中
DO202608020060,2026-08-02,P027,大荣发连锁超市(和顺雅苑店),R07,104.253582,30.90011,13.22,0.8804,595,715,高
DO202608020061,2026-08-02,P027,大荣发连锁超市(和顺雅苑店),R07,104.253582,30.90011,2.58,0.0998,598,718,高
DO202608020062,2026-08-02,P028,永辉超市(天府欧城店),R07,104.256388,30.892152,10.19,4.9796,733,853,中
DO202608020063,2026-08-02,P029,永辉超市(青白江万达广场店),R07,104.253652,30.878095,44.97,1.5754,864,984,高
DO202608020064,2026-08-02,P029,永辉超市(青白江万达广场店),R07,104.253652,30.878095,16.42,0.1541,872,992,中
DO202608020065,2026-08-02,P030,润都连锁生活超市(正兴路店),R07,104.188354,30.87079,156.67,0.0955,549,669,中
DO202608020066,2026-08-02,P030,润都连锁生活超市(正兴路店),R07,104.188354,30.87079,37.53,2.9777,554,674,低
DO202608020067,2026-08-02,P030,润都连锁生活超市(正兴路店),R07,104.188354,30.87079,16.34,0.5359,555,675,高
DO202608020068,2026-08-02,P031,渝华连锁超市(学苑路店),R07,104.276426,30.875299,19.23,0.2346,739,859,低
DO202608020069,2026-08-02,P032,渝华连锁超市(绣川新城店),R07,104.330571,30.85576,18.27,2.675,829,949,中
DO202608020070,2026-08-02,P032,渝华连锁超市(绣川新城店),R07,104.330571,30.85576,72.89,0.0891,830,950,高
DO202608020071,2026-08-02,P032,渝华连锁超市(绣川新城店),R07,104.330571,30.85576,17.65,0.1032,834,954,中
DO202608020072,2026-08-02,P033,红旗超市(团结花园店),R07,104.246885,30.877313,43.22,0.5876,719,839,中
DO202608020073,2026-08-02,P035,红旗连锁(青白江同金街便利店),R07,104.244552,30.889503,89.9,1.4137,895,1015,中
DO202608020074,2026-08-02,P037,红旗连锁(青白江石家碾西路店),R07,104.253962,30.887052,5.4,0.1274,851,971,高
DO202608020075,2026-08-02,P037,红旗连锁(青白江石家碾西路店),R07,104.253962,30.887052,102.43,0.5585,853,973,高
DO202608020076,2026-08-02,P037,红旗连锁(青白江石家碾西路店),R07,104.253962,30.887052,33.54,0.4836,856,976,中
DO202608020077,2026-08-02,P037,红旗连锁(青白江石家碾西路店),R07,104.253962,30.887052,15.9,0.2699,858,978,高
DO202608020078,2026-08-02,P038,青江一家超市,R07,104.284321,30.880989,19.05,0.1321,564,684,高
DO202608020079,2026-08-02,P038,青江一家超市,R07,104.284321,30.880989,10.98,0.7651,571,691,高
DO202608020080,2026-08-02,P039,青江百货连锁超市,R07,104.269502,30.876837,13.67,0.3956,738,858,低
DO202608020081,2026-08-02,P041,永辉超市(成都青羊中铁大道店),R02,103.961452,30.670211,754.3,0.1451,773,893,中
DO202608020082,2026-08-02,P041,永辉超市(成都青羊中铁大道店),R02,103.961452,30.670211,18.06,0.1183,775,895,中
DO202608020083,2026-08-02,P042,永辉超市(青羊新城市店),R02,104.057614,30.67321,530.35,0.4216,763,883,中
DO202608020084,2026-08-02,P042,永辉超市(青羊新城市店),R02,104.057614,30.67321,73.58,0.1895,769,889,中
DO202608020085,2026-08-02,P043,红旗超市(中同仁路分场),R02,104.052373,30.668819,25.41,2.1173,904,1024,高
DO202608020086,2026-08-02,P043,红旗超市(中同仁路分场),R02,104.052373,30.668819,13.55,0.0718,904,1024,高
DO202608020087,2026-08-02,P043,红旗超市(中同仁路分场),R02,104.052373,30.668819,112.16,0.9582,907,1027,中
DO202608020088,2026-08-02,P043,红旗超市(中同仁路分场),R02,104.052373,30.668819,54.2,0.0309,908,1028,高
DO202608020089,2026-08-02,P044,邻你生活超市(大庆店),R02,104.032527,30.669557,62.43,0.2431,707,827,中
DO202608020090,2026-08-02,P044,邻你生活超市(大庆店),R02,104.032527,30.669557,22.13,0.2386,709,829,低
DO202608020091,2026-08-02,P045,世纪红连锁超市,R08,104.208007,30.532247,45.84,0.2529,803,923,中
DO202608020092,2026-08-02,P045,世纪红连锁超市,R08,104.208007,30.532247,4.42,0.07,804,924,低
DO202608020093,2026-08-02,P046,尚喜超市(锦绣路店),R08,104.308338,30.606726,29.42,0.2796,720,840,高
DO202608020094,2026-08-02,P046,尚喜超市(锦绣路店),R08,104.308338,30.606726,16.53,1.0692,721,841,中
DO202608020095,2026-08-02,P046,尚喜超市(锦绣路店),R08,104.308338,30.606726,2.61,0.1701,724,844,中
DO202608020096,2026-08-02,P046,尚喜超市(锦绣路店),R08,104.308338,30.606726,0.61,0.1535,724,844,中
DO202608020097,2026-08-02,P046,尚喜超市(锦绣路店),R08,104.308338,30.606726,494.55,0.2792,724,844,中
DO202608020098,2026-08-02,P047,永辉超市(成都龙泉驿万达广场店),R08,104.269392,30.566865,60.72,1.6841,614,734,中
DO202608020099,2026-08-02,P048,汇联美连锁超市(中街店),R08,104.27333,30.560098,50.21,0.0388,641,761,高
DO202608020100,2026-08-02,P048,汇联美连锁超市(中街店),R08,104.27333,30.560098,41.81,0.6333,642,762,高
DO202608020101,2026-08-02,P048,汇联美连锁超市(中街店),R08,104.27333,30.560098,6.32,0.133,648,768,中
DO202608020102,2026-08-02,P049,百伦生活超市(龙泉店),R08,104.273346,30.559846,56.73,0.0515,898,1018,中
DO202608020103,2026-08-02,P049,百伦生活超市(龙泉店),R08,104.273346,30.559846,710.28,0.1201,902,1022,中
DO202608020104,2026-08-02,P049,百伦生活超市(龙泉店),R08,104.273346,30.559846,13.99,0.06,904,1024,中
DO202608020105,2026-08-02,P049,百伦生活超市(龙泉店),R08,104.273346,30.559846,24.54,0.5377,904,1024,高
DO202608030000,2026-08-03,P001,689便民(荣盛·香榭兰庭店),R06,104.135375,30.623625,11.27,0.2649,856,976,中
DO202608030001,2026-08-03,P002,十二超市(佳年华广场1期店),R06,104.131787,30.627615,3.73,0.5311,769,889,中
DO202608030002,2026-08-03,P002,十二超市(佳年华广场1期店),R06,104.131787,30.627615,35.13,0.651,769,889,低
DO202608030003,2026-08-03,P002,十二超市(佳年华广场1期店),R06,104.131787,30.627615,2.94,0.1737,770,890,高
DO202608030004,2026-08-03,P003,红旗连锁,R06,104.132763,30.627528,16.34,0.7495,870,990,中
DO202608030005,2026-08-03,P004,老蔡小卖部(水碾河路北社区三街店),R06,104.099234,30.648748,187.53,0.098,561,681,高
DO202608030006,2026-08-03,P004,老蔡小卖部(水碾河路北社区三街店),R06,104.099234,30.648748,36.9,0.0823,562,682,中
DO202608030007,2026-08-03,P004,老蔡小卖部(水碾河路北社区三街店),R06,104.099234,30.648748,61.87,0.1976,563,683,中
DO202608030008,2026-08-03,P004,老蔡小卖部(水碾河路北社区三街店),R06,104.099234,30.648748,128.12,0.1668,564,684,低
DO202608030009,2026-08-03,P004,老蔡小卖部(水碾河路北社区三街店),R06,104.099234,30.648748,467.82,0.3858,566,686,低
DO202608030010,2026-08-03,P004,老蔡小卖部(水碾河路北社区三街店),R06,104.099234,30.648748,41.24,1.4924,566,686,高
DO202608030011,2026-08-03,P005,郝英超市,R06,104.129707,30.628761,104.97,0.2417,780,900,高
DO202608030012,2026-08-03,P006,全家便利店(龙江路店),R03,104.077199,30.641639,29.77,0.0847,881,1001,高
DO202608030013,2026-08-03,P006,全家便利店(龙江路店),R03,104.077199,30.641639,4.31,0.1195,889,1009,中
DO202608030014,2026-08-03,P007,永辉超市(成都市新城吾悦广场店),R03,103.988663,30.626255,23.76,0.2534,690,810,高
DO202608030015,2026-08-03,P008,永辉超市(银泰城店),R03,104.058121,30.541191,83.92,0.2102,528,648,低
DO202608030016,2026-08-03,P008,永辉超市(银泰城店),R03,104.058121,30.541191,84.68,4.4299,530,650,高
DO202608030017,2026-08-03,P008,永辉超市(银泰城店),R03,104.058121,30.541191,5.88,0.1891,532,652,中
DO202608030018,2026-08-03,P009,永辉超市(龙湖成都金楠天街店),R03,103.995986,30.648731,17.98,0.9178,524,644,中
DO202608030019,2026-08-03,P009,永辉超市(龙湖成都金楠天街店),R03,103.995986,30.648731,7.25,1.9965,530,650,低
DO202608030020,2026-08-03,P009,永辉超市(龙湖成都金楠天街店),R03,103.995986,30.648731,30.68,0.0554,533,653,高
DO202608030021,2026-08-03,P010,百分百超市(心语店),R03,104.045915,30.545712,187.57,0.8834,858,978,低
DO202608030022,2026-08-03,P010,百分百超市(心语店),R03,104.045915,30.545712,38.49,3.2529,864,984,中
DO202608030023,2026-08-03,P011,永辉超市(成都市双铁广场店),R01,103.975737,30.758309,523.02,0.0235,817,937,中
DO202608030024,2026-08-03,P011,永辉超市(成都市双铁广场店),R01,103.975737,30.758309,2.07,0.4244,820,940,低
DO202608030025,2026-08-03,P011,永辉超市(成都市双铁广场店),R01,103.975737,30.758309,394.62,0.3365,821,941,高
DO202608030026,2026-08-03,P011,永辉超市(成都市双铁广场店),R01,103.975737,30.758309,84.6,2.2287,822,942,中
DO202608030027,2026-08-03,P012,永辉超市(成都市蜀都万达广场店),R01,103.907862,30.807642,26.16,0.2336,693,813,高
DO202608030028,2026-08-03,P012,永辉超市(成都市蜀都万达广场店),R01,103.907862,30.807642,93.13,0.6932,699,819,高
DO202608030029,2026-08-03,P013,永辉超市(爱琴海购物中心店),R01,103.991901,30.737566,31.55,0.1944,714,834,高
DO202608030030,2026-08-03,P013,永辉超市(爱琴海购物中心店),R01,103.991901,30.737566,26.72,0.8802,714,834,低
DO202608030031,2026-08-03,P013,永辉超市(爱琴海购物中心店),R01,103.991901,30.737566,16.39,1.1732,720,840,高
DO202608030032,2026-08-03,P013,永辉超市(爱琴海购物中心店),R01,103.991901,30.737566,63.6,0.1338,721,841,中
DO202608030033,2026-08-03,P013,永辉超市(爱琴海购物中心店),R01,103.991901,30.737566,48.04,0.399,723,843,高
DO202608030034,2026-08-03,P015,红旗超市(龙湖时代天街店),R01,103.919653,30.752444,4.65,0.1614,696,816,中
DO202608030035,2026-08-03,P015,红旗超市(龙湖时代天街店),R01,103.919653,30.752444,0.86,0.2266,697,817,中
DO202608030036,2026-08-03,P016,LAWSON罗森(枣子巷15号院店),R04,104.044885,30.667759,10.54,0.4134,566,686,低
DO202608030037,2026-08-03,P016,LAWSON罗森(枣子巷15号院店),R04,104.044885,30.667759,6.03,1.0683,566,686,低
DO202608030038,2026-08-03,P017,LAWSON罗森(龙湖成都上城天街店),R04,104.071944,30.68395,192.93,0.4121,530,650,低
DO202608030039,2026-08-03,P018,乐多(成华西街一店),R04,104.071998,30.683402,53.02,0.6442,605,725,低
DO202608030040,2026-08-03,P018,乐多(成华西街一店),R04,104.071998,30.683402,33.74,0.1535,611,731,低
DO202608030041,2026-08-03,P019,奥特乐(成都龙湖上城天街店),R04,104.072004,30.684929,23.43,0.2185,613,733,中
DO202608030042,2026-08-03,P019,奥特乐(成都龙湖上城天街店),R04,104.072004,30.684929,29.06,0.2091,620,740,高
DO202608030043,2026-08-03,P019,奥特乐(成都龙湖上城天街店),R04,104.072004,30.684929,50.13,0.0827,620,740,高
DO202608030044,2026-08-03,P022,四川舞东风超市连锁股份有限公司,R05,104.082047,30.660437,21.16,0.7888,898,1018,高
DO202608030045,2026-08-03,P024,永辉超市(锦江城市花园店),R05,104.142752,30.595134,13.12,0.4596,576,696,中
DO202608030046,2026-08-03,P024,永辉超市(锦江城市花园店),R05,104.142752,30.595134,4.1,0.95,583,703,高
DO202608030047,2026-08-03,P024,永辉超市(锦江城市花园店),R05,104.142752,30.595134,3.73,0.1471,584,704,低
DO202608030048,2026-08-03,P026,友好多连锁超市(界牌店),R07,104.313922,30.880419,22.01,0.7255,524,644,高
DO202608030049,2026-08-03,P027,大荣发连锁超市(和顺雅苑店),R07,104.253582,30.90011,49.48,1.0131,566,686,中
DO202608030050,2026-08-03,P027,大荣发连锁超市(和顺雅苑店),R07,104.253582,30.90011,42.27,1.2779,569,689,中
DO202608030051,2026-08-03,P027,大荣发连锁超市(和顺雅苑店),R07,104.253582,30.90011,6.91,0.0785,571,691,中
DO202608030052,2026-08-03,P028,永辉超市(天府欧城店),R07,104.256388,30.892152,19.05,3.5378,847,967,高
DO202608030053,2026-08-03,P028,永辉超市(天府欧城店),R07,104.256388,30.892152,6.48,0.877,853,973,中
DO202608030054,2026-08-03,P029,永辉超市(青白江万达广场店),R07,104.253652,30.878095,106.97,1.0748,867,987,中
DO202608030055,2026-08-03,P029,永辉超市(青白江万达广场店),R07,104.253652,30.878095,80.11,2.5502,867,987,高
DO202608030056,2026-08-03,P029,永辉超市(青白江万达广场店),R07,104.253652,30.878095,155.83,1.0013,871,991,中
DO202608030057,2026-08-03,P029,永辉超市(青白江万达广场店),R07,104.253652,30.878095,46.95,0.1271,872,992,中
DO202608030058,2026-08-03,P030,润都连锁生活超市(正兴路店),R07,104.188354,30.87079,862.24,1.0454,808,928,中
DO202608030059,2026-08-03,P030,润都连锁生活超市(正兴路店),R07,104.188354,30.87079,36.85,0.3855,810,930,中
DO202608030060,2026-08-03,P030,润都连锁生活超市(正兴路店),R07,104.188354,30.87079,59.26,1.0769,810,930,高
DO202608030061,2026-08-03,P030,润都连锁生活超市(正兴路店),R07,104.188354,30.87079,679.75,1.3124,811,931,高
DO202608030062,2026-08-03,P031,渝华连锁超市(学苑路店),R07,104.276426,30.875299,183.18,0.8033,826,946,低
DO202608030063,2026-08-03,P031,渝华连锁超市(学苑路店),R07,104.276426,30.875299,32.11,0.3095,831,951,中
DO202608030064,2026-08-03,P031,渝华连锁超市(学苑路店),R07,104.276426,30.875299,10.84,2.591,831,951,高
DO202608030065,2026-08-03,P031,渝华连锁超市(学苑路店),R07,104.276426,30.875299,14.28,0.3767,832,952,中
DO202608030066,2026-08-03,P032,渝华连锁超市(绣川新城店),R07,104.330571,30.85576,3.75,0.429,564,684,高
DO202608030067,2026-08-03,P032,渝华连锁超市(绣川新城店),R07,104.330571,30.85576,1157.48,0.7036,568,688,中
DO202608030068,2026-08-03,P032,渝华连锁超市(绣川新城店),R07,104.330571,30.85576,18.11,0.0737,571,691,高
DO202608030069,2026-08-03,P032,渝华连锁超市(绣川新城店),R07,104.330571,30.85576,12.93,0.1251,571,691,高
DO202608030070,2026-08-03,P032,渝华连锁超市(绣川新城店),R07,104.330571,30.85576,8.76,0.3821,573,693,低
DO202608030071,2026-08-03,P033,红旗超市(团结花园店),R07,104.246885,30.877313,21.0,0.2428,716,836,中
DO202608030072,2026-08-03,P034,红旗连锁(北城新界民族花园店),R07,104.201632,30.877318,12.73,0.9362,576,696,中
DO202608030073,2026-08-03,P035,红旗连锁(青白江同金街便利店),R07,104.244552,30.889503,9.96,1.5202,716,836,中
DO202608030074,2026-08-03,P036,红旗连锁(青白江城厢首府分场),R07,104.323054,30.860039,72.13,0.4283,533,653,中
DO202608030075,2026-08-03,P036,红旗连锁(青白江城厢首府分场),R07,104.323054,30.860039,21.62,0.3554,540,660,低
DO202608030076,2026-08-03,P036,红旗连锁(青白江城厢首府分场),R07,104.323054,30.860039,137.54,2.0706,541,661,低
DO202608030077,2026-08-03,P037,红旗连锁(青白江石家碾西路店),R07,104.253962,30.887052,66.45,3.1786,811,931,高
DO202608030078,2026-08-03,P037,红旗连锁(青白江石家碾西路店),R07,104.253962,30.887052,78.09,0.4112,815,935,中
DO202608030079,2026-08-03,P037,红旗连锁(青白江石家碾西路店),R07,104.253962,30.887052,24.88,2.2762,818,938,高
DO202608030080,2026-08-03,P038,青江一家超市,R07,104.284321,30.880989,30.27,0.7603,707,827,中
DO202608030081,2026-08-03,P039,青江百货连锁超市,R07,104.269502,30.876837,7.25,0.1281,519,639,中
DO202608030082,2026-08-03,P040,上蔬永辉超市(西单商场店),R02,104.000521,30.674866,13.4,0.0913,743,863,中
DO202608030083,2026-08-03,P040,上蔬永辉超市(西单商场店),R02,104.000521,30.674866,6.92,0.0755,745,865,中
DO202608030084,2026-08-03,P041,永辉超市(成都青羊中铁大道店),R02,103.961452,30.670211,49.65,0.6101,556,676,低
DO202608030085,2026-08-03,P041,永辉超市(成都青羊中铁大道店),R02,103.961452,30.670211,168.45,0.6788,557,677,高
DO202608030086,2026-08-03,P041,永辉超市(成都青羊中铁大道店),R02,103.961452,30.670211,99.12,0.2546,559,679,中
DO202608030087,2026-08-03,P042,永辉超市(青羊新城市店),R02,104.057614,30.67321,16.46,0.4415,786,906,高
DO202608030088,2026-08-03,P043,红旗超市(中同仁路分场),R02,104.052373,30.668819,97.28,0.3213,883,1003,低
DO202608030089,2026-08-03,P043,红旗超市(中同仁路分场),R02,104.052373,30.668819,180.3,0.2208,890,1010,高
DO202608030090,2026-08-03,P044,邻你生活超市(大庆店),R02,104.032527,30.669557,4.14,0.039,693,813,中
DO202608030091,2026-08-03,P044,邻你生活超市(大庆店),R02,104.032527,30.669557,182.86,2.178,698,818,高
DO202608030092,2026-08-03,P044,邻你生活超市(大庆店),R02,104.032527,30.669557,14.32,0.0872,699,819,高
DO202608030093,2026-08-03,P044,邻你生活超市(大庆店),R02,104.032527,30.669557,130.42,0.2425,699,819,中
DO202608030094,2026-08-03,P045,世纪红连锁超市,R08,104.208007,30.532247,38.42,4.2416,758,878,中
DO202608030095,2026-08-03,P046,尚喜超市(锦绣路店),R08,104.308338,30.606726,22.04,0.0637,552,672,中
DO202608030096,2026-08-03,P046,尚喜超市(锦绣路店),R08,104.308338,30.606726,111.09,0.2225,554,674,中
DO202608030097,2026-08-03,P046,尚喜超市(锦绣路店),R08,104.308338,30.606726,192.97,3.0143,555,675,中
DO202608030098,2026-08-03,P046,尚喜超市(锦绣路店),R08,104.308338,30.606726,60.05,0.215,558,678,中
DO202608030099,2026-08-03,P046,尚喜超市(锦绣路店),R08,104.308338,30.606726,20.01,0.3453,559,679,高
DO202608030100,2026-08-03,P046,尚喜超市(锦绣路店),R08,104.308338,30.606726,2.5,0.038,559,679,低
DO202608030101,2026-08-03,P047,永辉超市(成都龙泉驿万达广场店),R08,104.269392,30.566865,67.41,0.3995,602,722,高
DO202608030102,2026-08-03,P047,永辉超市(成都龙泉驿万达广场店),R08,104.269392,30.566865,40.42,0.0813,605,725,中
DO202608030103,2026-08-03,P047,永辉超市(成都龙泉驿万达广场店),R08,104.269392,30.566865,27.17,0.2809,607,727,中
DO202608030104,2026-08-03,P047,永辉超市(成都龙泉驿万达广场店),R08,104.269392,30.566865,1.92,0.1543,608,728,中
DO202608030105,2026-08-03,P047,永辉超市(成都龙泉驿万达广场店),R08,104.269392,30.566865,17.19,1.6541,609,729,中
DO202608030106,2026-08-03,P047,永辉超市(成都龙泉驿万达广场店),R08,104.269392,30.566865,95.29,0.2531,610,730,高
DO202608030107,2026-08-03,P049,百伦生活超市(龙泉店),R08,104.273346,30.559846,8.58,0.1563,529,649,中
DO202608030108,2026-08-03,P049,百伦生活超市(龙泉店),R08,104.273346,30.559846,54.22,0.6795,531,651,中
DO202608030109,2026-08-03,P049,百伦生活超市(龙泉店),R08,104.273346,30.559846,71.63,0.1898,535,655,中
DO202608030110,2026-08-03,P049,百伦生活超市(龙泉店),R08,104.273346,30.559846,55.1,0.4474,535,655,高
DO202608030111,2026-08-03,P049,百伦生活超市(龙泉店),R08,104.273346,30.559846,297.44,1.0091,538,658,低
DO202608040000,2026-08-04,P002,十二超市(佳年华广场1期店),R06,104.131787,30.627615,7.15,0.075,637,757,中
DO202608040001,2026-08-04,P003,红旗连锁,R06,104.132763,30.627528,3.59,0.0453,741,861,高
DO202608040002,2026-08-04,P003,红旗连锁,R06,104.132763,30.627528,449.95,0.0203,743,863,低
DO202608040003,2026-08-04,P004,老蔡小卖部(水碾河路北社区三街店),R06,104.099234,30.648748,9.76,1.4501,748,868,中
DO202608040004,2026-08-04,P006,全家便利店(龙江路店),R03,104.077199,30.641639,15.21,0.057,637,757,中
DO202608040005,2026-08-04,P006,全家便利店(龙江路店),R03,104.077199,30.641639,22.04,0.6511,638,758,中
DO202608040006,2026-08-04,P006,全家便利店(龙江路店),R03,104.077199,30.641639,110.37,0.7791,642,762,中
DO202608040007,2026-08-04,P006,全家便利店(龙江路店),R03,104.077199,30.641639,13.23,0.4762,644,764,高
DO202608040008,2026-08-04,P006,全家便利店(龙江路店),R03,104.077199,30.641639,8.88,0.0494,645,765,高
DO202608040009,2026-08-04,P006,全家便利店(龙江路店),R03,104.077199,30.641639,11.84,0.0711,646,766,中
DO202608040010,2026-08-04,P006,全家便利店(龙江路店),R03,104.077199,30.641639,39.48,0.0379,647,767,高
DO202608040011,2026-08-04,P008,永辉超市(银泰城店),R03,104.058121,30.541191,284.81,1.8509,542,662,高
DO202608040012,2026-08-04,P008,永辉超市(银泰城店),R03,104.058121,30.541191,55.02,0.1472,544,664,低
DO202608040013,2026-08-04,P009,永辉超市(龙湖成都金楠天街店),R03,103.995986,30.648731,83.86,0.6459,682,802,中
DO202608040014,2026-08-04,P009,永辉超市(龙湖成都金楠天街店),R03,103.995986,30.648731,1.62,0.1724,682,802,中
DO202608040015,2026-08-04,P009,永辉超市(龙湖成都金楠天街店),R03,103.995986,30.648731,160.35,2.0157,684,804,高
DO202608040016,2026-08-04,P009,永辉超市(龙湖成都金楠天街店),R03,103.995986,30.648731,6.22,0.0637,685,805,中
DO202608040017,2026-08-04,P009,永辉超市(龙湖成都金楠天街店),R03,103.995986,30.648731,12.37,0.0839,687,807,中
DO202608040018,2026-08-04,P011,永辉超市(成都市双铁广场店),R01,103.975737,30.758309,13.58,0.0892,779,899,中
DO202608040019,2026-08-04,P011,永辉超市(成都市双铁广场店),R01,103.975737,30.758309,260.19,1.5589,782,902,低
DO202608040020,2026-08-04,P012,永辉超市(成都市蜀都万达广场店),R01,103.907862,30.807642,89.46,11.9644,803,923,低
DO202608040021,2026-08-04,P012,永辉超市(成都市蜀都万达广场店),R01,103.907862,30.807642,29.4,0.0747,809,929,中
DO202608040022,2026-08-04,P013,永辉超市(爱琴海购物中心店),R01,103.991901,30.737566,42.11,0.0179,702,822,中
DO202608040023,2026-08-04,P013,永辉超市(爱琴海购物中心店),R01,103.991901,30.737566,233.21,0.1031,703,823,高
DO202608040024,2026-08-04,P013,永辉超市(爱琴海购物中心店),R01,103.991901,30.737566,24.22,1.1195,705,825,中
DO202608040025,2026-08-04,P013,永辉超市(爱琴海购物中心店),R01,103.991901,30.737566,22.28,1.0863,705,825,中
DO202608040026,2026-08-04,P014,永辉超市(龙湖成都时代天街店),R01,103.921214,30.750831,3512.11,0.9163,579,699,高
DO202608040027,2026-08-04,P014,永辉超市(龙湖成都时代天街店),R01,103.921214,30.750831,268.85,0.051,581,701,低
DO202608040028,2026-08-04,P015,红旗超市(龙湖时代天街店),R01,103.919653,30.752444,33.51,0.2051,734,854,高
DO202608040029,2026-08-04,P017,LAWSON罗森(龙湖成都上城天街店),R04,104.071944,30.68395,91.8,0.0843,579,699,高
DO202608040030,2026-08-04,P017,LAWSON罗森(龙湖成都上城天街店),R04,104.071944,30.68395,7.55,0.0291,582,702,低
DO202608040031,2026-08-04,P017,LAWSON罗森(龙湖成都上城天街店),R04,104.071944,30.68395,12.48,2.6041,587,707,高
DO202608040032,2026-08-04,P018,乐多(成华西街一店),R04,104.071998,30.683402,47.69,0.2175,736,856,高
DO202608040033,2026-08-04,P018,乐多(成华西街一店),R04,104.071998,30.683402,70.14,0.4425,742,862,低
DO202608040034,2026-08-04,P018,乐多(成华西街一店),R04,104.071998,30.683402,18.64,0.1006,745,865,低
DO202608040035,2026-08-04,P019,奥特乐(成都龙湖上城天街店),R04,104.072004,30.684929,2.62,8.0436,872,992,中
DO202608040036,2026-08-04,P019,奥特乐(成都龙湖上城天街店),R04,104.072004,30.684929,8.12,1.0037,873,993,低
DO202608040037,2026-08-04,P019,奥特乐(成都龙湖上城天街店),R04,104.072004,30.684929,221.82,0.4053,873,993,高
DO202608040038,2026-08-04,P020,朴朴超市(西体路店),R04,104.061775,30.681195,61.23,0.0199,806,926,中
DO202608040039,2026-08-04,P021,Ole 精品超市(IFS国际金融中心店),R05,104.081893,30.655003,10.28,0.0883,631,751,低
DO202608040040,2026-08-04,P021,Ole 精品超市(IFS国际金融中心店),R05,104.081893,30.655003,77.87,0.4192,634,754,中
DO202608040041,2026-08-04,P022,四川舞东风超市连锁股份有限公司,R05,104.082047,30.660437,673.72,0.089,684,804,中
DO202608040042,2026-08-04,P022,四川舞东风超市连锁股份有限公司,R05,104.082047,30.660437,2.52,0.3898,688,808,中
DO202608040043,2026-08-04,P022,四川舞东风超市连锁股份有限公司,R05,104.082047,30.660437,192.57,0.2617,688,808,中
DO202608040044,2026-08-04,P022,四川舞东风超市连锁股份有限公司,R05,104.082047,30.660437,49.47,0.6615,688,808,中
DO202608040045,2026-08-04,P022,四川舞东风超市连锁股份有限公司,R05,104.082047,30.660437,1523.63,6.6149,689,809,高
DO202608040046,2026-08-04,P023,永辉超市(文华广场店),R05,104.107695,30.637048,39.75,0.0799,713,833,中
DO202608040047,2026-08-04,P023,永辉超市(文华广场店),R05,104.107695,30.637048,41.77,0.1257,714,834,高
DO202608040048,2026-08-04,P024,永辉超市(锦江城市花园店),R05,104.142752,30.595134,5.75,1.4274,588,708,中
DO202608040049,2026-08-04,P024,永辉超市(锦江城市花园店),R05,104.142752,30.595134,67.84,0.1438,588,708,中
DO202608040050,2026-08-04,P024,永辉超市(锦江城市花园店),R05,104.142752,30.595134,38.66,0.2551,593,713,中
DO202608040051,2026-08-04,P025,红旗超市(成都红旗商厦店),R05,104.072081,30.658735,70.52,0.2722,709,829,中
DO202608040052,2026-08-04,P025,红旗超市(成都红旗商厦店),R05,104.072081,30.658735,81.38,0.6036,710,830,低
DO202608040053,2026-08-04,P027,大荣发连锁超市(和顺雅苑店),R07,104.253582,30.90011,9.89,0.1977,775,895,中
DO202608040054,2026-08-04,P027,大荣发连锁超市(和顺雅苑店),R07,104.253582,30.90011,192.09,0.2313,776,896,中
DO202608040055,2026-08-04,P027,大荣发连锁超市(和顺雅苑店),R07,104.253582,30.90011,30.18,0.5224,782,902,低
DO202608040056,2026-08-04,P027,大荣发连锁超市(和顺雅苑店),R07,104.253582,30.90011,159.67,0.137,782,902,高
DO202608040057,2026-08-04,P028,永辉超市(天府欧城店),R07,104.256388,30.892152,36.07,1.0216,839,959,中
DO202608040058,2026-08-04,P028,永辉超市(天府欧城店),R07,104.256388,30.892152,71.21,4.8,839,959,低
DO202608040059,2026-08-04,P028,永辉超市(天府欧城店),R07,104.256388,30.892152,49.29,0.063,840,960,高
DO202608040060,2026-08-04,P029,永辉超市(青白江万达广场店),R07,104.253652,30.878095,47.37,0.3493,580,700,高
DO202608040061,2026-08-04,P030,润都连锁生活超市(正兴路店),R07,104.188354,30.87079,213.34,0.0456,601,721,低
DO202608040062,2026-08-04,P030,润都连锁生活超市(正兴路店),R07,104.188354,30.87079,74.23,0.4306,601,721,中
DO202608040063,2026-08-04,P030,润都连锁生活超市(正兴路店),R07,104.188354,30.87079,19.03,2.8183,601,721,低
DO202608040064,2026-08-04,P030,润都连锁生活超市(正兴路店),R07,104.188354,30.87079,41.21,0.0528,603,723,中
DO202608040065,2026-08-04,P030,润都连锁生活超市(正兴路店),R07,104.188354,30.87079,28.36,1.2658,609,729,高
DO202608040066,2026-08-04,P031,渝华连锁超市(学苑路店),R07,104.276426,30.875299,92.28,0.5281,609,729,高
DO202608040067,2026-08-04,P031,渝华连锁超市(学苑路店),R07,104.276426,30.875299,11.78,0.4477,617,737,低
DO202608040068,2026-08-04,P032,渝华连锁超市(绣川新城店),R07,104.330571,30.85576,306.01,0.044,550,670,高
DO202608040069,2026-08-04,P033,红旗超市(团结花园店),R07,104.246885,30.877313,322.84,0.1231,641,761,低
DO202608040070,2026-08-04,P034,红旗连锁(北城新界民族花园店),R07,104.201632,30.877318,65.44,0.1032,682,802,低
DO202608040071,2026-08-04,P036,红旗连锁(青白江城厢首府分场),R07,104.323054,30.860039,113.19,0.0248,633,753,中
DO202608040072,2026-08-04,P036,红旗连锁(青白江城厢首府分场),R07,104.323054,30.860039,461.21,0.4048,640,760,高
DO202608040073,2026-08-04,P037,红旗连锁(青白江石家碾西路店),R07,104.253962,30.887052,31.52,0.2494,616,736,高
DO202608040074,2026-08-04,P037,红旗连锁(青白江石家碾西路店),R07,104.253962,30.887052,1.76,0.2472,621,741,中
DO202608040075,2026-08-04,P037,红旗连锁(青白江石家碾西路店),R07,104.253962,30.887052,20.19,0.5366,623,743,低
DO202608040076,2026-08-04,P037,红旗连锁(青白江石家碾西路店),R07,104.253962,30.887052,313.15,1.1503,625,745,高
DO202608040077,2026-08-04,P038,青江一家超市,R07,104.284321,30.880989,50.8,2.1313,688,808,低
DO202608040078,2026-08-04,P038,青江一家超市,R07,104.284321,30.880989,28.75,0.3795,688,808,中
DO202608040079,2026-08-04,P038,青江一家超市,R07,104.284321,30.880989,2.14,0.0787,691,811,高
DO202608040080,2026-08-04,P038,青江一家超市,R07,104.284321,30.880989,110.52,0.3246,691,811,低
DO202608040081,2026-08-04,P039,青江百货连锁超市,R07,104.269502,30.876837,157.88,0.2228,771,891,高
DO202608040082,2026-08-04,P039,青江百货连锁超市,R07,104.269502,30.876837,1.39,0.1242,772,892,中
DO202608040083,2026-08-04,P041,永辉超市(成都青羊中铁大道店),R02,103.961452,30.670211,7.13,0.5225,546,666,高
DO202608040084,2026-08-04,P042,永辉超市(青羊新城市店),R02,104.057614,30.67321,17.56,0.034,706,826,低
DO202608040085,2026-08-04,P042,永辉超市(青羊新城市店),R02,104.057614,30.67321,8.29,0.4193,707,827,中
DO202608040086,2026-08-04,P043,红旗超市(中同仁路分场),R02,104.052373,30.668819,39.2,0.0324,553,673,中
DO202608040087,2026-08-04,P043,红旗超市(中同仁路分场),R02,104.052373,30.668819,55.72,0.9247,553,673,低
DO202608040088,2026-08-04,P044,邻你生活超市(大庆店),R02,104.032527,30.669557,86.48,0.441,654,774,中
DO202608040089,2026-08-04,P046,尚喜超市(锦绣路店),R08,104.308338,30.606726,21.45,0.1508,554,674,中
DO202608040090,2026-08-04,P047,永辉超市(成都龙泉驿万达广场店),R08,104.269392,30.566865,46.12,0.0185,637,757,中
DO202608040091,2026-08-04,P047,永辉超市(成都龙泉驿万达广场店),R08,104.269392,30.566865,35.59,0.0473,638,758,低
DO202608040092,2026-08-04,P047,永辉超市(成都龙泉驿万达广场店),R08,104.269392,30.566865,12.66,0.465,643,763,中
DO202608040093,2026-08-04,P047,永辉超市(成都龙泉驿万达广场店),R08,104.269392,30.566865,44.34,0.4165,645,765,中
DO202608040094,2026-08-04,P047,永辉超市(成都龙泉驿万达广场店),R08,104.269392,30.566865,4.25,0.1208,646,766,中
DO202608040095,2026-08-04,P048,汇联美连锁超市(中街店),R08,104.27333,30.560098,328.84,0.3831,720,840,高
DO202608040096,2026-08-04,P048,汇联美连锁超市(中街店),R08,104.27333,30.560098,49.9,0.1558,725,845,中
DO202608040097,2026-08-04,P049,百伦生活超市(龙泉店),R08,104.273346,30.559846,10.79,0.6365,691,811,中
DO202608040098,2026-08-04,P049,百伦生活超市(龙泉店),R08,104.273346,30.559846,2.97,1.538,693,813,高
DO202608050000,2026-08-05,P001,689便民(荣盛·香榭兰庭店),R06,104.135375,30.623625,18.37,0.0293,660,780,高
DO202608050001,2026-08-05,P001,689便民(荣盛·香榭兰庭店),R06,104.135375,30.623625,247.75,0.1327,662,782,中
DO202608050002,2026-08-05,P001,689便民(荣盛·香榭兰庭店),R06,104.135375,30.623625,13.77,0.4056,669,789,中
DO202608050003,2026-08-05,P002,十二超市(佳年华广场1期店),R06,104.131787,30.627615,33.48,0.1045,673,793,高
DO202608050004,2026-08-05,P002,十二超市(佳年华广场1期店),R06,104.131787,30.627615,11.58,0.5594,675,795,中
DO202608050005,2026-08-05,P003,红旗连锁,R06,104.132763,30.627528,56.4,4.0227,744,864,高
DO202608050006,2026-08-05,P004,老蔡小卖部(水碾河路北社区三街店),R06,104.099234,30.648748,166.39,0.2123,612,732,中
DO202608050007,2026-08-05,P004,老蔡小卖部(水碾河路北社区三街店),R06,104.099234,30.648748,96.92,0.1319,616,736,低
DO202608050008,2026-08-05,P005,郝英超市,R06,104.129707,30.628761,52.35,0.7302,530,650,低
DO202608050009,2026-08-05,P005,郝英超市,R06,104.129707,30.628761,94.66,1.1274,534,654,高
DO202608050010,2026-08-05,P006,全家便利店(龙江路店),R03,104.077199,30.641639,179.07,1.1522,612,732,中
DO202608050011,2026-08-05,P006,全家便利店(龙江路店),R03,104.077199,30.641639,4.3,2.8443,617,737,低
DO202608050012,2026-08-05,P009,永辉超市(龙湖成都金楠天街店),R03,103.995986,30.648731,37.96,0.4041,867,987,中
DO202608050013,2026-08-05,P009,永辉超市(龙湖成都金楠天街店),R03,103.995986,30.648731,223.58,0.1837,872,992,中
DO202608050014,2026-08-05,P009,永辉超市(龙湖成都金楠天街店),R03,103.995986,30.648731,56.64,0.1054,873,993,中
DO202608050015,2026-08-05,P010,百分百超市(心语店),R03,104.045915,30.545712,54.6,0.0766,543,663,中
DO202608050016,2026-08-05,P010,百分百超市(心语店),R03,104.045915,30.545712,130.84,0.0441,549,669,高
DO202608050017,2026-08-05,P010,百分百超市(心语店),R03,104.045915,30.545712,28.64,0.7995,550,670,低
DO202608050018,2026-08-05,P011,永辉超市(成都市双铁广场店),R01,103.975737,30.758309,539.05,1.5937,736,856,高
DO202608050019,2026-08-05,P011,永辉超市(成都市双铁广场店),R01,103.975737,30.758309,7.24,0.4914,739,859,中
DO202608050020,2026-08-05,P012,永辉超市(成都市蜀都万达广场店),R01,103.907862,30.807642,324.99,0.2589,850,970,中
DO202608050021,2026-08-05,P013,永辉超市(爱琴海购物中心店),R01,103.991901,30.737566,266.94,0.0311,819,939,低
DO202608050022,2026-08-05,P013,永辉超市(爱琴海购物中心店),R01,103.991901,30.737566,40.39,0.2426,822,942,中
DO202608050023,2026-08-05,P013,永辉超市(爱琴海购物中心店),R01,103.991901,30.737566,15.51,1.2565,823,943,低
DO202608050024,2026-08-05,P013,永辉超市(爱琴海购物中心店),R01,103.991901,30.737566,37.02,1.0744,826,946,中
DO202608050025,2026-08-05,P014,永辉超市(龙湖成都时代天街店),R01,103.921214,30.750831,136.89,0.1211,698,818,中
DO202608050026,2026-08-05,P014,永辉超市(龙湖成都时代天街店),R01,103.921214,30.750831,83.89,0.0513,701,821,中
DO202608050027,2026-08-05,P014,永辉超市(龙湖成都时代天街店),R01,103.921214,30.750831,38.75,0.0789,701,821,低
DO202608050028,2026-08-05,P014,永辉超市(龙湖成都时代天街店),R01,103.921214,30.750831,57.67,0.3728,704,824,中
DO202608050029,2026-08-05,P014,永辉超市(龙湖成都时代天街店),R01,103.921214,30.750831,125.08,1.0841,706,826,低
DO202608050030,2026-08-05,P014,永辉超市(龙湖成都时代天街店),R01,103.921214,30.750831,21.05,0.4447,706,826,高
DO202608050031,2026-08-05,P015,红旗超市(龙湖时代天街店),R01,103.919653,30.752444,14.26,0.4082,544,664,中
DO202608050032,2026-08-05,P015,红旗超市(龙湖时代天街店),R01,103.919653,30.752444,87.45,0.1001,549,669,中
DO202608050033,2026-08-05,P015,红旗超市(龙湖时代天街店),R01,103.919653,30.752444,204.27,0.2,551,671,中
DO202608050034,2026-08-05,P015,红旗超市(龙湖时代天街店),R01,103.919653,30.752444,9.53,0.286,553,673,中
DO202608050035,2026-08-05,P016,LAWSON罗森(枣子巷15号院店),R04,104.044885,30.667759,127.68,0.4338,725,845,中
DO202608050036,2026-08-05,P017,LAWSON罗森(龙湖成都上城天街店),R04,104.071944,30.68395,54.23,0.12,747,867,高
DO202608050037,2026-08-05,P017,LAWSON罗森(龙湖成都上城天街店),R04,104.071944,30.68395,281.4,1.7606,749,869,高
DO202608050038,2026-08-05,P017,LAWSON罗森(龙湖成都上城天街店),R04,104.071944,30.68395,4.9,0.4359,751,871,中
DO202608050039,2026-08-05,P017,LAWSON罗森(龙湖成都上城天街店),R04,104.071944,30.68395,27.73,0.0391,753,873,高
DO202608050040,2026-08-05,P018,乐多(成华西街一店),R04,104.071998,30.683402,70.52,0.1369,899,1019,低
DO202608050041,2026-08-05,P018,乐多(成华西街一店),R04,104.071998,30.683402,98.33,0.2125,904,1024,中
DO202608050042,2026-08-05,P018,乐多(成华西街一店),R04,104.071998,30.683402,63.32,0.12,907,1027,低
DO202608050043,2026-08-05,P019,奥特乐(成都龙湖上城天街店),R04,104.072004,30.684929,35.34,0.1051,544,664,中
DO202608050044,2026-08-05,P019,奥特乐(成都龙湖上城天街店),R04,104.072004,30.684929,6.11,0.127,553,673,中
DO202608050045,2026-08-05,P020,朴朴超市(西体路店),R04,104.061775,30.681195,348.13,0.1089,594,714,中
DO202608050046,2026-08-05,P020,朴朴超市(西体路店),R04,104.061775,30.681195,2.8,0.0669,595,715,中
DO202608050047,2026-08-05,P022,四川舞东风超市连锁股份有限公司,R05,104.082047,30.660437,5.98,1.1435,849,969,高
DO202608050048,2026-08-05,P022,四川舞东风超市连锁股份有限公司,R05,104.082047,30.660437,6.65,0.1214,853,973,高
DO202608050049,2026-08-05,P022,四川舞东风超市连锁股份有限公司,R05,104.082047,30.660437,244.97,0.2019,853,973,中
DO202608050050,2026-08-05,P022,四川舞东风超市连锁股份有限公司,R05,104.082047,30.660437,34.3,1.7768,854,974,高
DO202608050051,2026-08-05,P024,永辉超市(锦江城市花园店),R05,104.142752,30.595134,331.32,0.7217,847,967,中
DO202608050052,2026-08-05,P026,友好多连锁超市(界牌店),R07,104.313922,30.880419,68.4,0.8359,723,843,中
DO202608050053,2026-08-05,P026,友好多连锁超市(界牌店),R07,104.313922,30.880419,160.15,0.61,724,844,中
DO202608050054,2026-08-05,P026,友好多连锁超市(界牌店),R07,104.313922,30.880419,33.61,0.0155,728,848,高
DO202608050055,2026-08-05,P027,大荣发连锁超市(和顺雅苑店),R07,104.253582,30.90011,20.56,0.3167,652,772,中
DO202608050056,2026-08-05,P027,大荣发连锁超市(和顺雅苑店),R07,104.253582,30.90011,98.87,0.764,655,775,中
DO202608050057,2026-08-05,P027,大荣发连锁超市(和顺雅苑店),R07,104.253582,30.90011,46.5,0.0955,657,777,高
DO202608050058,2026-08-05,P028,永辉超市(天府欧城店),R07,104.256388,30.892152,53.3,0.1071,545,665,低
DO202608050059,2026-08-05,P028,永辉超市(天府欧城店),R07,104.256388,30.892152,106.56,0.1852,552,672,高
DO202608050060,2026-08-05,P029,永辉超市(青白江万达广场店),R07,104.253652,30.878095,34.94,0.0463,551,671,低
DO202608050061,2026-08-05,P029,永辉超市(青白江万达广场店),R07,104.253652,30.878095,88.85,0.3792,552,672,中
DO202608050062,2026-08-05,P030,润都连锁生活超市(正兴路店),R07,104.188354,30.87079,6.4,0.0961,750,870,低
DO202608050063,2026-08-05,P030,润都连锁生活超市(正兴路店),R07,104.188354,30.87079,104.22,1.5258,751,871,中
DO202608050064,2026-08-05,P030,润都连锁生活超市(正兴路店),R07,104.188354,30.87079,41.55,0.1126,756,876,中
DO202608050065,2026-08-05,P030,润都连锁生活超市(正兴路店),R07,104.188354,30.87079,199.78,0.2912,759,879,高
DO202608050066,2026-08-05,P031,渝华连锁超市(学苑路店),R07,104.276426,30.875299,38.5,0.0461,612,732,低
DO202608050067,2026-08-05,P032,渝华连锁超市(绣川新城店),R07,104.330571,30.85576,11.89,0.332,683,803,中
DO202608050068,2026-08-05,P033,红旗超市(团结花园店),R07,104.246885,30.877313,7.47,0.7179,836,956,中
DO202608050069,2026-08-05,P034,红旗连锁(北城新界民族花园店),R07,104.201632,30.877318,19.3,0.0181,627,747,中
DO202608050070,2026-08-05,P034,红旗连锁(北城新界民族花园店),R07,104.201632,30.877318,82.35,6.188,629,749,中
DO202608050071,2026-08-05,P035,红旗连锁(青白江同金街便利店),R07,104.244552,30.889503,13.82,0.047,888,1008,中
DO202608050072,2026-08-05,P036,红旗连锁(青白江城厢首府分场),R07,104.323054,30.860039,12.81,0.1282,789,909,高
DO202608050073,2026-08-05,P036,红旗连锁(青白江城厢首府分场),R07,104.323054,30.860039,13.78,0.2766,794,914,低
DO202608050074,2026-08-05,P036,红旗连锁(青白江城厢首府分场),R07,104.323054,30.860039,19.4,1.3159,797,917,中
DO202608050075,2026-08-05,P036,红旗连锁(青白江城厢首府分场),R07,104.323054,30.860039,40.1,1.3243,797,917,中
DO202608050076,2026-08-05,P036,红旗连锁(青白江城厢首府分场),R07,104.323054,30.860039,163.63,0.6276,799,919,中
DO202608050077,2026-08-05,P037,红旗连锁(青白江石家碾西路店),R07,104.253962,30.887052,7.77,0.0823,876,996,高
DO202608050078,2026-08-05,P037,红旗连锁(青白江石家碾西路店),R07,104.253962,30.887052,137.53,0.2974,877,997,高
DO202608050079,2026-08-05,P037,红旗连锁(青白江石家碾西路店),R07,104.253962,30.887052,465.09,0.1291,881,1001,中
DO202608050080,2026-08-05,P038,青江一家超市,R07,104.284321,30.880989,91.46,0.1437,545,665,中
DO202608050081,2026-08-05,P038,青江一家超市,R07,104.284321,30.880989,25.34,0.0445,551,671,中
DO202608050082,2026-08-05,P039,青江百货连锁超市,R07,104.269502,30.876837,22.83,0.3817,581,701,低
DO202608050083,2026-08-05,P039,青江百货连锁超市,R07,104.269502,30.876837,154.42,0.2859,581,701,中
DO202608050084,2026-08-05,P039,青江百货连锁超市,R07,104.269502,30.876837,11.98,0.7537,584,704,中
DO202608050085,2026-08-05,P039,青江百货连锁超市,R07,104.269502,30.876837,1045.09,0.464,588,708,中
DO202608050086,2026-08-05,P040,上蔬永辉超市(西单商场店),R02,104.000521,30.674866,7.53,0.0519,524,644,中
DO202608050087,2026-08-05,P040,上蔬永辉超市(西单商场店),R02,104.000521,30.674866,48.05,1.2738,526,646,低
DO202608050088,2026-08-05,P040,上蔬永辉超市(西单商场店),R02,104.000521,30.674866,8.26,1.1129,530,650,中
DO202608050089,2026-08-05,P040,上蔬永辉超市(西单商场店),R02,104.000521,30.674866,109.58,0.0928,531,651,高
DO202608050090,2026-08-05,P041,永辉超市(成都青羊中铁大道店),R02,103.961452,30.670211,27.25,0.4391,719,839,高
DO202608050091,2026-08-05,P041,永辉超市(成都青羊中铁大道店),R02,103.961452,30.670211,19.45,0.0476,721,841,低
DO202608050092,2026-08-05,P042,永辉超市(青羊新城市店),R02,104.057614,30.67321,36.56,0.6558,733,853,中
DO202608050093,2026-08-05,P042,永辉超市(青羊新城市店),R02,104.057614,30.67321,274.01,0.4401,735,855,中
DO202608050094,2026-08-05,P043,红旗超市(中同仁路分场),R02,104.052373,30.668819,13.36,2.7848,709,829,高
DO202608050095,2026-08-05,P043,红旗超市(中同仁路分场),R02,104.052373,30.668819,6297.33,0.3296,713,833,高
DO202608050096,2026-08-05,P044,邻你生活超市(大庆店),R02,104.032527,30.669557,42.64,0.1438,687,807,高
DO202608050097,2026-08-05,P045,世纪红连锁超市,R08,104.208007,30.532247,39.84,1.3947,893,1013,中
DO202608050098,2026-08-05,P046,尚喜超市(锦绣路店),R08,104.308338,30.606726,21.44,0.4985,661,781,高
DO202608050099,2026-08-05,P046,尚喜超市(锦绣路店),R08,104.308338,30.606726,27.01,0.2743,665,785,低
DO202608050100,2026-08-05,P046,尚喜超市(锦绣路店),R08,104.308338,30.606726,25.29,1.2853,668,788,中
DO202608050101,2026-08-05,P047,永辉超市(成都龙泉驿万达广场店),R08,104.269392,30.566865,22.14,2.9588,796,916,低
DO202608050102,2026-08-05,P047,永辉超市(成都龙泉驿万达广场店),R08,104.269392,30.566865,16.07,0.0688,803,923,低
DO202608050103,2026-08-05,P048,汇联美连锁超市(中街店),R08,104.27333,30.560098,14.69,0.8492,611,731,低
DO202608050104,2026-08-05,P048,汇联美连锁超市(中街店),R08,104.27333,30.560098,19.54,1.0351,611,731,低
DO202608050105,2026-08-05,P048,汇联美连锁超市(中街店),R08,104.27333,30.560098,18.04,0.178,611,731,中
DO202608050106,2026-08-05,P048,汇联美连锁超市(中街店),R08,104.27333,30.560098,16.24,0.177,616,736,高
DO202608050107,2026-08-05,P048,汇联美连锁超市(中街店),R08,104.27333,30.560098,10.34,0.9344,616,736,中
DO202608050108,2026-08-05,P049,百伦生活超市(龙泉店),R08,104.273346,30.559846,10.28,0.144,676,796,中
DO202608050109,2026-08-05,P049,百伦生活超市(龙泉店),R08,104.273346,30.559846,1.92,0.4509,679,799,高
DO202608050110,2026-08-05,P049,百伦生活超市(龙泉店),R08,104.273346,30.559846,5.8,1.3484,681,801,中
DO202608050111,2026-08-05,P049,百伦生活超市(龙泉店),R08,104.273346,30.559846,57.14,0.3045,684,804,高
DO202608060000,2026-08-06,P001,689便民(荣盛·香榭兰庭店),R06,104.135375,30.623625,19.19,0.2941,554,674,高
DO202608060001,2026-08-06,P002,十二超市(佳年华广场1期店),R06,104.131787,30.627615,39.63,0.0616,626,746,中
DO202608060002,2026-08-06,P003,红旗连锁,R06,104.132763,30.627528,19.14,0.4646,746,866,低
DO202608060003,2026-08-06,P004,老蔡小卖部(水碾河路北社区三街店),R06,104.099234,30.648748,8.03,1.1371,725,845,低
DO202608060004,2026-08-06,P005,郝英超市,R06,104.129707,30.628761,34.21,0.1707,903,1023,中
DO202608060005,2026-08-06,P005,郝英超市,R06,104.129707,30.628761,18.22,0.0176,909,1029,中
DO202608060006,2026-08-06,P006,全家便利店(龙江路店),R03,104.077199,30.641639,152.86,0.0249,833,953,中
DO202608060007,2026-08-06,P007,永辉超市(成都市新城吾悦广场店),R03,103.988663,30.626255,114.19,0.744,552,672,高
DO202608060008,2026-08-06,P007,永辉超市(成都市新城吾悦广场店),R03,103.988663,30.626255,3.29,0.0275,554,674,中
DO202608060009,2026-08-06,P008,永辉超市(银泰城店),R03,104.058121,30.541191,15.29,0.0871,839,959,中
DO202608060010,2026-08-06,P008,永辉超市(银泰城店),R03,104.058121,30.541191,43.92,0.4928,845,965,高
DO202608060011,2026-08-06,P008,永辉超市(银泰城店),R03,104.058121,30.541191,22.4,0.1365,846,966,低
DO202608060012,2026-08-06,P008,永辉超市(银泰城店),R03,104.058121,30.541191,180.87,0.4783,846,966,中
DO202608060013,2026-08-06,P009,永辉超市(龙湖成都金楠天街店),R03,103.995986,30.648731,93.47,10.7875,601,721,中
DO202608060014,2026-08-06,P009,永辉超市(龙湖成都金楠天街店),R03,103.995986,30.648731,129.24,1.136,604,724,中
DO202608060015,2026-08-06,P010,百分百超市(心语店),R03,104.045915,30.545712,39.92,0.367,610,730,中
DO202608060016,2026-08-06,P011,永辉超市(成都市双铁广场店),R01,103.975737,30.758309,23.04,0.3051,803,923,高
DO202608060017,2026-08-06,P011,永辉超市(成都市双铁广场店),R01,103.975737,30.758309,75.14,4.27,810,930,高
DO202608060018,2026-08-06,P011,永辉超市(成都市双铁广场店),R01,103.975737,30.758309,99.47,0.2951,812,932,低
DO202608060019,2026-08-06,P011,永辉超市(成都市双铁广场店),R01,103.975737,30.758309,20.47,0.1992,813,933,高
DO202608060020,2026-08-06,P012,永辉超市(成都市蜀都万达广场店),R01,103.907862,30.807642,11.24,0.1364,897,1017,低
DO202608060021,2026-08-06,P013,永辉超市(爱琴海购物中心店),R01,103.991901,30.737566,149.13,0.0788,874,994,低
DO202608060022,2026-08-06,P013,永辉超市(爱琴海购物中心店),R01,103.991901,30.737566,394.86,0.0817,877,997,高
DO202608060023,2026-08-06,P013,永辉超市(爱琴海购物中心店),R01,103.991901,30.737566,12.41,0.0728,880,1000,中
DO202608060024,2026-08-06,P013,永辉超市(爱琴海购物中心店),R01,103.991901,30.737566,288.27,0.1705,883,1003,低
DO202608060025,2026-08-06,P014,永辉超市(龙湖成都时代天街店),R01,103.921214,30.750831,6.77,0.0246,795,915,低
DO202608060026,2026-08-06,P014,永辉超市(龙湖成都时代天街店),R01,103.921214,30.750831,118.69,0.7543,802,922,高
DO202608060027,2026-08-06,P015,红旗超市(龙湖时代天街店),R01,103.919653,30.752444,12.77,0.2621,760,880,中
DO202608060028,2026-08-06,P015,红旗超市(龙湖时代天街店),R01,103.919653,30.752444,121.5,1.416,761,881,中
DO202608060029,2026-08-06,P015,红旗超市(龙湖时代天街店),R01,103.919653,30.752444,166.48,0.0873,766,886,中
DO202608060030,2026-08-06,P016,LAWSON罗森(枣子巷15号院店),R04,104.044885,30.667759,51.75,0.1692,528,648,中
DO202608060031,2026-08-06,P016,LAWSON罗森(枣子巷15号院店),R04,104.044885,30.667759,82.26,0.1379,532,652,中
DO202608060032,2026-08-06,P017,LAWSON罗森(龙湖成都上城天街店),R04,104.071944,30.68395,86.32,0.4579,691,811,中
DO202608060033,2026-08-06,P017,LAWSON罗森(龙湖成都上城天街店),R04,104.071944,30.68395,201.83,0.1267,693,813,低
DO202608060034,2026-08-06,P017,LAWSON罗森(龙湖成都上城天街店),R04,104.071944,30.68395,99.54,0.194,695,815,高
DO202608060035,2026-08-06,P018,乐多(成华西街一店),R04,104.071998,30.683402,32.05,1.3361,592,712,低
DO202608060036,2026-08-06,P018,乐多(成华西街一店),R04,104.071998,30.683402,14.99,0.4263,595,715,高
DO202608060037,2026-08-06,P018,乐多(成华西街一店),R04,104.071998,30.683402,49.87,0.2488,597,717,中
DO202608060038,2026-08-06,P019,奥特乐(成都龙湖上城天街店),R04,104.072004,30.684929,52.8,0.3117,888,1008,中
DO202608060039,2026-08-06,P019,奥特乐(成都龙湖上城天街店),R04,104.072004,30.684929,21.43,0.213,890,1010,高
DO202608060040,2026-08-06,P021,Ole 精品超市(IFS国际金融中心店),R05,104.081893,30.655003,49.55,0.307,519,639,高
DO202608060041,2026-08-06,P021,Ole 精品超市(IFS国际金融中心店),R05,104.081893,30.655003,169.33,0.0911,521,641,低
DO202608060042,2026-08-06,P022,四川舞东风超市连锁股份有限公司,R05,104.082047,30.660437,5.07,0.057,689,809,中
DO202608060043,2026-08-06,P022,四川舞东风超市连锁股份有限公司,R05,104.082047,30.660437,49.46,0.6015,692,812,低
DO202608060044,2026-08-06,P023,永辉超市(文华广场店),R05,104.107695,30.637048,111.56,0.1806,520,640,高
DO202608060045,2026-08-06,P023,永辉超市(文华广场店),R05,104.107695,30.637048,22.44,0.396,520,640,高
DO202608060046,2026-08-06,P023,永辉超市(文华广场店),R05,104.107695,30.637048,914.81,0.6993,522,642,中
DO202608060047,2026-08-06,P024,永辉超市(锦江城市花园店),R05,104.142752,30.595134,5.2,0.1038,772,892,高
DO202608060048,2026-08-06,P025,红旗超市(成都红旗商厦店),R05,104.072081,30.658735,108.64,0.3665,525,645,低
DO202608060049,2026-08-06,P025,红旗超市(成都红旗商厦店),R05,104.072081,30.658735,759.39,0.0381,528,648,低
DO202608060050,2026-08-06,P025,红旗超市(成都红旗商厦店),R05,104.072081,30.658735,10.72,0.4388,534,654,中
DO202608060051,2026-08-06,P026,友好多连锁超市(界牌店),R07,104.313922,30.880419,553.45,0.0573,876,996,低
DO202608060052,2026-08-06,P026,友好多连锁超市(界牌店),R07,104.313922,30.880419,29.2,13.9617,885,1005,中
DO202608060053,2026-08-06,P027,大荣发连锁超市(和顺雅苑店),R07,104.253582,30.90011,12.97,0.1619,560,680,中
DO202608060054,2026-08-06,P027,大荣发连锁超市(和顺雅苑店),R07,104.253582,30.90011,4.49,4.2318,561,681,高
DO202608060055,2026-08-06,P027,大荣发连锁超市(和顺雅苑店),R07,104.253582,30.90011,13.49,0.9909,568,688,高
DO202608060056,2026-08-06,P027,大荣发连锁超市(和顺雅苑店),R07,104.253582,30.90011,31.29,0.6659,568,688,中
DO202608060057,2026-08-06,P027,大荣发连锁超市(和顺雅苑店),R07,104.253582,30.90011,30.05,0.0171,568,688,高
DO202608060058,2026-08-06,P028,永辉超市(天府欧城店),R07,104.256388,30.892152,69.73,0.2841,775,895,中
DO202608060059,2026-08-06,P028,永辉超市(天府欧城店),R07,104.256388,30.892152,10.41,0.2133,776,896,高
DO202608060060,2026-08-06,P030,润都连锁生活超市(正兴路店),R07,104.188354,30.87079,65.64,0.201,548,668,低
DO202608060061,2026-08-06,P030,润都连锁生活超市(正兴路店),R07,104.188354,30.87079,3.54,0.1426,549,669,高
DO202608060062,2026-08-06,P031,渝华连锁超市(学苑路店),R07,104.276426,30.875299,4.57,1.1746,625,745,低
DO202608060063,2026-08-06,P031,渝华连锁超市(学苑路店),R07,104.276426,30.875299,68.55,0.1841,629,749,低
DO202608060064,2026-08-06,P032,渝华连锁超市(绣川新城店),R07,104.330571,30.85576,69.82,0.0495,715,835,高
DO202608060065,2026-08-06,P032,渝华连锁超市(绣川新城店),R07,104.330571,30.85576,34.0,0.0374,717,837,中
DO202608060066,2026-08-06,P032,渝华连锁超市(绣川新城店),R07,104.330571,30.85576,377.02,0.8218,719,839,中
DO202608060067,2026-08-06,P033,红旗超市(团结花园店),R07,104.246885,30.877313,68.5,0.1075,867,987,中
DO202608060068,2026-08-06,P033,红旗超市(团结花园店),R07,104.246885,30.877313,127.51,0.3693,869,989,高
DO202608060069,2026-08-06,P033,红旗超市(团结花园店),R07,104.246885,30.877313,7.95,1.1878,871,991,高
DO202608060070,2026-08-06,P033,红旗超市(团结花园店),R07,104.246885,30.877313,45.85,0.5099,872,992,中
DO202608060071,2026-08-06,P034,红旗连锁(北城新界民族花园店),R07,104.201632,30.877318,320.38,0.1655,704,824,中
DO202608060072,2026-08-06,P035,红旗连锁(青白江同金街便利店),R07,104.244552,30.889503,78.03,0.2379,845,965,高
DO202608060073,2026-08-06,P036,红旗连锁(青白江城厢首府分场),R07,104.323054,30.860039,112.47,0.3209,823,943,中
DO202608060074,2026-08-06,P036,红旗连锁(青白江城厢首府分场),R07,104.323054,30.860039,564.85,0.284,828,948,中
DO202608060075,2026-08-06,P037,红旗连锁(青白江石家碾西路店),R07,104.253962,30.887052,14.97,0.0361,564,684,中
DO202608060076,2026-08-06,P037,红旗连锁(青白江石家碾西路店),R07,104.253962,30.887052,185.25,0.5836,566,686,中
DO202608060077,2026-08-06,P037,红旗连锁(青白江石家碾西路店),R07,104.253962,30.887052,6.8,1.3758,567,687,中
DO202608060078,2026-08-06,P037,红旗连锁(青白江石家碾西路店),R07,104.253962,30.887052,8.31,0.1495,570,690,中
DO202608060079,2026-08-06,P038,青江一家超市,R07,104.284321,30.880989,24.7,0.4217,717,837,中
DO202608060080,2026-08-06,P038,青江一家超市,R07,104.284321,30.880989,109.67,0.7539,717,837,中
DO202608060081,2026-08-06,P038,青江一家超市,R07,104.284321,30.880989,75.39,1.1815,718,838,中
DO202608060082,2026-08-06,P039,青江百货连锁超市,R07,104.269502,30.876837,154.28,5.1388,579,699,中
DO202608060083,2026-08-06,P039,青江百货连锁超市,R07,104.269502,30.876837,122.08,0.4298,580,700,低
DO202608060084,2026-08-06,P040,上蔬永辉超市(西单商场店),R02,104.000521,30.674866,48.37,0.0436,727,847,中
DO202608060085,2026-08-06,P041,永辉超市(成都青羊中铁大道店),R02,103.961452,30.670211,8.05,1.1881,763,883,低
DO202608060086,2026-08-06,P041,永辉超市(成都青羊中铁大道店),R02,103.961452,30.670211,14.05,1.7751,768,888,低
DO202608060087,2026-08-06,P041,永辉超市(成都青羊中铁大道店),R02,103.961452,30.670211,25.96,0.4787,771,891,中
DO202608060088,2026-08-06,P041,永辉超市(成都青羊中铁大道店),R02,103.961452,30.670211,55.86,0.3925,771,891,中
DO202608060089,2026-08-06,P042,永辉超市(青羊新城市店),R02,104.057614,30.67321,22.33,0.6786,772,892,中
DO202608060090,2026-08-06,P042,永辉超市(青羊新城市店),R02,104.057614,30.67321,20.89,1.624,774,894,中
DO202608060091,2026-08-06,P042,永辉超市(青羊新城市店),R02,104.057614,30.67321,19.87,0.2715,777,897,中
DO202608060092,2026-08-06,P042,永辉超市(青羊新城市店),R02,104.057614,30.67321,41.72,0.1133,779,899,中
DO202608060093,2026-08-06,P044,邻你生活超市(大庆店),R02,104.032527,30.669557,273.14,0.1669,880,1000,低
DO202608060094,2026-08-06,P044,邻你生活超市(大庆店),R02,104.032527,30.669557,1.12,0.3159,881,1001,低
DO202608060095,2026-08-06,P044,邻你生活超市(大庆店),R02,104.032527,30.669557,1.11,2.1645,883,1003,低
DO202608060096,2026-08-06,P045,世纪红连锁超市,R08,104.208007,30.532247,42.13,0.7433,664,784,低
DO202608060097,2026-08-06,P045,世纪红连锁超市,R08,104.208007,30.532247,144.2,0.6709,664,784,中
DO202608060098,2026-08-06,P045,世纪红连锁超市,R08,104.208007,30.532247,9.4,0.751,667,787,中
DO202608060099,2026-08-06,P045,世纪红连锁超市,R08,104.208007,30.532247,10.56,0.38,667,787,高
DO202608060100,2026-08-06,P046,尚喜超市(锦绣路店),R08,104.308338,30.606726,5.59,0.1111,634,754,高
DO202608060101,2026-08-06,P046,尚喜超市(锦绣路店),R08,104.308338,30.606726,82.03,1.4152,634,754,中
DO202608060102,2026-08-06,P046,尚喜超市(锦绣路店),R08,104.308338,30.606726,138.92,0.3074,639,759,低
DO202608060103,2026-08-06,P047,永辉超市(成都龙泉驿万达广场店),R08,104.269392,30.566865,239.11,0.0925,527,647,中
DO202608060104,2026-08-06,P047,永辉超市(成都龙泉驿万达广场店),R08,104.269392,30.566865,64.27,1.1772,528,648,低
DO202608060105,2026-08-06,P047,永辉超市(成都龙泉驿万达广场店),R08,104.269392,30.566865,76.28,0.1841,530,650,中
DO202608060106,2026-08-06,P047,永辉超市(成都龙泉驿万达广场店),R08,104.269392,30.566865,10.83,0.3139,531,651,高
DO202608060107,2026-08-06,P047,永辉超市(成都龙泉驿万达广场店),R08,104.269392,30.566865,29.94,0.3787,534,654,低
DO202608060108,2026-08-06,P048,汇联美连锁超市(中街店),R08,104.27333,30.560098,9.83,0.2774,908,1028,中
DO202608060109,2026-08-06,P049,百伦生活超市(龙泉店),R08,104.273346,30.559846,28.63,0.3126,833,953,中
DO202608060110,2026-08-06,P049,百伦生活超市(龙泉店),R08,104.273346,30.559846,3.72,1.7322,843,963,高
DO202608070000,2026-08-07,P001,689便民(荣盛·香榭兰庭店),R06,104.135375,30.623625,13.58,0.7348,586,706,高
DO202608070001,2026-08-07,P001,689便民(荣盛·香榭兰庭店),R06,104.135375,30.623625,167.81,0.0488,590,710,中
DO202608070002,2026-08-07,P001,689便民(荣盛·香榭兰庭店),R06,104.135375,30.623625,6.4,9.9177,593,713,中
DO202608070003,2026-08-07,P002,十二超市(佳年华广场1期店),R06,104.131787,30.627615,31.29,4.3682,834,954,高
DO202608070004,2026-08-07,P003,红旗连锁,R06,104.132763,30.627528,0.77,0.0521,531,651,高
DO202608070005,2026-08-07,P004,老蔡小卖部(水碾河路北社区三街店),R06,104.099234,30.648748,67.12,0.145,710,830,中
DO202608070006,2026-08-07,P004,老蔡小卖部(水碾河路北社区三街店),R06,104.099234,30.648748,104.27,2.0384,712,832,中
DO202608070007,2026-08-07,P004,老蔡小卖部(水碾河路北社区三街店),R06,104.099234,30.648748,284.63,0.0383,714,834,中
DO202608070008,2026-08-07,P004,老蔡小卖部(水碾河路北社区三街店),R06,104.099234,30.648748,1.93,1.4109,717,837,低
DO202608070009,2026-08-07,P006,全家便利店(龙江路店),R03,104.077199,30.641639,8.85,0.196,576,696,中
DO202608070010,2026-08-07,P006,全家便利店(龙江路店),R03,104.077199,30.641639,24.74,1.2536,578,698,中
DO202608070011,2026-08-07,P006,全家便利店(龙江路店),R03,104.077199,30.641639,49.29,0.0625,580,700,高
DO202608070012,2026-08-07,P007,永辉超市(成都市新城吾悦广场店),R03,103.988663,30.626255,11.88,0.1828,766,886,低
DO202608070013,2026-08-07,P007,永辉超市(成都市新城吾悦广场店),R03,103.988663,30.626255,89.87,0.7402,775,895,中
DO202608070014,2026-08-07,P008,永辉超市(银泰城店),R03,104.058121,30.541191,19.55,2.1558,558,678,低
DO202608070015,2026-08-07,P008,永辉超市(银泰城店),R03,104.058121,30.541191,6.23,0.1369,558,678,低
DO202608070016,2026-08-07,P008,永辉超市(银泰城店),R03,104.058121,30.541191,8.35,0.3127,562,682,中
DO202608070017,2026-08-07,P009,永辉超市(龙湖成都金楠天街店),R03,103.995986,30.648731,1.47,0.074,559,679,中
DO202608070018,2026-08-07,P009,永辉超市(龙湖成都金楠天街店),R03,103.995986,30.648731,13.99,1.1497,559,679,中
DO202608070019,2026-08-07,P009,永辉超市(龙湖成都金楠天街店),R03,103.995986,30.648731,46.4,0.1348,563,683,中
DO202608070020,2026-08-07,P010,百分百超市(心语店),R03,104.045915,30.545712,288.33,0.1493,614,734,高
DO202608070021,2026-08-07,P010,百分百超市(心语店),R03,104.045915,30.545712,9.25,0.0592,618,738,中
DO202608070022,2026-08-07,P011,永辉超市(成都市双铁广场店),R01,103.975737,30.758309,14.85,0.0679,877,997,低
DO202608070023,2026-08-07,P011,永辉超市(成都市双铁广场店),R01,103.975737,30.758309,9.12,0.5841,880,1000,中
DO202608070024,2026-08-07,P011,永辉超市(成都市双铁广场店),R01,103.975737,30.758309,24.52,0.149,881,1001,高
DO202608070025,2026-08-07,P013,永辉超市(爱琴海购物中心店),R01,103.991901,30.737566,170.77,0.1252,880,1000,低
DO202608070026,2026-08-07,P013,永辉超市(爱琴海购物中心店),R01,103.991901,30.737566,630.38,2.0075,880,1000,低
DO202608070027,2026-08-07,P013,永辉超市(爱琴海购物中心店),R01,103.991901,30.737566,51.61,2.4319,882,1002,高
DO202608070028,2026-08-07,P013,永辉超市(爱琴海购物中心店),R01,103.991901,30.737566,15.36,3.8972,886,1006,低
DO202608070029,2026-08-07,P014,永辉超市(龙湖成都时代天街店),R01,103.921214,30.750831,38.78,0.385,633,753,低
DO202608070030,2026-08-07,P014,永辉超市(龙湖成都时代天街店),R01,103.921214,30.750831,91.18,0.0431,635,755,低
DO202608070031,2026-08-07,P014,永辉超市(龙湖成都时代天街店),R01,103.921214,30.750831,7.2,0.7838,641,761,中
DO202608070032,2026-08-07,P015,红旗超市(龙湖时代天街店),R01,103.919653,30.752444,5.92,0.3113,637,757,中
DO202608070033,2026-08-07,P017,LAWSON罗森(龙湖成都上城天街店),R04,104.071944,30.68395,87.82,0.0355,649,769,低
DO202608070034,2026-08-07,P017,LAWSON罗森(龙湖成都上城天街店),R04,104.071944,30.68395,10.94,2.3063,649,769,中
DO202608070035,2026-08-07,P017,LAWSON罗森(龙湖成都上城天街店),R04,104.071944,30.68395,40.35,0.1227,650,770,低
DO202608070036,2026-08-07,P017,LAWSON罗森(龙湖成都上城天街店),R04,104.071944,30.68395,138.3,0.092,652,772,中
DO202608070037,2026-08-07,P018,乐多(成华西街一店),R04,104.071998,30.683402,50.02,3.4376,762,882,中
DO202608070038,2026-08-07,P018,乐多(成华西街一店),R04,104.071998,30.683402,41.45,0.0558,764,884,低
DO202608070039,2026-08-07,P018,乐多(成华西街一店),R04,104.071998,30.683402,13.48,0.1005,766,886,低
DO202608070040,2026-08-07,P018,乐多(成华西街一店),R04,104.071998,30.683402,20.31,0.5257,766,886,低
DO202608070041,2026-08-07,P019,奥特乐(成都龙湖上城天街店),R04,104.072004,30.684929,759.52,0.1358,785,905,低
DO202608070042,2026-08-07,P019,奥特乐(成都龙湖上城天街店),R04,104.072004,30.684929,140.98,0.2505,788,908,中
DO202608070043,2026-08-07,P019,奥特乐(成都龙湖上城天街店),R04,104.072004,30.684929,27.2,0.206,790,910,中
DO202608070044,2026-08-07,P020,朴朴超市(西体路店),R04,104.061775,30.681195,25.37,1.0781,834,954,中
DO202608070045,2026-08-07,P020,朴朴超市(西体路店),R04,104.061775,30.681195,55.3,0.043,842,962,中
DO202608070046,2026-08-07,P022,四川舞东风超市连锁股份有限公司,R05,104.082047,30.660437,10.01,0.0992,828,948,中
DO202608070047,2026-08-07,P024,永辉超市(锦江城市花园店),R05,104.142752,30.595134,5.02,0.0258,798,918,低
DO202608070048,2026-08-07,P025,红旗超市(成都红旗商厦店),R05,104.072081,30.658735,107.21,0.5316,598,718,高
DO202608070049,2026-08-07,P025,红旗超市(成都红旗商厦店),R05,104.072081,30.658735,101.25,0.2915,605,725,中
DO202608070050,2026-08-07,P026,友好多连锁超市(界牌店),R07,104.313922,30.880419,4.28,0.3325,623,743,中
DO202608070051,2026-08-07,P027,大荣发连锁超市(和顺雅苑店),R07,104.253582,30.90011,25.18,0.1936,698,818,中
DO202608070052,2026-08-07,P028,永辉超市(天府欧城店),R07,104.256388,30.892152,161.1,0.7806,828,948,低
DO202608070053,2026-08-07,P028,永辉超市(天府欧城店),R07,104.256388,30.892152,35.33,0.9613,833,953,高
DO202608070054,2026-08-07,P028,永辉超市(天府欧城店),R07,104.256388,30.892152,8.99,0.6067,836,956,高
DO202608070055,2026-08-07,P030,润都连锁生活超市(正兴路店),R07,104.188354,30.87079,19.91,0.2517,823,943,高
DO202608070056,2026-08-07,P031,渝华连锁超市(学苑路店),R07,104.276426,30.875299,239.5,1.2585,704,824,低
DO202608070057,2026-08-07,P031,渝华连锁超市(学苑路店),R07,104.276426,30.875299,20.62,0.6346,706,826,高
DO202608070058,2026-08-07,P031,渝华连锁超市(学苑路店),R07,104.276426,30.875299,426.24,0.1272,712,832,中
DO202608070059,2026-08-07,P032,渝华连锁超市(绣川新城店),R07,104.330571,30.85576,22.36,0.1113,633,753,低
DO202608070060,2026-08-07,P034,红旗连锁(北城新界民族花园店),R07,104.201632,30.877318,111.98,0.3359,594,714,低
DO202608070061,2026-08-07,P035,红旗连锁(青白江同金街便利店),R07,104.244552,30.889503,73.21,0.1606,562,682,中
DO202608070062,2026-08-07,P035,红旗连锁(青白江同金街便利店),R07,104.244552,30.889503,5.75,0.1662,564,684,高
DO202608070063,2026-08-07,P035,红旗连锁(青白江同金街便利店),R07,104.244552,30.889503,6.3,0.2671,565,685,低
DO202608070064,2026-08-07,P035,红旗连锁(青白江同金街便利店),R07,104.244552,30.889503,29.38,0.121,568,688,低
DO202608070065,2026-08-07,P037,红旗连锁(青白江石家碾西路店),R07,104.253962,30.887052,14.31,0.7851,607,727,高
DO202608070066,2026-08-07,P038,青江一家超市,R07,104.284321,30.880989,277.19,0.1544,556,676,中
DO202608070067,2026-08-07,P038,青江一家超市,R07,104.284321,30.880989,40.18,0.1008,559,679,低
DO202608070068,2026-08-07,P038,青江一家超市,R07,104.284321,30.880989,24.05,0.5233,560,680,低
DO202608070069,2026-08-07,P039,青江百货连锁超市,R07,104.269502,30.876837,182.66,0.2216,642,762,高
DO202608070070,2026-08-07,P041,永辉超市(成都青羊中铁大道店),R02,103.961452,30.670211,34.59,0.3363,635,755,中
DO202608070071,2026-08-07,P041,永辉超市(成都青羊中铁大道店),R02,103.961452,30.670211,311.65,0.1127,636,756,中
DO202608070072,2026-08-07,P041,永辉超市(成都青羊中铁大道店),R02,103.961452,30.670211,26.01,0.0933,636,756,中
DO202608070073,2026-08-07,P041,永辉超市(成都青羊中铁大道店),R02,103.961452,30.670211,18.27,0.3618,644,764,中
DO202608070074,2026-08-07,P042,永辉超市(青羊新城市店),R02,104.057614,30.67321,10.91,0.1607,717,837,中
DO202608070075,2026-08-07,P043,红旗超市(中同仁路分场),R02,104.052373,30.668819,282.29,0.9285,891,1011,高
DO202608070076,2026-08-07,P043,红旗超市(中同仁路分场),R02,104.052373,30.668819,59.99,0.1689,898,1018,低
DO202608070077,2026-08-07,P043,红旗超市(中同仁路分场),R02,104.052373,30.668819,34.62,1.129,900,1020,高
DO202608070078,2026-08-07,P044,邻你生活超市(大庆店),R02,104.032527,30.669557,141.18,0.4014,513,633,高
DO202608070079,2026-08-07,P044,邻你生活超市(大庆店),R02,104.032527,30.669557,34.55,0.4573,519,639,中
DO202608070080,2026-08-07,P046,尚喜超市(锦绣路店),R08,104.308338,30.606726,19.36,0.0853,551,671,中
DO202608070081,2026-08-07,P047,永辉超市(成都龙泉驿万达广场店),R08,104.269392,30.566865,54.27,0.1404,677,797,低
DO202608070082,2026-08-07,P047,永辉超市(成都龙泉驿万达广场店),R08,104.269392,30.566865,12.25,0.8674,677,797,中
DO202608070083,2026-08-07,P047,永辉超市(成都龙泉驿万达广场店),R08,104.269392,30.566865,520.0,2.1494,682,802,高
DO202608070084,2026-08-07,P047,永辉超市(成都龙泉驿万达广场店),R08,104.269392,30.566865,3.34,0.0266,685,805,中
DO202608070085,2026-08-07,P048,汇联美连锁超市(中街店),R08,104.27333,30.560098,202.94,0.1294,657,777,高
DO202608070086,2026-08-07,P048,汇联美连锁超市(中街店),R08,104.27333,30.560098,10.86,0.902,665,785,低
DO202608070087,2026-08-07,P049,百伦生活超市(龙泉店),R08,104.273346,30.559846,11.19,0.5794,541,661,中
DO202608070088,2026-08-07,P049,百伦生活超市(龙泉店),R08,104.273346,30.559846,10.23,0.0369,541,661,中
DO202608070089,2026-08-07,P049,百伦生活超市(龙泉店),R08,104.273346,30.559846,147.21,0.3127,543,663,中
DO202608070090,2026-08-07,P049,百伦生活超市(龙泉店),R08,104.273346,30.559846,1197.42,0.1655,544,664,低
DO202608080000,2026-08-08,P001,689便民(荣盛·香榭兰庭店),R06,104.135375,30.623625,3.87,0.6773,894,1014,高
DO202608080001,2026-08-08,P001,689便民(荣盛·香榭兰庭店),R06,104.135375,30.623625,16.59,2.124,894,1014,中
DO202608080002,2026-08-08,P001,689便民(荣盛·香榭兰庭店),R06,104.135375,30.623625,76.28,0.3045,895,1015,低
DO202608080003,2026-08-08,P002,十二超市(佳年华广场1期店),R06,104.131787,30.627615,33.17,0.6237,721,841,低
DO202608080004,2026-08-08,P004,老蔡小卖部(水碾河路北社区三街店),R06,104.099234,30.648748,7.02,0.494,730,850,中
DO202608080005,2026-08-08,P004,老蔡小卖部(水碾河路北社区三街店),R06,104.099234,30.648748,7.65,1.0432,731,851,高
DO202608080006,2026-08-08,P004,老蔡小卖部(水碾河路北社区三街店),R06,104.099234,30.648748,57.93,0.8751,735,855,低
DO202608080007,2026-08-08,P005,郝英超市,R06,104.129707,30.628761,1.59,0.1132,843,963,高
DO202608080008,2026-08-08,P006,全家便利店(龙江路店),R03,104.077199,30.641639,61.12,0.0884,790,910,高
DO202608080009,2026-08-08,P006,全家便利店(龙江路店),R03,104.077199,30.641639,154.44,0.0758,791,911,中
DO202608080010,2026-08-08,P006,全家便利店(龙江路店),R03,104.077199,30.641639,48.48,0.2774,794,914,低
DO202608080011,2026-08-08,P006,全家便利店(龙江路店),R03,104.077199,30.641639,112.95,0.6139,795,915,中
DO202608080012,2026-08-08,P009,永辉超市(龙湖成都金楠天街店),R03,103.995986,30.648731,16.99,0.1255,706,826,低
DO202608080013,2026-08-08,P010,百分百超市(心语店),R03,104.045915,30.545712,27.35,0.1779,548,668,中
DO202608080014,2026-08-08,P011,永辉超市(成都市双铁广场店),R01,103.975737,30.758309,339.66,0.415,876,996,高
DO202608080015,2026-08-08,P011,永辉超市(成都市双铁广场店),R01,103.975737,30.758309,5.93,0.4486,877,997,中
DO202608080016,2026-08-08,P011,永辉超市(成都市双铁广场店),R01,103.975737,30.758309,17.07,0.0292,877,997,高
DO202608080017,2026-08-08,P011,永辉超市(成都市双铁广场店),R01,103.975737,30.758309,2.61,1.4756,879,999,低
DO202608080018,2026-08-08,P012,永辉超市(成都市蜀都万达广场店),R01,103.907862,30.807642,13.47,3.1666,522,642,中
DO202608080019,2026-08-08,P013,永辉超市(爱琴海购物中心店),R01,103.991901,30.737566,4.09,0.0865,700,820,高
DO202608080020,2026-08-08,P013,永辉超市(爱琴海购物中心店),R01,103.991901,30.737566,218.9,0.6284,701,821,中
DO202608080021,2026-08-08,P013,永辉超市(爱琴海购物中心店),R01,103.991901,30.737566,96.24,0.4952,701,821,低
DO202608080022,2026-08-08,P013,永辉超市(爱琴海购物中心店),R01,103.991901,30.737566,15.57,0.3765,702,822,高
DO202608080023,2026-08-08,P013,永辉超市(爱琴海购物中心店),R01,103.991901,30.737566,3.94,0.1968,707,827,低
DO202608080024,2026-08-08,P014,永辉超市(龙湖成都时代天街店),R01,103.921214,30.750831,40.29,0.0556,622,742,中
DO202608080025,2026-08-08,P014,永辉超市(龙湖成都时代天街店),R01,103.921214,30.750831,123.24,0.1552,626,746,低
DO202608080026,2026-08-08,P015,红旗超市(龙湖时代天街店),R01,103.919653,30.752444,15.96,0.1345,826,946,中
DO202608080027,2026-08-08,P015,红旗超市(龙湖时代天街店),R01,103.919653,30.752444,95.74,0.2963,830,950,中
DO202608080028,2026-08-08,P015,红旗超市(龙湖时代天街店),R01,103.919653,30.752444,7.62,0.1619,835,955,低
DO202608080029,2026-08-08,P016,LAWSON罗森(枣子巷15号院店),R04,104.044885,30.667759,48.9,1.0113,621,741,高
DO202608080030,2026-08-08,P016,LAWSON罗森(枣子巷15号院店),R04,104.044885,30.667759,116.65,0.2554,623,743,中
DO202608080031,2026-08-08,P017,LAWSON罗森(龙湖成都上城天街店),R04,104.071944,30.68395,24.65,0.601,614,734,中
DO202608080032,2026-08-08,P017,LAWSON罗森(龙湖成都上城天街店),R04,104.071944,30.68395,40.28,0.677,617,737,中
DO202608080033,2026-08-08,P017,LAWSON罗森(龙湖成都上城天街店),R04,104.071944,30.68395,271.35,1.2701,622,742,高
DO202608080034,2026-08-08,P018,乐多(成华西街一店),R04,104.071998,30.683402,74.22,0.0382,731,851,中
DO202608080035,2026-08-08,P018,乐多(成华西街一店),R04,104.071998,30.683402,56.86,0.1245,733,853,中
DO202608080036,2026-08-08,P018,乐多(成华西街一店),R04,104.071998,30.683402,255.61,0.1975,734,854,中
DO202608080037,2026-08-08,P018,乐多(成华西街一店),R04,104.071998,30.683402,2.17,0.3846,736,856,中
DO202608080038,2026-08-08,P019,奥特乐(成都龙湖上城天街店),R04,104.072004,30.684929,482.56,1.6112,886,1006,中
DO202608080039,2026-08-08,P019,奥特乐(成都龙湖上城天街店),R04,104.072004,30.684929,142.43,0.1318,888,1008,低
DO202608080040,2026-08-08,P019,奥特乐(成都龙湖上城天街店),R04,104.072004,30.684929,86.37,1.0339,891,1011,高
DO202608080041,2026-08-08,P019,奥特乐(成都龙湖上城天街店),R04,104.072004,30.684929,190.0,0.5949,893,1013,高
DO202608080042,2026-08-08,P020,朴朴超市(西体路店),R04,104.061775,30.681195,30.45,0.2316,604,724,中
DO202608080043,2026-08-08,P020,朴朴超市(西体路店),R04,104.061775,30.681195,115.36,0.3657,608,728,中
DO202608080044,2026-08-08,P022,四川舞东风超市连锁股份有限公司,R05,104.082047,30.660437,53.62,5.4694,651,771,中
DO202608080045,2026-08-08,P023,永辉超市(文华广场店),R05,104.107695,30.637048,30.49,0.0497,690,810,高
DO202608080046,2026-08-08,P023,永辉超市(文华广场店),R05,104.107695,30.637048,117.21,0.3001,695,815,低
DO202608080047,2026-08-08,P024,永辉超市(锦江城市花园店),R05,104.142752,30.595134,26.07,0.3164,533,653,中
DO202608080048,2026-08-08,P024,永辉超市(锦江城市花园店),R05,104.142752,30.595134,41.56,1.4815,537,657,低
DO202608080049,2026-08-08,P026,友好多连锁超市(界牌店),R07,104.313922,30.880419,157.4,0.3012,647,767,高
DO202608080050,2026-08-08,P026,友好多连锁超市(界牌店),R07,104.313922,30.880419,123.45,0.2583,648,768,中
DO202608080051,2026-08-08,P027,大荣发连锁超市(和顺雅苑店),R07,104.253582,30.90011,71.95,2.0166,836,956,中
DO202608080052,2026-08-08,P027,大荣发连锁超市(和顺雅苑店),R07,104.253582,30.90011,206.45,0.0538,843,963,中
DO202608080053,2026-08-08,P027,大荣发连锁超市(和顺雅苑店),R07,104.253582,30.90011,271.1,0.2241,843,963,中
DO202608080054,2026-08-08,P028,永辉超市(天府欧城店),R07,104.256388,30.892152,106.93,0.0892,627,747,中
DO202608080055,2026-08-08,P028,永辉超市(天府欧城店),R07,104.256388,30.892152,4.84,0.6538,627,747,中
DO202608080056,2026-08-08,P028,永辉超市(天府欧城店),R07,104.256388,30.892152,19.16,0.589,628,748,高
DO202608080057,2026-08-08,P028,永辉超市(天府欧城店),R07,104.256388,30.892152,86.32,0.1818,633,753,中
DO202608080058,2026-08-08,P030,润都连锁生活超市(正兴路店),R07,104.188354,30.87079,204.98,0.0338,604,724,中
DO202608080059,2026-08-08,P031,渝华连锁超市(学苑路店),R07,104.276426,30.875299,47.66,0.1248,892,1012,高
DO202608080060,2026-08-08,P031,渝华连锁超市(学苑路店),R07,104.276426,30.875299,6.96,0.1353,894,1014,低
DO202608080061,2026-08-08,P032,渝华连锁超市(绣川新城店),R07,104.330571,30.85576,40.53,0.1732,595,715,中
DO202608080062,2026-08-08,P033,红旗超市(团结花园店),R07,104.246885,30.877313,193.82,0.8735,582,702,低
DO202608080063,2026-08-08,P033,红旗超市(团结花园店),R07,104.246885,30.877313,399.85,0.0869,585,705,高
DO202608080064,2026-08-08,P033,红旗超市(团结花园店),R07,104.246885,30.877313,71.0,0.1179,585,705,中
DO202608080065,2026-08-08,P033,红旗超市(团结花园店),R07,104.246885,30.877313,131.33,0.4642,587,707,中
DO202608080066,2026-08-08,P033,红旗超市(团结花园店),R07,104.246885,30.877313,9.87,0.2301,588,708,低
DO202608080067,2026-08-08,P034,红旗连锁(北城新界民族花园店),R07,104.201632,30.877318,35.53,0.0102,809,929,中
DO202608080068,2026-08-08,P035,红旗连锁(青白江同金街便利店),R07,104.244552,30.889503,31.55,0.0764,801,921,中
DO202608080069,2026-08-08,P035,红旗连锁(青白江同金街便利店),R07,104.244552,30.889503,12.56,0.1514,801,921,中
DO202608080070,2026-08-08,P035,红旗连锁(青白江同金街便利店),R07,104.244552,30.889503,23.57,1.8553,807,927,高
DO202608080071,2026-08-08,P036,红旗连锁(青白江城厢首府分场),R07,104.323054,30.860039,52.06,0.057,708,828,中
DO202608080072,2026-08-08,P036,红旗连锁(青白江城厢首府分场),R07,104.323054,30.860039,69.49,0.5117,715,835,低
DO202608080073,2026-08-08,P037,红旗连锁(青白江石家碾西路店),R07,104.253962,30.887052,293.62,0.0839,798,918,中
DO202608080074,2026-08-08,P037,红旗连锁(青白江石家碾西路店),R07,104.253962,30.887052,49.15,0.4312,798,918,低
DO202608080075,2026-08-08,P037,红旗连锁(青白江石家碾西路店),R07,104.253962,30.887052,172.33,0.2118,799,919,高
DO202608080076,2026-08-08,P039,青江百货连锁超市,R07,104.269502,30.876837,35.09,0.4663,756,876,高
DO202608080077,2026-08-08,P039,青江百货连锁超市,R07,104.269502,30.876837,24.43,0.157,758,878,中
DO202608080078,2026-08-08,P040,上蔬永辉超市(西单商场店),R02,104.000521,30.674866,100.19,0.1865,596,716,低
DO202608080079,2026-08-08,P041,永辉超市(成都青羊中铁大道店),R02,103.961452,30.670211,14.93,0.6406,783,903,低
DO202608080080,2026-08-08,P041,永辉超市(成都青羊中铁大道店),R02,103.961452,30.670211,93.18,0.8802,789,909,中
DO202608080081,2026-08-08,P041,永辉超市(成都青羊中铁大道店),R02,103.961452,30.670211,10.96,0.3486,790,910,中
DO202608080082,2026-08-08,P042,永辉超市(青羊新城市店),R02,104.057614,30.67321,45.29,1.0249,788,908,中
DO202608080083,2026-08-08,P042,永辉超市(青羊新城市店),R02,104.057614,30.67321,28.93,0.7344,789,909,中
DO202608080084,2026-08-08,P042,永辉超市(青羊新城市店),R02,104.057614,30.67321,63.31,0.6758,794,914,低
DO202608080085,2026-08-08,P043,红旗超市(中同仁路分场),R02,104.052373,30.668819,88.9,0.9202,652,772,中
DO202608080086,2026-08-08,P043,红旗超市(中同仁路分场),R02,104.052373,30.668819,60.93,0.6558,652,772,中
DO202608080087,2026-08-08,P043,红旗超市(中同仁路分场),R02,104.052373,30.668819,77.77,0.2091,661,781,中
DO202608080088,2026-08-08,P044,邻你生活超市(大庆店),R02,104.032527,30.669557,80.78,3.4809,760,880,高
DO202608080089,2026-08-08,P045,世纪红连锁超市,R08,104.208007,30.532247,14.15,0.3866,636,756,中
DO202608080090,2026-08-08,P045,世纪红连锁超市,R08,104.208007,30.532247,271.97,0.0372,642,762,中
DO202608080091,2026-08-08,P046,尚喜超市(锦绣路店),R08,104.308338,30.606726,19.37,0.0558,682,802,低
DO202608080092,2026-08-08,P046,尚喜超市(锦绣路店),R08,104.308338,30.606726,194.32,0.1378,683,803,高
DO202608080093,2026-08-08,P046,尚喜超市(锦绣路店),R08,104.308338,30.606726,37.46,0.0551,685,805,低
DO202608080094,2026-08-08,P046,尚喜超市(锦绣路店),R08,104.308338,30.606726,109.9,0.2387,687,807,高
DO202608080095,2026-08-08,P046,尚喜超市(锦绣路店),R08,104.308338,30.606726,16.7,0.4923,690,810,中
DO202608080096,2026-08-08,P047,永辉超市(成都龙泉驿万达广场店),R08,104.269392,30.566865,116.59,0.9877,886,1006,低
DO202608080097,2026-08-08,P047,永辉超市(成都龙泉驿万达广场店),R08,104.269392,30.566865,4.16,0.384,887,1007,中
DO202608080098,2026-08-08,P047,永辉超市(成都龙泉驿万达广场店),R08,104.269392,30.566865,28.73,2.262,889,1009,高
DO202608080099,2026-08-08,P048,汇联美连锁超市(中街店),R08,104.27333,30.560098,243.53,0.1687,591,711,中
DO202608080100,2026-08-08,P048,汇联美连锁超市(中街店),R08,104.27333,30.560098,17.25,0.6964,593,713,低
DO202608080101,2026-08-08,P049,百伦生活超市(龙泉店),R08,104.273346,30.559846,24.78,0.0843,822,942,低
DO202608090000,2026-08-09,P003,红旗连锁,R06,104.132763,30.627528,9.14,0.5614,766,886,低
DO202608090001,2026-08-09,P003,红旗连锁,R06,104.132763,30.627528,55.77,0.2366,770,890,中
DO202608090002,2026-08-09,P003,红旗连锁,R06,104.132763,30.627528,6.3,0.7961,773,893,低
DO202608090003,2026-08-09,P004,老蔡小卖部(水碾河路北社区三街店),R06,104.099234,30.648748,185.74,0.2194,533,653,高
DO202608090004,2026-08-09,P004,老蔡小卖部(水碾河路北社区三街店),R06,104.099234,30.648748,39.09,0.2334,536,656,中
DO202608090005,2026-08-09,P004,老蔡小卖部(水碾河路北社区三街店),R06,104.099234,30.648748,21.43,0.0178,538,658,中
DO202608090006,2026-08-09,P005,郝英超市,R06,104.129707,30.628761,13.83,0.3701,826,946,中
DO202608090007,2026-08-09,P005,郝英超市,R06,104.129707,30.628761,6.54,0.1381,831,951,高
DO202608090008,2026-08-09,P007,永辉超市(成都市新城吾悦广场店),R03,103.988663,30.626255,38.15,0.6458,669,789,低
DO202608090009,2026-08-09,P008,永辉超市(银泰城店),R03,104.058121,30.541191,21.66,0.1865,803,923,高
DO202608090010,2026-08-09,P008,永辉超市(银泰城店),R03,104.058121,30.541191,34.67,0.0946,807,927,中
DO202608090011,2026-08-09,P008,永辉超市(银泰城店),R03,104.058121,30.541191,124.48,0.1012,810,930,低
DO202608090012,2026-08-09,P009,永辉超市(龙湖成都金楠天街店),R03,103.995986,30.648731,21.71,0.1256,630,750,高
DO202608090013,2026-08-09,P009,永辉超市(龙湖成都金楠天街店),R03,103.995986,30.648731,7.59,0.5861,635,755,中
DO202608090014,2026-08-09,P009,永辉超市(龙湖成都金楠天街店),R03,103.995986,30.648731,49.72,0.0593,636,756,中
DO202608090015,2026-08-09,P010,百分百超市(心语店),R03,104.045915,30.545712,499.67,0.0346,700,820,高
DO202608090016,2026-08-09,P010,百分百超市(心语店),R03,104.045915,30.545712,126.77,0.7149,701,821,高
DO202608090017,2026-08-09,P011,永辉超市(成都市双铁广场店),R01,103.975737,30.758309,6.28,0.0781,727,847,中
DO202608090018,2026-08-09,P011,永辉超市(成都市双铁广场店),R01,103.975737,30.758309,17.77,2.1722,728,848,中
DO202608090019,2026-08-09,P012,永辉超市(成都市蜀都万达广场店),R01,103.907862,30.807642,40.01,1.2347,896,1016,中
DO202608090020,2026-08-09,P013,永辉超市(爱琴海购物中心店),R01,103.991901,30.737566,0.94,0.2354,692,812,中
DO202608090021,2026-08-09,P013,永辉超市(爱琴海购物中心店),R01,103.991901,30.737566,107.15,3.934,693,813,高
DO202608090022,2026-08-09,P013,永辉超市(爱琴海购物中心店),R01,103.991901,30.737566,136.37,0.6925,698,818,高
DO202608090023,2026-08-09,P014,永辉超市(龙湖成都时代天街店),R01,103.921214,30.750831,426.3,2.1117,761,881,中
DO202608090024,2026-08-09,P015,红旗超市(龙湖时代天街店),R01,103.919653,30.752444,15.03,0.291,869,989,高
DO202608090025,2026-08-09,P015,红旗超市(龙湖时代天街店),R01,103.919653,30.752444,717.77,2.6216,873,993,中
DO202608090026,2026-08-09,P015,红旗超市(龙湖时代天街店),R01,103.919653,30.752444,35.25,0.2017,875,995,低
DO202608090027,2026-08-09,P016,LAWSON罗森(枣子巷15号院店),R04,104.044885,30.667759,76.82,0.4423,746,866,高
DO202608090028,2026-08-09,P017,LAWSON罗森(龙湖成都上城天街店),R04,104.071944,30.68395,2.53,1.3805,590,710,中
DO202608090029,2026-08-09,P017,LAWSON罗森(龙湖成都上城天街店),R04,104.071944,30.68395,26.25,0.084,592,712,中
DO202608090030,2026-08-09,P017,LAWSON罗森(龙湖成都上城天街店),R04,104.071944,30.68395,29.72,0.2777,594,714,高
DO202608090031,2026-08-09,P017,LAWSON罗森(龙湖成都上城天街店),R04,104.071944,30.68395,4.87,0.023,594,714,低
DO202608090032,2026-08-09,P017,LAWSON罗森(龙湖成都上城天街店),R04,104.071944,30.68395,26.4,0.1737,595,715,高
DO202608090033,2026-08-09,P018,乐多(成华西街一店),R04,104.071998,30.683402,149.96,1.1429,751,871,中
DO202608090034,2026-08-09,P020,朴朴超市(西体路店),R04,104.061775,30.681195,621.26,0.7021,582,702,低
DO202608090035,2026-08-09,P020,朴朴超市(西体路店),R04,104.061775,30.681195,81.23,2.3213,590,710,中
DO202608090036,2026-08-09,P020,朴朴超市(西体路店),R04,104.061775,30.681195,26.01,0.209,592,712,低
DO202608090037,2026-08-09,P021,Ole 精品超市(IFS国际金融中心店),R05,104.081893,30.655003,65.73,0.1735,558,678,中
DO202608090038,2026-08-09,P021,Ole 精品超市(IFS国际金融中心店),R05,104.081893,30.655003,211.67,0.4146,560,680,高
DO202608090039,2026-08-09,P021,Ole 精品超市(IFS国际金融中心店),R05,104.081893,30.655003,3.79,1.5175,561,681,高
DO202608090040,2026-08-09,P021,Ole 精品超市(IFS国际金融中心店),R05,104.081893,30.655003,17.41,0.0522,562,682,高
DO202608090041,2026-08-09,P022,四川舞东风超市连锁股份有限公司,R05,104.082047,30.660437,113.82,0.0779,639,759,中
DO202608090042,2026-08-09,P022,四川舞东风超市连锁股份有限公司,R05,104.082047,30.660437,140.8,2.7483,641,761,低
DO202608090043,2026-08-09,P022,四川舞东风超市连锁股份有限公司,R05,104.082047,30.660437,37.95,0.0635,642,762,中
DO202608090044,2026-08-09,P022,四川舞东风超市连锁股份有限公司,R05,104.082047,30.660437,92.91,0.0901,643,763,中
DO202608090045,2026-08-09,P022,四川舞东风超市连锁股份有限公司,R05,104.082047,30.660437,3.53,4.8334,644,764,高
DO202608090046,2026-08-09,P022,四川舞东风超市连锁股份有限公司,R05,104.082047,30.660437,184.54,0.4173,647,767,低
DO202608090047,2026-08-09,P022,四川舞东风超市连锁股份有限公司,R05,104.082047,30.660437,242.5,0.7267,649,769,低
DO202608090048,2026-08-09,P023,永辉超市(文华广场店),R05,104.107695,30.637048,27.35,0.1011,746,866,中
DO202608090049,2026-08-09,P024,永辉超市(锦江城市花园店),R05,104.142752,30.595134,45.26,0.1986,664,784,低
DO202608090050,2026-08-09,P024,永辉超市(锦江城市花园店),R05,104.142752,30.595134,76.67,8.6642,669,789,高
DO202608090051,2026-08-09,P024,永辉超市(锦江城市花园店),R05,104.142752,30.595134,29.89,0.6055,672,792,高
DO202608090052,2026-08-09,P026,友好多连锁超市(界牌店),R07,104.313922,30.880419,14.41,0.0834,755,875,中
DO202608090053,2026-08-09,P027,大荣发连锁超市(和顺雅苑店),R07,104.253582,30.90011,49.35,0.5778,631,751,高
DO202608090054,2026-08-09,P027,大荣发连锁超市(和顺雅苑店),R07,104.253582,30.90011,86.31,2.1731,631,751,中
DO202608090055,2026-08-09,P027,大荣发连锁超市(和顺雅苑店),R07,104.253582,30.90011,11.57,0.3905,633,753,中
DO202608090056,2026-08-09,P027,大荣发连锁超市(和顺雅苑店),R07,104.253582,30.90011,44.66,0.0964,636,756,中
DO202608090057,2026-08-09,P028,永辉超市(天府欧城店),R07,104.256388,30.892152,72.85,0.1114,578,698,高
DO202608090058,2026-08-09,P029,永辉超市(青白江万达广场店),R07,104.253652,30.878095,58.89,0.0933,849,969,中
DO202608090059,2026-08-09,P029,永辉超市(青白江万达广场店),R07,104.253652,30.878095,23.38,0.0701,851,971,中
DO202608090060,2026-08-09,P030,润都连锁生活超市(正兴路店),R07,104.188354,30.87079,16.78,0.0911,794,914,中
DO202608090061,2026-08-09,P030,润都连锁生活超市(正兴路店),R07,104.188354,30.87079,186.57,0.5343,794,914,中
DO202608090062,2026-08-09,P030,润都连锁生活超市(正兴路店),R07,104.188354,30.87079,64.98,0.188,795,915,中
DO202608090063,2026-08-09,P031,渝华连锁超市(学苑路店),R07,104.276426,30.875299,8.63,0.4651,894,1014,中
DO202608090064,2026-08-09,P031,渝华连锁超市(学苑路店),R07,104.276426,30.875299,20.86,0.0849,897,1017,中
DO202608090065,2026-08-09,P033,红旗超市(团结花园店),R07,104.246885,30.877313,38.98,0.192,829,949,中
DO202608090066,2026-08-09,P033,红旗超市(团结花园店),R07,104.246885,30.877313,845.65,0.1504,837,957,低
DO202608090067,2026-08-09,P034,红旗连锁(北城新界民族花园店),R07,104.201632,30.877318,68.11,0.1731,897,1017,中
DO202608090068,2026-08-09,P034,红旗连锁(北城新界民族花园店),R07,104.201632,30.877318,25.49,0.8207,899,1019,高
DO202608090069,2026-08-09,P035,红旗连锁(青白江同金街便利店),R07,104.244552,30.889503,65.56,1.3643,709,829,中
DO202608090070,2026-08-09,P035,红旗连锁(青白江同金街便利店),R07,104.244552,30.889503,8.76,0.4358,711,831,低
DO202608090071,2026-08-09,P035,红旗连锁(青白江同金街便利店),R07,104.244552,30.889503,21.99,0.0977,713,833,中
DO202608090072,2026-08-09,P035,红旗连锁(青白江同金街便利店),R07,104.244552,30.889503,455.89,0.315,715,835,中
DO202608090073,2026-08-09,P037,红旗连锁(青白江石家碾西路店),R07,104.253962,30.887052,73.88,0.0414,897,1017,中
DO202608090074,2026-08-09,P038,青江一家超市,R07,104.284321,30.880989,73.05,1.14,816,936,低
DO202608090075,2026-08-09,P038,青江一家超市,R07,104.284321,30.880989,585.45,0.0468,820,940,低
DO202608090076,2026-08-09,P038,青江一家超市,R07,104.284321,30.880989,32.65,0.0479,822,942,高
DO202608090077,2026-08-09,P040,上蔬永辉超市(西单商场店),R02,104.000521,30.674866,54.52,0.0891,896,1016,中
DO202608090078,2026-08-09,P041,永辉超市(成都青羊中铁大道店),R02,103.961452,30.670211,13.65,0.2588,590,710,低
DO202608090079,2026-08-09,P042,永辉超市(青羊新城市店),R02,104.057614,30.67321,15.84,0.3125,624,744,中
DO202608090080,2026-08-09,P043,红旗超市(中同仁路分场),R02,104.052373,30.668819,176.99,2.6169,845,965,低
DO202608090081,2026-08-09,P044,邻你生活超市(大庆店),R02,104.032527,30.669557,5.84,0.0468,753,873,高
DO202608090082,2026-08-09,P044,邻你生活超市(大庆店),R02,104.032527,30.669557,21.86,0.0659,758,878,低
DO202608090083,2026-08-09,P044,邻你生活超市(大庆店),R02,104.032527,30.669557,40.93,7.1729,759,879,中
DO202608090084,2026-08-09,P044,邻你生活超市(大庆店),R02,104.032527,30.669557,434.08,0.2969,760,880,低
DO202608090085,2026-08-09,P046,尚喜超市(锦绣路店),R08,104.308338,30.606726,132.15,0.5075,757,877,中
DO202608090086,2026-08-09,P046,尚喜超市(锦绣路店),R08,104.308338,30.606726,21.6,2.9807,761,881,中
DO202608090087,2026-08-09,P047,永辉超市(成都龙泉驿万达广场店),R08,104.269392,30.566865,57.38,0.7376,759,879,中
DO202608090088,2026-08-09,P047,永辉超市(成都龙泉驿万达广场店),R08,104.269392,30.566865,61.54,0.2228,761,881,低
DO202608090089,2026-08-09,P047,永辉超市(成都龙泉驿万达广场店),R08,104.269392,30.566865,127.25,0.9996,762,882,低
DO202608090090,2026-08-09,P048,汇联美连锁超市(中街店),R08,104.27333,30.560098,5.6,1.6165,747,867,低
DO202608090091,2026-08-09,P048,汇联美连锁超市(中街店),R08,104.27333,30.560098,346.14,0.2754,751,871,中
DO202608090092,2026-08-09,P048,汇联美连锁超市(中街店),R08,104.27333,30.560098,17.51,0.2691,756,876,中
DO202608100000,2026-08-10,P002,十二超市(佳年华广场1期店),R06,104.131787,30.627615,1241.42,1.8412,660,780,低
DO202608100001,2026-08-10,P002,十二超市(佳年华广场1期店),R06,104.131787,30.627615,432.96,0.5391,661,781,中
DO202608100002,2026-08-10,P002,十二超市(佳年华广场1期店),R06,104.131787,30.627615,61.14,8.0021,665,785,中
DO202608100003,2026-08-10,P003,红旗连锁,R06,104.132763,30.627528,11.04,0.1476,759,879,高
DO202608100004,2026-08-10,P004,老蔡小卖部(水碾河路北社区三街店),R06,104.099234,30.648748,5.19,0.0213,684,804,低
DO202608100005,2026-08-10,P004,老蔡小卖部(水碾河路北社区三街店),R06,104.099234,30.648748,13.47,0.1144,688,808,低
DO202608100006,2026-08-10,P004,老蔡小卖部(水碾河路北社区三街店),R06,104.099234,30.648748,108.73,0.2408,693,813,低
DO202608100007,2026-08-10,P004,老蔡小卖部(水碾河路北社区三街店),R06,104.099234,30.648748,189.9,0.4133,693,813,中
DO202608100008,2026-08-10,P005,郝英超市,R06,104.129707,30.628761,9.2,1.1315,525,645,中
DO202608100009,2026-08-10,P005,郝英超市,R06,104.129707,30.628761,369.68,0.465,530,650,中
DO202608100010,2026-08-10,P005,郝英超市,R06,104.129707,30.628761,18.79,0.0161,532,652,低
DO202608100011,2026-08-10,P006,全家便利店(龙江路店),R03,104.077199,30.641639,124.72,0.547,827,947,低
DO202608100012,2026-08-10,P006,全家便利店(龙江路店),R03,104.077199,30.641639,68.55,0.4022,829,949,低
DO202608100013,2026-08-10,P006,全家便利店(龙江路店),R03,104.077199,30.641639,54.24,0.6004,833,953,中
DO202608100014,2026-08-10,P006,全家便利店(龙江路店),R03,104.077199,30.641639,299.31,0.2186,835,955,高
DO202608100015,2026-08-10,P007,永辉超市(成都市新城吾悦广场店),R03,103.988663,30.626255,5.07,0.2139,590,710,中
DO202608100016,2026-08-10,P008,永辉超市(银泰城店),R03,104.058121,30.541191,114.85,2.0575,691,811,高
DO202608100017,2026-08-10,P009,永辉超市(龙湖成都金楠天街店),R03,103.995986,30.648731,96.9,0.4494,780,900,中
DO202608100018,2026-08-10,P009,永辉超市(龙湖成都金楠天街店),R03,103.995986,30.648731,139.16,0.2204,781,901,高
DO202608100019,2026-08-10,P009,永辉超市(龙湖成都金楠天街店),R03,103.995986,30.648731,13.1,0.5882,786,906,低
DO202608100020,2026-08-10,P010,百分百超市(心语店),R03,104.045915,30.545712,12.82,0.1264,659,779,中
DO202608100021,2026-08-10,P011,永辉超市(成都市双铁广场店),R01,103.975737,30.758309,58.23,0.3238,778,898,中
DO202608100022,2026-08-10,P011,永辉超市(成都市双铁广场店),R01,103.975737,30.758309,6.06,1.0064,782,902,低
DO202608100023,2026-08-10,P011,永辉超市(成都市双铁广场店),R01,103.975737,30.758309,37.57,0.0648,783,903,中
DO202608100024,2026-08-10,P012,永辉超市(成都市蜀都万达广场店),R01,103.907862,30.807642,47.21,1.8045,889,1009,低
DO202608100025,2026-08-10,P012,永辉超市(成都市蜀都万达广场店),R01,103.907862,30.807642,92.29,0.3779,892,1012,低
DO202608100026,2026-08-10,P012,永辉超市(成都市蜀都万达广场店),R01,103.907862,30.807642,46.63,0.0841,894,1014,高
DO202608100027,2026-08-10,P013,永辉超市(爱琴海购物中心店),R01,103.991901,30.737566,7.17,0.0725,545,665,低
DO202608100028,2026-08-10,P013,永辉超市(爱琴海购物中心店),R01,103.991901,30.737566,16.78,1.0442,549,669,中
DO202608100029,2026-08-10,P013,永辉超市(爱琴海购物中心店),R01,103.991901,30.737566,21.19,0.1427,549,669,低
DO202608100030,2026-08-10,P013,永辉超市(爱琴海购物中心店),R01,103.991901,30.737566,24.97,0.0392,552,672,高
DO202608100031,2026-08-10,P013,永辉超市(爱琴海购物中心店),R01,103.991901,30.737566,54.96,0.2592,552,672,高
DO202608100032,2026-08-10,P014,永辉超市(龙湖成都时代天街店),R01,103.921214,30.750831,27.93,0.1988,757,877,中
DO202608100033,2026-08-10,P014,永辉超市(龙湖成都时代天街店),R01,103.921214,30.750831,91.02,5.3888,761,881,中
DO202608100034,2026-08-10,P014,永辉超市(龙湖成都时代天街店),R01,103.921214,30.750831,30.91,0.2185,764,884,高
DO202608100035,2026-08-10,P015,红旗超市(龙湖时代天街店),R01,103.919653,30.752444,48.53,0.5278,827,947,低
DO202608100036,2026-08-10,P015,红旗超市(龙湖时代天街店),R01,103.919653,30.752444,1.94,1.0965,833,953,中
DO202608100037,2026-08-10,P015,红旗超市(龙湖时代天街店),R01,103.919653,30.752444,74.32,0.0671,837,957,高
DO202608100038,2026-08-10,P016,LAWSON罗森(枣子巷15号院店),R04,104.044885,30.667759,129.03,0.041,721,841,中
DO202608100039,2026-08-10,P017,LAWSON罗森(龙湖成都上城天街店),R04,104.071944,30.68395,45.82,0.3097,815,935,高
DO202608100040,2026-08-10,P018,乐多(成华西街一店),R04,104.071998,30.683402,507.76,0.548,561,681,中
DO202608100041,2026-08-10,P018,乐多(成华西街一店),R04,104.071998,30.683402,27.3,0.2549,569,689,中
DO202608100042,2026-08-10,P018,乐多(成华西街一店),R04,104.071998,30.683402,3.28,0.0897,570,690,中
DO202608100043,2026-08-10,P019,奥特乐(成都龙湖上城天街店),R04,104.072004,30.684929,409.3,0.6858,895,1015,高
DO202608100044,2026-08-10,P019,奥特乐(成都龙湖上城天街店),R04,104.072004,30.684929,17.98,0.4132,897,1017,中
DO202608100045,2026-08-10,P019,奥特乐(成都龙湖上城天街店),R04,104.072004,30.684929,18.23,0.3622,898,1018,高
DO202608100046,2026-08-10,P019,奥特乐(成都龙湖上城天街店),R04,104.072004,30.684929,56.49,0.2325,901,1021,中
DO202608100047,2026-08-10,P019,奥特乐(成都龙湖上城天街店),R04,104.072004,30.684929,158.71,0.6932,901,1021,低
DO202608100048,2026-08-10,P020,朴朴超市(西体路店),R04,104.061775,30.681195,18.92,0.5041,836,956,高
DO202608100049,2026-08-10,P020,朴朴超市(西体路店),R04,104.061775,30.681195,8.4,0.8527,843,963,高
DO202608100050,2026-08-10,P021,Ole 精品超市(IFS国际金融中心店),R05,104.081893,30.655003,20.95,0.6355,779,899,低
DO202608100051,2026-08-10,P021,Ole 精品超市(IFS国际金融中心店),R05,104.081893,30.655003,72.41,0.1316,780,900,高
DO202608100052,2026-08-10,P021,Ole 精品超市(IFS国际金融中心店),R05,104.081893,30.655003,14.81,0.3958,784,904,低
DO202608100053,2026-08-10,P021,Ole 精品超市(IFS国际金融中心店),R05,104.081893,30.655003,6.77,2.234,784,904,高
DO202608100054,2026-08-10,P022,四川舞东风超市连锁股份有限公司,R05,104.082047,30.660437,10.69,0.5207,684,804,中
DO202608100055,2026-08-10,P022,四川舞东风超市连锁股份有限公司,R05,104.082047,30.660437,43.37,0.4958,687,807,中
DO202608100056,2026-08-10,P023,永辉超市(文华广场店),R05,104.107695,30.637048,217.88,0.8667,833,953,中
DO202608100057,2026-08-10,P024,永辉超市(锦江城市花园店),R05,104.142752,30.595134,35.67,0.6114,786,906,低
DO202608100058,2026-08-10,P026,友好多连锁超市(界牌店),R07,104.313922,30.880419,90.95,0.6236,730,850,中
DO202608100059,2026-08-10,P026,友好多连锁超市(界牌店),R07,104.313922,30.880419,65.45,0.1247,733,853,中
DO202608100060,2026-08-10,P026,友好多连锁超市(界牌店),R07,104.313922,30.880419,63.12,0.1135,736,856,中
DO202608100061,2026-08-10,P027,大荣发连锁超市(和顺雅苑店),R07,104.253582,30.90011,17.49,0.7497,652,772,中
DO202608100062,2026-08-10,P027,大荣发连锁超市(和顺雅苑店),R07,104.253582,30.90011,1.7,0.3221,652,772,低
DO202608100063,2026-08-10,P027,大荣发连锁超市(和顺雅苑店),R07,104.253582,30.90011,51.97,0.9248,656,776,中
DO202608100064,2026-08-10,P027,大荣发连锁超市(和顺雅苑店),R07,104.253582,30.90011,104.36,0.3506,657,777,低
DO202608100065,2026-08-10,P029,永辉超市(青白江万达广场店),R07,104.253652,30.878095,75.54,0.3496,859,979,中
DO202608100066,2026-08-10,P030,润都连锁生活超市(正兴路店),R07,104.188354,30.87079,70.73,1.0522,654,774,中
DO202608100067,2026-08-10,P030,润都连锁生活超市(正兴路店),R07,104.188354,30.87079,1.58,0.3191,659,779,中
DO202608100068,2026-08-10,P030,润都连锁生活超市(正兴路店),R07,104.188354,30.87079,184.77,0.4088,661,781,中
DO202608100069,2026-08-10,P031,渝华连锁超市(学苑路店),R07,104.276426,30.875299,77.03,0.1056,553,673,中
DO202608100070,2026-08-10,P033,红旗超市(团结花园店),R07,104.246885,30.877313,53.08,0.62,905,1025,低
DO202608100071,2026-08-10,P033,红旗超市(团结花园店),R07,104.246885,30.877313,8.98,0.2098,908,1028,低
DO202608100072,2026-08-10,P034,红旗连锁(北城新界民族花园店),R07,104.201632,30.877318,111.53,0.0792,571,691,高
DO202608100073,2026-08-10,P034,红旗连锁(北城新界民族花园店),R07,104.201632,30.877318,144.85,0.6864,576,696,中
DO202608100074,2026-08-10,P037,红旗连锁(青白江石家碾西路店),R07,104.253962,30.887052,50.0,3.5839,872,992,低
DO202608100075,2026-08-10,P037,红旗连锁(青白江石家碾西路店),R07,104.253962,30.887052,272.76,0.8482,874,994,中
DO202608100076,2026-08-10,P039,青江百货连锁超市,R07,104.269502,30.876837,55.75,0.0073,682,802,高
DO202608100077,2026-08-10,P039,青江百货连锁超市,R07,104.269502,30.876837,10.54,0.0458,684,804,低
DO202608100078,2026-08-10,P039,青江百货连锁超市,R07,104.269502,30.876837,22.5,1.642,686,806,低
DO202608100079,2026-08-10,P039,青江百货连锁超市,R07,104.269502,30.876837,75.24,0.1816,689,809,中
DO202608100080,2026-08-10,P041,永辉超市(成都青羊中铁大道店),R02,103.961452,30.670211,3.06,4.572,652,772,高
DO202608100081,2026-08-10,P041,永辉超市(成都青羊中铁大道店),R02,103.961452,30.670211,2.89,0.2161,654,774,高
DO202608100082,2026-08-10,P041,永辉超市(成都青羊中铁大道店),R02,103.961452,30.670211,59.46,2.903,657,777,高
DO202608100083,2026-08-10,P041,永辉超市(成都青羊中铁大道店),R02,103.961452,30.670211,129.07,1.1553,657,777,低
DO202608100084,2026-08-10,P041,永辉超市(成都青羊中铁大道店),R02,103.961452,30.670211,4.72,2.6138,658,778,低
DO202608100085,2026-08-10,P041,永辉超市(成都青羊中铁大道店),R02,103.961452,30.670211,40.09,0.7102,659,779,中
DO202608100086,2026-08-10,P042,永辉超市(青羊新城市店),R02,104.057614,30.67321,33.26,0.3136,573,693,低
DO202608100087,2026-08-10,P043,红旗超市(中同仁路分场),R02,104.052373,30.668819,7.71,0.2112,847,967,低
DO202608100088,2026-08-10,P043,红旗超市(中同仁路分场),R02,104.052373,30.668819,184.98,0.0369,849,969,低
DO202608100089,2026-08-10,P043,红旗超市(中同仁路分场),R02,104.052373,30.668819,33.26,0.5922,856,976,中
DO202608100090,2026-08-10,P044,邻你生活超市(大庆店),R02,104.032527,30.669557,49.76,0.4408,512,632,低
DO202608100091,2026-08-10,P044,邻你生活超市(大庆店),R02,104.032527,30.669557,132.89,0.8155,512,632,中
DO202608100092,2026-08-10,P045,世纪红连锁超市,R08,104.208007,30.532247,263.11,0.0654,531,651,高
DO202608100093,2026-08-10,P045,世纪红连锁超市,R08,104.208007,30.532247,736.16,0.2653,532,652,中
DO202608100094,2026-08-10,P045,世纪红连锁超市,R08,104.208007,30.532247,17.83,0.3563,532,652,低
DO202608100095,2026-08-10,P045,世纪红连锁超市,R08,104.208007,30.532247,26.28,1.0442,538,658,中
DO202608100096,2026-08-10,P046,尚喜超市(锦绣路店),R08,104.308338,30.606726,2.16,14.3973,575,695,中
DO202608100097,2026-08-10,P046,尚喜超市(锦绣路店),R08,104.308338,30.606726,74.04,0.0983,581,701,中
DO202608100098,2026-08-10,P046,尚喜超市(锦绣路店),R08,104.308338,30.606726,216.31,0.5978,582,702,中
DO202608100099,2026-08-10,P047,永辉超市(成都龙泉驿万达广场店),R08,104.269392,30.566865,115.87,0.3391,661,781,低
DO202608100100,2026-08-10,P047,永辉超市(成都龙泉驿万达广场店),R08,104.269392,30.566865,22.91,0.1084,662,782,低
DO202608100101,2026-08-10,P047,永辉超市(成都龙泉驿万达广场店),R08,104.269392,30.566865,18.86,0.2033,662,782,高
DO202608100102,2026-08-10,P047,永辉超市(成都龙泉驿万达广场店),R08,104.269392,30.566865,3.25,0.2024,663,783,中
DO202608100103,2026-08-10,P047,永辉超市(成都龙泉驿万达广场店),R08,104.269392,30.566865,17.68,0.1094,663,783,中
DO202608100104,2026-08-10,P048,汇联美连锁超市(中街店),R08,104.27333,30.560098,12.47,0.3489,628,748,高
DO202608100105,2026-08-10,P048,汇联美连锁超市(中街店),R08,104.27333,30.560098,8.82,0.1269,631,751,低
DO202608100106,2026-08-10,P049,百伦生活超市(龙泉店),R08,104.273346,30.559846,106.97,0.362,553,673,高
DO202608100107,2026-08-10,P049,百伦生活超市(龙泉店),R08,104.273346,30.559846,46.65,0.5972,556,676,中
DO202608100108,2026-08-10,P049,百伦生活超市(龙泉店),R08,104.273346,30.559846,34.03,0.0762,557,677,中
DO202608110000,2026-08-11,P001,689便民(荣盛·香榭兰庭店),R06,104.135375,30.623625,134.9,0.0426,655,775,中
DO202608110001,2026-08-11,P001,689便民(荣盛·香榭兰庭店),R06,104.135375,30.623625,158.96,0.0482,659,779,中
DO202608110002,2026-08-11,P003,红旗连锁,R06,104.132763,30.627528,26.82,0.2001,743,863,中
DO202608110003,2026-08-11,P004,老蔡小卖部(水碾河路北社区三街店),R06,104.099234,30.648748,82.66,0.929,821,941,低
DO202608110004,2026-08-11,P004,老蔡小卖部(水碾河路北社区三街店),R06,104.099234,30.648748,84.05,0.28,821,941,低
DO202608110005,2026-08-11,P004,老蔡小卖部(水碾河路北社区三街店),R06,104.099234,30.648748,51.68,0.3164,825,945,中
DO202608110006,2026-08-11,P005,郝英超市,R06,104.129707,30.628761,19.3,0.1146,804,924,中
DO202608110007,2026-08-11,P005,郝英超市,R06,104.129707,30.628761,73.56,0.2594,809,929,高
DO202608110008,2026-08-11,P006,全家便利店(龙江路店),R03,104.077199,30.641639,103.07,0.1071,649,769,低
DO202608110009,2026-08-11,P006,全家便利店(龙江路店),R03,104.077199,30.641639,49.02,0.0175,652,772,低
DO202608110010,2026-08-11,P006,全家便利店(龙江路店),R03,104.077199,30.641639,11.17,0.082,654,774,高
DO202608110011,2026-08-11,P007,永辉超市(成都市新城吾悦广场店),R03,103.988663,30.626255,23.57,0.2483,794,914,中
DO202608110012,2026-08-11,P007,永辉超市(成都市新城吾悦广场店),R03,103.988663,30.626255,50.73,0.4836,795,915,中
DO202608110013,2026-08-11,P008,永辉超市(银泰城店),R03,104.058121,30.541191,22.92,0.6617,855,975,高
DO202608110014,2026-08-11,P008,永辉超市(银泰城店),R03,104.058121,30.541191,9.8,0.4056,855,975,中
DO202608110015,2026-08-11,P008,永辉超市(银泰城店),R03,104.058121,30.541191,27.57,0.0467,861,981,中
DO202608110016,2026-08-11,P009,永辉超市(龙湖成都金楠天街店),R03,103.995986,30.648731,12.8,0.7785,868,988,高
DO202608110017,2026-08-11,P009,永辉超市(龙湖成都金楠天街店),R03,103.995986,30.648731,43.74,0.0515,874,994,低
DO202608110018,2026-08-11,P009,永辉超市(龙湖成都金楠天街店),R03,103.995986,30.648731,45.83,0.2229,877,997,中
DO202608110019,2026-08-11,P010,百分百超市(心语店),R03,104.045915,30.545712,3.09,1.5993,674,794,低
DO202608110020,2026-08-11,P010,百分百超市(心语店),R03,104.045915,30.545712,35.79,0.2045,676,796,中
DO202608110021,2026-08-11,P010,百分百超市(心语店),R03,104.045915,30.545712,230.75,0.0669,683,803,低
DO202608110022,2026-08-11,P011,永辉超市(成都市双铁广场店),R01,103.975737,30.758309,3.81,0.2939,819,939,中
DO202608110023,2026-08-11,P011,永辉超市(成都市双铁广场店),R01,103.975737,30.758309,14.91,1.0678,819,939,中
DO202608110024,2026-08-11,P011,永辉超市(成都市双铁广场店),R01,103.975737,30.758309,563.44,0.1292,822,942,中
DO202608110025,2026-08-11,P012,永辉超市(成都市蜀都万达广场店),R01,103.907862,30.807642,150.46,0.362,735,855,中
DO202608110026,2026-08-11,P013,永辉超市(爱琴海购物中心店),R01,103.991901,30.737566,71.82,0.3024,887,1007,中
DO202608110027,2026-08-11,P013,永辉超市(爱琴海购物中心店),R01,103.991901,30.737566,34.65,0.0682,889,1009,中
DO202608110028,2026-08-11,P014,永辉超市(龙湖成都时代天街店),R01,103.921214,30.750831,5.6,1.6973,526,646,高
DO202608110029,2026-08-11,P014,永辉超市(龙湖成都时代天街店),R01,103.921214,30.750831,44.11,0.386,533,653,低
DO202608110030,2026-08-11,P015,红旗超市(龙湖时代天街店),R01,103.919653,30.752444,27.08,0.1995,679,799,中
DO202608110031,2026-08-11,P015,红旗超市(龙湖时代天街店),R01,103.919653,30.752444,16.4,0.4023,682,802,中
DO202608110032,2026-08-11,P015,红旗超市(龙湖时代天街店),R01,103.919653,30.752444,20.28,0.2471,688,808,中
DO202608110033,2026-08-11,P016,LAWSON罗森(枣子巷15号院店),R04,104.044885,30.667759,12.83,0.4049,581,701,低
DO202608110034,2026-08-11,P016,LAWSON罗森(枣子巷15号院店),R04,104.044885,30.667759,6.02,2.5469,586,706,低
DO202608110035,2026-08-11,P016,LAWSON罗森(枣子巷15号院店),R04,104.044885,30.667759,311.58,0.961,588,708,低
DO202608110036,2026-08-11,P018,乐多(成华西街一店),R04,104.071998,30.683402,634.09,0.3402,880,1000,高
DO202608110037,2026-08-11,P018,乐多(成华西街一店),R04,104.071998,30.683402,34.02,0.3462,882,1002,中
DO202608110038,2026-08-11,P018,乐多(成华西街一店),R04,104.071998,30.683402,89.56,0.2917,882,1002,低
DO202608110039,2026-08-11,P019,奥特乐(成都龙湖上城天街店),R04,104.072004,30.684929,70.23,0.2384,874,994,中
DO202608110040,2026-08-11,P020,朴朴超市(西体路店),R04,104.061775,30.681195,52.79,0.0415,619,739,低
DO202608110041,2026-08-11,P022,四川舞东风超市连锁股份有限公司,R05,104.082047,30.660437,17.72,0.0984,594,714,低
DO202608110042,2026-08-11,P024,永辉超市(锦江城市花园店),R05,104.142752,30.595134,242.0,0.1534,831,951,高
DO202608110043,2026-08-11,P024,永辉超市(锦江城市花园店),R05,104.142752,30.595134,9.71,0.3054,831,951,中
DO202608110044,2026-08-11,P025,红旗超市(成都红旗商厦店),R05,104.072081,30.658735,115.23,3.0317,709,829,低
DO202608110045,2026-08-11,P026,友好多连锁超市(界牌店),R07,104.313922,30.880419,30.06,0.2244,595,715,中
DO202608110046,2026-08-11,P026,友好多连锁超市(界牌店),R07,104.313922,30.880419,77.38,0.0687,602,722,高
DO202608110047,2026-08-11,P027,大荣发连锁超市(和顺雅苑店),R07,104.253582,30.90011,988.58,0.3021,833,953,低
DO202608110048,2026-08-11,P027,大荣发连锁超市(和顺雅苑店),R07,104.253582,30.90011,8.13,0.0618,834,954,低
DO202608110049,2026-08-11,P028,永辉超市(天府欧城店),R07,104.256388,30.892152,39.4,0.3382,598,718,高
DO202608110050,2026-08-11,P028,永辉超市(天府欧城店),R07,104.256388,30.892152,91.6,0.2266,599,719,中
DO202608110051,2026-08-11,P029,永辉超市(青白江万达广场店),R07,104.253652,30.878095,18.88,0.2287,714,834,中
DO202608110052,2026-08-11,P029,永辉超市(青白江万达广场店),R07,104.253652,30.878095,24.12,0.0172,717,837,高
DO202608110053,2026-08-11,P029,永辉超市(青白江万达广场店),R07,104.253652,30.878095,48.89,0.1209,721,841,低
DO202608110054,2026-08-11,P029,永辉超市(青白江万达广场店),R07,104.253652,30.878095,65.4,0.3687,721,841,中
DO202608110055,2026-08-11,P029,永辉超市(青白江万达广场店),R07,104.253652,30.878095,1043.27,1.5472,721,841,中
DO202608110056,2026-08-11,P030,润都连锁生活超市(正兴路店),R07,104.188354,30.87079,375.49,0.139,697,817,低
DO202608110057,2026-08-11,P030,润都连锁生活超市(正兴路店),R07,104.188354,30.87079,2.67,0.0455,700,820,高
DO202608110058,2026-08-11,P030,润都连锁生活超市(正兴路店),R07,104.188354,30.87079,18.99,0.5794,700,820,中
DO202608110059,2026-08-11,P030,润都连锁生活超市(正兴路店),R07,104.188354,30.87079,42.41,2.4048,701,821,中
DO202608110060,2026-08-11,P030,润都连锁生活超市(正兴路店),R07,104.188354,30.87079,29.79,0.2362,701,821,中
DO202608110061,2026-08-11,P030,润都连锁生活超市(正兴路店),R07,104.188354,30.87079,17.58,0.278,703,823,中
DO202608110062,2026-08-11,P033,红旗超市(团结花园店),R07,104.246885,30.877313,51.08,0.4261,808,928,中
DO202608110063,2026-08-11,P033,红旗超市(团结花园店),R07,104.246885,30.877313,389.83,0.2005,813,933,低
DO202608110064,2026-08-11,P034,红旗连锁(北城新界民族花园店),R07,104.201632,30.877318,708.14,0.7425,829,949,低
DO202608110065,2026-08-11,P034,红旗连锁(北城新界民族花园店),R07,104.201632,30.877318,276.86,3.6518,830,950,中
DO202608110066,2026-08-11,P035,红旗连锁(青白江同金街便利店),R07,104.244552,30.889503,16.87,0.0284,546,666,中
DO202608110067,2026-08-11,P035,红旗连锁(青白江同金街便利店),R07,104.244552,30.889503,20.64,0.1503,549,669,中
DO202608110068,2026-08-11,P036,红旗连锁(青白江城厢首府分场),R07,104.323054,30.860039,12.94,0.9059,826,946,中
DO202608110069,2026-08-11,P037,红旗连锁(青白江石家碾西路店),R07,104.253962,30.887052,53.87,1.3377,617,737,中
DO202608110070,2026-08-11,P038,青江一家超市,R07,104.284321,30.880989,7.39,0.8143,840,960,中
DO202608110071,2026-08-11,P038,青江一家超市,R07,104.284321,30.880989,1.47,0.1993,845,965,高
DO202608110072,2026-08-11,P040,上蔬永辉超市(西单商场店),R02,104.000521,30.674866,10.83,0.7087,694,814,低
DO202608110073,2026-08-11,P041,永辉超市(成都青羊中铁大道店),R02,103.961452,30.670211,62.67,1.0411,843,963,中
DO202608110074,2026-08-11,P041,永辉超市(成都青羊中铁大道店),R02,103.961452,30.670211,150.83,0.5699,844,964,中
DO202608110075,2026-08-11,P041,永辉超市(成都青羊中铁大道店),R02,103.961452,30.670211,18.58,3.1116,846,966,中
DO202608110076,2026-08-11,P041,永辉超市(成都青羊中铁大道店),R02,103.961452,30.670211,63.97,0.0583,847,967,中
DO202608110077,2026-08-11,P041,永辉超市(成都青羊中铁大道店),R02,103.961452,30.670211,17.33,0.1739,849,969,高
DO202608110078,2026-08-11,P041,永辉超市(成都青羊中铁大道店),R02,103.961452,30.670211,152.18,0.0023,850,970,中
DO202608110079,2026-08-11,P041,永辉超市(成都青羊中铁大道店),R02,103.961452,30.670211,36.46,1.1277,851,971,低
DO202608110080,2026-08-11,P043,红旗超市(中同仁路分场),R02,104.052373,30.668819,128.45,0.054,824,944,中
DO202608110081,2026-08-11,P043,红旗超市(中同仁路分场),R02,104.052373,30.668819,8.23,0.8025,833,953,中
DO202608110082,2026-08-11,P044,邻你生活超市(大庆店),R02,104.032527,30.669557,52.5,0.0922,773,893,低
DO202608110083,2026-08-11,P044,邻你生活超市(大庆店),R02,104.032527,30.669557,1267.38,0.6929,775,895,高
DO202608110084,2026-08-11,P045,世纪红连锁超市,R08,104.208007,30.532247,154.41,0.1497,581,701,低
DO202608110085,2026-08-11,P045,世纪红连锁超市,R08,104.208007,30.532247,66.29,0.0818,586,706,高
DO202608110086,2026-08-11,P045,世纪红连锁超市,R08,104.208007,30.532247,389.39,0.0741,586,706,高
DO202608110087,2026-08-11,P046,尚喜超市(锦绣路店),R08,104.308338,30.606726,26.69,0.1885,872,992,中
DO202608110088,2026-08-11,P046,尚喜超市(锦绣路店),R08,104.308338,30.606726,10.99,0.3277,873,993,中
DO202608110089,2026-08-11,P047,永辉超市(成都龙泉驿万达广场店),R08,104.269392,30.566865,51.19,0.395,594,714,中
DO202608110090,2026-08-11,P047,永辉超市(成都龙泉驿万达广场店),R08,104.269392,30.566865,149.87,0.4932,598,718,中
DO202608110091,2026-08-11,P048,汇联美连锁超市(中街店),R08,104.27333,30.560098,14.1,0.7392,569,689,高
DO202608110092,2026-08-11,P048,汇联美连锁超市(中街店),R08,104.27333,30.560098,15.31,0.3423,573,693,中
DO202608110093,2026-08-11,P049,百伦生活超市(龙泉店),R08,104.273346,30.559846,82.01,0.16,605,725,高
DO202608110094,2026-08-11,P049,百伦生活超市(龙泉店),R08,104.273346,30.559846,197.06,0.0878,606,726,中
DO202608110095,2026-08-11,P049,百伦生活超市(龙泉店),R08,104.273346,30.559846,5.53,0.5034,606,726,高
DO202608120000,2026-08-12,P001,689便民(荣盛·香榭兰庭店),R06,104.135375,30.623625,16.03,0.2895,878,998,中
DO202608120001,2026-08-12,P001,689便民(荣盛·香榭兰庭店),R06,104.135375,30.623625,116.57,0.0861,884,1004,高
DO202608120002,2026-08-12,P001,689便民(荣盛·香榭兰庭店),R06,104.135375,30.623625,17.46,0.4023,884,1004,高
DO202608120003,2026-08-12,P003,红旗连锁,R06,104.132763,30.627528,18.43,0.0423,534,654,高
DO202608120004,2026-08-12,P003,红旗连锁,R06,104.132763,30.627528,3.21,0.5619,538,658,中
DO202608120005,2026-08-12,P004,老蔡小卖部(水碾河路北社区三街店),R06,104.099234,30.648748,3.32,2.0337,827,947,低
DO202608120006,2026-08-12,P004,老蔡小卖部(水碾河路北社区三街店),R06,104.099234,30.648748,16.76,0.1089,828,948,低
DO202608120007,2026-08-12,P004,老蔡小卖部(水碾河路北社区三街店),R06,104.099234,30.648748,36.37,0.0856,829,949,低
DO202608120008,2026-08-12,P004,老蔡小卖部(水碾河路北社区三街店),R06,104.099234,30.648748,179.82,0.1415,832,952,中
DO202608120009,2026-08-12,P004,老蔡小卖部(水碾河路北社区三街店),R06,104.099234,30.648748,129.81,0.3102,833,953,高
DO202608120010,2026-08-12,P005,郝英超市,R06,104.129707,30.628761,0.78,0.085,845,965,低
DO202608120011,2026-08-12,P006,全家便利店(龙江路店),R03,104.077199,30.641639,9.8,0.0816,742,862,高
DO202608120012,2026-08-12,P007,永辉超市(成都市新城吾悦广场店),R03,103.988663,30.626255,55.83,0.2977,537,657,中
DO202608120013,2026-08-12,P007,永辉超市(成都市新城吾悦广场店),R03,103.988663,30.626255,16.32,0.3944,540,660,高
DO202608120014,2026-08-12,P008,永辉超市(银泰城店),R03,104.058121,30.541191,41.23,0.8324,571,691,中
DO202608120015,2026-08-12,P008,永辉超市(银泰城店),R03,104.058121,30.541191,10.34,0.1635,575,695,中
DO202608120016,2026-08-12,P009,永辉超市(龙湖成都金楠天街店),R03,103.995986,30.648731,15.31,3.0295,864,984,高
DO202608120017,2026-08-12,P009,永辉超市(龙湖成都金楠天街店),R03,103.995986,30.648731,195.36,0.0275,865,985,中
DO202608120018,2026-08-12,P009,永辉超市(龙湖成都金楠天街店),R03,103.995986,30.648731,7.88,0.3429,866,986,低
DO202608120019,2026-08-12,P009,永辉超市(龙湖成都金楠天街店),R03,103.995986,30.648731,69.37,0.1093,869,989,中
DO202608120020,2026-08-12,P009,永辉超市(龙湖成都金楠天街店),R03,103.995986,30.648731,347.38,1.0054,869,989,高
DO202608120021,2026-08-12,P010,百分百超市(心语店),R03,104.045915,30.545712,4.03,0.3701,770,890,低
DO202608120022,2026-08-12,P010,百分百超市(心语店),R03,104.045915,30.545712,12.14,0.2304,770,890,低
DO202608120023,2026-08-12,P011,永辉超市(成都市双铁广场店),R01,103.975737,30.758309,109.69,0.1147,628,748,中
DO202608120024,2026-08-12,P011,永辉超市(成都市双铁广场店),R01,103.975737,30.758309,113.95,0.1575,630,750,中
DO202608120025,2026-08-12,P011,永辉超市(成都市双铁广场店),R01,103.975737,30.758309,320.01,0.416,630,750,中
DO202608120026,2026-08-12,P011,永辉超市(成都市双铁广场店),R01,103.975737,30.758309,22.38,0.1281,631,751,中
DO202608120027,2026-08-12,P011,永辉超市(成都市双铁广场店),R01,103.975737,30.758309,158.12,0.3933,634,754,高
DO202608120028,2026-08-12,P011,永辉超市(成都市双铁广场店),R01,103.975737,30.758309,14.38,0.6372,638,758,中
DO202608120029,2026-08-12,P012,永辉超市(成都市蜀都万达广场店),R01,103.907862,30.807642,12.99,0.2683,904,1024,中
DO202608120030,2026-08-12,P012,永辉超市(成都市蜀都万达广场店),R01,103.907862,30.807642,2.64,0.6979,906,1026,高
DO202608120031,2026-08-12,P013,永辉超市(爱琴海购物中心店),R01,103.991901,30.737566,77.51,0.1176,528,648,低
DO202608120032,2026-08-12,P013,永辉超市(爱琴海购物中心店),R01,103.991901,30.737566,47.31,0.141,531,651,高
DO202608120033,2026-08-12,P014,永辉超市(龙湖成都时代天街店),R01,103.921214,30.750831,97.37,0.428,763,883,高
DO202608120034,2026-08-12,P014,永辉超市(龙湖成都时代天街店),R01,103.921214,30.750831,25.19,0.3063,764,884,中
DO202608120035,2026-08-12,P015,红旗超市(龙湖时代天街店),R01,103.919653,30.752444,6.96,0.2156,542,662,中
DO202608120036,2026-08-12,P016,LAWSON罗森(枣子巷15号院店),R04,104.044885,30.667759,13.25,0.1115,889,1009,中
DO202608120037,2026-08-12,P017,LAWSON罗森(龙湖成都上城天街店),R04,104.071944,30.68395,61.06,0.1537,735,855,中
DO202608120038,2026-08-12,P017,LAWSON罗森(龙湖成都上城天街店),R04,104.071944,30.68395,118.12,0.2925,736,856,中
DO202608120039,2026-08-12,P017,LAWSON罗森(龙湖成都上城天街店),R04,104.071944,30.68395,65.93,0.7138,737,857,高
DO202608120040,2026-08-12,P017,LAWSON罗森(龙湖成都上城天街店),R04,104.071944,30.68395,23.27,0.194,744,864,中
DO202608120041,2026-08-12,P018,乐多(成华西街一店),R04,104.071998,30.683402,51.17,0.5338,705,825,中
DO202608120042,2026-08-12,P018,乐多(成华西街一店),R04,104.071998,30.683402,9.91,1.1624,709,829,低
DO202608120043,2026-08-12,P018,乐多(成华西街一店),R04,104.071998,30.683402,11.39,0.7679,710,830,中
DO202608120044,2026-08-12,P019,奥特乐(成都龙湖上城天街店),R04,104.072004,30.684929,88.94,0.3533,860,980,中
DO202608120045,2026-08-12,P019,奥特乐(成都龙湖上城天街店),R04,104.072004,30.684929,21.21,0.0483,862,982,高
DO202608120046,2026-08-12,P019,奥特乐(成都龙湖上城天街店),R04,104.072004,30.684929,5.75,0.032,863,983,中
DO202608120047,2026-08-12,P020,朴朴超市(西体路店),R04,104.061775,30.681195,43.68,0.0986,512,632,中
DO202608120048,2026-08-12,P020,朴朴超市(西体路店),R04,104.061775,30.681195,15.15,0.389,514,634,高
DO202608120049,2026-08-12,P020,朴朴超市(西体路店),R04,104.061775,30.681195,157.74,0.0786,515,635,中
DO202608120050,2026-08-12,P021,Ole 精品超市(IFS国际金融中心店),R05,104.081893,30.655003,16.88,1.9254,743,863,低
DO202608120051,2026-08-12,P021,Ole 精品超市(IFS国际金融中心店),R05,104.081893,30.655003,211.87,0.1865,743,863,中
DO202608120052,2026-08-12,P021,Ole 精品超市(IFS国际金融中心店),R05,104.081893,30.655003,16.33,0.1774,746,866,中
DO202608120053,2026-08-12,P021,Ole 精品超市(IFS国际金融中心店),R05,104.081893,30.655003,115.69,0.0694,746,866,低
DO202608120054,2026-08-12,P022,四川舞东风超市连锁股份有限公司,R05,104.082047,30.660437,10.39,0.2576,588,708,低
DO202608120055,2026-08-12,P022,四川舞东风超市连锁股份有限公司,R05,104.082047,30.660437,11.7,0.1786,590,710,高
DO202608120056,2026-08-12,P023,永辉超市(文华广场店),R05,104.107695,30.637048,335.66,0.2311,719,839,中
DO202608120057,2026-08-12,P024,永辉超市(锦江城市花园店),R05,104.142752,30.595134,16.97,0.1111,676,796,中
DO202608120058,2026-08-12,P024,永辉超市(锦江城市花园店),R05,104.142752,30.595134,14.35,0.2996,677,797,中
DO202608120059,2026-08-12,P025,红旗超市(成都红旗商厦店),R05,104.072081,30.658735,31.99,0.8955,808,928,低
DO202608120060,2026-08-12,P026,友好多连锁超市(界牌店),R07,104.313922,30.880419,21.96,0.1729,602,722,中
DO202608120061,2026-08-12,P026,友好多连锁超市(界牌店),R07,104.313922,30.880419,4.49,0.5901,603,723,中
DO202608120062,2026-08-12,P027,大荣发连锁超市(和顺雅苑店),R07,104.253582,30.90011,40.74,0.3237,660,780,低
DO202608120063,2026-08-12,P028,永辉超市(天府欧城店),R07,104.256388,30.892152,61.74,0.0379,624,744,中
DO202608120064,2026-08-12,P028,永辉超市(天府欧城店),R07,104.256388,30.892152,60.52,0.4293,627,747,中
DO202608120065,2026-08-12,P028,永辉超市(天府欧城店),R07,104.256388,30.892152,147.21,0.101,628,748,高
DO202608120066,2026-08-12,P029,永辉超市(青白江万达广场店),R07,104.253652,30.878095,11.87,0.1652,878,998,中
DO202608120067,2026-08-12,P029,永辉超市(青白江万达广场店),R07,104.253652,30.878095,47.49,0.243,881,1001,中
DO202608120068,2026-08-12,P029,永辉超市(青白江万达广场店),R07,104.253652,30.878095,22.31,0.0953,884,1004,低
DO202608120069,2026-08-12,P029,永辉超市(青白江万达广场店),R07,104.253652,30.878095,3.6,0.5676,884,1004,低
DO202608120070,2026-08-12,P030,润都连锁生活超市(正兴路店),R07,104.188354,30.87079,42.21,0.8813,827,947,中
DO202608120071,2026-08-12,P031,渝华连锁超市(学苑路店),R07,104.276426,30.875299,23.13,1.7424,585,705,中
DO202608120072,2026-08-12,P031,渝华连锁超市(学苑路店),R07,104.276426,30.875299,1066.15,0.474,586,706,低
DO202608120073,2026-08-12,P031,渝华连锁超市(学苑路店),R07,104.276426,30.875299,19.2,0.018,588,708,中
DO202608120074,2026-08-12,P031,渝华连锁超市(学苑路店),R07,104.276426,30.875299,194.48,1.0785,588,708,低
DO202608120075,2026-08-12,P032,渝华连锁超市(绣川新城店),R07,104.330571,30.85576,252.39,0.5908,591,711,中
DO202608120076,2026-08-12,P032,渝华连锁超市(绣川新城店),R07,104.330571,30.85576,41.38,0.0126,597,717,中
DO202608120077,2026-08-12,P034,红旗连锁(北城新界民族花园店),R07,104.201632,30.877318,30.85,0.5527,889,1009,中
DO202608120078,2026-08-12,P034,红旗连锁(北城新界民族花园店),R07,104.201632,30.877318,100.54,0.0185,890,1010,低
DO202608120079,2026-08-12,P035,红旗连锁(青白江同金街便利店),R07,104.244552,30.889503,38.06,0.2158,613,733,高
DO202608120080,2026-08-12,P035,红旗连锁(青白江同金街便利店),R07,104.244552,30.889503,5.76,0.2124,620,740,低
DO202608120081,2026-08-12,P037,红旗连锁(青白江石家碾西路店),R07,104.253962,30.887052,69.09,0.0693,612,732,高
DO202608120082,2026-08-12,P037,红旗连锁(青白江石家碾西路店),R07,104.253962,30.887052,50.22,0.0868,615,735,低
DO202608120083,2026-08-12,P037,红旗连锁(青白江石家碾西路店),R07,104.253962,30.887052,72.05,0.929,617,737,中
DO202608120084,2026-08-12,P040,上蔬永辉超市(西单商场店),R02,104.000521,30.674866,353.45,0.135,842,962,低
DO202608120085,2026-08-12,P040,上蔬永辉超市(西单商场店),R02,104.000521,30.674866,70.06,0.0446,842,962,中
DO202608120086,2026-08-12,P041,永辉超市(成都青羊中铁大道店),R02,103.961452,30.670211,463.8,0.066,719,839,低
DO202608120087,2026-08-12,P041,永辉超市(成都青羊中铁大道店),R02,103.961452,30.670211,30.06,0.0558,721,841,低
DO202608120088,2026-08-12,P041,永辉超市(成都青羊中铁大道店),R02,103.961452,30.670211,91.27,0.1853,723,843,高
DO202608120089,2026-08-12,P041,永辉超市(成都青羊中铁大道店),R02,103.961452,30.670211,22.86,0.1657,723,843,高
DO202608120090,2026-08-12,P041,永辉超市(成都青羊中铁大道店),R02,103.961452,30.670211,63.78,0.2426,724,844,低
DO202608120091,2026-08-12,P041,永辉超市(成都青羊中铁大道店),R02,103.961452,30.670211,109.81,0.0802,724,844,高
DO202608120092,2026-08-12,P041,永辉超市(成都青羊中铁大道店),R02,103.961452,30.670211,129.3,5.4836,729,849,高
DO202608120093,2026-08-12,P043,红旗超市(中同仁路分场),R02,104.052373,30.668819,7.71,0.0726,534,654,中
DO202608120094,2026-08-12,P043,红旗超市(中同仁路分场),R02,104.052373,30.668819,45.66,0.1844,535,655,低
DO202608120095,2026-08-12,P044,邻你生活超市(大庆店),R02,104.032527,30.669557,6.45,2.5424,575,695,中
DO202608120096,2026-08-12,P045,世纪红连锁超市,R08,104.208007,30.532247,87.5,0.1185,783,903,中
DO202608120097,2026-08-12,P045,世纪红连锁超市,R08,104.208007,30.532247,13.48,0.0408,786,906,低
DO202608120098,2026-08-12,P046,尚喜超市(锦绣路店),R08,104.308338,30.606726,81.18,0.5092,552,672,高
DO202608120099,2026-08-12,P046,尚喜超市(锦绣路店),R08,104.308338,30.606726,12.6,0.4718,556,676,中
DO202608120100,2026-08-12,P046,尚喜超市(锦绣路店),R08,104.308338,30.606726,324.91,0.2053,561,681,中
DO202608120101,2026-08-12,P047,永辉超市(成都龙泉驿万达广场店),R08,104.269392,30.566865,70.51,0.0776,753,873,中
DO202608120102,2026-08-12,P047,永辉超市(成都龙泉驿万达广场店),R08,104.269392,30.566865,8.87,0.0944,754,874,低
DO202608120103,2026-08-12,P047,永辉超市(成都龙泉驿万达广场店),R08,104.269392,30.566865,30.0,3.3688,756,876,低
DO202608120104,2026-08-12,P047,永辉超市(成都龙泉驿万达广场店),R08,104.269392,30.566865,1186.59,4.3105,757,877,低
DO202608120105,2026-08-12,P048,汇联美连锁超市(中街店),R08,104.27333,30.560098,41.81,0.5661,647,767,中
DO202608120106,2026-08-12,P048,汇联美连锁超市(中街店),R08,104.27333,30.560098,174.93,10.2408,651,771,低
DO202608120107,2026-08-12,P048,汇联美连锁超市(中街店),R08,104.27333,30.560098,62.67,0.4178,656,776,中
DO202608120108,2026-08-12,P049,百伦生活超市(龙泉店),R08,104.273346,30.559846,38.27,0.2511,695,815,中
DO202608130000,2026-08-13,P003,红旗连锁,R06,104.132763,30.627528,2.02,0.8415,877,997,高
DO202608130001,2026-08-13,P003,红旗连锁,R06,104.132763,30.627528,36.98,0.139,882,1002,中
DO202608130002,2026-08-13,P004,老蔡小卖部(水碾河路北社区三街店),R06,104.099234,30.648748,88.28,6.3273,541,661,低
DO202608130003,2026-08-13,P004,老蔡小卖部(水碾河路北社区三街店),R06,104.099234,30.648748,75.62,1.3333,542,662,高
DO202608130004,2026-08-13,P005,郝英超市,R06,104.129707,30.628761,21.35,0.6292,878,998,中
DO202608130005,2026-08-13,P006,全家便利店(龙江路店),R03,104.077199,30.641639,20.6,0.0274,615,735,高
DO202608130006,2026-08-13,P006,全家便利店(龙江路店),R03,104.077199,30.641639,11.2,1.3467,617,737,低
DO202608130007,2026-08-13,P006,全家便利店(龙江路店),R03,104.077199,30.641639,25.43,2.7421,618,738,中
DO202608130008,2026-08-13,P006,全家便利店(龙江路店),R03,104.077199,30.641639,15.74,0.389,618,738,中
DO202608130009,2026-08-13,P007,永辉超市(成都市新城吾悦广场店),R03,103.988663,30.626255,195.85,0.1435,720,840,低
DO202608130010,2026-08-13,P008,永辉超市(银泰城店),R03,104.058121,30.541191,34.84,0.1851,902,1022,高
DO202608130011,2026-08-13,P008,永辉超市(银泰城店),R03,104.058121,30.541191,104.6,0.0827,906,1026,中
DO202608130012,2026-08-13,P008,永辉超市(银泰城店),R03,104.058121,30.541191,58.99,0.089,908,1028,中
DO202608130013,2026-08-13,P009,永辉超市(龙湖成都金楠天街店),R03,103.995986,30.648731,68.51,1.7566,526,646,中
DO202608130014,2026-08-13,P009,永辉超市(龙湖成都金楠天街店),R03,103.995986,30.648731,8.36,0.6343,534,654,低
DO202608130015,2026-08-13,P010,百分百超市(心语店),R03,104.045915,30.545712,11.75,0.3834,600,720,高
DO202608130016,2026-08-13,P010,百分百超市(心语店),R03,104.045915,30.545712,72.56,3.3952,601,721,中
DO202608130017,2026-08-13,P011,永辉超市(成都市双铁广场店),R01,103.975737,30.758309,49.45,3.8368,869,989,中
DO202608130018,2026-08-13,P011,永辉超市(成都市双铁广场店),R01,103.975737,30.758309,168.97,0.1925,878,998,高
DO202608130019,2026-08-13,P012,永辉超市(成都市蜀都万达广场店),R01,103.907862,30.807642,12.07,0.6509,568,688,中
DO202608130020,2026-08-13,P012,永辉超市(成都市蜀都万达广场店),R01,103.907862,30.807642,10.83,0.297,569,689,高
DO202608130021,2026-08-13,P012,永辉超市(成都市蜀都万达广场店),R01,103.907862,30.807642,10.13,1.7301,573,693,低
DO202608130022,2026-08-13,P012,永辉超市(成都市蜀都万达广场店),R01,103.907862,30.807642,128.83,2.0057,575,695,中
DO202608130023,2026-08-13,P013,永辉超市(爱琴海购物中心店),R01,103.991901,30.737566,49.26,0.0084,725,845,高
DO202608130024,2026-08-13,P013,永辉超市(爱琴海购物中心店),R01,103.991901,30.737566,206.08,0.2369,727,847,中
DO202608130025,2026-08-13,P013,永辉超市(爱琴海购物中心店),R01,103.991901,30.737566,5.36,0.2809,729,849,中
DO202608130026,2026-08-13,P014,永辉超市(龙湖成都时代天街店),R01,103.921214,30.750831,11.41,1.3245,583,703,高
DO202608130027,2026-08-13,P014,永辉超市(龙湖成都时代天街店),R01,103.921214,30.750831,13.59,1.2081,584,704,高
DO202608130028,2026-08-13,P014,永辉超市(龙湖成都时代天街店),R01,103.921214,30.750831,20.29,2.4699,585,705,高
DO202608130029,2026-08-13,P015,红旗超市(龙湖时代天街店),R01,103.919653,30.752444,170.59,0.125,615,735,低
DO202608130030,2026-08-13,P015,红旗超市(龙湖时代天街店),R01,103.919653,30.752444,118.36,0.1227,620,740,中
DO202608130031,2026-08-13,P015,红旗超市(龙湖时代天街店),R01,103.919653,30.752444,17.1,2.0246,623,743,低
DO202608130032,2026-08-13,P017,LAWSON罗森(龙湖成都上城天街店),R04,104.071944,30.68395,96.0,0.6266,752,872,低
DO202608130033,2026-08-13,P017,LAWSON罗森(龙湖成都上城天街店),R04,104.071944,30.68395,195.92,0.3146,755,875,中
DO202608130034,2026-08-13,P017,LAWSON罗森(龙湖成都上城天街店),R04,104.071944,30.68395,95.97,0.692,757,877,低
DO202608130035,2026-08-13,P017,LAWSON罗森(龙湖成都上城天街店),R04,104.071944,30.68395,10.32,0.5695,758,878,高
DO202608130036,2026-08-13,P018,乐多(成华西街一店),R04,104.071998,30.683402,44.41,0.5486,868,988,中
DO202608130037,2026-08-13,P018,乐多(成华西街一店),R04,104.071998,30.683402,325.79,0.0957,877,997,中
DO202608130038,2026-08-13,P019,奥特乐(成都龙湖上城天街店),R04,104.072004,30.684929,61.39,2.7016,526,646,中
DO202608130039,2026-08-13,P019,奥特乐(成都龙湖上城天街店),R04,104.072004,30.684929,13.64,0.0471,530,650,中
DO202608130040,2026-08-13,P019,奥特乐(成都龙湖上城天街店),R04,104.072004,30.684929,85.23,1.2685,530,650,低
DO202608130041,2026-08-13,P019,奥特乐(成都龙湖上城天街店),R04,104.072004,30.684929,171.72,0.1415,533,653,中
DO202608130042,2026-08-13,P019,奥特乐(成都龙湖上城天街店),R04,104.072004,30.684929,380.5,1.234,536,656,中
DO202608130043,2026-08-13,P020,朴朴超市(西体路店),R04,104.061775,30.681195,23.55,0.5326,718,838,低
DO202608130044,2026-08-13,P020,朴朴超市(西体路店),R04,104.061775,30.681195,192.44,0.1257,721,841,低
DO202608130045,2026-08-13,P020,朴朴超市(西体路店),R04,104.061775,30.681195,34.19,0.3997,724,844,中
DO202608130046,2026-08-13,P020,朴朴超市(西体路店),R04,104.061775,30.681195,14.16,0.0231,726,846,低
DO202608130047,2026-08-13,P021,Ole 精品超市(IFS国际金融中心店),R05,104.081893,30.655003,34.7,0.2041,661,781,高
DO202608130048,2026-08-13,P021,Ole 精品超市(IFS国际金融中心店),R05,104.081893,30.655003,36.72,0.8168,661,781,高
DO202608130049,2026-08-13,P022,四川舞东风超市连锁股份有限公司,R05,104.082047,30.660437,19.97,0.035,891,1011,中
DO202608130050,2026-08-13,P022,四川舞东风超市连锁股份有限公司,R05,104.082047,30.660437,95.66,1.107,894,1014,低
DO202608130051,2026-08-13,P022,四川舞东风超市连锁股份有限公司,R05,104.082047,30.660437,151.26,0.5186,895,1015,中
DO202608130052,2026-08-13,P022,四川舞东风超市连锁股份有限公司,R05,104.082047,30.660437,41.31,0.3749,901,1021,中
DO202608130053,2026-08-13,P023,永辉超市(文华广场店),R05,104.107695,30.637048,15.83,0.3083,616,736,低
DO202608130054,2026-08-13,P023,永辉超市(文华广场店),R05,104.107695,30.637048,1.57,0.4188,617,737,中
DO202608130055,2026-08-13,P023,永辉超市(文华广场店),R05,104.107695,30.637048,13.6,0.0609,617,737,低
DO202608130056,2026-08-13,P025,红旗超市(成都红旗商厦店),R05,104.072081,30.658735,2.18,1.6563,616,736,高
DO202608130057,2026-08-13,P027,大荣发连锁超市(和顺雅苑店),R07,104.253582,30.90011,49.15,0.2477,880,1000,低
DO202608130058,2026-08-13,P027,大荣发连锁超市(和顺雅苑店),R07,104.253582,30.90011,11.51,0.3826,881,1001,高
DO202608130059,2026-08-13,P027,大荣发连锁超市(和顺雅苑店),R07,104.253582,30.90011,454.97,0.1739,887,1007,中
DO202608130060,2026-08-13,P027,大荣发连锁超市(和顺雅苑店),R07,104.253582,30.90011,48.38,0.1738,888,1008,中
DO202608130061,2026-08-13,P029,永辉超市(青白江万达广场店),R07,104.253652,30.878095,10.43,0.7435,837,957,中
DO202608130062,2026-08-13,P029,永辉超市(青白江万达广场店),R07,104.253652,30.878095,59.87,0.0642,837,957,中
DO202608130063,2026-08-13,P029,永辉超市(青白江万达广场店),R07,104.253652,30.878095,21.28,0.1027,839,959,中
DO202608130064,2026-08-13,P029,永辉超市(青白江万达广场店),R07,104.253652,30.878095,53.12,0.271,841,961,中
DO202608130065,2026-08-13,P029,永辉超市(青白江万达广场店),R07,104.253652,30.878095,83.79,0.0791,843,963,低
DO202608130066,2026-08-13,P029,永辉超市(青白江万达广场店),R07,104.253652,30.878095,182.91,0.5492,843,963,中
DO202608130067,2026-08-13,P030,润都连锁生活超市(正兴路店),R07,104.188354,30.87079,300.95,1.3036,541,661,中
DO202608130068,2026-08-13,P030,润都连锁生活超市(正兴路店),R07,104.188354,30.87079,26.23,0.7023,544,664,高
DO202608130069,2026-08-13,P030,润都连锁生活超市(正兴路店),R07,104.188354,30.87079,5.15,0.2768,550,670,低
DO202608130070,2026-08-13,P031,渝华连锁超市(学苑路店),R07,104.276426,30.875299,12.44,0.913,859,979,中
DO202608130071,2026-08-13,P031,渝华连锁超市(学苑路店),R07,104.276426,30.875299,829.23,0.1893,859,979,高
DO202608130072,2026-08-13,P033,红旗超市(团结花园店),R07,104.246885,30.877313,39.37,0.1147,696,816,中
DO202608130073,2026-08-13,P033,红旗超市(团结花园店),R07,104.246885,30.877313,19.9,0.4641,699,819,高
DO202608130074,2026-08-13,P033,红旗超市(团结花园店),R07,104.246885,30.877313,15.09,0.981,703,823,中
DO202608130075,2026-08-13,P034,红旗连锁(北城新界民族花园店),R07,104.201632,30.877318,7.05,0.0988,889,1009,中
DO202608130076,2026-08-13,P034,红旗连锁(北城新界民族花园店),R07,104.201632,30.877318,5.03,0.2462,892,1012,中
DO202608130077,2026-08-13,P035,红旗连锁(青白江同金街便利店),R07,104.244552,30.889503,20.03,0.5061,716,836,中
DO202608130078,2026-08-13,P036,红旗连锁(青白江城厢首府分场),R07,104.323054,30.860039,148.16,0.3157,674,794,中
DO202608130079,2026-08-13,P036,红旗连锁(青白江城厢首府分场),R07,104.323054,30.860039,54.44,0.1816,674,794,低
DO202608130080,2026-08-13,P037,红旗连锁(青白江石家碾西路店),R07,104.253962,30.887052,8.44,2.0382,785,905,高
DO202608130081,2026-08-13,P037,红旗连锁(青白江石家碾西路店),R07,104.253962,30.887052,6.01,0.1802,785,905,中
DO202608130082,2026-08-13,P038,青江一家超市,R07,104.284321,30.880989,11.81,0.2686,846,966,低
DO202608130083,2026-08-13,P038,青江一家超市,R07,104.284321,30.880989,14.97,0.2096,847,967,高
DO202608130084,2026-08-13,P039,青江百货连锁超市,R07,104.269502,30.876837,278.0,0.0286,721,841,高
DO202608130085,2026-08-13,P039,青江百货连锁超市,R07,104.269502,30.876837,70.7,0.0936,727,847,低
DO202608130086,2026-08-13,P041,永辉超市(成都青羊中铁大道店),R02,103.961452,30.670211,10.07,1.1328,865,985,高
DO202608130087,2026-08-13,P042,永辉超市(青羊新城市店),R02,104.057614,30.67321,12.25,0.8471,691,811,高
DO202608130088,2026-08-13,P042,永辉超市(青羊新城市店),R02,104.057614,30.67321,39.32,0.131,692,812,低
DO202608130089,2026-08-13,P043,红旗超市(中同仁路分场),R02,104.052373,30.668819,71.24,0.9531,528,648,中
DO202608130090,2026-08-13,P043,红旗超市(中同仁路分场),R02,104.052373,30.668819,2.6,0.0986,530,650,中
DO202608130091,2026-08-13,P043,红旗超市(中同仁路分场),R02,104.052373,30.668819,272.37,0.6886,530,650,中
DO202608130092,2026-08-13,P043,红旗超市(中同仁路分场),R02,104.052373,30.668819,14.18,1.0209,533,653,高
DO202608130093,2026-08-13,P044,邻你生活超市(大庆店),R02,104.032527,30.669557,282.77,0.1447,831,951,中
DO202608130094,2026-08-13,P044,邻你生活超市(大庆店),R02,104.032527,30.669557,19.56,0.0847,833,953,中
DO202608130095,2026-08-13,P044,邻你生活超市(大庆店),R02,104.032527,30.669557,1.66,0.1792,837,957,中
DO202608130096,2026-08-13,P045,世纪红连锁超市,R08,104.208007,30.532247,382.44,1.402,637,757,高
DO202608130097,2026-08-13,P045,世纪红连锁超市,R08,104.208007,30.532247,46.65,0.1845,639,759,中
DO202608130098,2026-08-13,P046,尚喜超市(锦绣路店),R08,104.308338,30.606726,20.14,0.0454,847,967,高
DO202608130099,2026-08-13,P046,尚喜超市(锦绣路店),R08,104.308338,30.606726,115.76,0.4539,852,972,低
DO202608130100,2026-08-13,P046,尚喜超市(锦绣路店),R08,104.308338,30.606726,70.98,0.1274,855,975,中
DO202608130101,2026-08-13,P046,尚喜超市(锦绣路店),R08,104.308338,30.606726,37.34,0.3464,855,975,中
DO202608130102,2026-08-13,P047,永辉超市(成都龙泉驿万达广场店),R08,104.269392,30.566865,8.6,2.3451,841,961,低
DO202608130103,2026-08-13,P047,永辉超市(成都龙泉驿万达广场店),R08,104.269392,30.566865,141.97,0.7929,843,963,高
DO202608130104,2026-08-13,P047,永辉超市(成都龙泉驿万达广场店),R08,104.269392,30.566865,21.71,0.2736,846,966,中
DO202608130105,2026-08-13,P047,永辉超市(成都龙泉驿万达广场店),R08,104.269392,30.566865,10.98,0.7604,849,969,高
DO202608130106,2026-08-13,P047,永辉超市(成都龙泉驿万达广场店),R08,104.269392,30.566865,127.54,0.043,849,969,中
DO202608130107,2026-08-13,P048,汇联美连锁超市(中街店),R08,104.27333,30.560098,650.95,2.5517,568,688,高
DO202608130108,2026-08-13,P048,汇联美连锁超市(中街店),R08,104.27333,30.560098,31.42,0.1223,571,691,中
DO202608130109,2026-08-13,P049,百伦生活超市(龙泉店),R08,104.273346,30.559846,100.25,0.1008,849,969,中
DO202608130110,2026-08-13,P049,百伦生活超市(龙泉店),R08,104.273346,30.559846,121.13,1.6391,849,969,低
DO202608140000,2026-08-14,P001,689便民(荣盛·香榭兰庭店),R06,104.135375,30.623625,335.35,0.5519,788,908,高
DO202608140001,2026-08-14,P002,十二超市(佳年华广场1期店),R06,104.131787,30.627615,11.19,0.022,700,820,中
DO202608140002,2026-08-14,P002,十二超市(佳年华广场1期店),R06,104.131787,30.627615,81.43,0.286,706,826,中
DO202608140003,2026-08-14,P004,老蔡小卖部(水碾河路北社区三街店),R06,104.099234,30.648748,54.54,0.1696,662,782,高
DO202608140004,2026-08-14,P004,老蔡小卖部(水碾河路北社区三街店),R06,104.099234,30.648748,114.55,0.527,669,789,中
DO202608140005,2026-08-14,P005,郝英超市,R06,104.129707,30.628761,177.83,2.8215,804,924,中
DO202608140006,2026-08-14,P006,全家便利店(龙江路店),R03,104.077199,30.641639,8.9,0.2659,811,931,低
DO202608140007,2026-08-14,P006,全家便利店(龙江路店),R03,104.077199,30.641639,85.44,0.8246,813,933,中
DO202608140008,2026-08-14,P006,全家便利店(龙江路店),R03,104.077199,30.641639,11.66,0.163,813,933,中
DO202608140009,2026-08-14,P006,全家便利店(龙江路店),R03,104.077199,30.641639,17.85,0.1336,817,937,高
DO202608140010,2026-08-14,P007,永辉超市(成都市新城吾悦广场店),R03,103.988663,30.626255,7.6,0.0256,889,1009,低
DO202608140011,2026-08-14,P009,永辉超市(龙湖成都金楠天街店),R03,103.995986,30.648731,68.67,0.1078,776,896,高
DO202608140012,2026-08-14,P009,永辉超市(龙湖成都金楠天街店),R03,103.995986,30.648731,9.23,0.3037,778,898,高
DO202608140013,2026-08-14,P009,永辉超市(龙湖成都金楠天街店),R03,103.995986,30.648731,227.39,0.3086,778,898,中
DO202608140014,2026-08-14,P009,永辉超市(龙湖成都金楠天街店),R03,103.995986,30.648731,170.46,0.1656,778,898,高
DO202608140015,2026-08-14,P009,永辉超市(龙湖成都金楠天街店),R03,103.995986,30.648731,44.58,0.3022,780,900,低
DO202608140016,2026-08-14,P009,永辉超市(龙湖成都金楠天街店),R03,103.995986,30.648731,63.31,0.0944,782,902,中
DO202608140017,2026-08-14,P009,永辉超市(龙湖成都金楠天街店),R03,103.995986,30.648731,187.73,0.2727,783,903,中
DO202608140018,2026-08-14,P009,永辉超市(龙湖成都金楠天街店),R03,103.995986,30.648731,82.14,0.1499,786,906,低
DO202608140019,2026-08-14,P010,百分百超市(心语店),R03,104.045915,30.545712,12.63,0.0647,575,695,高
DO202608140020,2026-08-14,P010,百分百超市(心语店),R03,104.045915,30.545712,8.85,1.2209,577,697,低
DO202608140021,2026-08-14,P010,百分百超市(心语店),R03,104.045915,30.545712,628.79,0.0636,577,697,中
DO202608140022,2026-08-14,P010,百分百超市(心语店),R03,104.045915,30.545712,1449.64,0.0698,581,701,低
DO202608140023,2026-08-14,P010,百分百超市(心语店),R03,104.045915,30.545712,254.3,0.2308,584,704,中
DO202608140024,2026-08-14,P010,百分百超市(心语店),R03,104.045915,30.545712,8.23,0.0406,585,705,中
DO202608140025,2026-08-14,P011,永辉超市(成都市双铁广场店),R01,103.975737,30.758309,47.72,0.796,801,921,高
DO202608140026,2026-08-14,P012,永辉超市(成都市蜀都万达广场店),R01,103.907862,30.807642,50.51,0.1245,662,782,低
DO202608140027,2026-08-14,P014,永辉超市(龙湖成都时代天街店),R01,103.921214,30.750831,111.22,0.6577,872,992,高
DO202608140028,2026-08-14,P014,永辉超市(龙湖成都时代天街店),R01,103.921214,30.750831,127.93,0.2061,876,996,中
DO202608140029,2026-08-14,P015,红旗超市(龙湖时代天街店),R01,103.919653,30.752444,11.44,0.1299,679,799,高
DO202608140030,2026-08-14,P015,红旗超市(龙湖时代天街店),R01,103.919653,30.752444,154.03,0.5734,680,800,高
DO202608140031,2026-08-14,P015,红旗超市(龙湖时代天街店),R01,103.919653,30.752444,28.39,0.0714,680,800,高
DO202608140032,2026-08-14,P015,红旗超市(龙湖时代天街店),R01,103.919653,30.752444,24.27,0.2794,682,802,中
DO202608140033,2026-08-14,P017,LAWSON罗森(龙湖成都上城天街店),R04,104.071944,30.68395,29.51,0.417,859,979,高
DO202608140034,2026-08-14,P017,LAWSON罗森(龙湖成都上城天街店),R04,104.071944,30.68395,445.87,0.3875,862,982,中
DO202608140035,2026-08-14,P018,乐多(成华西街一店),R04,104.071998,30.683402,55.94,0.4859,626,746,低
DO202608140036,2026-08-14,P018,乐多(成华西街一店),R04,104.071998,30.683402,37.67,0.4607,627,747,中
DO202608140037,2026-08-14,P018,乐多(成华西街一店),R04,104.071998,30.683402,148.64,0.1289,628,748,高
DO202608140038,2026-08-14,P019,奥特乐(成都龙湖上城天街店),R04,104.072004,30.684929,37.97,0.8589,655,775,低
DO202608140039,2026-08-14,P020,朴朴超市(西体路店),R04,104.061775,30.681195,28.88,0.2301,546,666,高
DO202608140040,2026-08-14,P021,Ole 精品超市(IFS国际金融中心店),R05,104.081893,30.655003,53.94,0.1448,784,904,中
DO202608140041,2026-08-14,P021,Ole 精品超市(IFS国际金融中心店),R05,104.081893,30.655003,17.19,0.1744,790,910,中
DO202608140042,2026-08-14,P022,四川舞东风超市连锁股份有限公司,R05,104.082047,30.660437,28.49,0.201,518,638,中
DO202608140043,2026-08-14,P022,四川舞东风超市连锁股份有限公司,R05,104.082047,30.660437,43.91,1.1746,518,638,中
DO202608140044,2026-08-14,P022,四川舞东风超市连锁股份有限公司,R05,104.082047,30.660437,81.14,0.0784,522,642,高
DO202608140045,2026-08-14,P022,四川舞东风超市连锁股份有限公司,R05,104.082047,30.660437,44.15,0.4434,525,645,高
DO202608140046,2026-08-14,P022,四川舞东风超市连锁股份有限公司,R05,104.082047,30.660437,270.61,4.0099,528,648,中
DO202608140047,2026-08-14,P023,永辉超市(文华广场店),R05,104.107695,30.637048,103.11,0.0698,869,989,高
DO202608140048,2026-08-14,P024,永辉超市(锦江城市花园店),R05,104.142752,30.595134,8.28,0.9487,540,660,低
DO202608140049,2026-08-14,P024,永辉超市(锦江城市花园店),R05,104.142752,30.595134,90.97,0.1885,547,667,中
DO202608140050,2026-08-14,P025,红旗超市(成都红旗商厦店),R05,104.072081,30.658735,4.09,0.0846,888,1008,低
DO202608140051,2026-08-14,P027,大荣发连锁超市(和顺雅苑店),R07,104.253582,30.90011,73.19,0.303,582,702,高
DO202608140052,2026-08-14,P027,大荣发连锁超市(和顺雅苑店),R07,104.253582,30.90011,19.88,0.6198,583,703,低
DO202608140053,2026-08-14,P027,大荣发连锁超市(和顺雅苑店),R07,104.253582,30.90011,2.61,0.1375,584,704,高
DO202608140054,2026-08-14,P027,大荣发连锁超市(和顺雅苑店),R07,104.253582,30.90011,9.6,0.1325,585,705,中
DO202608140055,2026-08-14,P028,永辉超市(天府欧城店),R07,104.256388,30.892152,42.52,0.2051,884,1004,高
DO202608140056,2026-08-14,P028,永辉超市(天府欧城店),R07,104.256388,30.892152,40.43,0.2652,885,1005,高
DO202608140057,2026-08-14,P028,永辉超市(天府欧城店),R07,104.256388,30.892152,97.67,0.1067,889,1009,中
DO202608140058,2026-08-14,P029,永辉超市(青白江万达广场店),R07,104.253652,30.878095,23.21,0.0485,580,700,低
DO202608140059,2026-08-14,P029,永辉超市(青白江万达广场店),R07,104.253652,30.878095,19.4,0.2971,585,705,低
DO202608140060,2026-08-14,P030,润都连锁生活超市(正兴路店),R07,104.188354,30.87079,3.19,0.4316,860,980,中
DO202608140061,2026-08-14,P030,润都连锁生活超市(正兴路店),R07,104.188354,30.87079,71.24,0.5035,860,980,高
DO202608140062,2026-08-14,P030,润都连锁生活超市(正兴路店),R07,104.188354,30.87079,56.34,0.2062,862,982,高
DO202608140063,2026-08-14,P030,润都连锁生活超市(正兴路店),R07,104.188354,30.87079,60.5,0.2885,865,985,中
DO202608140064,2026-08-14,P030,润都连锁生活超市(正兴路店),R07,104.188354,30.87079,146.38,0.1003,866,986,中
DO202608140065,2026-08-14,P030,润都连锁生活超市(正兴路店),R07,104.188354,30.87079,258.55,0.2249,866,986,中
DO202608140066,2026-08-14,P032,渝华连锁超市(绣川新城店),R07,104.330571,30.85576,57.2,0.0165,871,991,低
DO202608140067,2026-08-14,P033,红旗超市(团结花园店),R07,104.246885,30.877313,76.66,0.593,648,768,中
DO202608140068,2026-08-14,P033,红旗超市(团结花园店),R07,104.246885,30.877313,28.75,0.2072,652,772,低
DO202608140069,2026-08-14,P033,红旗超市(团结花园店),R07,104.246885,30.877313,17.82,0.168,654,774,低
DO202608140070,2026-08-14,P033,红旗超市(团结花园店),R07,104.246885,30.877313,11.46,0.1612,655,775,高
DO202608140071,2026-08-14,P034,红旗连锁(北城新界民族花园店),R07,104.201632,30.877318,38.51,0.846,589,709,低
DO202608140072,2026-08-14,P034,红旗连锁(北城新界民族花园店),R07,104.201632,30.877318,21.13,0.1666,592,712,中
DO202608140073,2026-08-14,P034,红旗连锁(北城新界民族花园店),R07,104.201632,30.877318,22.73,4.302,593,713,中
DO202608140074,2026-08-14,P035,红旗连锁(青白江同金街便利店),R07,104.244552,30.889503,47.79,0.0395,784,904,高
DO202608140075,2026-08-14,P035,红旗连锁(青白江同金街便利店),R07,104.244552,30.889503,88.53,0.1193,785,905,中
DO202608140076,2026-08-14,P035,红旗连锁(青白江同金街便利店),R07,104.244552,30.889503,172.01,0.017,792,912,中
DO202608140077,2026-08-14,P037,红旗连锁(青白江石家碾西路店),R07,104.253962,30.887052,196.49,0.0599,788,908,中
DO202608140078,2026-08-14,P039,青江百货连锁超市,R07,104.269502,30.876837,74.28,1.0015,618,738,中
DO202608140079,2026-08-14,P039,青江百货连锁超市,R07,104.269502,30.876837,4.56,1.3428,618,738,高
DO202608140080,2026-08-14,P039,青江百货连锁超市,R07,104.269502,30.876837,32.97,0.253,619,739,低
DO202608140081,2026-08-14,P039,青江百货连锁超市,R07,104.269502,30.876837,25.05,0.0586,621,741,中
DO202608140082,2026-08-14,P039,青江百货连锁超市,R07,104.269502,30.876837,59.03,0.1995,623,743,中
DO202608140083,2026-08-14,P040,上蔬永辉超市(西单商场店),R02,104.000521,30.674866,64.76,1.4223,589,709,中
DO202608140084,2026-08-14,P040,上蔬永辉超市(西单商场店),R02,104.000521,30.674866,81.72,0.0797,589,709,中
DO202608140085,2026-08-14,P043,红旗超市(中同仁路分场),R02,104.052373,30.668819,39.8,0.7137,700,820,中
DO202608140086,2026-08-14,P043,红旗超市(中同仁路分场),R02,104.052373,30.668819,177.97,0.5326,701,821,中
DO202608140087,2026-08-14,P043,红旗超市(中同仁路分场),R02,104.052373,30.668819,17.97,0.1646,702,822,高
DO202608140088,2026-08-14,P044,邻你生活超市(大庆店),R02,104.032527,30.669557,238.41,1.0467,829,949,中
DO202608140089,2026-08-14,P044,邻你生活超市(大庆店),R02,104.032527,30.669557,60.22,0.1466,829,949,中
DO202608140090,2026-08-14,P044,邻你生活超市(大庆店),R02,104.032527,30.669557,28.59,0.3059,832,952,中
DO202608140091,2026-08-14,P045,世纪红连锁超市,R08,104.208007,30.532247,19.04,0.5499,586,706,低
DO202608140092,2026-08-14,P045,世纪红连锁超市,R08,104.208007,30.532247,5.29,0.3433,588,708,中
DO202608140093,2026-08-14,P047,永辉超市(成都龙泉驿万达广场店),R08,104.269392,30.566865,92.36,0.6293,631,751,中
DO202608140094,2026-08-14,P048,汇联美连锁超市(中街店),R08,104.27333,30.560098,87.55,0.4208,532,652,中
DO202608140095,2026-08-14,P048,汇联美连锁超市(中街店),R08,104.27333,30.560098,111.54,0.1989,533,653,中
DO202608140096,2026-08-14,P048,汇联美连锁超市(中街店),R08,104.27333,30.560098,310.46,0.5534,533,653,高
DO202608140097,2026-08-14,P049,百伦生活超市(龙泉店),R08,104.273346,30.559846,60.42,0.7216,625,745,中
DO202608150000,2026-08-15,P002,十二超市(佳年华广场1期店),R06,104.131787,30.627615,15.11,0.1707,634,754,高
DO202608150001,2026-08-15,P004,老蔡小卖部(水碾河路北社区三街店),R06,104.099234,30.648748,48.09,0.1957,762,882,中
DO202608150002,2026-08-15,P004,老蔡小卖部(水碾河路北社区三街店),R06,104.099234,30.648748,4.48,0.7787,764,884,高
DO202608150003,2026-08-15,P004,老蔡小卖部(水碾河路北社区三街店),R06,104.099234,30.648748,161.86,0.086,766,886,中
DO202608150004,2026-08-15,P004,老蔡小卖部(水碾河路北社区三街店),R06,104.099234,30.648748,38.12,0.6794,766,886,高
DO202608150005,2026-08-15,P004,老蔡小卖部(水碾河路北社区三街店),R06,104.099234,30.648748,20.19,1.8298,767,887,中
DO202608150006,2026-08-15,P004,老蔡小卖部(水碾河路北社区三街店),R06,104.099234,30.648748,206.18,0.2167,768,888,中
DO202608150007,2026-08-15,P004,老蔡小卖部(水碾河路北社区三街店),R06,104.099234,30.648748,295.01,0.1689,772,892,低
DO202608150008,2026-08-15,P005,郝英超市,R06,104.129707,30.628761,44.72,0.0334,850,970,高
DO202608150009,2026-08-15,P006,全家便利店(龙江路店),R03,104.077199,30.641639,195.35,5.826,828,948,中
DO202608150010,2026-08-15,P006,全家便利店(龙江路店),R03,104.077199,30.641639,14.34,0.228,828,948,低
DO202608150011,2026-08-15,P006,全家便利店(龙江路店),R03,104.077199,30.641639,45.05,0.149,831,951,高
DO202608150012,2026-08-15,P006,全家便利店(龙江路店),R03,104.077199,30.641639,124.56,0.0452,834,954,中
DO202608150013,2026-08-15,P006,全家便利店(龙江路店),R03,104.077199,30.641639,84.18,0.5889,835,955,中
DO202608150014,2026-08-15,P006,全家便利店(龙江路店),R03,104.077199,30.641639,16.3,0.8957,835,955,中
DO202608150015,2026-08-15,P007,永辉超市(成都市新城吾悦广场店),R03,103.988663,30.626255,10.77,0.7511,594,714,低
DO202608150016,2026-08-15,P008,永辉超市(银泰城店),R03,104.058121,30.541191,115.3,0.3701,521,641,低
DO202608150017,2026-08-15,P009,永辉超市(龙湖成都金楠天街店),R03,103.995986,30.648731,40.81,0.247,554,674,中
DO202608150018,2026-08-15,P010,百分百超市(心语店),R03,104.045915,30.545712,19.36,0.3422,545,665,中
DO202608150019,2026-08-15,P010,百分百超市(心语店),R03,104.045915,30.545712,35.14,0.1444,547,667,高
DO202608150020,2026-08-15,P010,百分百超市(心语店),R03,104.045915,30.545712,26.6,0.0792,548,668,中
DO202608150021,2026-08-15,P010,百分百超市(心语店),R03,104.045915,30.545712,4.16,0.2898,551,671,低
DO202608150022,2026-08-15,P011,永辉超市(成都市双铁广场店),R01,103.975737,30.758309,321.23,0.0586,690,810,中
DO202608150023,2026-08-15,P011,永辉超市(成都市双铁广场店),R01,103.975737,30.758309,64.04,1.2726,691,811,中
DO202608150024,2026-08-15,P011,永辉超市(成都市双铁广场店),R01,103.975737,30.758309,32.43,0.0778,692,812,低
DO202608150025,2026-08-15,P011,永辉超市(成都市双铁广场店),R01,103.975737,30.758309,3.81,1.4979,694,814,高
DO202608150026,2026-08-15,P013,永辉超市(爱琴海购物中心店),R01,103.991901,30.737566,8.23,0.0872,756,876,中
DO202608150027,2026-08-15,P013,永辉超市(爱琴海购物中心店),R01,103.991901,30.737566,105.3,0.084,757,877,低
DO202608150028,2026-08-15,P013,永辉超市(爱琴海购物中心店),R01,103.991901,30.737566,30.28,0.3319,758,878,低
DO202608150029,2026-08-15,P013,永辉超市(爱琴海购物中心店),R01,103.991901,30.737566,398.08,0.0988,759,879,高
DO202608150030,2026-08-15,P014,永辉超市(龙湖成都时代天街店),R01,103.921214,30.750831,65.11,0.2966,883,1003,中
DO202608150031,2026-08-15,P014,永辉超市(龙湖成都时代天街店),R01,103.921214,30.750831,73.03,0.1066,884,1004,中
DO202608150032,2026-08-15,P014,永辉超市(龙湖成都时代天街店),R01,103.921214,30.750831,183.43,0.2464,890,1010,高
DO202608150033,2026-08-15,P015,红旗超市(龙湖时代天街店),R01,103.919653,30.752444,8.88,0.2166,728,848,低
DO202608150034,2026-08-15,P015,红旗超市(龙湖时代天街店),R01,103.919653,30.752444,65.75,0.4344,731,851,低
DO202608150035,2026-08-15,P015,红旗超市(龙湖时代天街店),R01,103.919653,30.752444,6.7,0.0218,735,855,低
DO202608150036,2026-08-15,P016,LAWSON罗森(枣子巷15号院店),R04,104.044885,30.667759,17.87,0.4785,733,853,中
DO202608150037,2026-08-15,P016,LAWSON罗森(枣子巷15号院店),R04,104.044885,30.667759,30.73,0.4628,734,854,低
DO202608150038,2026-08-15,P016,LAWSON罗森(枣子巷15号院店),R04,104.044885,30.667759,168.34,1.0355,739,859,低
DO202608150039,2026-08-15,P016,LAWSON罗森(枣子巷15号院店),R04,104.044885,30.667759,334.36,0.5781,740,860,中
DO202608150040,2026-08-15,P017,LAWSON罗森(龙湖成都上城天街店),R04,104.071944,30.68395,28.52,0.5869,690,810,高
DO202608150041,2026-08-15,P018,乐多(成华西街一店),R04,104.071998,30.683402,44.67,0.5943,553,673,高
DO202608150042,2026-08-15,P018,乐多(成华西街一店),R04,104.071998,30.683402,21.46,0.3582,557,677,高
DO202608150043,2026-08-15,P018,乐多(成华西街一店),R04,104.071998,30.683402,10.81,0.2571,557,677,高
DO202608150044,2026-08-15,P019,奥特乐(成都龙湖上城天街店),R04,104.072004,30.684929,18.71,0.4032,883,1003,高
DO202608150045,2026-08-15,P021,Ole 精品超市(IFS国际金融中心店),R05,104.081893,30.655003,36.92,0.1274,818,938,中
DO202608150046,2026-08-15,P022,四川舞东风超市连锁股份有限公司,R05,104.082047,30.660437,20.25,2.715,762,882,低
DO202608150047,2026-08-15,P022,四川舞东风超市连锁股份有限公司,R05,104.082047,30.660437,188.6,0.5906,770,890,低
DO202608150048,2026-08-15,P024,永辉超市(锦江城市花园店),R05,104.142752,30.595134,52.73,0.3984,642,762,中
DO202608150049,2026-08-15,P024,永辉超市(锦江城市花园店),R05,104.142752,30.595134,551.37,0.8935,643,763,高
DO202608150050,2026-08-15,P024,永辉超市(锦江城市花园店),R05,104.142752,30.595134,350.59,0.6677,646,766,低
DO202608150051,2026-08-15,P024,永辉超市(锦江城市花园店),R05,104.142752,30.595134,86.38,0.2496,647,767,高
DO202608150052,2026-08-15,P025,红旗超市(成都红旗商厦店),R05,104.072081,30.658735,29.07,0.1513,804,924,低
DO202608150053,2026-08-15,P025,红旗超市(成都红旗商厦店),R05,104.072081,30.658735,30.0,0.0935,806,926,低
DO202608150054,2026-08-15,P027,大荣发连锁超市(和顺雅苑店),R07,104.253582,30.90011,20.87,0.0483,614,734,中
DO202608150055,2026-08-15,P027,大荣发连锁超市(和顺雅苑店),R07,104.253582,30.90011,41.49,0.2055,616,736,中
DO202608150056,2026-08-15,P028,永辉超市(天府欧城店),R07,104.256388,30.892152,9.47,0.0881,613,733,中
DO202608150057,2026-08-15,P028,永辉超市(天府欧城店),R07,104.256388,30.892152,12.7,0.2012,615,735,低
DO202608150058,2026-08-15,P028,永辉超市(天府欧城店),R07,104.256388,30.892152,14.63,0.4102,616,736,中
DO202608150059,2026-08-15,P028,永辉超市(天府欧城店),R07,104.256388,30.892152,63.19,0.4422,619,739,高
DO202608150060,2026-08-15,P029,永辉超市(青白江万达广场店),R07,104.253652,30.878095,21.52,0.2313,551,671,中
DO202608150061,2026-08-15,P029,永辉超市(青白江万达广场店),R07,104.253652,30.878095,24.74,0.7705,551,671,高
DO202608150062,2026-08-15,P029,永辉超市(青白江万达广场店),R07,104.253652,30.878095,76.01,0.6599,554,674,中
DO202608150063,2026-08-15,P030,润都连锁生活超市(正兴路店),R07,104.188354,30.87079,32.34,0.0129,833,953,低
DO202608150064,2026-08-15,P030,润都连锁生活超市(正兴路店),R07,104.188354,30.87079,34.52,0.3947,837,957,中
DO202608150065,2026-08-15,P030,润都连锁生活超市(正兴路店),R07,104.188354,30.87079,35.88,0.5265,838,958,中
DO202608150066,2026-08-15,P030,润都连锁生活超市(正兴路店),R07,104.188354,30.87079,10.67,0.0573,842,962,低
DO202608150067,2026-08-15,P031,渝华连锁超市(学苑路店),R07,104.276426,30.875299,122.06,0.8616,743,863,中
DO202608150068,2026-08-15,P031,渝华连锁超市(学苑路店),R07,104.276426,30.875299,5.96,0.4729,748,868,高
DO202608150069,2026-08-15,P031,渝华连锁超市(学苑路店),R07,104.276426,30.875299,6.73,0.055,749,869,中
DO202608150070,2026-08-15,P031,渝华连锁超市(学苑路店),R07,104.276426,30.875299,25.12,0.085,750,870,中
DO202608150071,2026-08-15,P033,红旗超市(团结花园店),R07,104.246885,30.877313,6.12,0.272,765,885,高
DO202608150072,2026-08-15,P033,红旗超市(团结花园店),R07,104.246885,30.877313,790.72,0.3867,768,888,中
DO202608150073,2026-08-15,P033,红旗超市(团结花园店),R07,104.246885,30.877313,234.37,0.2306,769,889,高
DO202608150074,2026-08-15,P033,红旗超市(团结花园店),R07,104.246885,30.877313,12.14,0.0915,773,893,高
DO202608150075,2026-08-15,P033,红旗超市(团结花园店),R07,104.246885,30.877313,53.33,0.1077,775,895,中
DO202608150076,2026-08-15,P035,红旗连锁(青白江同金街便利店),R07,104.244552,30.889503,471.65,0.6026,690,810,低
DO202608150077,2026-08-15,P035,红旗连锁(青白江同金街便利店),R07,104.244552,30.889503,21.85,1.2983,690,810,低
DO202608150078,2026-08-15,P036,红旗连锁(青白江城厢首府分场),R07,104.323054,30.860039,132.37,0.0072,646,766,中
DO202608150079,2026-08-15,P036,红旗连锁(青白江城厢首府分场),R07,104.323054,30.860039,42.12,0.1209,649,769,高
DO202608150080,2026-08-15,P036,红旗连锁(青白江城厢首府分场),R07,104.323054,30.860039,11.8,0.7132,650,770,高
DO202608150081,2026-08-15,P036,红旗连锁(青白江城厢首府分场),R07,104.323054,30.860039,77.14,1.7454,653,773,中
DO202608150082,2026-08-15,P037,红旗连锁(青白江石家碾西路店),R07,104.253962,30.887052,8.74,3.8426,790,910,低
DO202608150083,2026-08-15,P037,红旗连锁(青白江石家碾西路店),R07,104.253962,30.887052,43.58,0.4581,793,913,高
DO202608150084,2026-08-15,P038,青江一家超市,R07,104.284321,30.880989,84.81,0.2844,841,961,高
DO202608150085,2026-08-15,P038,青江一家超市,R07,104.284321,30.880989,17.55,0.622,843,963,中
DO202608150086,2026-08-15,P038,青江一家超市,R07,104.284321,30.880989,11.36,0.0051,843,963,中
DO202608150087,2026-08-15,P038,青江一家超市,R07,104.284321,30.880989,44.73,0.3547,844,964,低
DO202608150088,2026-08-15,P038,青江一家超市,R07,104.284321,30.880989,8.66,0.2535,846,966,高
DO202608150089,2026-08-15,P038,青江一家超市,R07,104.284321,30.880989,9.05,0.119,846,966,中
DO202608150090,2026-08-15,P039,青江百货连锁超市,R07,104.269502,30.876837,3749.62,0.1157,865,985,中
DO202608150091,2026-08-15,P041,永辉超市(成都青羊中铁大道店),R02,103.961452,30.670211,11.92,2.2915,834,954,中
DO202608150092,2026-08-15,P041,永辉超市(成都青羊中铁大道店),R02,103.961452,30.670211,13.84,4.2217,834,954,中
DO202608150093,2026-08-15,P041,永辉超市(成都青羊中铁大道店),R02,103.961452,30.670211,33.56,0.1437,839,959,低
DO202608150094,2026-08-15,P043,红旗超市(中同仁路分场),R02,104.052373,30.668819,97.44,0.3635,574,694,中
DO202608150095,2026-08-15,P043,红旗超市(中同仁路分场),R02,104.052373,30.668819,6.41,0.0158,580,700,低
DO202608150096,2026-08-15,P044,邻你生活超市(大庆店),R02,104.032527,30.669557,6.81,0.3096,759,879,中
DO202608150097,2026-08-15,P044,邻你生活超市(大庆店),R02,104.032527,30.669557,67.07,0.0445,764,884,中
DO202608150098,2026-08-15,P045,世纪红连锁超市,R08,104.208007,30.532247,17.49,0.0364,756,876,中
DO202608150099,2026-08-15,P046,尚喜超市(锦绣路店),R08,104.308338,30.606726,505.78,0.066,595,715,中
DO202608150100,2026-08-15,P047,永辉超市(成都龙泉驿万达广场店),R08,104.269392,30.566865,106.78,1.0224,667,787,低
DO202608150101,2026-08-15,P047,永辉超市(成都龙泉驿万达广场店),R08,104.269392,30.566865,12.74,1.3103,667,787,低
DO202608150102,2026-08-15,P047,永辉超市(成都龙泉驿万达广场店),R08,104.269392,30.566865,7.51,1.1153,671,791,高
DO202608150103,2026-08-15,P048,汇联美连锁超市(中街店),R08,104.27333,30.560098,54.9,2.3163,689,809,中
DO202608150104,2026-08-15,P048,汇联美连锁超市(中街店),R08,104.27333,30.560098,47.46,0.4023,693,813,低
DO202608150105,2026-08-15,P048,汇联美连锁超市(中街店),R08,104.27333,30.560098,106.49,0.1891,699,819,中
DO202608150106,2026-08-15,P049,百伦生活超市(龙泉店),R08,104.273346,30.559846,3.47,0.1526,536,656,中
DO202608150107,2026-08-15,P049,百伦生活超市(龙泉店),R08,104.273346,30.559846,473.06,0.5263,538,658,高
DO202608150108,2026-08-15,P049,百伦生活超市(龙泉店),R08,104.273346,30.559846,4.28,0.0843,538,658,高
DO202608150109,2026-08-15,P049,百伦生活超市(龙泉店),R08,104.273346,30.559846,18.39,0.707,543,663,中
DO202608160000,2026-08-16,P001,689便民(荣盛·香榭兰庭店),R06,104.135375,30.623625,27.83,2.2868,861,981,中
DO202608160001,2026-08-16,P001,689便民(荣盛·香榭兰庭店),R06,104.135375,30.623625,60.87,0.6376,861,981,中
DO202608160002,2026-08-16,P001,689便民(荣盛·香榭兰庭店),R06,104.135375,30.623625,252.18,0.8491,862,982,中
DO202608160003,2026-08-16,P001,689便民(荣盛·香榭兰庭店),R06,104.135375,30.623625,61.31,0.0081,862,982,中
DO202608160004,2026-08-16,P002,十二超市(佳年华广场1期店),R06,104.131787,30.627615,4.81,0.0887,538,658,低
DO202608160005,2026-08-16,P002,十二超市(佳年华广场1期店),R06,104.131787,30.627615,3.97,0.8633,538,658,低
DO202608160006,2026-08-16,P002,十二超市(佳年华广场1期店),R06,104.131787,30.627615,47.38,0.6706,542,662,中
DO202608160007,2026-08-16,P003,红旗连锁,R06,104.132763,30.627528,7.63,0.6218,658,778,中
DO202608160008,2026-08-16,P003,红旗连锁,R06,104.132763,30.627528,43.24,0.4359,659,779,低
DO202608160009,2026-08-16,P003,红旗连锁,R06,104.132763,30.627528,100.39,0.0627,660,780,中
DO202608160010,2026-08-16,P003,红旗连锁,R06,104.132763,30.627528,19.28,0.0901,662,782,高
DO202608160011,2026-08-16,P004,老蔡小卖部(水碾河路北社区三街店),R06,104.099234,30.648748,16.87,0.0799,563,683,中
DO202608160012,2026-08-16,P004,老蔡小卖部(水碾河路北社区三街店),R06,104.099234,30.648748,7.63,0.2093,563,683,中
DO202608160013,2026-08-16,P004,老蔡小卖部(水碾河路北社区三街店),R06,104.099234,30.648748,326.82,0.0799,563,683,高
DO202608160014,2026-08-16,P004,老蔡小卖部(水碾河路北社区三街店),R06,104.099234,30.648748,31.72,3.1228,564,684,中
DO202608160015,2026-08-16,P004,老蔡小卖部(水碾河路北社区三街店),R06,104.099234,30.648748,955.7,0.2502,566,686,中
DO202608160016,2026-08-16,P004,老蔡小卖部(水碾河路北社区三街店),R06,104.099234,30.648748,5.07,1.2308,570,690,低
DO202608160017,2026-08-16,P004,老蔡小卖部(水碾河路北社区三街店),R06,104.099234,30.648748,10.27,0.0205,571,691,中
DO202608160018,2026-08-16,P004,老蔡小卖部(水碾河路北社区三街店),R06,104.099234,30.648748,34.85,4.6125,572,692,高
DO202608160019,2026-08-16,P006,全家便利店(龙江路店),R03,104.077199,30.641639,16.39,2.1321,558,678,中
DO202608160020,2026-08-16,P006,全家便利店(龙江路店),R03,104.077199,30.641639,146.23,0.9317,566,686,高
DO202608160021,2026-08-16,P007,永辉超市(成都市新城吾悦广场店),R03,103.988663,30.626255,33.64,0.3284,750,870,中
DO202608160022,2026-08-16,P008,永辉超市(银泰城店),R03,104.058121,30.541191,10.01,0.1446,531,651,高
DO202608160023,2026-08-16,P009,永辉超市(龙湖成都金楠天街店),R03,103.995986,30.648731,19.43,2.5592,821,941,高
DO202608160024,2026-08-16,P009,永辉超市(龙湖成都金楠天街店),R03,103.995986,30.648731,1455.26,0.2144,824,944,低
DO202608160025,2026-08-16,P009,永辉超市(龙湖成都金楠天街店),R03,103.995986,30.648731,28.06,0.0777,828,948,高
DO202608160026,2026-08-16,P010,百分百超市(心语店),R03,104.045915,30.545712,79.51,0.8336,804,924,中
DO202608160027,2026-08-16,P010,百分百超市(心语店),R03,104.045915,30.545712,109.84,2.675,807,927,中
DO202608160028,2026-08-16,P011,永辉超市(成都市双铁广场店),R01,103.975737,30.758309,8.31,0.3795,691,811,中
DO202608160029,2026-08-16,P011,永辉超市(成都市双铁广场店),R01,103.975737,30.758309,133.33,0.1216,692,812,中
DO202608160030,2026-08-16,P012,永辉超市(成都市蜀都万达广场店),R01,103.907862,30.807642,12.17,0.4285,833,953,中
DO202608160031,2026-08-16,P012,永辉超市(成都市蜀都万达广场店),R01,103.907862,30.807642,46.05,0.1256,837,957,中
DO202608160032,2026-08-16,P013,永辉超市(爱琴海购物中心店),R01,103.991901,30.737566,74.17,1.1608,555,675,低
DO202608160033,2026-08-16,P013,永辉超市(爱琴海购物中心店),R01,103.991901,30.737566,159.58,0.0541,555,675,高
DO202608160034,2026-08-16,P013,永辉超市(爱琴海购物中心店),R01,103.991901,30.737566,57.0,0.1066,557,677,低
DO202608160035,2026-08-16,P013,永辉超市(爱琴海购物中心店),R01,103.991901,30.737566,14.89,0.0796,560,680,中
DO202608160036,2026-08-16,P014,永辉超市(龙湖成都时代天街店),R01,103.921214,30.750831,304.97,0.9825,865,985,中
DO202608160037,2026-08-16,P015,红旗超市(龙湖时代天街店),R01,103.919653,30.752444,462.26,0.1296,680,800,低
DO202608160038,2026-08-16,P015,红旗超市(龙湖时代天街店),R01,103.919653,30.752444,48.87,0.076,681,801,中
DO202608160039,2026-08-16,P015,红旗超市(龙湖时代天街店),R01,103.919653,30.752444,14.33,0.1641,684,804,中
DO202608160040,2026-08-16,P016,LAWSON罗森(枣子巷15号院店),R04,104.044885,30.667759,31.72,0.3779,520,640,低
DO202608160041,2026-08-16,P016,LAWSON罗森(枣子巷15号院店),R04,104.044885,30.667759,24.89,0.0526,520,640,高
DO202608160042,2026-08-16,P017,LAWSON罗森(龙湖成都上城天街店),R04,104.071944,30.68395,72.52,0.2216,618,738,中
DO202608160043,2026-08-16,P017,LAWSON罗森(龙湖成都上城天街店),R04,104.071944,30.68395,17.19,0.0735,621,741,中
DO202608160044,2026-08-16,P018,乐多(成华西街一店),R04,104.071998,30.683402,328.07,0.3844,746,866,高
DO202608160045,2026-08-16,P019,奥特乐(成都龙湖上城天街店),R04,104.072004,30.684929,114.66,0.2857,545,665,低
DO202608160046,2026-08-16,P020,朴朴超市(西体路店),R04,104.061775,30.681195,20.49,1.2598,710,830,低
DO202608160047,2026-08-16,P021,Ole 精品超市(IFS国际金融中心店),R05,104.081893,30.655003,33.96,0.3794,798,918,低
DO202608160048,2026-08-16,P022,四川舞东风超市连锁股份有限公司,R05,104.082047,30.660437,14.16,0.2003,689,809,低
DO202608160049,2026-08-16,P022,四川舞东风超市连锁股份有限公司,R05,104.082047,30.660437,9.32,0.0633,696,816,高
DO202608160050,2026-08-16,P022,四川舞东风超市连锁股份有限公司,R05,104.082047,30.660437,18.6,0.146,697,817,中
DO202608160051,2026-08-16,P023,永辉超市(文华广场店),R05,104.107695,30.637048,101.57,0.0383,561,681,中
DO202608160052,2026-08-16,P024,永辉超市(锦江城市花园店),R05,104.142752,30.595134,16.78,0.1248,823,943,高
DO202608160053,2026-08-16,P024,永辉超市(锦江城市花园店),R05,104.142752,30.595134,20.6,3.5616,823,943,中
DO202608160054,2026-08-16,P024,永辉超市(锦江城市花园店),R05,104.142752,30.595134,472.6,0.3285,823,943,中
DO202608160055,2026-08-16,P024,永辉超市(锦江城市花园店),R05,104.142752,30.595134,202.61,0.0557,826,946,高
DO202608160056,2026-08-16,P024,永辉超市(锦江城市花园店),R05,104.142752,30.595134,94.82,0.8077,827,947,低
DO202608160057,2026-08-16,P025,红旗超市(成都红旗商厦店),R05,104.072081,30.658735,6.95,0.4338,821,941,中
DO202608160058,2026-08-16,P025,红旗超市(成都红旗商厦店),R05,104.072081,30.658735,31.6,0.0607,822,942,中
DO202608160059,2026-08-16,P025,红旗超市(成都红旗商厦店),R05,104.072081,30.658735,11.88,0.0922,830,950,中
DO202608160060,2026-08-16,P026,友好多连锁超市(界牌店),R07,104.313922,30.880419,37.77,0.061,646,766,高
DO202608160061,2026-08-16,P027,大荣发连锁超市(和顺雅苑店),R07,104.253582,30.90011,311.52,0.5892,659,779,中
DO202608160062,2026-08-16,P027,大荣发连锁超市(和顺雅苑店),R07,104.253582,30.90011,10.85,2.8366,659,779,中
DO202608160063,2026-08-16,P027,大荣发连锁超市(和顺雅苑店),R07,104.253582,30.90011,69.69,0.258,666,786,中
DO202608160064,2026-08-16,P028,永辉超市(天府欧城店),R07,104.256388,30.892152,87.75,18.7036,734,854,中
DO202608160065,2026-08-16,P028,永辉超市(天府欧城店),R07,104.256388,30.892152,0.94,0.708,736,856,低
DO202608160066,2026-08-16,P028,永辉超市(天府欧城店),R07,104.256388,30.892152,33.5,1.7711,741,861,中
DO202608160067,2026-08-16,P029,永辉超市(青白江万达广场店),R07,104.253652,30.878095,14.57,0.2077,829,949,中
DO202608160068,2026-08-16,P029,永辉超市(青白江万达广场店),R07,104.253652,30.878095,53.78,0.8545,831,951,中
DO202608160069,2026-08-16,P030,润都连锁生活超市(正兴路店),R07,104.188354,30.87079,20.67,2.5556,760,880,中
DO202608160070,2026-08-16,P030,润都连锁生活超市(正兴路店),R07,104.188354,30.87079,37.39,0.9246,761,881,高
DO202608160071,2026-08-16,P030,润都连锁生活超市(正兴路店),R07,104.188354,30.87079,97.27,0.2119,763,883,中
DO202608160072,2026-08-16,P030,润都连锁生活超市(正兴路店),R07,104.188354,30.87079,93.01,1.1334,764,884,低
DO202608160073,2026-08-16,P030,润都连锁生活超市(正兴路店),R07,104.188354,30.87079,32.25,0.0861,765,885,高
DO202608160074,2026-08-16,P030,润都连锁生活超市(正兴路店),R07,104.188354,30.87079,153.17,0.1285,766,886,高
DO202608160075,2026-08-16,P031,渝华连锁超市(学苑路店),R07,104.276426,30.875299,7.26,0.5459,839,959,高
DO202608160076,2026-08-16,P032,渝华连锁超市(绣川新城店),R07,104.330571,30.85576,12.65,0.6806,881,1001,低
DO202608160077,2026-08-16,P032,渝华连锁超市(绣川新城店),R07,104.330571,30.85576,45.3,0.1194,891,1011,中
DO202608160078,2026-08-16,P033,红旗超市(团结花园店),R07,104.246885,30.877313,144.82,0.8479,650,770,高
DO202608160079,2026-08-16,P034,红旗连锁(北城新界民族花园店),R07,104.201632,30.877318,88.69,0.3294,777,897,高
DO202608160080,2026-08-16,P034,红旗连锁(北城新界民族花园店),R07,104.201632,30.877318,17.64,0.2901,778,898,中
DO202608160081,2026-08-16,P034,红旗连锁(北城新界民族花园店),R07,104.201632,30.877318,116.86,0.3916,782,902,高
DO202608160082,2026-08-16,P034,红旗连锁(北城新界民族花园店),R07,104.201632,30.877318,21.91,0.0828,783,903,中
DO202608160083,2026-08-16,P034,红旗连锁(北城新界民族花园店),R07,104.201632,30.877318,10.66,0.2423,786,906,中
DO202608160084,2026-08-16,P035,红旗连锁(青白江同金街便利店),R07,104.244552,30.889503,277.93,1.2191,722,842,高
DO202608160085,2026-08-16,P035,红旗连锁(青白江同金街便利店),R07,104.244552,30.889503,58.75,0.1916,727,847,低
DO202608160086,2026-08-16,P036,红旗连锁(青白江城厢首府分场),R07,104.323054,30.860039,41.36,0.6138,858,978,中
DO202608160087,2026-08-16,P036,红旗连锁(青白江城厢首府分场),R07,104.323054,30.860039,49.22,3.5771,863,983,中
DO202608160088,2026-08-16,P037,红旗连锁(青白江石家碾西路店),R07,104.253962,30.887052,30.06,0.239,664,784,中
DO202608160089,2026-08-16,P037,红旗连锁(青白江石家碾西路店),R07,104.253962,30.887052,3.55,1.8211,666,786,低
DO202608160090,2026-08-16,P037,红旗连锁(青白江石家碾西路店),R07,104.253962,30.887052,12.83,0.2826,668,788,低
DO202608160091,2026-08-16,P037,红旗连锁(青白江石家碾西路店),R07,104.253962,30.887052,3.33,0.1015,674,794,低
DO202608160092,2026-08-16,P038,青江一家超市,R07,104.284321,30.880989,32.25,0.7963,654,774,高
DO202608160093,2026-08-16,P038,青江一家超市,R07,104.284321,30.880989,121.44,0.4429,656,776,中
DO202608160094,2026-08-16,P039,青江百货连锁超市,R07,104.269502,30.876837,30.97,1.109,783,903,中
DO202608160095,2026-08-16,P039,青江百货连锁超市,R07,104.269502,30.876837,21.35,0.7165,784,904,低
DO202608160096,2026-08-16,P039,青江百货连锁超市,R07,104.269502,30.876837,59.96,0.4205,785,905,高
DO202608160097,2026-08-16,P040,上蔬永辉超市(西单商场店),R02,104.000521,30.674866,15.06,0.1056,886,1006,低
DO202608160098,2026-08-16,P041,永辉超市(成都青羊中铁大道店),R02,103.961452,30.670211,15.42,0.4558,860,980,中
DO202608160099,2026-08-16,P041,永辉超市(成都青羊中铁大道店),R02,103.961452,30.670211,53.59,1.3365,864,984,中
DO202608160100,2026-08-16,P042,永辉超市(青羊新城市店),R02,104.057614,30.67321,84.19,0.4675,684,804,高
DO202608160101,2026-08-16,P043,红旗超市(中同仁路分场),R02,104.052373,30.668819,11.09,0.3461,820,940,中
DO202608160102,2026-08-16,P044,邻你生活超市(大庆店),R02,104.032527,30.669557,74.15,0.1809,644,764,中
DO202608160103,2026-08-16,P046,尚喜超市(锦绣路店),R08,104.308338,30.606726,15.78,0.7544,791,911,高
DO202608160104,2026-08-16,P046,尚喜超市(锦绣路店),R08,104.308338,30.606726,105.8,1.371,798,918,中
DO202608160105,2026-08-16,P047,永辉超市(成都龙泉驿万达广场店),R08,104.269392,30.566865,9.82,0.5919,690,810,中
DO202608160106,2026-08-16,P047,永辉超市(成都龙泉驿万达广场店),R08,104.269392,30.566865,168.06,4.2055,693,813,低
DO202608160107,2026-08-16,P049,百伦生活超市(龙泉店),R08,104.273346,30.559846,161.78,10.4414,680,800,低
DO202608160108,2026-08-16,P049,百伦生活超市(龙泉店),R08,104.273346,30.559846,12.32,0.4468,683,803,低
DO202608160109,2026-08-16,P049,百伦生活超市(龙泉店),R08,104.273346,30.559846,64.07,1.814,685,805,高
DO202608160110,2026-08-16,P049,百伦生活超市(龙泉店),R08,104.273346,30.559846,81.44,0.4871,686,806,低
DO202608160111,2026-08-16,P049,百伦生活超市(龙泉店),R08,104.273346,30.559846,260.89,0.2495,687,807,中
DO202608170000,2026-08-17,P001,689便民(荣盛·香榭兰庭店),R06,104.135375,30.623625,9.47,0.2915,689,809,高
DO202608170001,2026-08-17,P002,十二超市(佳年华广场1期店),R06,104.131787,30.627615,679.85,0.3234,826,946,中
DO202608170002,2026-08-17,P002,十二超市(佳年华广场1期店),R06,104.131787,30.627615,2.06,0.8677,828,948,中
DO202608170003,2026-08-17,P002,十二超市(佳年华广场1期店),R06,104.131787,30.627615,127.23,0.9329,832,952,低
DO202608170004,2026-08-17,P004,老蔡小卖部(水碾河路北社区三街店),R06,104.099234,30.648748,96.21,0.2281,832,952,中
DO202608170005,2026-08-17,P006,全家便利店(龙江路店),R03,104.077199,30.641639,76.17,0.1962,889,1009,中
DO202608170006,2026-08-17,P006,全家便利店(龙江路店),R03,104.077199,30.641639,330.53,0.0601,890,1010,高
DO202608170007,2026-08-17,P006,全家便利店(龙江路店),R03,104.077199,30.641639,257.2,0.3345,890,1010,中
DO202608170008,2026-08-17,P008,永辉超市(银泰城店),R03,104.058121,30.541191,33.09,0.4415,605,725,高
DO202608170009,2026-08-17,P008,永辉超市(银泰城店),R03,104.058121,30.541191,115.88,0.007,607,727,中
DO202608170010,2026-08-17,P008,永辉超市(银泰城店),R03,104.058121,30.541191,19.91,0.1962,611,731,低
DO202608170011,2026-08-17,P008,永辉超市(银泰城店),R03,104.058121,30.541191,27.22,1.5332,611,731,高
DO202608170012,2026-08-17,P009,永辉超市(龙湖成都金楠天街店),R03,103.995986,30.648731,299.61,0.2458,541,661,中
DO202608170013,2026-08-17,P009,永辉超市(龙湖成都金楠天街店),R03,103.995986,30.648731,24.97,0.0674,541,661,中
DO202608170014,2026-08-17,P010,百分百超市(心语店),R03,104.045915,30.545712,40.36,0.045,863,983,高
DO202608170015,2026-08-17,P010,百分百超市(心语店),R03,104.045915,30.545712,15.09,0.1277,865,985,低
DO202608170016,2026-08-17,P011,永辉超市(成都市双铁广场店),R01,103.975737,30.758309,114.48,0.0805,689,809,高
DO202608170017,2026-08-17,P012,永辉超市(成都市蜀都万达广场店),R01,103.907862,30.807642,111.78,1.3519,729,849,高
DO202608170018,2026-08-17,P012,永辉超市(成都市蜀都万达广场店),R01,103.907862,30.807642,77.13,0.1666,735,855,高
DO202608170019,2026-08-17,P013,永辉超市(爱琴海购物中心店),R01,103.991901,30.737566,24.54,0.0991,629,749,低
DO202608170020,2026-08-17,P013,永辉超市(爱琴海购物中心店),R01,103.991901,30.737566,72.68,0.2308,637,757,低
DO202608170021,2026-08-17,P014,永辉超市(龙湖成都时代天街店),R01,103.921214,30.750831,97.9,0.0654,691,811,低
DO202608170022,2026-08-17,P014,永辉超市(龙湖成都时代天街店),R01,103.921214,30.750831,51.47,0.1764,693,813,高
DO202608170023,2026-08-17,P014,永辉超市(龙湖成都时代天街店),R01,103.921214,30.750831,31.44,0.902,695,815,低
DO202608170024,2026-08-17,P014,永辉超市(龙湖成都时代天街店),R01,103.921214,30.750831,36.86,0.0832,699,819,中
DO202608170025,2026-08-17,P015,红旗超市(龙湖时代天街店),R01,103.919653,30.752444,192.17,0.0609,757,877,中
DO202608170026,2026-08-17,P015,红旗超市(龙湖时代天街店),R01,103.919653,30.752444,5.18,1.164,762,882,中
DO202608170027,2026-08-17,P015,红旗超市(龙湖时代天街店),R01,103.919653,30.752444,94.01,1.1646,762,882,低
DO202608170028,2026-08-17,P015,红旗超市(龙湖时代天街店),R01,103.919653,30.752444,31.62,3.3183,765,885,中
DO202608170029,2026-08-17,P016,LAWSON罗森(枣子巷15号院店),R04,104.044885,30.667759,18.13,0.4248,548,668,中
DO202608170030,2026-08-17,P017,LAWSON罗森(龙湖成都上城天街店),R04,104.071944,30.68395,188.97,0.78,697,817,低
DO202608170031,2026-08-17,P017,LAWSON罗森(龙湖成都上城天街店),R04,104.071944,30.68395,2.81,0.048,703,823,低
DO202608170032,2026-08-17,P017,LAWSON罗森(龙湖成都上城天街店),R04,104.071944,30.68395,47.48,0.1765,704,824,低
DO202608170033,2026-08-17,P018,乐多(成华西街一店),R04,104.071998,30.683402,122.35,1.1322,768,888,中
DO202608170034,2026-08-17,P018,乐多(成华西街一店),R04,104.071998,30.683402,245.08,0.7518,769,889,中
DO202608170035,2026-08-17,P019,奥特乐(成都龙湖上城天街店),R04,104.072004,30.684929,28.44,0.5398,599,719,高
DO202608170036,2026-08-17,P019,奥特乐(成都龙湖上城天街店),R04,104.072004,30.684929,53.88,1.5331,601,721,高
DO202608170037,2026-08-17,P020,朴朴超市(西体路店),R04,104.061775,30.681195,123.67,0.8497,785,905,中
DO202608170038,2026-08-17,P021,Ole 精品超市(IFS国际金融中心店),R05,104.081893,30.655003,58.4,0.2133,813,933,中
DO202608170039,2026-08-17,P022,四川舞东风超市连锁股份有限公司,R05,104.082047,30.660437,88.54,0.3057,552,672,中
DO202608170040,2026-08-17,P023,永辉超市(文华广场店),R05,104.107695,30.637048,27.36,1.0677,875,995,中
DO202608170041,2026-08-17,P025,红旗超市(成都红旗商厦店),R05,104.072081,30.658735,0.71,0.4097,808,928,高
DO202608170042,2026-08-17,P026,友好多连锁超市(界牌店),R07,104.313922,30.880419,234.24,0.0871,608,728,高
DO202608170043,2026-08-17,P029,永辉超市(青白江万达广场店),R07,104.253652,30.878095,4.53,0.248,674,794,高
DO202608170044,2026-08-17,P030,润都连锁生活超市(正兴路店),R07,104.188354,30.87079,29.1,0.1563,606,726,中
DO202608170045,2026-08-17,P030,润都连锁生活超市(正兴路店),R07,104.188354,30.87079,76.05,0.2565,608,728,中
DO202608170046,2026-08-17,P030,润都连锁生活超市(正兴路店),R07,104.188354,30.87079,30.6,0.0148,615,735,低
DO202608170047,2026-08-17,P030,润都连锁生活超市(正兴路店),R07,104.188354,30.87079,6.25,2.3764,615,735,高
DO202608170048,2026-08-17,P030,润都连锁生活超市(正兴路店),R07,104.188354,30.87079,24.18,0.5955,616,736,中
DO202608170049,2026-08-17,P031,渝华连锁超市(学苑路店),R07,104.276426,30.875299,26.41,0.191,565,685,高
DO202608170050,2026-08-17,P031,渝华连锁超市(学苑路店),R07,104.276426,30.875299,80.66,0.3983,567,687,高
DO202608170051,2026-08-17,P031,渝华连锁超市(学苑路店),R07,104.276426,30.875299,28.29,0.14,571,691,中
DO202608170052,2026-08-17,P031,渝华连锁超市(学苑路店),R07,104.276426,30.875299,34.32,0.0412,571,691,高
DO202608170053,2026-08-17,P033,红旗超市(团结花园店),R07,104.246885,30.877313,19.21,0.0203,892,1012,中
DO202608170054,2026-08-17,P033,红旗超市(团结花园店),R07,104.246885,30.877313,121.51,1.223,892,1012,中
DO202608170055,2026-08-17,P034,红旗连锁(北城新界民族花园店),R07,104.201632,30.877318,14.15,0.4906,743,863,高
DO202608170056,2026-08-17,P035,红旗连锁(青白江同金街便利店),R07,104.244552,30.889503,374.51,0.0388,866,986,低
DO202608170057,2026-08-17,P035,红旗连锁(青白江同金街便利店),R07,104.244552,30.889503,34.88,0.236,868,988,中
DO202608170058,2026-08-17,P036,红旗连锁(青白江城厢首府分场),R07,104.323054,30.860039,72.7,0.5663,642,762,中
DO202608170059,2026-08-17,P036,红旗连锁(青白江城厢首府分场),R07,104.323054,30.860039,66.83,0.7957,648,768,低
DO202608170060,2026-08-17,P036,红旗连锁(青白江城厢首府分场),R07,104.323054,30.860039,65.68,0.0974,652,772,中
DO202608170061,2026-08-17,P037,红旗连锁(青白江石家碾西路店),R07,104.253962,30.887052,226.33,0.3001,564,684,中
DO202608170062,2026-08-17,P037,红旗连锁(青白江石家碾西路店),R07,104.253962,30.887052,28.83,0.532,570,690,低
DO202608170063,2026-08-17,P038,青江一家超市,R07,104.284321,30.880989,10.8,1.0604,579,699,高
DO202608170064,2026-08-17,P038,青江一家超市,R07,104.284321,30.880989,58.34,0.2684,584,704,高
DO202608170065,2026-08-17,P040,上蔬永辉超市(西单商场店),R02,104.000521,30.674866,39.71,1.019,665,785,高
DO202608170066,2026-08-17,P041,永辉超市(成都青羊中铁大道店),R02,103.961452,30.670211,6.41,0.222,720,840,高
DO202608170067,2026-08-17,P041,永辉超市(成都青羊中铁大道店),R02,103.961452,30.670211,39.52,5.074,730,850,高
DO202608170068,2026-08-17,P042,永辉超市(青羊新城市店),R02,104.057614,30.67321,3.32,0.1517,817,937,低
DO202608170069,2026-08-17,P043,红旗超市(中同仁路分场),R02,104.052373,30.668819,7.73,1.6851,662,782,中
DO202608170070,2026-08-17,P043,红旗超市(中同仁路分场),R02,104.052373,30.668819,59.48,0.6294,663,783,中
DO202608170071,2026-08-17,P043,红旗超市(中同仁路分场),R02,104.052373,30.668819,179.91,0.1102,664,784,中
DO202608170072,2026-08-17,P043,红旗超市(中同仁路分场),R02,104.052373,30.668819,16.64,0.6738,666,786,中
DO202608170073,2026-08-17,P043,红旗超市(中同仁路分场),R02,104.052373,30.668819,4.83,0.062,666,786,高
DO202608170074,2026-08-17,P044,邻你生活超市(大庆店),R02,104.032527,30.669557,194.33,0.9931,702,822,高
DO202608170075,2026-08-17,P044,邻你生活超市(大庆店),R02,104.032527,30.669557,533.26,8.5738,706,826,高
DO202608170076,2026-08-17,P044,邻你生活超市(大庆店),R02,104.032527,30.669557,47.99,0.3336,707,827,高
DO202608170077,2026-08-17,P045,世纪红连锁超市,R08,104.208007,30.532247,3.7,1.8928,778,898,中
DO202608170078,2026-08-17,P046,尚喜超市(锦绣路店),R08,104.308338,30.606726,22.81,0.2644,554,674,中
DO202608170079,2026-08-17,P046,尚喜超市(锦绣路店),R08,104.308338,30.606726,47.87,0.6856,556,676,中
DO202608170080,2026-08-17,P046,尚喜超市(锦绣路店),R08,104.308338,30.606726,299.08,0.1599,558,678,中
DO202608170081,2026-08-17,P047,永辉超市(成都龙泉驿万达广场店),R08,104.269392,30.566865,220.14,0.2441,901,1021,高
DO202608170082,2026-08-17,P047,永辉超市(成都龙泉驿万达广场店),R08,104.269392,30.566865,52.75,0.0778,902,1022,高
DO202608170083,2026-08-17,P048,汇联美连锁超市(中街店),R08,104.27333,30.560098,14.02,0.1845,671,791,低
DO202608170084,2026-08-17,P048,汇联美连锁超市(中街店),R08,104.27333,30.560098,61.37,0.4942,676,796,中
DO202608170085,2026-08-17,P049,百伦生活超市(龙泉店),R08,104.273346,30.559846,23.96,0.3409,774,894,低
DO202608170086,2026-08-17,P049,百伦生活超市(龙泉店),R08,104.273346,30.559846,11.6,0.3593,775,895,高
DO202608170087,2026-08-17,P049,百伦生活超市(龙泉店),R08,104.273346,30.559846,35.56,1.5926,776,896,中
DO202608170088,2026-08-17,P049,百伦生活超市(龙泉店),R08,104.273346,30.559846,4.75,0.571,779,899,中
DO202608180000,2026-08-18,P001,689便民(荣盛·香榭兰庭店),R06,104.135375,30.623625,7.04,0.2047,728,848,中
DO202608180001,2026-08-18,P003,红旗连锁,R06,104.132763,30.627528,8.0,1.5797,810,930,低
DO202608180002,2026-08-18,P003,红旗连锁,R06,104.132763,30.627528,4.52,0.9047,820,940,中
DO202608180003,2026-08-18,P004,老蔡小卖部(水碾河路北社区三街店),R06,104.099234,30.648748,21.51,0.5555,772,892,中
DO202608180004,2026-08-18,P004,老蔡小卖部(水碾河路北社区三街店),R06,104.099234,30.648748,6.41,0.8076,772,892,高
DO202608180005,2026-08-18,P004,老蔡小卖部(水碾河路北社区三街店),R06,104.099234,30.648748,14.06,0.0646,773,893,中
DO202608180006,2026-08-18,P004,老蔡小卖部(水碾河路北社区三街店),R06,104.099234,30.648748,13.22,4.0102,774,894,中
DO202608180007,2026-08-18,P004,老蔡小卖部(水碾河路北社区三街店),R06,104.099234,30.648748,21.23,0.6077,778,898,低
DO202608180008,2026-08-18,P004,老蔡小卖部(水碾河路北社区三街店),R06,104.099234,30.648748,48.02,1.1986,781,901,低
DO202608180009,2026-08-18,P005,郝英超市,R06,104.129707,30.628761,17.55,2.1327,685,805,中
DO202608180010,2026-08-18,P005,郝英超市,R06,104.129707,30.628761,24.37,0.3003,686,806,高
DO202608180011,2026-08-18,P005,郝英超市,R06,104.129707,30.628761,41.87,2.0796,688,808,中
DO202608180012,2026-08-18,P005,郝英超市,R06,104.129707,30.628761,85.84,0.7952,689,809,高
DO202608180013,2026-08-18,P005,郝英超市,R06,104.129707,30.628761,20.28,0.3047,691,811,中
DO202608180014,2026-08-18,P006,全家便利店(龙江路店),R03,104.077199,30.641639,12.84,0.685,568,688,中
DO202608180015,2026-08-18,P007,永辉超市(成都市新城吾悦广场店),R03,103.988663,30.626255,17.72,0.383,532,652,中
DO202608180016,2026-08-18,P007,永辉超市(成都市新城吾悦广场店),R03,103.988663,30.626255,274.24,0.019,539,659,中
DO202608180017,2026-08-18,P009,永辉超市(龙湖成都金楠天街店),R03,103.995986,30.648731,152.15,0.2078,552,672,高
DO202608180018,2026-08-18,P010,百分百超市(心语店),R03,104.045915,30.545712,15.81,0.1232,754,874,高
DO202608180019,2026-08-18,P010,百分百超市(心语店),R03,104.045915,30.545712,35.28,0.5525,758,878,中
DO202608180020,2026-08-18,P011,永辉超市(成都市双铁广场店),R01,103.975737,30.758309,30.08,0.1667,687,807,高
DO202608180021,2026-08-18,P012,永辉超市(成都市蜀都万达广场店),R01,103.907862,30.807642,421.05,0.3466,841,961,中
DO202608180022,2026-08-18,P013,永辉超市(爱琴海购物中心店),R01,103.991901,30.737566,26.03,1.0554,738,858,中
DO202608180023,2026-08-18,P014,永辉超市(龙湖成都时代天街店),R01,103.921214,30.750831,4.61,0.5057,550,670,高
DO202608180024,2026-08-18,P014,永辉超市(龙湖成都时代天街店),R01,103.921214,30.750831,157.54,0.0594,551,671,低
DO202608180025,2026-08-18,P014,永辉超市(龙湖成都时代天街店),R01,103.921214,30.750831,82.15,0.6399,552,672,中
DO202608180026,2026-08-18,P015,红旗超市(龙湖时代天街店),R01,103.919653,30.752444,22.9,1.5796,700,820,中
DO202608180027,2026-08-18,P017,LAWSON罗森(龙湖成都上城天街店),R04,104.071944,30.68395,209.73,0.1435,797,917,中
DO202608180028,2026-08-18,P017,LAWSON罗森(龙湖成都上城天街店),R04,104.071944,30.68395,20.76,0.1395,797,917,低
DO202608180029,2026-08-18,P017,LAWSON罗森(龙湖成都上城天街店),R04,104.071944,30.68395,87.71,0.5757,800,920,中
DO202608180030,2026-08-18,P018,乐多(成华西街一店),R04,104.071998,30.683402,29.11,0.0572,617,737,中
DO202608180031,2026-08-18,P018,乐多(成华西街一店),R04,104.071998,30.683402,53.07,0.0469,625,745,高
DO202608180032,2026-08-18,P019,奥特乐(成都龙湖上城天街店),R04,104.072004,30.684929,83.35,0.3208,724,844,中
DO202608180033,2026-08-18,P019,奥特乐(成都龙湖上城天街店),R04,104.072004,30.684929,11.66,0.3704,725,845,高
DO202608180034,2026-08-18,P019,奥特乐(成都龙湖上城天街店),R04,104.072004,30.684929,17.38,0.064,727,847,中
DO202608180035,2026-08-18,P019,奥特乐(成都龙湖上城天街店),R04,104.072004,30.684929,117.4,0.9411,729,849,高
DO202608180036,2026-08-18,P019,奥特乐(成都龙湖上城天街店),R04,104.072004,30.684929,22.17,0.4429,730,850,中
DO202608180037,2026-08-18,P019,奥特乐(成都龙湖上城天街店),R04,104.072004,30.684929,689.61,0.1095,730,850,低
DO202608180038,2026-08-18,P019,奥特乐(成都龙湖上城天街店),R04,104.072004,30.684929,77.68,0.0411,731,851,中
DO202608180039,2026-08-18,P019,奥特乐(成都龙湖上城天街店),R04,104.072004,30.684929,98.78,0.6124,732,852,低
DO202608180040,2026-08-18,P020,朴朴超市(西体路店),R04,104.061775,30.681195,70.52,0.094,620,740,中
DO202608180041,2026-08-18,P020,朴朴超市(西体路店),R04,104.061775,30.681195,264.77,0.0319,627,747,低
DO202608180042,2026-08-18,P020,朴朴超市(西体路店),R04,104.061775,30.681195,53.61,0.1848,627,747,中
DO202608180043,2026-08-18,P021,Ole 精品超市(IFS国际金融中心店),R05,104.081893,30.655003,127.71,0.0763,568,688,中
DO202608180044,2026-08-18,P022,四川舞东风超市连锁股份有限公司,R05,104.082047,30.660437,33.47,0.0817,563,683,中
DO202608180045,2026-08-18,P022,四川舞东风超市连锁股份有限公司,R05,104.082047,30.660437,14.47,0.4792,565,685,中
DO202608180046,2026-08-18,P022,四川舞东风超市连锁股份有限公司,R05,104.082047,30.660437,297.16,0.1187,568,688,中
DO202608180047,2026-08-18,P022,四川舞东风超市连锁股份有限公司,R05,104.082047,30.660437,495.07,3.8391,570,690,中
DO202608180048,2026-08-18,P025,红旗超市(成都红旗商厦店),R05,104.072081,30.658735,13.8,0.393,800,920,中
DO202608180049,2026-08-18,P026,友好多连锁超市(界牌店),R07,104.313922,30.880419,28.67,1.3061,725,845,中
DO202608180050,2026-08-18,P027,大荣发连锁超市(和顺雅苑店),R07,104.253582,30.90011,30.19,0.286,844,964,低
DO202608180051,2026-08-18,P027,大荣发连锁超市(和顺雅苑店),R07,104.253582,30.90011,36.6,5.8069,844,964,中
DO202608180052,2026-08-18,P027,大荣发连锁超市(和顺雅苑店),R07,104.253582,30.90011,435.18,0.7891,849,969,中
DO202608180053,2026-08-18,P027,大荣发连锁超市(和顺雅苑店),R07,104.253582,30.90011,52.18,5.4088,851,971,高
DO202608180054,2026-08-18,P028,永辉超市(天府欧城店),R07,104.256388,30.892152,16.21,2.7187,727,847,中
DO202608180055,2026-08-18,P029,永辉超市(青白江万达广场店),R07,104.253652,30.878095,148.45,0.0751,786,906,高
DO202608180056,2026-08-18,P030,润都连锁生活超市(正兴路店),R07,104.188354,30.87079,82.91,0.1533,838,958,中
DO202608180057,2026-08-18,P031,渝华连锁超市(学苑路店),R07,104.276426,30.875299,8.87,0.1548,761,881,中
DO202608180058,2026-08-18,P031,渝华连锁超市(学苑路店),R07,104.276426,30.875299,119.76,0.0648,763,883,中
DO202608180059,2026-08-18,P032,渝华连锁超市(绣川新城店),R07,104.330571,30.85576,28.03,0.2576,898,1018,中
DO202608180060,2026-08-18,P033,红旗超市(团结花园店),R07,104.246885,30.877313,130.91,0.2474,687,807,中
DO202608180061,2026-08-18,P033,红旗超市(团结花园店),R07,104.246885,30.877313,13.96,1.0425,690,810,高
DO202608180062,2026-08-18,P033,红旗超市(团结花园店),R07,104.246885,30.877313,102.63,0.0066,691,811,高
DO202608180063,2026-08-18,P033,红旗超市(团结花园店),R07,104.246885,30.877313,33.25,1.0306,694,814,中
DO202608180064,2026-08-18,P035,红旗连锁(青白江同金街便利店),R07,104.244552,30.889503,15.37,0.4291,618,738,低
DO202608180065,2026-08-18,P035,红旗连锁(青白江同金街便利店),R07,104.244552,30.889503,39.92,1.685,619,739,中
DO202608180066,2026-08-18,P035,红旗连锁(青白江同金街便利店),R07,104.244552,30.889503,153.29,1.3246,623,743,高
DO202608180067,2026-08-18,P035,红旗连锁(青白江同金街便利店),R07,104.244552,30.889503,39.99,0.1833,627,747,中
DO202608180068,2026-08-18,P036,红旗连锁(青白江城厢首府分场),R07,104.323054,30.860039,119.74,0.494,596,716,高
DO202608180069,2026-08-18,P036,红旗连锁(青白江城厢首府分场),R07,104.323054,30.860039,58.76,0.0922,596,716,低
DO202608180070,2026-08-18,P037,红旗连锁(青白江石家碾西路店),R07,104.253962,30.887052,8.07,0.3313,798,918,低
DO202608180071,2026-08-18,P037,红旗连锁(青白江石家碾西路店),R07,104.253962,30.887052,59.51,0.4518,798,918,中
DO202608180072,2026-08-18,P037,红旗连锁(青白江石家碾西路店),R07,104.253962,30.887052,76.29,0.0776,800,920,低
DO202608180073,2026-08-18,P037,红旗连锁(青白江石家碾西路店),R07,104.253962,30.887052,9.81,0.2955,800,920,低
DO202608180074,2026-08-18,P037,红旗连锁(青白江石家碾西路店),R07,104.253962,30.887052,97.14,0.1833,805,925,中
DO202608180075,2026-08-18,P037,红旗连锁(青白江石家碾西路店),R07,104.253962,30.887052,45.92,0.2646,805,925,高
DO202608180076,2026-08-18,P037,红旗连锁(青白江石家碾西路店),R07,104.253962,30.887052,19.29,0.0242,808,928,中
DO202608180077,2026-08-18,P038,青江一家超市,R07,104.284321,30.880989,250.95,0.3522,624,744,中
DO202608180078,2026-08-18,P038,青江一家超市,R07,104.284321,30.880989,131.99,1.4811,628,748,高
DO202608180079,2026-08-18,P038,青江一家超市,R07,104.284321,30.880989,66.78,0.0649,629,749,中
DO202608180080,2026-08-18,P038,青江一家超市,R07,104.284321,30.880989,4.55,0.0704,631,751,高
DO202608180081,2026-08-18,P039,青江百货连锁超市,R07,104.269502,30.876837,25.92,0.1014,809,929,中
DO202608180082,2026-08-18,P041,永辉超市(成都青羊中铁大道店),R02,103.961452,30.670211,28.7,0.7106,808,928,中
DO202608180083,2026-08-18,P041,永辉超市(成都青羊中铁大道店),R02,103.961452,30.670211,19.31,0.2866,815,935,中
DO202608180084,2026-08-18,P042,永辉超市(青羊新城市店),R02,104.057614,30.67321,30.1,0.188,602,722,中
DO202608180085,2026-08-18,P042,永辉超市(青羊新城市店),R02,104.057614,30.67321,53.49,0.2896,604,724,低
DO202608180086,2026-08-18,P042,永辉超市(青羊新城市店),R02,104.057614,30.67321,70.13,0.1809,604,724,低
DO202608180087,2026-08-18,P043,红旗超市(中同仁路分场),R02,104.052373,30.668819,41.27,0.7603,839,959,高
DO202608180088,2026-08-18,P044,邻你生活超市(大庆店),R02,104.032527,30.669557,215.94,0.0622,759,879,低
DO202608180089,2026-08-18,P044,邻你生活超市(大庆店),R02,104.032527,30.669557,20.28,0.2309,762,882,中
DO202608180090,2026-08-18,P044,邻你生活超市(大庆店),R02,104.032527,30.669557,25.66,0.1743,763,883,高
DO202608180091,2026-08-18,P044,邻你生活超市(大庆店),R02,104.032527,30.669557,13.14,0.9658,766,886,中
DO202608180092,2026-08-18,P044,邻你生活超市(大庆店),R02,104.032527,30.669557,107.04,0.6286,767,887,低
DO202608180093,2026-08-18,P045,世纪红连锁超市,R08,104.208007,30.532247,29.03,0.4071,820,940,高
DO202608180094,2026-08-18,P045,世纪红连锁超市,R08,104.208007,30.532247,174.76,0.3976,821,941,高
DO202608180095,2026-08-18,P046,尚喜超市(锦绣路店),R08,104.308338,30.606726,571.6,0.0189,900,1020,高
DO202608180096,2026-08-18,P046,尚喜超市(锦绣路店),R08,104.308338,30.606726,108.61,0.2259,901,1021,高
DO202608180097,2026-08-18,P046,尚喜超市(锦绣路店),R08,104.308338,30.606726,4.15,0.503,906,1026,中
DO202608180098,2026-08-18,P047,永辉超市(成都龙泉驿万达广场店),R08,104.269392,30.566865,13.16,0.1538,803,923,中
DO202608180099,2026-08-18,P047,永辉超市(成都龙泉驿万达广场店),R08,104.269392,30.566865,28.19,0.4793,811,931,中
DO202608180100,2026-08-18,P048,汇联美连锁超市(中街店),R08,104.27333,30.560098,20.35,0.8907,770,890,低
DO202608180101,2026-08-18,P048,汇联美连锁超市(中街店),R08,104.27333,30.560098,33.33,0.2008,770,890,低
DO202608180102,2026-08-18,P048,汇联美连锁超市(中街店),R08,104.27333,30.560098,14.53,0.0985,771,891,低
DO202608180103,2026-08-18,P048,汇联美连锁超市(中街店),R08,104.27333,30.560098,74.27,0.1542,772,892,中
DO202608180104,2026-08-18,P048,汇联美连锁超市(中街店),R08,104.27333,30.560098,56.18,0.3013,778,898,高
DO202608180105,2026-08-18,P049,百伦生活超市(龙泉店),R08,104.273346,30.559846,7.86,0.3774,583,703,中
DO202608180106,2026-08-18,P049,百伦生活超市(龙泉店),R08,104.273346,30.559846,31.76,0.2089,585,705,中
DO202608180107,2026-08-18,P049,百伦生活超市(龙泉店),R08,104.273346,30.559846,79.39,0.3267,587,707,中
DO202608180108,2026-08-18,P049,百伦生活超市(龙泉店),R08,104.273346,30.559846,87.17,0.9361,588,708,中
DO202608190000,2026-08-19,P001,689便民(荣盛·香榭兰庭店),R06,104.135375,30.623625,54.0,0.2299,550,670,中
DO202608190001,2026-08-19,P002,十二超市(佳年华广场1期店),R06,104.131787,30.627615,57.92,0.2394,871,991,中
DO202608190002,2026-08-19,P002,十二超市(佳年华广场1期店),R06,104.131787,30.627615,270.67,1.6331,877,997,低
DO202608190003,2026-08-19,P002,十二超市(佳年华广场1期店),R06,104.131787,30.627615,100.88,0.159,880,1000,低
DO202608190004,2026-08-19,P003,红旗连锁,R06,104.132763,30.627528,64.18,2.6536,732,852,低
DO202608190005,2026-08-19,P003,红旗连锁,R06,104.132763,30.627528,24.7,2.756,732,852,中
DO202608190006,2026-08-19,P003,红旗连锁,R06,104.132763,30.627528,7.64,0.7184,733,853,高
DO202608190007,2026-08-19,P004,老蔡小卖部(水碾河路北社区三街店),R06,104.099234,30.648748,26.37,0.3034,588,708,低
DO202608190008,2026-08-19,P004,老蔡小卖部(水碾河路北社区三街店),R06,104.099234,30.648748,53.34,0.1698,589,709,高
DO202608190009,2026-08-19,P004,老蔡小卖部(水碾河路北社区三街店),R06,104.099234,30.648748,225.48,0.1232,592,712,低
DO202608190010,2026-08-19,P005,郝英超市,R06,104.129707,30.628761,11.29,0.3979,623,743,中
DO202608190011,2026-08-19,P006,全家便利店(龙江路店),R03,104.077199,30.641639,341.96,0.1437,806,926,高
DO202608190012,2026-08-19,P006,全家便利店(龙江路店),R03,104.077199,30.641639,28.98,0.219,806,926,中
DO202608190013,2026-08-19,P006,全家便利店(龙江路店),R03,104.077199,30.641639,24.14,0.1451,809,929,中
DO202608190014,2026-08-19,P006,全家便利店(龙江路店),R03,104.077199,30.641639,8.81,0.635,812,932,高
DO202608190015,2026-08-19,P006,全家便利店(龙江路店),R03,104.077199,30.641639,85.75,0.3369,812,932,中
DO202608190016,2026-08-19,P006,全家便利店(龙江路店),R03,104.077199,30.641639,45.75,1.0272,814,934,中
DO202608190017,2026-08-19,P007,永辉超市(成都市新城吾悦广场店),R03,103.988663,30.626255,80.12,0.3607,708,828,低
DO202608190018,2026-08-19,P007,永辉超市(成都市新城吾悦广场店),R03,103.988663,30.626255,15.34,0.7498,715,835,中
DO202608190019,2026-08-19,P008,永辉超市(银泰城店),R03,104.058121,30.541191,23.64,0.0784,564,684,高
DO202608190020,2026-08-19,P009,永辉超市(龙湖成都金楠天街店),R03,103.995986,30.648731,114.32,0.2755,591,711,中
DO202608190021,2026-08-19,P009,永辉超市(龙湖成都金楠天街店),R03,103.995986,30.648731,17.5,0.0358,594,714,低
DO202608190022,2026-08-19,P009,永辉超市(龙湖成都金楠天街店),R03,103.995986,30.648731,53.97,0.0193,596,716,中
DO202608190023,2026-08-19,P011,永辉超市(成都市双铁广场店),R01,103.975737,30.758309,26.03,1.1292,597,717,高
DO202608190024,2026-08-19,P011,永辉超市(成都市双铁广场店),R01,103.975737,30.758309,100.91,0.0886,599,719,中
DO202608190025,2026-08-19,P012,永辉超市(成都市蜀都万达广场店),R01,103.907862,30.807642,37.95,0.0268,881,1001,中
DO202608190026,2026-08-19,P012,永辉超市(成都市蜀都万达广场店),R01,103.907862,30.807642,1241.56,0.7433,883,1003,低
DO202608190027,2026-08-19,P012,永辉超市(成都市蜀都万达广场店),R01,103.907862,30.807642,64.73,1.081,888,1008,中
DO202608190028,2026-08-19,P013,永辉超市(爱琴海购物中心店),R01,103.991901,30.737566,731.39,0.1349,596,716,低
DO202608190029,2026-08-19,P013,永辉超市(爱琴海购物中心店),R01,103.991901,30.737566,140.01,0.621,597,717,低
DO202608190030,2026-08-19,P013,永辉超市(爱琴海购物中心店),R01,103.991901,30.737566,9.23,0.0833,597,717,低
DO202608190031,2026-08-19,P013,永辉超市(爱琴海购物中心店),R01,103.991901,30.737566,319.17,0.8881,598,718,低
DO202608190032,2026-08-19,P013,永辉超市(爱琴海购物中心店),R01,103.991901,30.737566,4.23,0.2703,603,723,高
DO202608190033,2026-08-19,P013,永辉超市(爱琴海购物中心店),R01,103.991901,30.737566,3.18,0.3559,606,726,中
DO202608190034,2026-08-19,P014,永辉超市(龙湖成都时代天街店),R01,103.921214,30.750831,100.02,0.2142,829,949,中
DO202608190035,2026-08-19,P014,永辉超市(龙湖成都时代天街店),R01,103.921214,30.750831,12.17,0.1741,830,950,高
DO202608190036,2026-08-19,P015,红旗超市(龙湖时代天街店),R01,103.919653,30.752444,11.74,0.1644,708,828,中
DO202608190037,2026-08-19,P015,红旗超市(龙湖时代天街店),R01,103.919653,30.752444,52.41,0.8088,713,833,低
DO202608190038,2026-08-19,P018,乐多(成华西街一店),R04,104.071998,30.683402,96.01,0.2573,650,770,中
DO202608190039,2026-08-19,P018,乐多(成华西街一店),R04,104.071998,30.683402,6.11,0.7771,652,772,中
DO202608190040,2026-08-19,P018,乐多(成华西街一店),R04,104.071998,30.683402,35.71,0.3604,656,776,低
DO202608190041,2026-08-19,P018,乐多(成华西街一店),R04,104.071998,30.683402,230.14,2.9761,656,776,中
DO202608190042,2026-08-19,P019,奥特乐(成都龙湖上城天街店),R04,104.072004,30.684929,3.44,0.0143,575,695,高
DO202608190043,2026-08-19,P020,朴朴超市(西体路店),R04,104.061775,30.681195,51.59,0.3489,817,937,低
DO202608190044,2026-08-19,P020,朴朴超市(西体路店),R04,104.061775,30.681195,118.35,0.3147,827,947,中
DO202608190045,2026-08-19,P021,Ole 精品超市(IFS国际金融中心店),R05,104.081893,30.655003,17.99,0.12,860,980,高
DO202608190046,2026-08-19,P022,四川舞东风超市连锁股份有限公司,R05,104.082047,30.660437,72.56,0.0483,525,645,高
DO202608190047,2026-08-19,P022,四川舞东风超市连锁股份有限公司,R05,104.082047,30.660437,32.99,0.1042,526,646,低
DO202608190048,2026-08-19,P024,永辉超市(锦江城市花园店),R05,104.142752,30.595134,266.56,0.3496,724,844,低
DO202608190049,2026-08-19,P024,永辉超市(锦江城市花园店),R05,104.142752,30.595134,15.65,0.2183,731,851,低
DO202608190050,2026-08-19,P025,红旗超市(成都红旗商厦店),R05,104.072081,30.658735,16.02,0.1111,856,976,高
DO202608190051,2026-08-19,P025,红旗超市(成都红旗商厦店),R05,104.072081,30.658735,127.13,0.3445,860,980,高
DO202608190052,2026-08-19,P025,红旗超市(成都红旗商厦店),R05,104.072081,30.658735,186.57,0.8636,861,981,中
DO202608190053,2026-08-19,P026,友好多连锁超市(界牌店),R07,104.313922,30.880419,47.06,1.6644,624,744,低
DO202608190054,2026-08-19,P026,友好多连锁超市(界牌店),R07,104.313922,30.880419,177.2,0.0129,626,746,低
DO202608190055,2026-08-19,P026,友好多连锁超市(界牌店),R07,104.313922,30.880419,8.9,2.2129,631,751,高
DO202608190056,2026-08-19,P027,大荣发连锁超市(和顺雅苑店),R07,104.253582,30.90011,24.77,0.0442,624,744,中
DO202608190057,2026-08-19,P027,大荣发连锁超市(和顺雅苑店),R07,104.253582,30.90011,32.86,0.3383,626,746,中
DO202608190058,2026-08-19,P027,大荣发连锁超市(和顺雅苑店),R07,104.253582,30.90011,218.32,0.159,628,748,中
DO202608190059,2026-08-19,P027,大荣发连锁超市(和顺雅苑店),R07,104.253582,30.90011,116.74,0.4523,630,750,低
DO202608190060,2026-08-19,P028,永辉超市(天府欧城店),R07,104.256388,30.892152,5.52,0.0783,529,649,低
DO202608190061,2026-08-19,P029,永辉超市(青白江万达广场店),R07,104.253652,30.878095,59.42,0.0455,589,709,中
DO202608190062,2026-08-19,P029,永辉超市(青白江万达广场店),R07,104.253652,30.878095,50.26,0.2552,594,714,中
DO202608190063,2026-08-19,P030,润都连锁生活超市(正兴路店),R07,104.188354,30.87079,90.53,0.0428,872,992,中
DO202608190064,2026-08-19,P030,润都连锁生活超市(正兴路店),R07,104.188354,30.87079,13.48,0.713,876,996,高
DO202608190065,2026-08-19,P030,润都连锁生活超市(正兴路店),R07,104.188354,30.87079,185.59,0.3879,877,997,低
DO202608190066,2026-08-19,P031,渝华连锁超市(学苑路店),R07,104.276426,30.875299,138.14,0.1171,644,764,低
DO202608190067,2026-08-19,P032,渝华连锁超市(绣川新城店),R07,104.330571,30.85576,242.2,0.1069,866,986,中
DO202608190068,2026-08-19,P032,渝华连锁超市(绣川新城店),R07,104.330571,30.85576,15.17,0.9324,867,987,低
DO202608190069,2026-08-19,P033,红旗超市(团结花园店),R07,104.246885,30.877313,26.72,0.1065,590,710,高
DO202608190070,2026-08-19,P033,红旗超市(团结花园店),R07,104.246885,30.877313,15.31,0.7223,592,712,高
DO202608190071,2026-08-19,P033,红旗超市(团结花园店),R07,104.246885,30.877313,50.75,0.096,596,716,中
DO202608190072,2026-08-19,P033,红旗超市(团结花园店),R07,104.246885,30.877313,8.99,0.015,597,717,低
DO202608190073,2026-08-19,P034,红旗连锁(北城新界民族花园店),R07,104.201632,30.877318,19.7,0.539,576,696,中
DO202608190074,2026-08-19,P034,红旗连锁(北城新界民族花园店),R07,104.201632,30.877318,66.17,0.0169,578,698,中
DO202608190075,2026-08-19,P034,红旗连锁(北城新界民族花园店),R07,104.201632,30.877318,50.25,0.3028,579,699,低
DO202608190076,2026-08-19,P034,红旗连锁(北城新界民族花园店),R07,104.201632,30.877318,46.45,0.0326,582,702,中
DO202608190077,2026-08-19,P035,红旗连锁(青白江同金街便利店),R07,104.244552,30.889503,249.84,0.8473,620,740,中
DO202608190078,2026-08-19,P036,红旗连锁(青白江城厢首府分场),R07,104.323054,30.860039,8.35,0.3428,621,741,低
DO202608190079,2026-08-19,P037,红旗连锁(青白江石家碾西路店),R07,104.253962,30.887052,17.48,1.566,572,692,高
DO202608190080,2026-08-19,P037,红旗连锁(青白江石家碾西路店),R07,104.253962,30.887052,50.29,0.1511,574,694,中
DO202608190081,2026-08-19,P037,红旗连锁(青白江石家碾西路店),R07,104.253962,30.887052,7.72,0.2375,575,695,中
DO202608190082,2026-08-19,P037,红旗连锁(青白江石家碾西路店),R07,104.253962,30.887052,161.17,0.4392,580,700,低
DO202608190083,2026-08-19,P040,上蔬永辉超市(西单商场店),R02,104.000521,30.674866,32.6,1.0236,840,960,低
DO202608190084,2026-08-19,P041,永辉超市(成都青羊中铁大道店),R02,103.961452,30.670211,26.49,0.0513,610,730,中
DO202608190085,2026-08-19,P041,永辉超市(成都青羊中铁大道店),R02,103.961452,30.670211,47.69,0.2337,614,734,中
DO202608190086,2026-08-19,P043,红旗超市(中同仁路分场),R02,104.052373,30.668819,38.11,0.0258,671,791,高
DO202608190087,2026-08-19,P043,红旗超市(中同仁路分场),R02,104.052373,30.668819,14.6,0.7143,673,793,中
DO202608190088,2026-08-19,P043,红旗超市(中同仁路分场),R02,104.052373,30.668819,165.57,0.2239,677,797,低
DO202608190089,2026-08-19,P044,邻你生活超市(大庆店),R02,104.032527,30.669557,5.25,0.4367,523,643,低
DO202608190090,2026-08-19,P044,邻你生活超市(大庆店),R02,104.032527,30.669557,266.04,0.688,525,645,中
DO202608190091,2026-08-19,P045,世纪红连锁超市,R08,104.208007,30.532247,66.73,0.0764,714,834,中
DO202608190092,2026-08-19,P046,尚喜超市(锦绣路店),R08,104.308338,30.606726,62.22,0.1778,679,799,高
DO202608190093,2026-08-19,P046,尚喜超市(锦绣路店),R08,104.308338,30.606726,12.79,0.2443,679,799,高
DO202608190094,2026-08-19,P046,尚喜超市(锦绣路店),R08,104.308338,30.606726,9.25,0.4653,680,800,高
DO202608190095,2026-08-19,P046,尚喜超市(锦绣路店),R08,104.308338,30.606726,3.69,1.1207,680,800,高
DO202608190096,2026-08-19,P046,尚喜超市(锦绣路店),R08,104.308338,30.606726,522.22,0.1053,682,802,低
DO202608190097,2026-08-19,P046,尚喜超市(锦绣路店),R08,104.308338,30.606726,31.34,0.541,684,804,中
DO202608190098,2026-08-19,P047,永辉超市(成都龙泉驿万达广场店),R08,104.269392,30.566865,209.75,2.039,795,915,低
DO202608190099,2026-08-19,P048,汇联美连锁超市(中街店),R08,104.27333,30.560098,216.99,0.5864,712,832,低
DO202608200000,2026-08-20,P001,689便民(荣盛·香榭兰庭店),R06,104.135375,30.623625,89.58,0.2683,620,740,中
DO202608200001,2026-08-20,P002,十二超市(佳年华广场1期店),R06,104.131787,30.627615,17.27,0.4782,577,697,中
DO202608200002,2026-08-20,P003,红旗连锁,R06,104.132763,30.627528,45.46,0.2418,673,793,高
DO202608200003,2026-08-20,P003,红旗连锁,R06,104.132763,30.627528,58.92,0.1107,674,794,中
DO202608200004,2026-08-20,P004,老蔡小卖部(水碾河路北社区三街店),R06,104.099234,30.648748,230.99,0.0528,595,715,中
DO202608200005,2026-08-20,P004,老蔡小卖部(水碾河路北社区三街店),R06,104.099234,30.648748,64.06,0.1983,595,715,中
DO202608200006,2026-08-20,P005,郝英超市,R06,104.129707,30.628761,50.38,2.5405,889,1009,中
DO202608200007,2026-08-20,P007,永辉超市(成都市新城吾悦广场店),R03,103.988663,30.626255,52.99,0.0717,717,837,高
DO202608200008,2026-08-20,P009,永辉超市(龙湖成都金楠天街店),R03,103.995986,30.648731,58.13,0.2754,656,776,低
DO202608200009,2026-08-20,P010,百分百超市(心语店),R03,104.045915,30.545712,83.77,1.4611,765,885,中
DO202608200010,2026-08-20,P010,百分百超市(心语店),R03,104.045915,30.545712,5.73,0.1699,768,888,低
DO202608200011,2026-08-20,P011,永辉超市(成都市双铁广场店),R01,103.975737,30.758309,1.4,1.3147,656,776,高
DO202608200012,2026-08-20,P011,永辉超市(成都市双铁广场店),R01,103.975737,30.758309,7.0,1.358,656,776,中
DO202608200013,2026-08-20,P011,永辉超市(成都市双铁广场店),R01,103.975737,30.758309,4.61,1.1508,661,781,中
DO202608200014,2026-08-20,P011,永辉超市(成都市双铁广场店),R01,103.975737,30.758309,1044.85,0.0466,663,783,高
DO202608200015,2026-08-20,P013,永辉超市(爱琴海购物中心店),R01,103.991901,30.737566,52.13,0.4045,516,636,中
DO202608200016,2026-08-20,P013,永辉超市(爱琴海购物中心店),R01,103.991901,30.737566,73.13,1.5422,516,636,低
DO202608200017,2026-08-20,P013,永辉超市(爱琴海购物中心店),R01,103.991901,30.737566,168.22,0.0768,517,637,高
DO202608200018,2026-08-20,P014,永辉超市(龙湖成都时代天街店),R01,103.921214,30.750831,7.1,0.1251,528,648,中
DO202608200019,2026-08-20,P014,永辉超市(龙湖成都时代天街店),R01,103.921214,30.750831,59.34,0.5389,531,651,中
DO202608200020,2026-08-20,P015,红旗超市(龙湖时代天街店),R01,103.919653,30.752444,2.08,0.9659,876,996,低
DO202608200021,2026-08-20,P016,LAWSON罗森(枣子巷15号院店),R04,104.044885,30.667759,287.49,0.3589,760,880,中
DO202608200022,2026-08-20,P017,LAWSON罗森(龙湖成都上城天街店),R04,104.071944,30.68395,36.66,0.2224,902,1022,高
DO202608200023,2026-08-20,P018,乐多(成华西街一店),R04,104.071998,30.683402,55.72,0.0408,730,850,低
DO202608200024,2026-08-20,P019,奥特乐(成都龙湖上城天街店),R04,104.072004,30.684929,6.99,0.1546,574,694,高
DO202608200025,2026-08-20,P019,奥特乐(成都龙湖上城天街店),R04,104.072004,30.684929,22.68,0.1247,579,699,中
DO202608200026,2026-08-20,P020,朴朴超市(西体路店),R04,104.061775,30.681195,29.32,0.3864,897,1017,中
DO202608200027,2026-08-20,P020,朴朴超市(西体路店),R04,104.061775,30.681195,180.83,0.9016,904,1024,高
DO202608200028,2026-08-20,P021,Ole 精品超市(IFS国际金融中心店),R05,104.081893,30.655003,43.12,0.1864,704,824,低
DO202608200029,2026-08-20,P021,Ole 精品超市(IFS国际金融中心店),R05,104.081893,30.655003,25.6,1.0962,707,827,中
DO202608200030,2026-08-20,P022,四川舞东风超市连锁股份有限公司,R05,104.082047,30.660437,19.13,0.0956,798,918,中
DO202608200031,2026-08-20,P022,四川舞东风超市连锁股份有限公司,R05,104.082047,30.660437,115.52,0.5657,798,918,中
DO202608200032,2026-08-20,P022,四川舞东风超市连锁股份有限公司,R05,104.082047,30.660437,485.67,0.2539,800,920,高
DO202608200033,2026-08-20,P022,四川舞东风超市连锁股份有限公司,R05,104.082047,30.660437,24.41,0.0291,801,921,高
DO202608200034,2026-08-20,P022,四川舞东风超市连锁股份有限公司,R05,104.082047,30.660437,168.62,1.738,808,928,中
DO202608200035,2026-08-20,P024,永辉超市(锦江城市花园店),R05,104.142752,30.595134,5.55,0.2039,511,631,低
DO202608200036,2026-08-20,P026,友好多连锁超市(界牌店),R07,104.313922,30.880419,13.65,0.5597,538,658,低
DO202608200037,2026-08-20,P026,友好多连锁超市(界牌店),R07,104.313922,30.880419,1049.12,0.2704,543,663,高
DO202608200038,2026-08-20,P026,友好多连锁超市(界牌店),R07,104.313922,30.880419,90.4,0.6549,543,663,中
DO202608200039,2026-08-20,P027,大荣发连锁超市(和顺雅苑店),R07,104.253582,30.90011,66.03,0.0375,816,936,中
DO202608200040,2026-08-20,P027,大荣发连锁超市(和顺雅苑店),R07,104.253582,30.90011,206.31,0.0823,818,938,中
DO202608200041,2026-08-20,P027,大荣发连锁超市(和顺雅苑店),R07,104.253582,30.90011,16.89,0.2407,819,939,高
DO202608200042,2026-08-20,P028,永辉超市(天府欧城店),R07,104.256388,30.892152,172.11,0.95,714,834,中
DO202608200043,2026-08-20,P028,永辉超市(天府欧城店),R07,104.256388,30.892152,83.74,0.1707,717,837,高
DO202608200044,2026-08-20,P029,永辉超市(青白江万达广场店),R07,104.253652,30.878095,133.68,0.1209,568,688,低
DO202608200045,2026-08-20,P029,永辉超市(青白江万达广场店),R07,104.253652,30.878095,132.18,0.1342,572,692,高
DO202608200046,2026-08-20,P029,永辉超市(青白江万达广场店),R07,104.253652,30.878095,91.94,1.4137,575,695,中
DO202608200047,2026-08-20,P029,永辉超市(青白江万达广场店),R07,104.253652,30.878095,103.48,1.057,576,696,高
DO202608200048,2026-08-20,P030,润都连锁生活超市(正兴路店),R07,104.188354,30.87079,10.78,0.921,893,1013,中
DO202608200049,2026-08-20,P032,渝华连锁超市(绣川新城店),R07,104.330571,30.85576,51.05,0.1034,778,898,高
DO202608200050,2026-08-20,P032,渝华连锁超市(绣川新城店),R07,104.330571,30.85576,5.1,0.965,779,899,低
DO202608200051,2026-08-20,P032,渝华连锁超市(绣川新城店),R07,104.330571,30.85576,82.18,0.2737,783,903,高
DO202608200052,2026-08-20,P033,红旗超市(团结花园店),R07,104.246885,30.877313,31.2,0.0922,836,956,低
DO202608200053,2026-08-20,P033,红旗超市(团结花园店),R07,104.246885,30.877313,21.52,3.422,836,956,中
DO202608200054,2026-08-20,P033,红旗超市(团结花园店),R07,104.246885,30.877313,23.38,0.1839,836,956,中
DO202608200055,2026-08-20,P033,红旗超市(团结花园店),R07,104.246885,30.877313,9.05,0.2578,839,959,中
DO202608200056,2026-08-20,P033,红旗超市(团结花园店),R07,104.246885,30.877313,91.0,0.3825,844,964,高
DO202608200057,2026-08-20,P034,红旗连锁(北城新界民族花园店),R07,104.201632,30.877318,16.93,2.4826,719,839,中
DO202608200058,2026-08-20,P034,红旗连锁(北城新界民族花园店),R07,104.201632,30.877318,241.25,0.2297,722,842,中
DO202608200059,2026-08-20,P034,红旗连锁(北城新界民族花园店),R07,104.201632,30.877318,132.19,0.0364,726,846,低
DO202608200060,2026-08-20,P034,红旗连锁(北城新界民族花园店),R07,104.201632,30.877318,212.13,0.0215,727,847,中
DO202608200061,2026-08-20,P035,红旗连锁(青白江同金街便利店),R07,104.244552,30.889503,239.02,0.0238,849,969,高
DO202608200062,2026-08-20,P036,红旗连锁(青白江城厢首府分场),R07,104.323054,30.860039,37.04,0.8887,752,872,低
DO202608200063,2026-08-20,P036,红旗连锁(青白江城厢首府分场),R07,104.323054,30.860039,13.07,0.3397,753,873,中
DO202608200064,2026-08-20,P036,红旗连锁(青白江城厢首府分场),R07,104.323054,30.860039,112.73,0.4244,756,876,高
DO202608200065,2026-08-20,P037,红旗连锁(青白江石家碾西路店),R07,104.253962,30.887052,63.8,0.699,605,725,中
DO202608200066,2026-08-20,P038,青江一家超市,R07,104.284321,30.880989,17.63,0.0617,895,1015,中
DO202608200067,2026-08-20,P039,青江百货连锁超市,R07,104.269502,30.876837,61.74,1.0139,780,900,中
DO202608200068,2026-08-20,P039,青江百货连锁超市,R07,104.269502,30.876837,317.57,0.4319,788,908,低
DO202608200069,2026-08-20,P041,永辉超市(成都青羊中铁大道店),R02,103.961452,30.670211,37.77,0.0337,697,817,中
DO202608200070,2026-08-20,P041,永辉超市(成都青羊中铁大道店),R02,103.961452,30.670211,318.55,2.5786,701,821,低
DO202608200071,2026-08-20,P042,永辉超市(青羊新城市店),R02,104.057614,30.67321,13.22,1.0375,861,981,中
DO202608200072,2026-08-20,P042,永辉超市(青羊新城市店),R02,104.057614,30.67321,38.49,0.0113,862,982,中
DO202608200073,2026-08-20,P042,永辉超市(青羊新城市店),R02,104.057614,30.67321,181.46,0.0131,863,983,高
DO202608200074,2026-08-20,P042,永辉超市(青羊新城市店),R02,104.057614,30.67321,6.17,0.2195,866,986,低
DO202608200075,2026-08-20,P043,红旗超市(中同仁路分场),R02,104.052373,30.668819,168.58,0.3925,673,793,低
DO202608200076,2026-08-20,P043,红旗超市(中同仁路分场),R02,104.052373,30.668819,277.16,1.453,673,793,高
DO202608200077,2026-08-20,P043,红旗超市(中同仁路分场),R02,104.052373,30.668819,60.01,0.9254,677,797,低
DO202608200078,2026-08-20,P044,邻你生活超市(大庆店),R02,104.032527,30.669557,9.65,0.4703,844,964,中
DO202608200079,2026-08-20,P044,邻你生活超市(大庆店),R02,104.032527,30.669557,54.6,0.4839,848,968,中
DO202608200080,2026-08-20,P044,邻你生活超市(大庆店),R02,104.032527,30.669557,4.45,0.6154,850,970,中
DO202608200081,2026-08-20,P044,邻你生活超市(大庆店),R02,104.032527,30.669557,5.92,1.9494,853,973,中
DO202608200082,2026-08-20,P044,邻你生活超市(大庆店),R02,104.032527,30.669557,44.4,0.6863,853,973,高
DO202608200083,2026-08-20,P046,尚喜超市(锦绣路店),R08,104.308338,30.606726,15.6,0.0263,857,977,中
DO202608200084,2026-08-20,P047,永辉超市(成都龙泉驿万达广场店),R08,104.269392,30.566865,160.32,0.8121,814,934,中
DO202608200085,2026-08-20,P048,汇联美连锁超市(中街店),R08,104.27333,30.560098,3.38,0.0442,602,722,高
DO202608200086,2026-08-20,P049,百伦生活超市(龙泉店),R08,104.273346,30.559846,55.99,0.4949,590,710,中
DO202608210000,2026-08-21,P001,689便民(荣盛·香榭兰庭店),R06,104.135375,30.623625,4.26,0.2144,783,903,低
DO202608210001,2026-08-21,P001,689便民(荣盛·香榭兰庭店),R06,104.135375,30.623625,51.59,0.5019,788,908,低
DO202608210002,2026-08-21,P002,十二超市(佳年华广场1期店),R06,104.131787,30.627615,66.33,0.1348,573,693,中
DO202608210003,2026-08-21,P002,十二超市(佳年华广场1期店),R06,104.131787,30.627615,38.11,0.2506,575,695,中
DO202608210004,2026-08-21,P003,红旗连锁,R06,104.132763,30.627528,92.77,0.4015,531,651,低
DO202608210005,2026-08-21,P003,红旗连锁,R06,104.132763,30.627528,62.13,0.0233,538,658,中
DO202608210006,2026-08-21,P003,红旗连锁,R06,104.132763,30.627528,108.87,0.8974,539,659,中
DO202608210007,2026-08-21,P004,老蔡小卖部(水碾河路北社区三街店),R06,104.099234,30.648748,444.0,2.0869,557,677,低
DO202608210008,2026-08-21,P004,老蔡小卖部(水碾河路北社区三街店),R06,104.099234,30.648748,10.1,0.3341,566,686,中
DO202608210009,2026-08-21,P005,郝英超市,R06,104.129707,30.628761,45.4,0.1167,627,747,中
DO202608210010,2026-08-21,P006,全家便利店(龙江路店),R03,104.077199,30.641639,8.52,0.2195,727,847,高
DO202608210011,2026-08-21,P006,全家便利店(龙江路店),R03,104.077199,30.641639,81.55,0.2241,731,851,中
DO202608210012,2026-08-21,P006,全家便利店(龙江路店),R03,104.077199,30.641639,2.58,0.1236,736,856,中
DO202608210013,2026-08-21,P007,永辉超市(成都市新城吾悦广场店),R03,103.988663,30.626255,33.39,0.1379,773,893,中
DO202608210014,2026-08-21,P009,永辉超市(龙湖成都金楠天街店),R03,103.995986,30.648731,19.59,5.9412,685,805,低
DO202608210015,2026-08-21,P009,永辉超市(龙湖成都金楠天街店),R03,103.995986,30.648731,22.82,0.2935,685,805,中
DO202608210016,2026-08-21,P009,永辉超市(龙湖成都金楠天街店),R03,103.995986,30.648731,13.14,0.0282,686,806,高
DO202608210017,2026-08-21,P009,永辉超市(龙湖成都金楠天街店),R03,103.995986,30.648731,153.36,0.1212,686,806,中
DO202608210018,2026-08-21,P009,永辉超市(龙湖成都金楠天街店),R03,103.995986,30.648731,10.04,0.3657,689,809,低
DO202608210019,2026-08-21,P009,永辉超市(龙湖成都金楠天街店),R03,103.995986,30.648731,1.76,1.7374,689,809,低
DO202608210020,2026-08-21,P010,百分百超市(心语店),R03,104.045915,30.545712,5.73,0.5105,677,797,中
DO202608210021,2026-08-21,P010,百分百超市(心语店),R03,104.045915,30.545712,170.73,0.1686,681,801,低
DO202608210022,2026-08-21,P010,百分百超市(心语店),R03,104.045915,30.545712,117.13,2.433,683,803,低
DO202608210023,2026-08-21,P010,百分百超市(心语店),R03,104.045915,30.545712,19.33,0.3843,686,806,低
DO202608210024,2026-08-21,P010,百分百超市(心语店),R03,104.045915,30.545712,69.63,0.0841,686,806,中
DO202608210025,2026-08-21,P011,永辉超市(成都市双铁广场店),R01,103.975737,30.758309,62.37,0.5195,828,948,低
DO202608210026,2026-08-21,P012,永辉超市(成都市蜀都万达广场店),R01,103.907862,30.807642,26.49,1.0132,816,936,高
DO202608210027,2026-08-21,P013,永辉超市(爱琴海购物中心店),R01,103.991901,30.737566,47.22,0.0654,655,775,中
DO202608210028,2026-08-21,P013,永辉超市(爱琴海购物中心店),R01,103.991901,30.737566,14.69,1.432,655,775,中
DO202608210029,2026-08-21,P013,永辉超市(爱琴海购物中心店),R01,103.991901,30.737566,71.14,0.178,657,777,中
DO202608210030,2026-08-21,P013,永辉超市(爱琴海购物中心店),R01,103.991901,30.737566,115.55,2.4501,659,779,中
DO202608210031,2026-08-21,P013,永辉超市(爱琴海购物中心店),R01,103.991901,30.737566,2.68,0.0435,659,779,高
DO202608210032,2026-08-21,P014,永辉超市(龙湖成都时代天街店),R01,103.921214,30.750831,94.73,3.9276,614,734,高
DO202608210033,2026-08-21,P014,永辉超市(龙湖成都时代天街店),R01,103.921214,30.750831,6.64,1.0007,615,735,低
DO202608210034,2026-08-21,P014,永辉超市(龙湖成都时代天街店),R01,103.921214,30.750831,89.97,0.0274,615,735,低
DO202608210035,2026-08-21,P014,永辉超市(龙湖成都时代天街店),R01,103.921214,30.750831,71.61,2.2302,617,737,高
DO202608210036,2026-08-21,P014,永辉超市(龙湖成都时代天街店),R01,103.921214,30.750831,10.74,0.1304,618,738,中
DO202608210037,2026-08-21,P014,永辉超市(龙湖成都时代天街店),R01,103.921214,30.750831,88.42,0.0491,618,738,低
DO202608210038,2026-08-21,P015,红旗超市(龙湖时代天街店),R01,103.919653,30.752444,11.27,0.1857,878,998,高
DO202608210039,2026-08-21,P015,红旗超市(龙湖时代天街店),R01,103.919653,30.752444,95.45,0.363,882,1002,高
DO202608210040,2026-08-21,P015,红旗超市(龙湖时代天街店),R01,103.919653,30.752444,56.71,0.4961,882,1002,中
DO202608210041,2026-08-21,P016,LAWSON罗森(枣子巷15号院店),R04,104.044885,30.667759,46.54,0.6251,574,694,低
DO202608210042,2026-08-21,P017,LAWSON罗森(龙湖成都上城天街店),R04,104.071944,30.68395,13.08,0.4874,638,758,中
DO202608210043,2026-08-21,P017,LAWSON罗森(龙湖成都上城天街店),R04,104.071944,30.68395,52.61,0.3839,638,758,低
DO202608210044,2026-08-21,P017,LAWSON罗森(龙湖成都上城天街店),R04,104.071944,30.68395,42.89,0.0652,639,759,中
DO202608210045,2026-08-21,P017,LAWSON罗森(龙湖成都上城天街店),R04,104.071944,30.68395,37.34,0.0829,640,760,中
DO202608210046,2026-08-21,P017,LAWSON罗森(龙湖成都上城天街店),R04,104.071944,30.68395,18.98,1.2831,641,761,中
DO202608210047,2026-08-21,P017,LAWSON罗森(龙湖成都上城天街店),R04,104.071944,30.68395,69.59,0.4436,641,761,中
DO202608210048,2026-08-21,P017,LAWSON罗森(龙湖成都上城天街店),R04,104.071944,30.68395,128.23,0.0447,641,761,中
DO202608210049,2026-08-21,P017,LAWSON罗森(龙湖成都上城天街店),R04,104.071944,30.68395,316.64,0.1749,642,762,低
DO202608210050,2026-08-21,P018,乐多(成华西街一店),R04,104.071998,30.683402,3.51,0.9506,638,758,低
DO202608210051,2026-08-21,P018,乐多(成华西街一店),R04,104.071998,30.683402,2.58,2.4568,641,761,中
DO202608210052,2026-08-21,P018,乐多(成华西街一店),R04,104.071998,30.683402,102.12,0.1748,644,764,中
DO202608210053,2026-08-21,P019,奥特乐(成都龙湖上城天街店),R04,104.072004,30.684929,20.41,0.2546,621,741,中
DO202608210054,2026-08-21,P019,奥特乐(成都龙湖上城天街店),R04,104.072004,30.684929,49.5,9.3402,622,742,中
DO202608210055,2026-08-21,P019,奥特乐(成都龙湖上城天街店),R04,104.072004,30.684929,63.33,0.7256,627,747,中
DO202608210056,2026-08-21,P019,奥特乐(成都龙湖上城天街店),R04,104.072004,30.684929,8.48,1.6232,627,747,中
DO202608210057,2026-08-21,P020,朴朴超市(西体路店),R04,104.061775,30.681195,153.32,0.1689,804,924,中
DO202608210058,2026-08-21,P020,朴朴超市(西体路店),R04,104.061775,30.681195,6.9,0.3176,809,929,中
DO202608210059,2026-08-21,P022,四川舞东风超市连锁股份有限公司,R05,104.082047,30.660437,50.46,0.5804,827,947,中
DO202608210060,2026-08-21,P023,永辉超市(文华广场店),R05,104.107695,30.637048,56.9,0.0318,882,1002,高
DO202608210061,2026-08-21,P024,永辉超市(锦江城市花园店),R05,104.142752,30.595134,11.54,0.411,882,1002,高
DO202608210062,2026-08-21,P024,永辉超市(锦江城市花园店),R05,104.142752,30.595134,335.53,0.2352,887,1007,中
DO202608210063,2026-08-21,P025,红旗超市(成都红旗商厦店),R05,104.072081,30.658735,302.53,0.0516,743,863,高
DO202608210064,2026-08-21,P025,红旗超市(成都红旗商厦店),R05,104.072081,30.658735,13.07,0.2734,744,864,低
DO202608210065,2026-08-21,P025,红旗超市(成都红旗商厦店),R05,104.072081,30.658735,13.14,0.5634,747,867,中
DO202608210066,2026-08-21,P025,红旗超市(成都红旗商厦店),R05,104.072081,30.658735,43.04,0.2304,750,870,高
DO202608210067,2026-08-21,P027,大荣发连锁超市(和顺雅苑店),R07,104.253582,30.90011,585.54,0.5505,597,717,中
DO202608210068,2026-08-21,P027,大荣发连锁超市(和顺雅苑店),R07,104.253582,30.90011,20.02,0.4599,601,721,中
DO202608210069,2026-08-21,P028,永辉超市(天府欧城店),R07,104.256388,30.892152,16.72,0.9254,519,639,中
DO202608210070,2026-08-21,P028,永辉超市(天府欧城店),R07,104.256388,30.892152,81.46,0.3391,526,646,中
DO202608210071,2026-08-21,P028,永辉超市(天府欧城店),R07,104.256388,30.892152,82.25,0.1892,527,647,低
DO202608210072,2026-08-21,P029,永辉超市(青白江万达广场店),R07,104.253652,30.878095,58.3,0.1548,817,937,低
DO202608210073,2026-08-21,P030,润都连锁生活超市(正兴路店),R07,104.188354,30.87079,26.47,0.3874,553,673,中
DO202608210074,2026-08-21,P030,润都连锁生活超市(正兴路店),R07,104.188354,30.87079,23.19,0.3228,555,675,高
DO202608210075,2026-08-21,P030,润都连锁生活超市(正兴路店),R07,104.188354,30.87079,29.45,0.2828,558,678,低
DO202608210076,2026-08-21,P030,润都连锁生活超市(正兴路店),R07,104.188354,30.87079,8.58,0.2355,559,679,中
DO202608210077,2026-08-21,P031,渝华连锁超市(学苑路店),R07,104.276426,30.875299,4.6,0.2798,822,942,高
DO202608210078,2026-08-21,P031,渝华连锁超市(学苑路店),R07,104.276426,30.875299,60.32,1.3566,827,947,中
DO202608210079,2026-08-21,P032,渝华连锁超市(绣川新城店),R07,104.330571,30.85576,195.67,0.6664,897,1017,中
DO202608210080,2026-08-21,P033,红旗超市(团结花园店),R07,104.246885,30.877313,9.2,1.2739,616,736,中
DO202608210081,2026-08-21,P033,红旗超市(团结花园店),R07,104.246885,30.877313,31.31,0.2012,621,741,中
DO202608210082,2026-08-21,P034,红旗连锁(北城新界民族花园店),R07,104.201632,30.877318,126.4,0.2468,715,835,中
DO202608210083,2026-08-21,P034,红旗连锁(北城新界民族花园店),R07,104.201632,30.877318,54.91,4.365,717,837,中
DO202608210084,2026-08-21,P034,红旗连锁(北城新界民族花园店),R07,104.201632,30.877318,59.09,0.3044,717,837,中
DO202608210085,2026-08-21,P034,红旗连锁(北城新界民族花园店),R07,104.201632,30.877318,44.46,0.1061,722,842,中
DO202608210086,2026-08-21,P034,红旗连锁(北城新界民族花园店),R07,104.201632,30.877318,27.36,0.0374,724,844,高
DO202608210087,2026-08-21,P035,红旗连锁(青白江同金街便利店),R07,104.244552,30.889503,29.15,0.0858,534,654,中
DO202608210088,2026-08-21,P035,红旗连锁(青白江同金街便利店),R07,104.244552,30.889503,33.24,0.0568,534,654,中
DO202608210089,2026-08-21,P036,红旗连锁(青白江城厢首府分场),R07,104.323054,30.860039,105.65,0.091,590,710,高
DO202608210090,2026-08-21,P036,红旗连锁(青白江城厢首府分场),R07,104.323054,30.860039,5.22,0.1905,590,710,中
DO202608210091,2026-08-21,P037,红旗连锁(青白江石家碾西路店),R07,104.253962,30.887052,98.47,0.1515,533,653,中
DO202608210092,2026-08-21,P037,红旗连锁(青白江石家碾西路店),R07,104.253962,30.887052,72.01,0.6529,536,656,中
DO202608210093,2026-08-21,P037,红旗连锁(青白江石家碾西路店),R07,104.253962,30.887052,20.12,0.2438,538,658,中
DO202608210094,2026-08-21,P038,青江一家超市,R07,104.284321,30.880989,33.32,0.2601,738,858,中
DO202608210095,2026-08-21,P038,青江一家超市,R07,104.284321,30.880989,12.61,0.0727,741,861,中
DO202608210096,2026-08-21,P039,青江百货连锁超市,R07,104.269502,30.876837,85.55,0.1526,582,702,中
DO202608210097,2026-08-21,P039,青江百货连锁超市,R07,104.269502,30.876837,3.74,0.1101,585,705,高
DO202608210098,2026-08-21,P039,青江百货连锁超市,R07,104.269502,30.876837,52.9,0.7339,588,708,低
DO202608210099,2026-08-21,P039,青江百货连锁超市,R07,104.269502,30.876837,320.1,0.1526,590,710,中
DO202608210100,2026-08-21,P040,上蔬永辉超市(西单商场店),R02,104.000521,30.674866,35.33,0.1089,560,680,低
DO202608210101,2026-08-21,P040,上蔬永辉超市(西单商场店),R02,104.000521,30.674866,46.12,0.296,568,688,高
DO202608210102,2026-08-21,P041,永辉超市(成都青羊中铁大道店),R02,103.961452,30.670211,13.16,0.9592,698,818,低
DO202608210103,2026-08-21,P041,永辉超市(成都青羊中铁大道店),R02,103.961452,30.670211,3.88,0.0175,701,821,中
DO202608210104,2026-08-21,P042,永辉超市(青羊新城市店),R02,104.057614,30.67321,95.47,5.6426,720,840,中
DO202608210105,2026-08-21,P042,永辉超市(青羊新城市店),R02,104.057614,30.67321,19.07,0.8495,725,845,高
DO202608210106,2026-08-21,P042,永辉超市(青羊新城市店),R02,104.057614,30.67321,62.98,0.1193,726,846,中
DO202608210107,2026-08-21,P042,永辉超市(青羊新城市店),R02,104.057614,30.67321,107.77,0.2249,728,848,低
DO202608210108,2026-08-21,P043,红旗超市(中同仁路分场),R02,104.052373,30.668819,51.38,0.0704,647,767,高
DO202608210109,2026-08-21,P043,红旗超市(中同仁路分场),R02,104.052373,30.668819,2.19,0.8748,653,773,中
DO202608210110,2026-08-21,P043,红旗超市(中同仁路分场),R02,104.052373,30.668819,28.13,0.1169,654,774,中
DO202608210111,2026-08-21,P044,邻你生活超市(大庆店),R02,104.032527,30.669557,460.62,0.1831,619,739,高
DO202608210112,2026-08-21,P044,邻你生活超市(大庆店),R02,104.032527,30.669557,31.17,0.107,621,741,低
DO202608210113,2026-08-21,P044,邻你生活超市(大庆店),R02,104.032527,30.669557,4.14,0.2255,624,744,中
DO202608210114,2026-08-21,P044,邻你生活超市(大庆店),R02,104.032527,30.669557,37.58,0.1586,626,746,中
DO202608210115,2026-08-21,P044,邻你生活超市(大庆店),R02,104.032527,30.669557,286.77,0.1481,626,746,高
DO202608210116,2026-08-21,P045,世纪红连锁超市,R08,104.208007,30.532247,29.1,0.078,696,816,低
DO202608210117,2026-08-21,P046,尚喜超市(锦绣路店),R08,104.308338,30.606726,34.59,1.2331,759,879,中
DO202608210118,2026-08-21,P046,尚喜超市(锦绣路店),R08,104.308338,30.606726,342.25,0.9935,761,881,中
DO202608210119,2026-08-21,P046,尚喜超市(锦绣路店),R08,104.308338,30.606726,23.52,0.0282,769,889,低
DO202608210120,2026-08-21,P046,尚喜超市(锦绣路店),R08,104.308338,30.606726,27.53,0.222,769,889,高
DO202608210121,2026-08-21,P047,永辉超市(成都龙泉驿万达广场店),R08,104.269392,30.566865,4.82,0.2835,655,775,中
DO202608210122,2026-08-21,P047,永辉超市(成都龙泉驿万达广场店),R08,104.269392,30.566865,29.99,0.0212,656,776,中
DO202608210123,2026-08-21,P047,永辉超市(成都龙泉驿万达广场店),R08,104.269392,30.566865,42.07,0.5054,658,778,中
DO202608210124,2026-08-21,P047,永辉超市(成都龙泉驿万达广场店),R08,104.269392,30.566865,55.11,0.3936,662,782,低
DO202608210125,2026-08-21,P047,永辉超市(成都龙泉驿万达广场店),R08,104.269392,30.566865,341.94,0.2275,662,782,中
DO202608210126,2026-08-21,P047,永辉超市(成都龙泉驿万达广场店),R08,104.269392,30.566865,81.4,0.3629,665,785,低
DO202608210127,2026-08-21,P047,永辉超市(成都龙泉驿万达广场店),R08,104.269392,30.566865,59.66,0.0743,665,785,中
DO202608210128,2026-08-21,P049,百伦生活超市(龙泉店),R08,104.273346,30.559846,6.35,0.0352,873,993,高
DO202608210129,2026-08-21,P049,百伦生活超市(龙泉店),R08,104.273346,30.559846,266.99,0.2221,881,1001,高
DO202608210130,2026-08-21,P049,百伦生活超市(龙泉店),R08,104.273346,30.559846,4.48,0.0777,882,1002,低
DO202608220000,2026-08-22,P002,十二超市(佳年华广场1期店),R06,104.131787,30.627615,14.68,0.5357,851,971,中
DO202608220001,2026-08-22,P002,十二超市(佳年华广场1期店),R06,104.131787,30.627615,17.57,0.3908,851,971,低
DO202608220002,2026-08-22,P003,红旗连锁,R06,104.132763,30.627528,31.34,2.0649,674,794,高
DO202608220003,2026-08-22,P003,红旗连锁,R06,104.132763,30.627528,75.03,0.4172,679,799,高
DO202608220004,2026-08-22,P003,红旗连锁,R06,104.132763,30.627528,35.49,0.1524,684,804,中
DO202608220005,2026-08-22,P004,老蔡小卖部(水碾河路北社区三街店),R06,104.099234,30.648748,64.11,0.1322,778,898,低
DO202608220006,2026-08-22,P004,老蔡小卖部(水碾河路北社区三街店),R06,104.099234,30.648748,73.24,0.0435,778,898,高
DO202608220007,2026-08-22,P004,老蔡小卖部(水碾河路北社区三街店),R06,104.099234,30.648748,56.16,0.7136,778,898,中
DO202608220008,2026-08-22,P004,老蔡小卖部(水碾河路北社区三街店),R06,104.099234,30.648748,20.17,0.0123,779,899,中
DO202608220009,2026-08-22,P004,老蔡小卖部(水碾河路北社区三街店),R06,104.099234,30.648748,4.81,0.8579,784,904,高
DO202608220010,2026-08-22,P005,郝英超市,R06,104.129707,30.628761,29.27,1.8939,771,891,低
DO202608220011,2026-08-22,P005,郝英超市,R06,104.129707,30.628761,16.71,0.0975,772,892,低
DO202608220012,2026-08-22,P005,郝英超市,R06,104.129707,30.628761,73.29,0.1597,774,894,中
DO202608220013,2026-08-22,P007,永辉超市(成都市新城吾悦广场店),R03,103.988663,30.626255,77.14,0.147,691,811,中
DO202608220014,2026-08-22,P008,永辉超市(银泰城店),R03,104.058121,30.541191,56.38,0.2858,695,815,低
DO202608220015,2026-08-22,P008,永辉超市(银泰城店),R03,104.058121,30.541191,41.67,6.5937,700,820,中
DO202608220016,2026-08-22,P008,永辉超市(银泰城店),R03,104.058121,30.541191,12.02,0.1475,703,823,中
DO202608220017,2026-08-22,P009,永辉超市(龙湖成都金楠天街店),R03,103.995986,30.648731,21.03,1.6575,527,647,中
DO202608220018,2026-08-22,P009,永辉超市(龙湖成都金楠天街店),R03,103.995986,30.648731,26.96,0.1444,533,653,低
DO202608220019,2026-08-22,P011,永辉超市(成都市双铁广场店),R01,103.975737,30.758309,107.66,1.9268,835,955,高
DO202608220020,2026-08-22,P011,永辉超市(成都市双铁广场店),R01,103.975737,30.758309,113.22,0.6258,839,959,中
DO202608220021,2026-08-22,P011,永辉超市(成都市双铁广场店),R01,103.975737,30.758309,291.01,0.0785,840,960,中
DO202608220022,2026-08-22,P011,永辉超市(成都市双铁广场店),R01,103.975737,30.758309,26.07,0.2246,841,961,中
DO202608220023,2026-08-22,P012,永辉超市(成都市蜀都万达广场店),R01,103.907862,30.807642,142.06,0.2743,725,845,低
DO202608220024,2026-08-22,P013,永辉超市(爱琴海购物中心店),R01,103.991901,30.737566,2.43,0.1561,907,1027,中
DO202608220025,2026-08-22,P014,永辉超市(龙湖成都时代天街店),R01,103.921214,30.750831,47.74,0.0698,751,871,低
DO202608220026,2026-08-22,P014,永辉超市(龙湖成都时代天街店),R01,103.921214,30.750831,20.63,0.2,755,875,中
DO202608220027,2026-08-22,P015,红旗超市(龙湖时代天街店),R01,103.919653,30.752444,37.66,0.3423,742,862,中
DO202608220028,2026-08-22,P015,红旗超市(龙湖时代天街店),R01,103.919653,30.752444,21.77,7.1975,746,866,高
DO202608220029,2026-08-22,P015,红旗超市(龙湖时代天街店),R01,103.919653,30.752444,7.58,0.6525,747,867,中
DO202608220030,2026-08-22,P016,LAWSON罗森(枣子巷15号院店),R04,104.044885,30.667759,58.82,0.0594,766,886,中
DO202608220031,2026-08-22,P017,LAWSON罗森(龙湖成都上城天街店),R04,104.071944,30.68395,18.84,0.5616,802,922,中
DO202608220032,2026-08-22,P017,LAWSON罗森(龙湖成都上城天街店),R04,104.071944,30.68395,369.08,2.6088,807,927,高
DO202608220033,2026-08-22,P018,乐多(成华西街一店),R04,104.071998,30.683402,33.2,0.1691,782,902,中
DO202608220034,2026-08-22,P018,乐多(成华西街一店),R04,104.071998,30.683402,20.44,0.4029,786,906,高
DO202608220035,2026-08-22,P018,乐多(成华西街一店),R04,104.071998,30.683402,40.67,0.1436,786,906,高
DO202608220036,2026-08-22,P018,乐多(成华西街一店),R04,104.071998,30.683402,115.98,1.593,787,907,中
DO202608220037,2026-08-22,P019,奥特乐(成都龙湖上城天街店),R04,104.072004,30.684929,434.01,0.1574,754,874,中
DO202608220038,2026-08-22,P019,奥特乐(成都龙湖上城天街店),R04,104.072004,30.684929,8.6,0.0712,760,880,低
DO202608220039,2026-08-22,P021,Ole 精品超市(IFS国际金融中心店),R05,104.081893,30.655003,352.23,0.1547,850,970,中
DO202608220040,2026-08-22,P022,四川舞东风超市连锁股份有限公司,R05,104.082047,30.660437,21.66,0.1553,566,686,中
DO202608220041,2026-08-22,P023,永辉超市(文华广场店),R05,104.107695,30.637048,123.77,0.1676,774,894,中
DO202608220042,2026-08-22,P024,永辉超市(锦江城市花园店),R05,104.142752,30.595134,6.2,0.3787,744,864,中
DO202608220043,2026-08-22,P024,永辉超市(锦江城市花园店),R05,104.142752,30.595134,218.82,1.0349,744,864,中
DO202608220044,2026-08-22,P024,永辉超市(锦江城市花园店),R05,104.142752,30.595134,193.15,0.234,745,865,低
DO202608220045,2026-08-22,P024,永辉超市(锦江城市花园店),R05,104.142752,30.595134,334.51,0.125,750,870,中
DO202608220046,2026-08-22,P025,红旗超市(成都红旗商厦店),R05,104.072081,30.658735,144.73,0.0556,830,950,中
DO202608220047,2026-08-22,P025,红旗超市(成都红旗商厦店),R05,104.072081,30.658735,72.33,5.1034,836,956,高
DO202608220048,2026-08-22,P025,红旗超市(成都红旗商厦店),R05,104.072081,30.658735,1373.93,0.0287,839,959,低
DO202608220049,2026-08-22,P026,友好多连锁超市(界牌店),R07,104.313922,30.880419,7.09,0.2649,621,741,中
DO202608220050,2026-08-22,P026,友好多连锁超市(界牌店),R07,104.313922,30.880419,64.49,0.128,621,741,低
DO202608220051,2026-08-22,P026,友好多连锁超市(界牌店),R07,104.313922,30.880419,53.8,1.0851,626,746,中
DO202608220052,2026-08-22,P028,永辉超市(天府欧城店),R07,104.256388,30.892152,181.3,0.2755,601,721,中
DO202608220053,2026-08-22,P028,永辉超市(天府欧城店),R07,104.256388,30.892152,15.87,0.0793,602,722,中
DO202608220054,2026-08-22,P028,永辉超市(天府欧城店),R07,104.256388,30.892152,108.97,0.0613,603,723,中
DO202608220055,2026-08-22,P028,永辉超市(天府欧城店),R07,104.256388,30.892152,21.91,0.3553,605,725,高
DO202608220056,2026-08-22,P028,永辉超市(天府欧城店),R07,104.256388,30.892152,69.64,0.1812,605,725,中
DO202608220057,2026-08-22,P030,润都连锁生活超市(正兴路店),R07,104.188354,30.87079,19.73,0.0504,646,766,高
DO202608220058,2026-08-22,P030,润都连锁生活超市(正兴路店),R07,104.188354,30.87079,13.66,0.2405,653,773,高
DO202608220059,2026-08-22,P030,润都连锁生活超市(正兴路店),R07,104.188354,30.87079,131.85,0.2345,653,773,中
DO202608220060,2026-08-22,P031,渝华连锁超市(学苑路店),R07,104.276426,30.875299,28.13,0.1014,843,963,高
DO202608220061,2026-08-22,P033,红旗超市(团结花园店),R07,104.246885,30.877313,21.19,0.2496,736,856,高
DO202608220062,2026-08-22,P033,红旗超市(团结花园店),R07,104.246885,30.877313,66.95,0.1347,741,861,低
DO202608220063,2026-08-22,P033,红旗超市(团结花园店),R07,104.246885,30.877313,75.07,0.5921,742,862,高
DO202608220064,2026-08-22,P033,红旗超市(团结花园店),R07,104.246885,30.877313,9.71,0.398,742,862,高
DO202608220065,2026-08-22,P034,红旗连锁(北城新界民族花园店),R07,104.201632,30.877318,4.14,0.2152,656,776,高
DO202608220066,2026-08-22,P034,红旗连锁(北城新界民族花园店),R07,104.201632,30.877318,33.27,0.7626,656,776,中
DO202608220067,2026-08-22,P036,红旗连锁(青白江城厢首府分场),R07,104.323054,30.860039,9.46,0.0468,577,697,中
DO202608220068,2026-08-22,P036,红旗连锁(青白江城厢首府分场),R07,104.323054,30.860039,12.55,0.1164,577,697,高
DO202608220069,2026-08-22,P036,红旗连锁(青白江城厢首府分场),R07,104.323054,30.860039,12.07,0.1121,583,703,高
DO202608220070,2026-08-22,P036,红旗连锁(青白江城厢首府分场),R07,104.323054,30.860039,42.81,0.5864,584,704,中
DO202608220071,2026-08-22,P037,红旗连锁(青白江石家碾西路店),R07,104.253962,30.887052,58.34,0.0024,569,689,高
DO202608220072,2026-08-22,P037,红旗连锁(青白江石家碾西路店),R07,104.253962,30.887052,2.53,0.2519,570,690,中
DO202608220073,2026-08-22,P037,红旗连锁(青白江石家碾西路店),R07,104.253962,30.887052,627.1,0.0587,572,692,中
DO202608220074,2026-08-22,P037,红旗连锁(青白江石家碾西路店),R07,104.253962,30.887052,21.05,3.4852,572,692,高
DO202608220075,2026-08-22,P038,青江一家超市,R07,104.284321,30.880989,138.5,2.3528,602,722,中
DO202608220076,2026-08-22,P038,青江一家超市,R07,104.284321,30.880989,218.72,0.5721,609,729,低
DO202608220077,2026-08-22,P038,青江一家超市,R07,104.284321,30.880989,25.15,0.1892,610,730,中
DO202608220078,2026-08-22,P038,青江一家超市,R07,104.284321,30.880989,23.71,0.1972,611,731,中
DO202608220079,2026-08-22,P039,青江百货连锁超市,R07,104.269502,30.876837,109.98,0.0734,657,777,低
DO202608220080,2026-08-22,P039,青江百货连锁超市,R07,104.269502,30.876837,56.4,0.4916,660,780,高
DO202608220081,2026-08-22,P039,青江百货连锁超市,R07,104.269502,30.876837,74.98,0.401,660,780,中
DO202608220082,2026-08-22,P039,青江百货连锁超市,R07,104.269502,30.876837,87.83,1.7694,661,781,低
DO202608220083,2026-08-22,P040,上蔬永辉超市(西单商场店),R02,104.000521,30.674866,127.46,0.5639,529,649,低
DO202608220084,2026-08-22,P041,永辉超市(成都青羊中铁大道店),R02,103.961452,30.670211,34.14,0.016,807,927,中
DO202608220085,2026-08-22,P041,永辉超市(成都青羊中铁大道店),R02,103.961452,30.670211,18.39,0.1507,807,927,高
DO202608220086,2026-08-22,P042,永辉超市(青羊新城市店),R02,104.057614,30.67321,21.06,0.9995,522,642,中
DO202608220087,2026-08-22,P042,永辉超市(青羊新城市店),R02,104.057614,30.67321,49.48,1.771,522,642,高
DO202608220088,2026-08-22,P043,红旗超市(中同仁路分场),R02,104.052373,30.668819,232.4,0.4025,686,806,中
DO202608220089,2026-08-22,P044,邻你生活超市(大庆店),R02,104.032527,30.669557,10.68,0.037,691,811,高
DO202608220090,2026-08-22,P044,邻你生活超市(大庆店),R02,104.032527,30.669557,20.41,0.2261,692,812,低
DO202608220091,2026-08-22,P044,邻你生活超市(大庆店),R02,104.032527,30.669557,307.07,0.163,693,813,中
DO202608220092,2026-08-22,P045,世纪红连锁超市,R08,104.208007,30.532247,25.64,4.0042,527,647,中
DO202608220093,2026-08-22,P045,世纪红连锁超市,R08,104.208007,30.532247,236.16,0.5792,531,651,中
DO202608220094,2026-08-22,P046,尚喜超市(锦绣路店),R08,104.308338,30.606726,69.21,0.1149,820,940,低
DO202608220095,2026-08-22,P046,尚喜超市(锦绣路店),R08,104.308338,30.606726,234.8,0.3089,824,944,低
DO202608220096,2026-08-22,P046,尚喜超市(锦绣路店),R08,104.308338,30.606726,7.94,0.1705,826,946,中
DO202608220097,2026-08-22,P048,汇联美连锁超市(中街店),R08,104.27333,30.560098,7.03,0.1462,558,678,中
DO202608220098,2026-08-22,P049,百伦生活超市(龙泉店),R08,104.273346,30.559846,172.23,0.0233,602,722,低
DO202608220099,2026-08-22,P049,百伦生活超市(龙泉店),R08,104.273346,30.559846,7.57,0.032,603,723,中
DO202608230000,2026-08-23,P001,689便民(荣盛·香榭兰庭店),R06,104.135375,30.623625,12.36,0.1789,550,670,中
DO202608230001,2026-08-23,P001,689便民(荣盛·香榭兰庭店),R06,104.135375,30.623625,23.42,1.7526,558,678,高
DO202608230002,2026-08-23,P002,十二超市(佳年华广场1期店),R06,104.131787,30.627615,29.1,0.3721,890,1010,中
DO202608230003,2026-08-23,P003,红旗连锁,R06,104.132763,30.627528,167.71,0.2809,731,851,中
DO202608230004,2026-08-23,P004,老蔡小卖部(水碾河路北社区三街店),R06,104.099234,30.648748,66.91,0.7726,824,944,中
DO202608230005,2026-08-23,P004,老蔡小卖部(水碾河路北社区三街店),R06,104.099234,30.648748,296.29,0.0602,827,947,中
DO202608230006,2026-08-23,P004,老蔡小卖部(水碾河路北社区三街店),R06,104.099234,30.648748,3.14,0.7316,827,947,高
DO202608230007,2026-08-23,P004,老蔡小卖部(水碾河路北社区三街店),R06,104.099234,30.648748,26.25,0.9978,832,952,中
DO202608230008,2026-08-23,P004,老蔡小卖部(水碾河路北社区三街店),R06,104.099234,30.648748,32.69,0.098,833,953,高
DO202608230009,2026-08-23,P005,郝英超市,R06,104.129707,30.628761,54.97,0.3746,813,933,中
DO202608230010,2026-08-23,P006,全家便利店(龙江路店),R03,104.077199,30.641639,59.45,0.4329,587,707,低
DO202608230011,2026-08-23,P006,全家便利店(龙江路店),R03,104.077199,30.641639,12.89,0.0561,588,708,中
DO202608230012,2026-08-23,P007,永辉超市(成都市新城吾悦广场店),R03,103.988663,30.626255,6.12,0.0836,516,636,中
DO202608230013,2026-08-23,P007,永辉超市(成都市新城吾悦广场店),R03,103.988663,30.626255,85.2,1.2708,524,644,低
DO202608230014,2026-08-23,P008,永辉超市(银泰城店),R03,104.058121,30.541191,24.59,0.6132,753,873,高
DO202608230015,2026-08-23,P009,永辉超市(龙湖成都金楠天街店),R03,103.995986,30.648731,24.64,0.1091,832,952,低
DO202608230016,2026-08-23,P009,永辉超市(龙湖成都金楠天街店),R03,103.995986,30.648731,17.26,0.0216,832,952,高
DO202608230017,2026-08-23,P009,永辉超市(龙湖成都金楠天街店),R03,103.995986,30.648731,80.56,0.8913,838,958,中
DO202608230018,2026-08-23,P010,百分百超市(心语店),R03,104.045915,30.545712,37.1,0.0512,667,787,中
DO202608230019,2026-08-23,P010,百分百超市(心语店),R03,104.045915,30.545712,57.95,0.26,667,787,中
DO202608230020,2026-08-23,P010,百分百超市(心语店),R03,104.045915,30.545712,109.0,0.0424,668,788,中
DO202608230021,2026-08-23,P010,百分百超市(心语店),R03,104.045915,30.545712,10.63,0.2205,671,791,中
DO202608230022,2026-08-23,P010,百分百超市(心语店),R03,104.045915,30.545712,72.66,0.1426,675,795,高
DO202608230023,2026-08-23,P010,百分百超市(心语店),R03,104.045915,30.545712,29.77,1.78,675,795,高
DO202608230024,2026-08-23,P011,永辉超市(成都市双铁广场店),R01,103.975737,30.758309,81.6,0.7883,834,954,中
DO202608230025,2026-08-23,P011,永辉超市(成都市双铁广场店),R01,103.975737,30.758309,14.3,0.229,834,954,高
DO202608230026,2026-08-23,P011,永辉超市(成都市双铁广场店),R01,103.975737,30.758309,38.57,0.4411,837,957,高
DO202608230027,2026-08-23,P012,永辉超市(成都市蜀都万达广场店),R01,103.907862,30.807642,137.11,0.6812,647,767,中
DO202608230028,2026-08-23,P014,永辉超市(龙湖成都时代天街店),R01,103.921214,30.750831,694.71,0.4613,545,665,中
DO202608230029,2026-08-23,P014,永辉超市(龙湖成都时代天街店),R01,103.921214,30.750831,10.53,0.5668,545,665,中
DO202608230030,2026-08-23,P014,永辉超市(龙湖成都时代天街店),R01,103.921214,30.750831,13.19,0.06,547,667,中
DO202608230031,2026-08-23,P014,永辉超市(龙湖成都时代天街店),R01,103.921214,30.750831,5.53,2.4734,548,668,高
DO202608230032,2026-08-23,P014,永辉超市(龙湖成都时代天街店),R01,103.921214,30.750831,25.11,0.4126,552,672,中
DO202608230033,2026-08-23,P015,红旗超市(龙湖时代天街店),R01,103.919653,30.752444,89.48,0.1396,555,675,低
DO202608230034,2026-08-23,P015,红旗超市(龙湖时代天街店),R01,103.919653,30.752444,47.1,0.8984,556,676,低
DO202608230035,2026-08-23,P018,乐多(成华西街一店),R04,104.071998,30.683402,6.65,2.6213,654,774,低
DO202608230036,2026-08-23,P019,奥特乐(成都龙湖上城天街店),R04,104.072004,30.684929,97.52,0.2368,753,873,高
DO202608230037,2026-08-23,P019,奥特乐(成都龙湖上城天街店),R04,104.072004,30.684929,157.94,0.184,756,876,低
DO202608230038,2026-08-23,P020,朴朴超市(西体路店),R04,104.061775,30.681195,122.33,0.7104,873,993,高
DO202608230039,2026-08-23,P020,朴朴超市(西体路店),R04,104.061775,30.681195,24.7,1.6576,875,995,高
DO202608230040,2026-08-23,P022,四川舞东风超市连锁股份有限公司,R05,104.082047,30.660437,1800.26,0.0186,823,943,中
DO202608230041,2026-08-23,P022,四川舞东风超市连锁股份有限公司,R05,104.082047,30.660437,34.69,0.4333,825,945,低
DO202608230042,2026-08-23,P022,四川舞东风超市连锁股份有限公司,R05,104.082047,30.660437,39.02,0.0426,829,949,低
DO202608230043,2026-08-23,P022,四川舞东风超市连锁股份有限公司,R05,104.082047,30.660437,82.76,0.2584,829,949,中
DO202608230044,2026-08-23,P022,四川舞东风超市连锁股份有限公司,R05,104.082047,30.660437,90.2,0.3602,831,951,中
DO202608230045,2026-08-23,P023,永辉超市(文华广场店),R05,104.107695,30.637048,19.09,1.4058,672,792,中
DO202608230046,2026-08-23,P024,永辉超市(锦江城市花园店),R05,104.142752,30.595134,10.26,1.8009,724,844,中
DO202608230047,2026-08-23,P024,永辉超市(锦江城市花园店),R05,104.142752,30.595134,8.68,0.2895,730,850,高
DO202608230048,2026-08-23,P025,红旗超市(成都红旗商厦店),R05,104.072081,30.658735,5.89,1.0301,592,712,低
DO202608230049,2026-08-23,P026,友好多连锁超市(界牌店),R07,104.313922,30.880419,10.55,0.0311,527,647,高
DO202608230050,2026-08-23,P027,大荣发连锁超市(和顺雅苑店),R07,104.253582,30.90011,32.91,1.1563,817,937,低
DO202608230051,2026-08-23,P027,大荣发连锁超市(和顺雅苑店),R07,104.253582,30.90011,5.89,0.2526,817,937,中
DO202608230052,2026-08-23,P027,大荣发连锁超市(和顺雅苑店),R07,104.253582,30.90011,6.88,0.8558,820,940,低
DO202608230053,2026-08-23,P027,大荣发连锁超市(和顺雅苑店),R07,104.253582,30.90011,158.59,3.2941,825,945,高
DO202608230054,2026-08-23,P028,永辉超市(天府欧城店),R07,104.256388,30.892152,5.21,1.6118,519,639,中
DO202608230055,2026-08-23,P029,永辉超市(青白江万达广场店),R07,104.253652,30.878095,81.97,0.2061,847,967,中
DO202608230056,2026-08-23,P030,润都连锁生活超市(正兴路店),R07,104.188354,30.87079,75.31,0.071,804,924,高
DO202608230057,2026-08-23,P030,润都连锁生活超市(正兴路店),R07,104.188354,30.87079,205.57,0.1239,807,927,中
DO202608230058,2026-08-23,P030,润都连锁生活超市(正兴路店),R07,104.188354,30.87079,5.96,0.888,807,927,高
DO202608230059,2026-08-23,P032,渝华连锁超市(绣川新城店),R07,104.330571,30.85576,12.15,0.4613,688,808,中
DO202608230060,2026-08-23,P032,渝华连锁超市(绣川新城店),R07,104.330571,30.85576,104.15,0.3959,689,809,低
DO202608230061,2026-08-23,P033,红旗超市(团结花园店),R07,104.246885,30.877313,7.51,0.0708,692,812,中
DO202608230062,2026-08-23,P033,红旗超市(团结花园店),R07,104.246885,30.877313,622.7,0.2489,692,812,低
DO202608230063,2026-08-23,P034,红旗连锁(北城新界民族花园店),R07,104.201632,30.877318,42.28,0.0825,570,690,中
DO202608230064,2026-08-23,P035,红旗连锁(青白江同金街便利店),R07,104.244552,30.889503,62.98,0.2385,545,665,中
DO202608230065,2026-08-23,P035,红旗连锁(青白江同金街便利店),R07,104.244552,30.889503,29.32,0.1134,548,668,高
DO202608230066,2026-08-23,P035,红旗连锁(青白江同金街便利店),R07,104.244552,30.889503,370.68,0.7178,551,671,低
DO202608230067,2026-08-23,P036,红旗连锁(青白江城厢首府分场),R07,104.323054,30.860039,66.04,0.2861,868,988,中
DO202608230068,2026-08-23,P038,青江一家超市,R07,104.284321,30.880989,19.03,0.2698,657,777,高
DO202608230069,2026-08-23,P038,青江一家超市,R07,104.284321,30.880989,14.0,0.1916,663,783,中
DO202608230070,2026-08-23,P038,青江一家超市,R07,104.284321,30.880989,159.61,0.4166,663,783,中
DO202608230071,2026-08-23,P038,青江一家超市,R07,104.284321,30.880989,32.05,0.6056,664,784,高
DO202608230072,2026-08-23,P038,青江一家超市,R07,104.284321,30.880989,32.58,0.0875,665,785,中
DO202608230073,2026-08-23,P039,青江百货连锁超市,R07,104.269502,30.876837,46.91,3.6571,830,950,中
DO202608230074,2026-08-23,P040,上蔬永辉超市(西单商场店),R02,104.000521,30.674866,17.04,0.3469,714,834,中
DO202608230075,2026-08-23,P041,永辉超市(成都青羊中铁大道店),R02,103.961452,30.670211,11.17,0.2644,516,636,低
DO202608230076,2026-08-23,P041,永辉超市(成都青羊中铁大道店),R02,103.961452,30.670211,7.26,0.1206,516,636,中
DO202608230077,2026-08-23,P041,永辉超市(成都青羊中铁大道店),R02,103.961452,30.670211,20.33,0.1673,516,636,中
DO202608230078,2026-08-23,P041,永辉超市(成都青羊中铁大道店),R02,103.961452,30.670211,196.2,1.4817,520,640,中
DO202608230079,2026-08-23,P041,永辉超市(成都青羊中铁大道店),R02,103.961452,30.670211,314.31,0.6009,521,641,高
DO202608230080,2026-08-23,P041,永辉超市(成都青羊中铁大道店),R02,103.961452,30.670211,2.17,0.0741,522,642,低
DO202608230081,2026-08-23,P042,永辉超市(青羊新城市店),R02,104.057614,30.67321,17.4,0.04,787,907,高
DO202608230082,2026-08-23,P042,永辉超市(青羊新城市店),R02,104.057614,30.67321,14.61,0.3301,789,909,高
DO202608230083,2026-08-23,P042,永辉超市(青羊新城市店),R02,104.057614,30.67321,67.32,1.6684,789,909,高
DO202608230084,2026-08-23,P043,红旗超市(中同仁路分场),R02,104.052373,30.668819,707.46,0.2088,874,994,中
DO202608230085,2026-08-23,P043,红旗超市(中同仁路分场),R02,104.052373,30.668819,32.13,0.2411,874,994,中
DO202608230086,2026-08-23,P044,邻你生活超市(大庆店),R02,104.032527,30.669557,25.5,0.3459,738,858,低
DO202608230087,2026-08-23,P044,邻你生活超市(大庆店),R02,104.032527,30.669557,85.58,0.6614,742,862,中
DO202608230088,2026-08-23,P044,邻你生活超市(大庆店),R02,104.032527,30.669557,15.49,0.9801,746,866,中
DO202608230089,2026-08-23,P045,世纪红连锁超市,R08,104.208007,30.532247,10.55,0.0589,639,759,中
DO202608230090,2026-08-23,P046,尚喜超市(锦绣路店),R08,104.308338,30.606726,36.97,3.8897,896,1016,高
DO202608230091,2026-08-23,P047,永辉超市(成都龙泉驿万达广场店),R08,104.269392,30.566865,3.33,0.2185,805,925,中
DO202608230092,2026-08-23,P047,永辉超市(成都龙泉驿万达广场店),R08,104.269392,30.566865,63.58,2.6853,808,928,中
DO202608230093,2026-08-23,P047,永辉超市(成都龙泉驿万达广场店),R08,104.269392,30.566865,10.28,2.0971,809,929,低
DO202608230094,2026-08-23,P048,汇联美连锁超市(中街店),R08,104.27333,30.560098,70.89,0.0779,606,726,中
DO202608230095,2026-08-23,P049,百伦生活超市(龙泉店),R08,104.273346,30.559846,94.72,1.7435,686,806,中
DO202608240000,2026-08-24,P001,689便民(荣盛·香榭兰庭店),R06,104.135375,30.623625,66.95,4.036,884,1004,中
DO202608240001,2026-08-24,P001,689便民(荣盛·香榭兰庭店),R06,104.135375,30.623625,75.52,0.0722,889,1009,中
DO202608240002,2026-08-24,P003,红旗连锁,R06,104.132763,30.627528,2.96,0.8284,725,845,低
DO202608240003,2026-08-24,P003,红旗连锁,R06,104.132763,30.627528,10.16,0.7529,729,849,高
DO202608240004,2026-08-24,P003,红旗连锁,R06,104.132763,30.627528,1638.06,0.4163,731,851,低
DO202608240005,2026-08-24,P004,老蔡小卖部(水碾河路北社区三街店),R06,104.099234,30.648748,656.35,0.5253,633,753,高
DO202608240006,2026-08-24,P005,郝英超市,R06,104.129707,30.628761,53.04,0.9065,879,999,低
DO202608240007,2026-08-24,P005,郝英超市,R06,104.129707,30.628761,50.11,0.0537,879,999,中
DO202608240008,2026-08-24,P006,全家便利店(龙江路店),R03,104.077199,30.641639,44.31,0.5268,899,1019,高
DO202608240009,2026-08-24,P006,全家便利店(龙江路店),R03,104.077199,30.641639,74.21,0.0112,902,1022,中
DO202608240010,2026-08-24,P007,永辉超市(成都市新城吾悦广场店),R03,103.988663,30.626255,51.34,0.6392,755,875,高
DO202608240011,2026-08-24,P007,永辉超市(成都市新城吾悦广场店),R03,103.988663,30.626255,30.13,0.5374,765,885,低
DO202608240012,2026-08-24,P008,永辉超市(银泰城店),R03,104.058121,30.541191,45.62,0.1259,819,939,高
DO202608240013,2026-08-24,P008,永辉超市(银泰城店),R03,104.058121,30.541191,33.36,0.1063,820,940,中
DO202608240014,2026-08-24,P008,永辉超市(银泰城店),R03,104.058121,30.541191,37.06,0.5075,820,940,高
DO202608240015,2026-08-24,P009,永辉超市(龙湖成都金楠天街店),R03,103.995986,30.648731,29.72,1.1001,705,825,低
DO202608240016,2026-08-24,P009,永辉超市(龙湖成都金楠天街店),R03,103.995986,30.648731,571.56,0.1525,705,825,高
DO202608240017,2026-08-24,P009,永辉超市(龙湖成都金楠天街店),R03,103.995986,30.648731,63.83,0.4826,709,829,中
DO202608240018,2026-08-24,P009,永辉超市(龙湖成都金楠天街店),R03,103.995986,30.648731,275.35,0.8879,710,830,中
DO202608240019,2026-08-24,P010,百分百超市(心语店),R03,104.045915,30.545712,4.85,0.3893,833,953,低
DO202608240020,2026-08-24,P010,百分百超市(心语店),R03,104.045915,30.545712,122.72,0.0555,835,955,高
DO202608240021,2026-08-24,P011,永辉超市(成都市双铁广场店),R01,103.975737,30.758309,4.13,0.6515,802,922,高
DO202608240022,2026-08-24,P011,永辉超市(成都市双铁广场店),R01,103.975737,30.758309,53.55,0.0632,806,926,高
DO202608240023,2026-08-24,P011,永辉超市(成都市双铁广场店),R01,103.975737,30.758309,76.42,0.1809,807,927,中
DO202608240024,2026-08-24,P011,永辉超市(成都市双铁广场店),R01,103.975737,30.758309,7.15,0.4565,811,931,低
DO202608240025,2026-08-24,P011,永辉超市(成都市双铁广场店),R01,103.975737,30.758309,254.14,0.1802,812,932,中
DO202608240026,2026-08-24,P012,永辉超市(成都市蜀都万达广场店),R01,103.907862,30.807642,975.15,1.0631,602,722,低
DO202608240027,2026-08-24,P013,永辉超市(爱琴海购物中心店),R01,103.991901,30.737566,44.32,0.4921,654,774,低
DO202608240028,2026-08-24,P013,永辉超市(爱琴海购物中心店),R01,103.991901,30.737566,6.1,0.4319,655,775,中
DO202608240029,2026-08-24,P014,永辉超市(龙湖成都时代天街店),R01,103.921214,30.750831,11.41,0.2355,777,897,低
DO202608240030,2026-08-24,P014,永辉超市(龙湖成都时代天街店),R01,103.921214,30.750831,3.47,0.0631,784,904,中
DO202608240031,2026-08-24,P015,红旗超市(龙湖时代天街店),R01,103.919653,30.752444,246.46,0.3508,760,880,高
DO202608240032,2026-08-24,P015,红旗超市(龙湖时代天街店),R01,103.919653,30.752444,17.24,1.0264,762,882,中
DO202608240033,2026-08-24,P016,LAWSON罗森(枣子巷15号院店),R04,104.044885,30.667759,12.78,0.3109,888,1008,高
DO202608240034,2026-08-24,P016,LAWSON罗森(枣子巷15号院店),R04,104.044885,30.667759,34.25,2.6294,890,1010,中
DO202608240035,2026-08-24,P017,LAWSON罗森(龙湖成都上城天街店),R04,104.071944,30.68395,9.51,0.2272,698,818,低
DO202608240036,2026-08-24,P017,LAWSON罗森(龙湖成都上城天街店),R04,104.071944,30.68395,10.87,0.1199,701,821,中
DO202608240037,2026-08-24,P017,LAWSON罗森(龙湖成都上城天街店),R04,104.071944,30.68395,18.16,0.2438,702,822,中
DO202608240038,2026-08-24,P018,乐多(成华西街一店),R04,104.071998,30.683402,12.46,0.2221,672,792,中
DO202608240039,2026-08-24,P018,乐多(成华西街一店),R04,104.071998,30.683402,132.3,0.1804,674,794,低
DO202608240040,2026-08-24,P018,乐多(成华西街一店),R04,104.071998,30.683402,170.89,0.3305,676,796,中
DO202608240041,2026-08-24,P018,乐多(成华西街一店),R04,104.071998,30.683402,51.21,0.0886,676,796,低
DO202608240042,2026-08-24,P018,乐多(成华西街一店),R04,104.071998,30.683402,18.34,0.0775,677,797,中
DO202608240043,2026-08-24,P019,奥特乐(成都龙湖上城天街店),R04,104.072004,30.684929,49.19,0.0969,533,653,中
DO202608240044,2026-08-24,P019,奥特乐(成都龙湖上城天街店),R04,104.072004,30.684929,3.27,0.1157,534,654,中
DO202608240045,2026-08-24,P019,奥特乐(成都龙湖上城天街店),R04,104.072004,30.684929,132.49,0.0524,534,654,中
DO202608240046,2026-08-24,P020,朴朴超市(西体路店),R04,104.061775,30.681195,234.96,1.0154,763,883,低
DO202608240047,2026-08-24,P021,Ole 精品超市(IFS国际金融中心店),R05,104.081893,30.655003,94.6,0.633,683,803,低
DO202608240048,2026-08-24,P022,四川舞东风超市连锁股份有限公司,R05,104.082047,30.660437,104.98,0.0608,878,998,低
DO202608240049,2026-08-24,P022,四川舞东风超市连锁股份有限公司,R05,104.082047,30.660437,29.15,0.6681,881,1001,高
DO202608240050,2026-08-24,P023,永辉超市(文华广场店),R05,104.107695,30.637048,5.44,0.0892,644,764,中
DO202608240051,2026-08-24,P024,永辉超市(锦江城市花园店),R05,104.142752,30.595134,9.97,0.4041,830,950,中
DO202608240052,2026-08-24,P025,红旗超市(成都红旗商厦店),R05,104.072081,30.658735,36.61,1.3313,651,771,高
DO202608240053,2026-08-24,P026,友好多连锁超市(界牌店),R07,104.313922,30.880419,9.46,0.1559,595,715,高
DO202608240054,2026-08-24,P027,大荣发连锁超市(和顺雅苑店),R07,104.253582,30.90011,8.77,0.4055,724,844,中
DO202608240055,2026-08-24,P027,大荣发连锁超市(和顺雅苑店),R07,104.253582,30.90011,946.54,0.2927,724,844,中
DO202608240056,2026-08-24,P027,大荣发连锁超市(和顺雅苑店),R07,104.253582,30.90011,4.21,0.7421,725,845,低
DO202608240057,2026-08-24,P027,大荣发连锁超市(和顺雅苑店),R07,104.253582,30.90011,22.03,0.1931,727,847,中
DO202608240058,2026-08-24,P027,大荣发连锁超市(和顺雅苑店),R07,104.253582,30.90011,13.85,0.9117,730,850,低
DO202608240059,2026-08-24,P027,大荣发连锁超市(和顺雅苑店),R07,104.253582,30.90011,33.98,0.6734,731,851,高
DO202608240060,2026-08-24,P027,大荣发连锁超市(和顺雅苑店),R07,104.253582,30.90011,11.07,0.0585,732,852,中
DO202608240061,2026-08-24,P027,大荣发连锁超市(和顺雅苑店),R07,104.253582,30.90011,85.98,0.0886,733,853,中
DO202608240062,2026-08-24,P028,永辉超市(天府欧城店),R07,104.256388,30.892152,59.65,0.3564,863,983,中
DO202608240063,2026-08-24,P028,永辉超市(天府欧城店),R07,104.256388,30.892152,289.03,0.3366,866,986,低
DO202608240064,2026-08-24,P028,永辉超市(天府欧城店),R07,104.256388,30.892152,11.64,0.138,868,988,低
DO202608240065,2026-08-24,P029,永辉超市(青白江万达广场店),R07,104.253652,30.878095,11.36,0.2221,698,818,低
DO202608240066,2026-08-24,P029,永辉超市(青白江万达广场店),R07,104.253652,30.878095,3.32,0.8311,701,821,中
DO202608240067,2026-08-24,P029,永辉超市(青白江万达广场店),R07,104.253652,30.878095,25.37,1.884,703,823,中
DO202608240068,2026-08-24,P029,永辉超市(青白江万达广场店),R07,104.253652,30.878095,1.78,2.1449,707,827,中
DO202608240069,2026-08-24,P030,润都连锁生活超市(正兴路店),R07,104.188354,30.87079,162.46,1.1807,708,828,中
DO202608240070,2026-08-24,P031,渝华连锁超市(学苑路店),R07,104.276426,30.875299,24.99,0.2951,794,914,低
DO202608240071,2026-08-24,P031,渝华连锁超市(学苑路店),R07,104.276426,30.875299,22.39,1.1085,799,919,中
DO202608240072,2026-08-24,P032,渝华连锁超市(绣川新城店),R07,104.330571,30.85576,18.89,0.4395,555,675,高
DO202608240073,2026-08-24,P032,渝华连锁超市(绣川新城店),R07,104.330571,30.85576,7.96,0.1594,560,680,高
DO202608240074,2026-08-24,P033,红旗超市(团结花园店),R07,104.246885,30.877313,118.84,0.7034,739,859,中
DO202608240075,2026-08-24,P033,红旗超市(团结花园店),R07,104.246885,30.877313,40.48,0.8633,743,863,中
DO202608240076,2026-08-24,P033,红旗超市(团结花园店),R07,104.246885,30.877313,24.59,0.0149,744,864,高
DO202608240077,2026-08-24,P034,红旗连锁(北城新界民族花园店),R07,104.201632,30.877318,232.28,0.226,640,760,中
DO202608240078,2026-08-24,P034,红旗连锁(北城新界民族花园店),R07,104.201632,30.877318,4.59,0.4407,646,766,高
DO202608240079,2026-08-24,P034,红旗连锁(北城新界民族花园店),R07,104.201632,30.877318,256.59,0.176,648,768,低
DO202608240080,2026-08-24,P035,红旗连锁(青白江同金街便利店),R07,104.244552,30.889503,161.36,0.0454,809,929,低
DO202608240081,2026-08-24,P035,红旗连锁(青白江同金街便利店),R07,104.244552,30.889503,17.74,0.1738,814,934,高
DO202608240082,2026-08-24,P035,红旗连锁(青白江同金街便利店),R07,104.244552,30.889503,14.72,0.4816,815,935,中
DO202608240083,2026-08-24,P037,红旗连锁(青白江石家碾西路店),R07,104.253962,30.887052,6.9,0.1757,773,893,高
DO202608240084,2026-08-24,P038,青江一家超市,R07,104.284321,30.880989,31.64,0.097,706,826,低
DO202608240085,2026-08-24,P038,青江一家超市,R07,104.284321,30.880989,41.7,0.0847,706,826,中
DO202608240086,2026-08-24,P038,青江一家超市,R07,104.284321,30.880989,28.5,0.6382,709,829,低
DO202608240087,2026-08-24,P038,青江一家超市,R07,104.284321,30.880989,370.05,0.0855,710,830,中
DO202608240088,2026-08-24,P038,青江一家超市,R07,104.284321,30.880989,26.79,0.0374,713,833,中
DO202608240089,2026-08-24,P038,青江一家超市,R07,104.284321,30.880989,135.92,0.9267,713,833,中
DO202608240090,2026-08-24,P039,青江百货连锁超市,R07,104.269502,30.876837,55.63,0.0076,719,839,高
DO202608240091,2026-08-24,P039,青江百货连锁超市,R07,104.269502,30.876837,302.51,1.1443,721,841,中
DO202608240092,2026-08-24,P040,上蔬永辉超市(西单商场店),R02,104.000521,30.674866,131.59,0.0591,878,998,高
DO202608240093,2026-08-24,P040,上蔬永辉超市(西单商场店),R02,104.000521,30.674866,180.9,0.1701,881,1001,中
DO202608240094,2026-08-24,P041,永辉超市(成都青羊中铁大道店),R02,103.961452,30.670211,65.2,0.7626,730,850,低
DO202608240095,2026-08-24,P041,永辉超市(成都青羊中铁大道店),R02,103.961452,30.670211,1116.26,0.1165,730,850,中
DO202608240096,2026-08-24,P041,永辉超市(成都青羊中铁大道店),R02,103.961452,30.670211,9.61,0.0533,733,853,高
DO202608240097,2026-08-24,P041,永辉超市(成都青羊中铁大道店),R02,103.961452,30.670211,25.77,0.2058,738,858,中
DO202608240098,2026-08-24,P042,永辉超市(青羊新城市店),R02,104.057614,30.67321,77.28,0.0698,890,1010,中
DO202608240099,2026-08-24,P043,红旗超市(中同仁路分场),R02,104.052373,30.668819,396.23,0.7853,645,765,中
DO202608240100,2026-08-24,P044,邻你生活超市(大庆店),R02,104.032527,30.669557,265.53,0.5776,698,818,中
DO202608240101,2026-08-24,P044,邻你生活超市(大庆店),R02,104.032527,30.669557,74.11,1.0503,704,824,中
DO202608240102,2026-08-24,P045,世纪红连锁超市,R08,104.208007,30.532247,19.54,0.086,813,933,高
DO202608240103,2026-08-24,P045,世纪红连锁超市,R08,104.208007,30.532247,20.23,0.3128,814,934,高
DO202608240104,2026-08-24,P045,世纪红连锁超市,R08,104.208007,30.532247,62.43,0.0276,815,935,中
DO202608240105,2026-08-24,P047,永辉超市(成都龙泉驿万达广场店),R08,104.269392,30.566865,27.94,0.0375,716,836,中
DO202608240106,2026-08-24,P047,永辉超市(成都龙泉驿万达广场店),R08,104.269392,30.566865,28.69,0.4897,723,843,中
DO202608240107,2026-08-24,P048,汇联美连锁超市(中街店),R08,104.27333,30.560098,12.66,0.3289,674,794,中
DO202608240108,2026-08-24,P048,汇联美连锁超市(中街店),R08,104.27333,30.560098,409.02,0.1994,674,794,高
DO202608240109,2026-08-24,P048,汇联美连锁超市(中街店),R08,104.27333,30.560098,73.36,0.5261,675,795,低
DO202608240110,2026-08-24,P049,百伦生活超市(龙泉店),R08,104.273346,30.559846,2.73,0.0528,576,696,中
DO202608240111,2026-08-24,P049,百伦生活超市(龙泉店),R08,104.273346,30.559846,68.91,0.1336,577,697,低
DO202608240112,2026-08-24,P049,百伦生活超市(龙泉店),R08,104.273346,30.559846,58.02,0.2744,581,701,中
DO202608240113,2026-08-24,P049,百伦生活超市(龙泉店),R08,104.273346,30.559846,49.8,0.5013,585,705,中
DO202608250000,2026-08-25,P001,689便民(荣盛·香榭兰庭店),R06,104.135375,30.623625,15.49,0.0842,837,957,中
DO202608250001,2026-08-25,P001,689便民(荣盛·香榭兰庭店),R06,104.135375,30.623625,121.78,1.9663,846,966,中
DO202608250002,2026-08-25,P002,十二超市(佳年华广场1期店),R06,104.131787,30.627615,39.7,0.3204,652,772,低
DO202608250003,2026-08-25,P002,十二超市(佳年华广场1期店),R06,104.131787,30.627615,3.74,1.0149,659,779,中
DO202608250004,2026-08-25,P002,十二超市(佳年华广场1期店),R06,104.131787,30.627615,153.73,1.032,660,780,高
DO202608250005,2026-08-25,P004,老蔡小卖部(水碾河路北社区三街店),R06,104.099234,30.648748,23.38,0.3957,531,651,高
DO202608250006,2026-08-25,P006,全家便利店(龙江路店),R03,104.077199,30.641639,14.69,0.0293,600,720,高
DO202608250007,2026-08-25,P006,全家便利店(龙江路店),R03,104.077199,30.641639,14.55,0.0545,603,723,中
DO202608250008,2026-08-25,P006,全家便利店(龙江路店),R03,104.077199,30.641639,446.15,0.2494,606,726,低
DO202608250009,2026-08-25,P007,永辉超市(成都市新城吾悦广场店),R03,103.988663,30.626255,24.13,0.1783,889,1009,低
DO202608250010,2026-08-25,P007,永辉超市(成都市新城吾悦广场店),R03,103.988663,30.626255,27.13,0.1434,890,1010,高
DO202608250011,2026-08-25,P007,永辉超市(成都市新城吾悦广场店),R03,103.988663,30.626255,25.77,1.6762,893,1013,高
DO202608250012,2026-08-25,P007,永辉超市(成都市新城吾悦广场店),R03,103.988663,30.626255,68.06,1.3982,894,1014,低
DO202608250013,2026-08-25,P008,永辉超市(银泰城店),R03,104.058121,30.541191,53.06,0.21,854,974,低
DO202608250014,2026-08-25,P008,永辉超市(银泰城店),R03,104.058121,30.541191,26.14,0.4549,858,978,高
DO202608250015,2026-08-25,P009,永辉超市(龙湖成都金楠天街店),R03,103.995986,30.648731,76.34,0.4646,757,877,中
DO202608250016,2026-08-25,P009,永辉超市(龙湖成都金楠天街店),R03,103.995986,30.648731,9.26,0.3485,759,879,中
DO202608250017,2026-08-25,P010,百分百超市(心语店),R03,104.045915,30.545712,34.45,2.4663,751,871,高
DO202608250018,2026-08-25,P010,百分百超市(心语店),R03,104.045915,30.545712,66.25,0.0854,756,876,中
DO202608250019,2026-08-25,P011,永辉超市(成都市双铁广场店),R01,103.975737,30.758309,5.66,1.5959,644,764,高
DO202608250020,2026-08-25,P011,永辉超市(成都市双铁广场店),R01,103.975737,30.758309,47.92,1.6259,645,765,低
DO202608250021,2026-08-25,P011,永辉超市(成都市双铁广场店),R01,103.975737,30.758309,6.73,1.1621,647,767,低
DO202608250022,2026-08-25,P011,永辉超市(成都市双铁广场店),R01,103.975737,30.758309,11.83,0.4648,647,767,高
DO202608250023,2026-08-25,P011,永辉超市(成都市双铁广场店),R01,103.975737,30.758309,21.38,0.1488,648,768,中
DO202608250024,2026-08-25,P011,永辉超市(成都市双铁广场店),R01,103.975737,30.758309,79.34,0.0693,653,773,中
DO202608250025,2026-08-25,P012,永辉超市(成都市蜀都万达广场店),R01,103.907862,30.807642,26.99,0.5033,748,868,中
DO202608250026,2026-08-25,P012,永辉超市(成都市蜀都万达广场店),R01,103.907862,30.807642,19.48,0.2895,749,869,中
DO202608250027,2026-08-25,P012,永辉超市(成都市蜀都万达广场店),R01,103.907862,30.807642,8.66,0.7563,750,870,中
DO202608250028,2026-08-25,P013,永辉超市(爱琴海购物中心店),R01,103.991901,30.737566,35.75,35.8323,800,920,中
DO202608250029,2026-08-25,P013,永辉超市(爱琴海购物中心店),R01,103.991901,30.737566,7.53,0.2223,800,920,中
DO202608250030,2026-08-25,P013,永辉超市(爱琴海购物中心店),R01,103.991901,30.737566,6.0,1.1269,802,922,低
DO202608250031,2026-08-25,P013,永辉超市(爱琴海购物中心店),R01,103.991901,30.737566,29.49,1.4075,804,924,中
DO202608250032,2026-08-25,P014,永辉超市(龙湖成都时代天街店),R01,103.921214,30.750831,19.14,0.512,567,687,高
DO202608250033,2026-08-25,P017,LAWSON罗森(龙湖成都上城天街店),R04,104.071944,30.68395,1500.74,0.3083,898,1018,高
DO202608250034,2026-08-25,P017,LAWSON罗森(龙湖成都上城天街店),R04,104.071944,30.68395,30.11,0.6872,900,1020,低
DO202608250035,2026-08-25,P018,乐多(成华西街一店),R04,104.071998,30.683402,170.16,1.7746,594,714,高
DO202608250036,2026-08-25,P018,乐多(成华西街一店),R04,104.071998,30.683402,11.56,0.0892,595,715,低
DO202608250037,2026-08-25,P018,乐多(成华西街一店),R04,104.071998,30.683402,174.96,0.1131,601,721,中
DO202608250038,2026-08-25,P019,奥特乐(成都龙湖上城天街店),R04,104.072004,30.684929,84.47,0.2162,559,679,低
DO202608250039,2026-08-25,P020,朴朴超市(西体路店),R04,104.061775,30.681195,20.09,0.1712,825,945,中
DO202608250040,2026-08-25,P020,朴朴超市(西体路店),R04,104.061775,30.681195,16.03,0.698,826,946,中
DO202608250041,2026-08-25,P021,Ole 精品超市(IFS国际金融中心店),R05,104.081893,30.655003,54.68,0.9472,554,674,高
DO202608250042,2026-08-25,P022,四川舞东风超市连锁股份有限公司,R05,104.082047,30.660437,16.74,0.1235,741,861,中
DO202608250043,2026-08-25,P022,四川舞东风超市连锁股份有限公司,R05,104.082047,30.660437,40.43,12.2463,743,863,中
DO202608250044,2026-08-25,P022,四川舞东风超市连锁股份有限公司,R05,104.082047,30.660437,225.29,0.8692,743,863,低
DO202608250045,2026-08-25,P022,四川舞东风超市连锁股份有限公司,R05,104.082047,30.660437,48.12,1.7389,747,867,高
DO202608250046,2026-08-25,P023,永辉超市(文华广场店),R05,104.107695,30.637048,45.5,0.3159,900,1020,高
DO202608250047,2026-08-25,P023,永辉超市(文华广场店),R05,104.107695,30.637048,11.23,0.3257,902,1022,中
DO202608250048,2026-08-25,P025,红旗超市(成都红旗商厦店),R05,104.072081,30.658735,28.5,0.9034,803,923,高
DO202608250049,2026-08-25,P026,友好多连锁超市(界牌店),R07,104.313922,30.880419,8.36,0.124,635,755,中
DO202608250050,2026-08-25,P026,友好多连锁超市(界牌店),R07,104.313922,30.880419,311.85,0.3165,636,756,高
DO202608250051,2026-08-25,P027,大荣发连锁超市(和顺雅苑店),R07,104.253582,30.90011,305.5,0.4866,838,958,低
DO202608250052,2026-08-25,P027,大荣发连锁超市(和顺雅苑店),R07,104.253582,30.90011,31.18,0.8132,839,959,中
DO202608250053,2026-08-25,P027,大荣发连锁超市(和顺雅苑店),R07,104.253582,30.90011,15.11,1.5536,840,960,中
DO202608250054,2026-08-25,P027,大荣发连锁超市(和顺雅苑店),R07,104.253582,30.90011,16.76,0.8428,845,965,高
DO202608250055,2026-08-25,P027,大荣发连锁超市(和顺雅苑店),R07,104.253582,30.90011,116.14,1.8016,847,967,中
DO202608250056,2026-08-25,P027,大荣发连锁超市(和顺雅苑店),R07,104.253582,30.90011,138.09,0.4575,847,967,中
DO202608250057,2026-08-25,P028,永辉超市(天府欧城店),R07,104.256388,30.892152,2.05,0.2669,723,843,低
DO202608250058,2026-08-25,P028,永辉超市(天府欧城店),R07,104.256388,30.892152,98.9,0.0893,723,843,低
DO202608250059,2026-08-25,P028,永辉超市(天府欧城店),R07,104.256388,30.892152,134.17,0.1003,725,845,中
DO202608250060,2026-08-25,P029,永辉超市(青白江万达广场店),R07,104.253652,30.878095,1342.32,0.5047,594,714,中
DO202608250061,2026-08-25,P029,永辉超市(青白江万达广场店),R07,104.253652,30.878095,14.17,0.1113,595,715,高
DO202608250062,2026-08-25,P030,润都连锁生活超市(正兴路店),R07,104.188354,30.87079,30.74,0.3261,889,1009,低
DO202608250063,2026-08-25,P030,润都连锁生活超市(正兴路店),R07,104.188354,30.87079,255.69,0.0927,897,1017,中
DO202608250064,2026-08-25,P032,渝华连锁超市(绣川新城店),R07,104.330571,30.85576,450.28,0.1267,808,928,中
DO202608250065,2026-08-25,P033,红旗超市(团结花园店),R07,104.246885,30.877313,1884.52,0.2742,677,797,中
DO202608250066,2026-08-25,P034,红旗连锁(北城新界民族花园店),R07,104.201632,30.877318,28.97,0.5287,705,825,低
DO202608250067,2026-08-25,P034,红旗连锁(北城新界民族花园店),R07,104.201632,30.877318,47.61,1.31,705,825,低
DO202608250068,2026-08-25,P034,红旗连锁(北城新界民族花园店),R07,104.201632,30.877318,69.37,0.4548,706,826,中
DO202608250069,2026-08-25,P035,红旗连锁(青白江同金街便利店),R07,104.244552,30.889503,11.92,0.1112,817,937,中
DO202608250070,2026-08-25,P035,红旗连锁(青白江同金街便利店),R07,104.244552,30.889503,32.82,0.3878,818,938,中
DO202608250071,2026-08-25,P035,红旗连锁(青白江同金街便利店),R07,104.244552,30.889503,76.49,0.6182,818,938,中
DO202608250072,2026-08-25,P035,红旗连锁(青白江同金街便利店),R07,104.244552,30.889503,47.52,0.6315,825,945,高
DO202608250073,2026-08-25,P036,红旗连锁(青白江城厢首府分场),R07,104.323054,30.860039,115.18,0.8236,652,772,低
DO202608250074,2026-08-25,P036,红旗连锁(青白江城厢首府分场),R07,104.323054,30.860039,32.16,0.2207,653,773,高
DO202608250075,2026-08-25,P036,红旗连锁(青白江城厢首府分场),R07,104.323054,30.860039,53.25,1.4403,653,773,中
DO202608250076,2026-08-25,P037,红旗连锁(青白江石家碾西路店),R07,104.253962,30.887052,17.22,9.2042,520,640,低
DO202608250077,2026-08-25,P037,红旗连锁(青白江石家碾西路店),R07,104.253962,30.887052,20.49,0.0808,523,643,高
DO202608250078,2026-08-25,P037,红旗连锁(青白江石家碾西路店),R07,104.253962,30.887052,13.68,0.0862,523,643,中
DO202608250079,2026-08-25,P037,红旗连锁(青白江石家碾西路店),R07,104.253962,30.887052,131.92,0.0941,525,645,中
DO202608250080,2026-08-25,P037,红旗连锁(青白江石家碾西路店),R07,104.253962,30.887052,9.2,0.2735,528,648,高
DO202608250081,2026-08-25,P038,青江一家超市,R07,104.284321,30.880989,9.21,0.1697,560,680,低
DO202608250082,2026-08-25,P039,青江百货连锁超市,R07,104.269502,30.876837,63.47,0.092,854,974,低
DO202608250083,2026-08-25,P039,青江百货连锁超市,R07,104.269502,30.876837,1201.49,0.2494,856,976,低
DO202608250084,2026-08-25,P040,上蔬永辉超市(西单商场店),R02,104.000521,30.674866,66.36,0.2714,668,788,低
DO202608250085,2026-08-25,P040,上蔬永辉超市(西单商场店),R02,104.000521,30.674866,0.53,0.5072,670,790,高
DO202608250086,2026-08-25,P040,上蔬永辉超市(西单商场店),R02,104.000521,30.674866,179.43,0.1684,675,795,低
DO202608250087,2026-08-25,P041,永辉超市(成都青羊中铁大道店),R02,103.961452,30.670211,102.23,0.0835,617,737,中
DO202608250088,2026-08-25,P041,永辉超市(成都青羊中铁大道店),R02,103.961452,30.670211,6.11,1.343,619,739,低
DO202608250089,2026-08-25,P041,永辉超市(成都青羊中铁大道店),R02,103.961452,30.670211,74.67,0.0344,620,740,高
DO202608250090,2026-08-25,P041,永辉超市(成都青羊中铁大道店),R02,103.961452,30.670211,137.04,0.8566,625,745,高
DO202608250091,2026-08-25,P041,永辉超市(成都青羊中铁大道店),R02,103.961452,30.670211,89.21,0.0138,626,746,中
DO202608250092,2026-08-25,P041,永辉超市(成都青羊中铁大道店),R02,103.961452,30.670211,11.84,1.0931,626,746,中
DO202608250093,2026-08-25,P042,永辉超市(青羊新城市店),R02,104.057614,30.67321,266.64,0.1043,779,899,中
DO202608250094,2026-08-25,P042,永辉超市(青羊新城市店),R02,104.057614,30.67321,245.6,0.289,783,903,低
DO202608250095,2026-08-25,P042,永辉超市(青羊新城市店),R02,104.057614,30.67321,11.97,0.2483,784,904,中
DO202608250096,2026-08-25,P043,红旗超市(中同仁路分场),R02,104.052373,30.668819,59.25,0.096,782,902,低
DO202608250097,2026-08-25,P045,世纪红连锁超市,R08,104.208007,30.532247,9.35,0.1845,810,930,高
DO202608250098,2026-08-25,P045,世纪红连锁超市,R08,104.208007,30.532247,32.72,0.2648,814,934,中
DO202608250099,2026-08-25,P046,尚喜超市(锦绣路店),R08,104.308338,30.606726,20.22,0.2201,776,896,中
DO202608250100,2026-08-25,P047,永辉超市(成都龙泉驿万达广场店),R08,104.269392,30.566865,14.0,0.7147,659,779,中
DO202608250101,2026-08-25,P047,永辉超市(成都龙泉驿万达广场店),R08,104.269392,30.566865,128.8,0.1072,667,787,低
DO202608250102,2026-08-25,P048,汇联美连锁超市(中街店),R08,104.27333,30.560098,13.76,1.2788,814,934,高
DO202608250103,2026-08-25,P048,汇联美连锁超市(中街店),R08,104.27333,30.560098,13.21,0.059,818,938,高
DO202608250104,2026-08-25,P049,百伦生活超市(龙泉店),R08,104.273346,30.559846,116.35,0.2889,631,751,中
DO202608250105,2026-08-25,P049,百伦生活超市(龙泉店),R08,104.273346,30.559846,31.21,0.0697,634,754,低
DO202608250106,2026-08-25,P049,百伦生活超市(龙泉店),R08,104.273346,30.559846,13.25,0.567,639,759,中
DO202608260000,2026-08-26,P001,689便民(荣盛·香榭兰庭店),R06,104.135375,30.623625,73.76,1.7056,819,939,高
DO202608260001,2026-08-26,P002,十二超市(佳年华广场1期店),R06,104.131787,30.627615,40.8,0.2394,821,941,高
DO202608260002,2026-08-26,P002,十二超市(佳年华广场1期店),R06,104.131787,30.627615,26.06,0.541,827,947,高
DO202608260003,2026-08-26,P002,十二超市(佳年华广场1期店),R06,104.131787,30.627615,46.17,2.6851,828,948,低
DO202608260004,2026-08-26,P004,老蔡小卖部(水碾河路北社区三街店),R06,104.099234,30.648748,296.58,0.5136,640,760,低
DO202608260005,2026-08-26,P004,老蔡小卖部(水碾河路北社区三街店),R06,104.099234,30.648748,130.05,0.9865,641,761,中
DO202608260006,2026-08-26,P005,郝英超市,R06,104.129707,30.628761,182.8,0.2776,663,783,中
DO202608260007,2026-08-26,P006,全家便利店(龙江路店),R03,104.077199,30.641639,7.68,0.7332,810,930,中
DO202608260008,2026-08-26,P006,全家便利店(龙江路店),R03,104.077199,30.641639,58.76,0.1273,812,932,低
DO202608260009,2026-08-26,P006,全家便利店(龙江路店),R03,104.077199,30.641639,24.1,0.1116,819,939,中
DO202608260010,2026-08-26,P007,永辉超市(成都市新城吾悦广场店),R03,103.988663,30.626255,26.92,0.2169,872,992,低
DO202608260011,2026-08-26,P008,永辉超市(银泰城店),R03,104.058121,30.541191,20.73,0.8785,727,847,中
DO202608260012,2026-08-26,P008,永辉超市(银泰城店),R03,104.058121,30.541191,29.49,0.9313,728,848,中
DO202608260013,2026-08-26,P008,永辉超市(银泰城店),R03,104.058121,30.541191,25.86,0.1983,732,852,中
DO202608260014,2026-08-26,P008,永辉超市(银泰城店),R03,104.058121,30.541191,453.48,1.1445,737,857,中
DO202608260015,2026-08-26,P009,永辉超市(龙湖成都金楠天街店),R03,103.995986,30.648731,115.1,0.7769,685,805,低
DO202608260016,2026-08-26,P009,永辉超市(龙湖成都金楠天街店),R03,103.995986,30.648731,34.18,0.0429,687,807,中
DO202608260017,2026-08-26,P009,永辉超市(龙湖成都金楠天街店),R03,103.995986,30.648731,63.74,0.5999,688,808,中
DO202608260018,2026-08-26,P009,永辉超市(龙湖成都金楠天街店),R03,103.995986,30.648731,79.67,0.4972,688,808,中
DO202608260019,2026-08-26,P009,永辉超市(龙湖成都金楠天街店),R03,103.995986,30.648731,20.14,0.0295,689,809,中
DO202608260020,2026-08-26,P010,百分百超市(心语店),R03,104.045915,30.545712,327.44,0.577,663,783,中
DO202608260021,2026-08-26,P010,百分百超市(心语店),R03,104.045915,30.545712,186.66,0.3546,669,789,中
DO202608260022,2026-08-26,P011,永辉超市(成都市双铁广场店),R01,103.975737,30.758309,309.33,6.2669,792,912,中
DO202608260023,2026-08-26,P011,永辉超市(成都市双铁广场店),R01,103.975737,30.758309,129.19,0.1532,796,916,低
DO202608260024,2026-08-26,P011,永辉超市(成都市双铁广场店),R01,103.975737,30.758309,30.12,0.0597,798,918,中
DO202608260025,2026-08-26,P012,永辉超市(成都市蜀都万达广场店),R01,103.907862,30.807642,160.85,0.4656,628,748,低
DO202608260026,2026-08-26,P013,永辉超市(爱琴海购物中心店),R01,103.991901,30.737566,13.26,0.3737,742,862,低
DO202608260027,2026-08-26,P014,永辉超市(龙湖成都时代天街店),R01,103.921214,30.750831,504.13,1.8827,789,909,高
DO202608260028,2026-08-26,P014,永辉超市(龙湖成都时代天街店),R01,103.921214,30.750831,36.07,0.1932,792,912,中
DO202608260029,2026-08-26,P014,永辉超市(龙湖成都时代天街店),R01,103.921214,30.750831,100.87,0.0633,794,914,低
DO202608260030,2026-08-26,P015,红旗超市(龙湖时代天街店),R01,103.919653,30.752444,44.52,0.1494,513,633,中
DO202608260031,2026-08-26,P017,LAWSON罗森(龙湖成都上城天街店),R04,104.071944,30.68395,33.46,0.0861,646,766,中
DO202608260032,2026-08-26,P018,乐多(成华西街一店),R04,104.071998,30.683402,60.91,0.6642,511,631,低
DO202608260033,2026-08-26,P018,乐多(成华西街一店),R04,104.071998,30.683402,100.5,1.7967,512,632,中
DO202608260034,2026-08-26,P019,奥特乐(成都龙湖上城天街店),R04,104.072004,30.684929,50.37,0.0683,649,769,低
DO202608260035,2026-08-26,P019,奥特乐(成都龙湖上城天街店),R04,104.072004,30.684929,102.88,0.1588,653,773,中
DO202608260036,2026-08-26,P019,奥特乐(成都龙湖上城天街店),R04,104.072004,30.684929,16.34,1.9713,655,775,中
DO202608260037,2026-08-26,P020,朴朴超市(西体路店),R04,104.061775,30.681195,183.06,0.0806,691,811,中
DO202608260038,2026-08-26,P020,朴朴超市(西体路店),R04,104.061775,30.681195,14.59,1.1364,694,814,中
DO202608260039,2026-08-26,P020,朴朴超市(西体路店),R04,104.061775,30.681195,105.44,1.5357,697,817,中
DO202608260040,2026-08-26,P021,Ole 精品超市(IFS国际金融中心店),R05,104.081893,30.655003,113.76,0.411,545,665,中
DO202608260041,2026-08-26,P021,Ole 精品超市(IFS国际金融中心店),R05,104.081893,30.655003,38.02,0.1816,549,669,高
DO202608260042,2026-08-26,P021,Ole 精品超市(IFS国际金融中心店),R05,104.081893,30.655003,17.97,0.3314,550,670,中
DO202608260043,2026-08-26,P021,Ole 精品超市(IFS国际金融中心店),R05,104.081893,30.655003,114.53,0.2861,555,675,中
DO202608260044,2026-08-26,P024,永辉超市(锦江城市花园店),R05,104.142752,30.595134,63.92,0.8926,826,946,中
DO202608260045,2026-08-26,P024,永辉超市(锦江城市花园店),R05,104.142752,30.595134,22.21,1.749,826,946,高
DO202608260046,2026-08-26,P025,红旗超市(成都红旗商厦店),R05,104.072081,30.658735,15.07,1.1134,882,1002,高
DO202608260047,2026-08-26,P025,红旗超市(成都红旗商厦店),R05,104.072081,30.658735,134.55,0.0405,885,1005,中
DO202608260048,2026-08-26,P026,友好多连锁超市(界牌店),R07,104.313922,30.880419,46.79,0.0794,563,683,中
DO202608260049,2026-08-26,P026,友好多连锁超市(界牌店),R07,104.313922,30.880419,29.05,0.1028,563,683,中
DO202608260050,2026-08-26,P026,友好多连锁超市(界牌店),R07,104.313922,30.880419,214.41,0.0425,573,693,低
DO202608260051,2026-08-26,P027,大荣发连锁超市(和顺雅苑店),R07,104.253582,30.90011,185.5,0.2154,825,945,中
DO202608260052,2026-08-26,P027,大荣发连锁超市(和顺雅苑店),R07,104.253582,30.90011,82.07,0.8437,825,945,中
DO202608260053,2026-08-26,P028,永辉超市(天府欧城店),R07,104.256388,30.892152,28.76,0.7535,729,849,中
DO202608260054,2026-08-26,P029,永辉超市(青白江万达广场店),R07,104.253652,30.878095,178.15,0.8314,600,720,低
DO202608260055,2026-08-26,P029,永辉超市(青白江万达广场店),R07,104.253652,30.878095,45.49,0.04,602,722,中
DO202608260056,2026-08-26,P030,润都连锁生活超市(正兴路店),R07,104.188354,30.87079,152.52,0.7885,807,927,高
DO202608260057,2026-08-26,P030,润都连锁生活超市(正兴路店),R07,104.188354,30.87079,1.98,0.0201,813,933,中
DO202608260058,2026-08-26,P031,渝华连锁超市(学苑路店),R07,104.276426,30.875299,109.42,0.3364,849,969,低
DO202608260059,2026-08-26,P031,渝华连锁超市(学苑路店),R07,104.276426,30.875299,55.66,0.115,853,973,中
DO202608260060,2026-08-26,P032,渝华连锁超市(绣川新城店),R07,104.330571,30.85576,605.77,0.2532,607,727,中
DO202608260061,2026-08-26,P032,渝华连锁超市(绣川新城店),R07,104.330571,30.85576,17.52,6.17,607,727,中
DO202608260062,2026-08-26,P032,渝华连锁超市(绣川新城店),R07,104.330571,30.85576,51.74,1.3133,610,730,高
DO202608260063,2026-08-26,P032,渝华连锁超市(绣川新城店),R07,104.330571,30.85576,13.82,0.3462,615,735,中
DO202608260064,2026-08-26,P033,红旗超市(团结花园店),R07,104.246885,30.877313,107.76,0.2524,797,917,高
DO202608260065,2026-08-26,P034,红旗连锁(北城新界民族花园店),R07,104.201632,30.877318,26.62,0.2013,697,817,低
DO202608260066,2026-08-26,P034,红旗连锁(北城新界民族花园店),R07,104.201632,30.877318,719.71,0.2342,700,820,低
DO202608260067,2026-08-26,P035,红旗连锁(青白江同金街便利店),R07,104.244552,30.889503,27.26,0.8815,847,967,中
DO202608260068,2026-08-26,P035,红旗连锁(青白江同金街便利店),R07,104.244552,30.889503,72.77,2.0285,849,969,低
DO202608260069,2026-08-26,P035,红旗连锁(青白江同金街便利店),R07,104.244552,30.889503,35.18,0.063,849,969,高
DO202608260070,2026-08-26,P036,红旗连锁(青白江城厢首府分场),R07,104.323054,30.860039,109.84,0.9644,698,818,低
DO202608260071,2026-08-26,P036,红旗连锁(青白江城厢首府分场),R07,104.323054,30.860039,31.3,0.044,703,823,中
DO202608260072,2026-08-26,P037,红旗连锁(青白江石家碾西路店),R07,104.253962,30.887052,36.75,0.6319,872,992,中
DO202608260073,2026-08-26,P038,青江一家超市,R07,104.284321,30.880989,4.15,0.7386,747,867,中
DO202608260074,2026-08-26,P038,青江一家超市,R07,104.284321,30.880989,26.23,0.8507,753,873,低
DO202608260075,2026-08-26,P039,青江百货连锁超市,R07,104.269502,30.876837,27.01,0.8613,556,676,低
DO202608260076,2026-08-26,P041,永辉超市(成都青羊中铁大道店),R02,103.961452,30.670211,29.63,0.5736,523,643,中
DO202608260077,2026-08-26,P041,永辉超市(成都青羊中铁大道店),R02,103.961452,30.670211,92.52,0.0289,531,651,中
DO202608260078,2026-08-26,P042,永辉超市(青羊新城市店),R02,104.057614,30.67321,3.1,0.1202,570,690,中
DO202608260079,2026-08-26,P042,永辉超市(青羊新城市店),R02,104.057614,30.67321,42.07,0.2298,575,695,中
DO202608260080,2026-08-26,P043,红旗超市(中同仁路分场),R02,104.052373,30.668819,61.87,0.2771,592,712,中
DO202608260081,2026-08-26,P043,红旗超市(中同仁路分场),R02,104.052373,30.668819,1.92,0.1613,601,721,中
DO202608260082,2026-08-26,P044,邻你生活超市(大庆店),R02,104.032527,30.669557,105.29,0.0888,887,1007,低
DO202608260083,2026-08-26,P044,邻你生活超市(大庆店),R02,104.032527,30.669557,29.06,0.2462,891,1011,低
DO202608260084,2026-08-26,P044,邻你生活超市(大庆店),R02,104.032527,30.669557,60.34,0.5143,894,1014,中
DO202608260085,2026-08-26,P044,邻你生活超市(大庆店),R02,104.032527,30.669557,93.51,0.3866,894,1014,高
DO202608260086,2026-08-26,P045,世纪红连锁超市,R08,104.208007,30.532247,3.3,0.3884,877,997,中
DO202608260087,2026-08-26,P046,尚喜超市(锦绣路店),R08,104.308338,30.606726,28.44,0.1945,684,804,中
DO202608260088,2026-08-26,P047,永辉超市(成都龙泉驿万达广场店),R08,104.269392,30.566865,52.76,1.0637,714,834,中
DO202608260089,2026-08-26,P047,永辉超市(成都龙泉驿万达广场店),R08,104.269392,30.566865,71.37,0.13,717,837,中
DO202608260090,2026-08-26,P048,汇联美连锁超市(中街店),R08,104.27333,30.560098,37.23,0.147,809,929,高
DO202608260091,2026-08-26,P048,汇联美连锁超市(中街店),R08,104.27333,30.560098,15.87,0.1279,810,930,中
DO202608260092,2026-08-26,P048,汇联美连锁超市(中街店),R08,104.27333,30.560098,16.61,0.2465,812,932,低
DO202608260093,2026-08-26,P049,百伦生活超市(龙泉店),R08,104.273346,30.559846,49.26,0.8784,518,638,高
DO202608270000,2026-08-27,P003,红旗连锁,R06,104.132763,30.627528,10.59,3.7868,624,744,高
DO202608270001,2026-08-27,P004,老蔡小卖部(水碾河路北社区三街店),R06,104.099234,30.648748,38.78,0.3439,758,878,中
DO202608270002,2026-08-27,P004,老蔡小卖部(水碾河路北社区三街店),R06,104.099234,30.648748,47.53,2.3654,758,878,中
DO202608270003,2026-08-27,P004,老蔡小卖部(水碾河路北社区三街店),R06,104.099234,30.648748,77.52,0.8733,762,882,中
DO202608270004,2026-08-27,P004,老蔡小卖部(水碾河路北社区三街店),R06,104.099234,30.648748,36.48,1.4048,764,884,中
DO202608270005,2026-08-27,P005,郝英超市,R06,104.129707,30.628761,31.01,0.1396,760,880,低
DO202608270006,2026-08-27,P006,全家便利店(龙江路店),R03,104.077199,30.641639,126.47,0.5552,880,1000,中
DO202608270007,2026-08-27,P006,全家便利店(龙江路店),R03,104.077199,30.641639,46.4,0.163,882,1002,高
DO202608270008,2026-08-27,P007,永辉超市(成都市新城吾悦广场店),R03,103.988663,30.626255,31.61,0.166,781,901,高
DO202608270009,2026-08-27,P008,永辉超市(银泰城店),R03,104.058121,30.541191,0.77,1.2251,755,875,高
DO202608270010,2026-08-27,P008,永辉超市(银泰城店),R03,104.058121,30.541191,22.89,0.031,756,876,高
DO202608270011,2026-08-27,P008,永辉超市(银泰城店),R03,104.058121,30.541191,572.71,0.0457,756,876,中
DO202608270012,2026-08-27,P008,永辉超市(银泰城店),R03,104.058121,30.541191,38.57,0.1356,757,877,低
DO202608270013,2026-08-27,P009,永辉超市(龙湖成都金楠天街店),R03,103.995986,30.648731,418.63,0.1673,572,692,中
DO202608270014,2026-08-27,P009,永辉超市(龙湖成都金楠天街店),R03,103.995986,30.648731,39.63,0.4559,577,697,中
DO202608270015,2026-08-27,P010,百分百超市(心语店),R03,104.045915,30.545712,92.98,0.4971,602,722,低
DO202608270016,2026-08-27,P010,百分百超市(心语店),R03,104.045915,30.545712,32.86,0.1865,606,726,高
DO202608270017,2026-08-27,P010,百分百超市(心语店),R03,104.045915,30.545712,78.15,0.2493,609,729,高
DO202608270018,2026-08-27,P011,永辉超市(成都市双铁广场店),R01,103.975737,30.758309,2.14,0.2447,557,677,中
DO202608270019,2026-08-27,P011,永辉超市(成都市双铁广场店),R01,103.975737,30.758309,21.34,0.1931,560,680,中
DO202608270020,2026-08-27,P012,永辉超市(成都市蜀都万达广场店),R01,103.907862,30.807642,60.07,0.1675,564,684,低
DO202608270021,2026-08-27,P012,永辉超市(成都市蜀都万达广场店),R01,103.907862,30.807642,846.81,0.073,567,687,低
DO202608270022,2026-08-27,P012,永辉超市(成都市蜀都万达广场店),R01,103.907862,30.807642,11.33,0.0648,571,691,高
DO202608270023,2026-08-27,P013,永辉超市(爱琴海购物中心店),R01,103.991901,30.737566,48.03,0.0317,599,719,中
DO202608270024,2026-08-27,P013,永辉超市(爱琴海购物中心店),R01,103.991901,30.737566,136.88,0.0702,600,720,中
DO202608270025,2026-08-27,P013,永辉超市(爱琴海购物中心店),R01,103.991901,30.737566,215.44,0.401,602,722,中
DO202608270026,2026-08-27,P014,永辉超市(龙湖成都时代天街店),R01,103.921214,30.750831,72.05,0.348,723,843,中
DO202608270027,2026-08-27,P014,永辉超市(龙湖成都时代天街店),R01,103.921214,30.750831,1.44,4.0574,723,843,高
DO202608270028,2026-08-27,P014,永辉超市(龙湖成都时代天街店),R01,103.921214,30.750831,16.32,0.7587,724,844,中
DO202608270029,2026-08-27,P015,红旗超市(龙湖时代天街店),R01,103.919653,30.752444,70.75,1.577,703,823,低
DO202608270030,2026-08-27,P015,红旗超市(龙湖时代天街店),R01,103.919653,30.752444,984.82,3.9354,706,826,高
DO202608270031,2026-08-27,P016,LAWSON罗森(枣子巷15号院店),R04,104.044885,30.667759,8.99,0.0741,803,923,低
DO202608270032,2026-08-27,P016,LAWSON罗森(枣子巷15号院店),R04,104.044885,30.667759,49.64,0.1267,812,932,高
DO202608270033,2026-08-27,P017,LAWSON罗森(龙湖成都上城天街店),R04,104.071944,30.68395,6.27,0.3063,786,906,高
DO202608270034,2026-08-27,P017,LAWSON罗森(龙湖成都上城天街店),R04,104.071944,30.68395,56.26,0.3918,788,908,高
DO202608270035,2026-08-27,P018,乐多(成华西街一店),R04,104.071998,30.683402,26.65,0.0666,875,995,低
DO202608270036,2026-08-27,P018,乐多(成华西街一店),R04,104.071998,30.683402,296.54,0.1444,876,996,高
DO202608270037,2026-08-27,P018,乐多(成华西街一店),R04,104.071998,30.683402,19.62,0.4317,877,997,中
DO202608270038,2026-08-27,P019,奥特乐(成都龙湖上城天街店),R04,104.072004,30.684929,57.22,0.1932,670,790,中
DO202608270039,2026-08-27,P019,奥特乐(成都龙湖上城天街店),R04,104.072004,30.684929,26.54,0.1646,673,793,中
DO202608270040,2026-08-27,P019,奥特乐(成都龙湖上城天街店),R04,104.072004,30.684929,294.06,0.1722,676,796,中
DO202608270041,2026-08-27,P019,奥特乐(成都龙湖上城天街店),R04,104.072004,30.684929,12.84,0.3864,677,797,中
DO202608270042,2026-08-27,P019,奥特乐(成都龙湖上城天街店),R04,104.072004,30.684929,28.79,0.0091,677,797,中
DO202608270043,2026-08-27,P020,朴朴超市(西体路店),R04,104.061775,30.681195,7.33,0.1075,580,700,中
DO202608270044,2026-08-27,P020,朴朴超市(西体路店),R04,104.061775,30.681195,16.54,0.1366,582,702,中
DO202608270045,2026-08-27,P020,朴朴超市(西体路店),R04,104.061775,30.681195,51.84,0.0062,582,702,中
DO202608270046,2026-08-27,P021,Ole 精品超市(IFS国际金融中心店),R05,104.081893,30.655003,6.15,0.0988,536,656,低
DO202608270047,2026-08-27,P021,Ole 精品超市(IFS国际金融中心店),R05,104.081893,30.655003,22.0,0.6967,541,661,低
DO202608270048,2026-08-27,P021,Ole 精品超市(IFS国际金融中心店),R05,104.081893,30.655003,90.93,0.6367,543,663,低
DO202608270049,2026-08-27,P022,四川舞东风超市连锁股份有限公司,R05,104.082047,30.660437,3.41,0.3639,578,698,高
DO202608270050,2026-08-27,P022,四川舞东风超市连锁股份有限公司,R05,104.082047,30.660437,31.69,0.1771,579,699,低
DO202608270051,2026-08-27,P022,四川舞东风超市连锁股份有限公司,R05,104.082047,30.660437,201.33,0.3801,582,702,高
DO202608270052,2026-08-27,P022,四川舞东风超市连锁股份有限公司,R05,104.082047,30.660437,427.08,3.8929,583,703,低
DO202608270053,2026-08-27,P022,四川舞东风超市连锁股份有限公司,R05,104.082047,30.660437,280.31,1.2037,584,704,中
DO202608270054,2026-08-27,P022,四川舞东风超市连锁股份有限公司,R05,104.082047,30.660437,1228.87,2.3306,585,705,高
DO202608270055,2026-08-27,P024,永辉超市(锦江城市花园店),R05,104.142752,30.595134,15.02,0.167,797,917,低
DO202608270056,2026-08-27,P024,永辉超市(锦江城市花园店),R05,104.142752,30.595134,23.09,0.3958,802,922,中
DO202608270057,2026-08-27,P027,大荣发连锁超市(和顺雅苑店),R07,104.253582,30.90011,76.58,0.3274,793,913,中
DO202608270058,2026-08-27,P027,大荣发连锁超市(和顺雅苑店),R07,104.253582,30.90011,53.22,0.1353,798,918,中
DO202608270059,2026-08-27,P029,永辉超市(青白江万达广场店),R07,104.253652,30.878095,171.41,0.0261,647,767,低
DO202608270060,2026-08-27,P029,永辉超市(青白江万达广场店),R07,104.253652,30.878095,66.71,0.6314,647,767,中
DO202608270061,2026-08-27,P029,永辉超市(青白江万达广场店),R07,104.253652,30.878095,152.53,0.1015,648,768,中
DO202608270062,2026-08-27,P029,永辉超市(青白江万达广场店),R07,104.253652,30.878095,822.25,0.0671,653,773,低
DO202608270063,2026-08-27,P030,润都连锁生活超市(正兴路店),R07,104.188354,30.87079,15.11,0.0577,797,917,高
DO202608270064,2026-08-27,P030,润都连锁生活超市(正兴路店),R07,104.188354,30.87079,39.77,1.2833,799,919,高
DO202608270065,2026-08-27,P031,渝华连锁超市(学苑路店),R07,104.276426,30.875299,11.55,0.6168,798,918,低
DO202608270066,2026-08-27,P033,红旗超市(团结花园店),R07,104.246885,30.877313,152.67,1.0605,555,675,高
DO202608270067,2026-08-27,P033,红旗超市(团结花园店),R07,104.246885,30.877313,153.79,0.053,558,678,高
DO202608270068,2026-08-27,P033,红旗超市(团结花园店),R07,104.246885,30.877313,37.18,0.4219,561,681,高
DO202608270069,2026-08-27,P033,红旗超市(团结花园店),R07,104.246885,30.877313,829.28,0.125,562,682,低
DO202608270070,2026-08-27,P034,红旗连锁(北城新界民族花园店),R07,104.201632,30.877318,60.94,0.1372,747,867,中
DO202608270071,2026-08-27,P034,红旗连锁(北城新界民族花园店),R07,104.201632,30.877318,15.94,2.4423,753,873,中
DO202608270072,2026-08-27,P036,红旗连锁(青白江城厢首府分场),R07,104.323054,30.860039,154.87,2.458,683,803,中
DO202608270073,2026-08-27,P037,红旗连锁(青白江石家碾西路店),R07,104.253962,30.887052,85.36,1.019,762,882,中
DO202608270074,2026-08-27,P037,红旗连锁(青白江石家碾西路店),R07,104.253962,30.887052,3.08,0.0189,771,891,低
DO202608270075,2026-08-27,P038,青江一家超市,R07,104.284321,30.880989,196.45,0.3307,880,1000,低
DO202608270076,2026-08-27,P039,青江百货连锁超市,R07,104.269502,30.876837,3.88,0.0541,743,863,高
DO202608270077,2026-08-27,P039,青江百货连锁超市,R07,104.269502,30.876837,23.04,0.8587,744,864,中
DO202608270078,2026-08-27,P040,上蔬永辉超市(西单商场店),R02,104.000521,30.674866,705.84,0.1596,640,760,中
DO202608270079,2026-08-27,P041,永辉超市(成都青羊中铁大道店),R02,103.961452,30.670211,26.44,0.043,704,824,中
DO202608270080,2026-08-27,P041,永辉超市(成都青羊中铁大道店),R02,103.961452,30.670211,17.48,0.4595,704,824,中
DO202608270081,2026-08-27,P041,永辉超市(成都青羊中铁大道店),R02,103.961452,30.670211,12.85,1.5515,706,826,低
DO202608270082,2026-08-27,P041,永辉超市(成都青羊中铁大道店),R02,103.961452,30.670211,14.35,1.1463,707,827,低
DO202608270083,2026-08-27,P041,永辉超市(成都青羊中铁大道店),R02,103.961452,30.670211,20.21,0.1042,713,833,高
DO202608270084,2026-08-27,P042,永辉超市(青羊新城市店),R02,104.057614,30.67321,875.13,0.2133,593,713,高
DO202608270085,2026-08-27,P042,永辉超市(青羊新城市店),R02,104.057614,30.67321,11.72,0.2375,594,714,低
DO202608270086,2026-08-27,P042,永辉超市(青羊新城市店),R02,104.057614,30.67321,303.7,0.7982,594,714,中
DO202608270087,2026-08-27,P043,红旗超市(中同仁路分场),R02,104.052373,30.668819,31.29,0.1027,815,935,中
DO202608270088,2026-08-27,P043,红旗超市(中同仁路分场),R02,104.052373,30.668819,3056.86,0.0321,816,936,低
DO202608270089,2026-08-27,P043,红旗超市(中同仁路分场),R02,104.052373,30.668819,10.09,0.0691,817,937,中
DO202608270090,2026-08-27,P043,红旗超市(中同仁路分场),R02,104.052373,30.668819,58.26,0.7845,817,937,中
DO202608270091,2026-08-27,P043,红旗超市(中同仁路分场),R02,104.052373,30.668819,2.45,0.0683,819,939,低
DO202608270092,2026-08-27,P043,红旗超市(中同仁路分场),R02,104.052373,30.668819,45.48,0.3203,823,943,中
DO202608270093,2026-08-27,P043,红旗超市(中同仁路分场),R02,104.052373,30.668819,6.24,1.0744,824,944,中
DO202608270094,2026-08-27,P044,邻你生活超市(大庆店),R02,104.032527,30.669557,7.04,0.6278,600,720,中
DO202608270095,2026-08-27,P044,邻你生活超市(大庆店),R02,104.032527,30.669557,54.37,0.167,601,721,高
DO202608270096,2026-08-27,P044,邻你生活超市(大庆店),R02,104.032527,30.669557,5.29,0.0483,603,723,中
DO202608270097,2026-08-27,P044,邻你生活超市(大庆店),R02,104.032527,30.669557,154.93,0.1401,604,724,中
DO202608270098,2026-08-27,P044,邻你生活超市(大庆店),R02,104.032527,30.669557,42.32,0.312,608,728,中
DO202608270099,2026-08-27,P045,世纪红连锁超市,R08,104.208007,30.532247,19.46,0.1001,746,866,中
DO202608270100,2026-08-27,P045,世纪红连锁超市,R08,104.208007,30.532247,1.71,0.2168,747,867,中
DO202608270101,2026-08-27,P045,世纪红连锁超市,R08,104.208007,30.532247,124.42,0.4921,750,870,中
DO202608270102,2026-08-27,P045,世纪红连锁超市,R08,104.208007,30.532247,43.67,0.8282,753,873,高
DO202608270103,2026-08-27,P046,尚喜超市(锦绣路店),R08,104.308338,30.606726,90.39,0.1448,699,819,低
DO202608270104,2026-08-27,P047,永辉超市(成都龙泉驿万达广场店),R08,104.269392,30.566865,10.96,0.1849,688,808,高
DO202608270105,2026-08-27,P047,永辉超市(成都龙泉驿万达广场店),R08,104.269392,30.566865,26.25,0.0265,697,817,高
DO202608270106,2026-08-27,P048,汇联美连锁超市(中街店),R08,104.27333,30.560098,24.57,0.6147,862,982,低
DO202608270107,2026-08-27,P049,百伦生活超市(龙泉店),R08,104.273346,30.559846,111.6,0.1011,546,666,低
DO202608270108,2026-08-27,P049,百伦生活超市(龙泉店),R08,104.273346,30.559846,30.29,0.2219,550,670,中
DO202608270109,2026-08-27,P049,百伦生活超市(龙泉店),R08,104.273346,30.559846,8.96,1.2505,550,670,低
DO202608280000,2026-08-28,P001,689便民(荣盛·香榭兰庭店),R06,104.135375,30.623625,17.37,0.7012,863,983,高
DO202608280001,2026-08-28,P002,十二超市(佳年华广场1期店),R06,104.131787,30.627615,8.97,0.2917,634,754,低
DO202608280002,2026-08-28,P003,红旗连锁,R06,104.132763,30.627528,4.38,0.1348,724,844,低
DO202608280003,2026-08-28,P005,郝英超市,R06,104.129707,30.628761,4.71,0.5743,816,936,中
DO202608280004,2026-08-28,P006,全家便利店(龙江路店),R03,104.077199,30.641639,48.62,7.9479,562,682,中
DO202608280005,2026-08-28,P006,全家便利店(龙江路店),R03,104.077199,30.641639,61.86,3.2317,563,683,中
DO202608280006,2026-08-28,P007,永辉超市(成都市新城吾悦广场店),R03,103.988663,30.626255,8.74,0.1222,738,858,低
DO202608280007,2026-08-28,P007,永辉超市(成都市新城吾悦广场店),R03,103.988663,30.626255,356.76,0.407,738,858,高
DO202608280008,2026-08-28,P008,永辉超市(银泰城店),R03,104.058121,30.541191,50.08,1.8536,694,814,低
DO202608280009,2026-08-28,P008,永辉超市(银泰城店),R03,104.058121,30.541191,29.86,0.1703,695,815,高
DO202608280010,2026-08-28,P008,永辉超市(银泰城店),R03,104.058121,30.541191,24.8,0.3572,697,817,中
DO202608280011,2026-08-28,P009,永辉超市(龙湖成都金楠天街店),R03,103.995986,30.648731,319.44,0.1346,824,944,中
DO202608280012,2026-08-28,P009,永辉超市(龙湖成都金楠天街店),R03,103.995986,30.648731,486.27,0.2759,830,950,中
DO202608280013,2026-08-28,P009,永辉超市(龙湖成都金楠天街店),R03,103.995986,30.648731,89.48,0.0975,832,952,中
DO202608280014,2026-08-28,P010,百分百超市(心语店),R03,104.045915,30.545712,68.6,0.5066,674,794,中
DO202608280015,2026-08-28,P011,永辉超市(成都市双铁广场店),R01,103.975737,30.758309,35.34,0.0158,838,958,低
DO202608280016,2026-08-28,P011,永辉超市(成都市双铁广场店),R01,103.975737,30.758309,37.92,0.2999,844,964,高
DO202608280017,2026-08-28,P012,永辉超市(成都市蜀都万达广场店),R01,103.907862,30.807642,31.47,0.0356,530,650,高
DO202608280018,2026-08-28,P012,永辉超市(成都市蜀都万达广场店),R01,103.907862,30.807642,50.93,0.1368,530,650,中
DO202608280019,2026-08-28,P013,永辉超市(爱琴海购物中心店),R01,103.991901,30.737566,18.57,0.1508,740,860,中
DO202608280020,2026-08-28,P013,永辉超市(爱琴海购物中心店),R01,103.991901,30.737566,69.72,0.16,741,861,低
DO202608280021,2026-08-28,P014,永辉超市(龙湖成都时代天街店),R01,103.921214,30.750831,12.23,0.3632,894,1014,中
DO202608280022,2026-08-28,P015,红旗超市(龙湖时代天街店),R01,103.919653,30.752444,55.07,0.0408,777,897,中
DO202608280023,2026-08-28,P015,红旗超市(龙湖时代天街店),R01,103.919653,30.752444,14.02,0.7773,780,900,高
DO202608280024,2026-08-28,P015,红旗超市(龙湖时代天街店),R01,103.919653,30.752444,59.77,0.299,780,900,中
DO202608280025,2026-08-28,P015,红旗超市(龙湖时代天街店),R01,103.919653,30.752444,115.86,0.1087,786,906,低
DO202608280026,2026-08-28,P016,LAWSON罗森(枣子巷15号院店),R04,104.044885,30.667759,0.41,0.0367,764,884,中
DO202608280027,2026-08-28,P017,LAWSON罗森(龙湖成都上城天街店),R04,104.071944,30.68395,30.18,0.3202,899,1019,高
DO202608280028,2026-08-28,P017,LAWSON罗森(龙湖成都上城天街店),R04,104.071944,30.68395,71.41,0.4007,902,1022,高
DO202608280029,2026-08-28,P017,LAWSON罗森(龙湖成都上城天街店),R04,104.071944,30.68395,28.24,0.0751,905,1025,中
DO202608280030,2026-08-28,P018,乐多(成华西街一店),R04,104.071998,30.683402,65.14,0.3343,660,780,低
DO202608280031,2026-08-28,P018,乐多(成华西街一店),R04,104.071998,30.683402,27.79,0.6964,664,784,低
DO202608280032,2026-08-28,P018,乐多(成华西街一店),R04,104.071998,30.683402,2.52,0.1642,667,787,高
DO202608280033,2026-08-28,P018,乐多(成华西街一店),R04,104.071998,30.683402,46.42,0.078,668,788,低
DO202608280034,2026-08-28,P019,奥特乐(成都龙湖上城天街店),R04,104.072004,30.684929,355.97,3.2491,862,982,低
DO202608280035,2026-08-28,P019,奥特乐(成都龙湖上城天街店),R04,104.072004,30.684929,52.39,0.495,867,987,高
DO202608280036,2026-08-28,P019,奥特乐(成都龙湖上城天街店),R04,104.072004,30.684929,7.34,1.6909,868,988,低
DO202608280037,2026-08-28,P020,朴朴超市(西体路店),R04,104.061775,30.681195,197.86,0.2603,595,715,中
DO202608280038,2026-08-28,P022,四川舞东风超市连锁股份有限公司,R05,104.082047,30.660437,67.93,0.4809,596,716,高
DO202608280039,2026-08-28,P024,永辉超市(锦江城市花园店),R05,104.142752,30.595134,55.22,0.193,656,776,中
DO202608280040,2026-08-28,P024,永辉超市(锦江城市花园店),R05,104.142752,30.595134,20.1,7.0128,659,779,低
DO202608280041,2026-08-28,P027,大荣发连锁超市(和顺雅苑店),R07,104.253582,30.90011,64.5,0.4891,630,750,低
DO202608280042,2026-08-28,P027,大荣发连锁超市(和顺雅苑店),R07,104.253582,30.90011,140.21,0.3878,636,756,中
DO202608280043,2026-08-28,P027,大荣发连锁超市(和顺雅苑店),R07,104.253582,30.90011,64.94,0.1356,636,756,高
DO202608280044,2026-08-28,P027,大荣发连锁超市(和顺雅苑店),R07,104.253582,30.90011,344.65,0.5915,638,758,中
DO202608280045,2026-08-28,P028,永辉超市(天府欧城店),R07,104.256388,30.892152,9.89,0.1218,641,761,中
DO202608280046,2026-08-28,P028,永辉超市(天府欧城店),R07,104.256388,30.892152,55.66,0.3293,647,767,中
DO202608280047,2026-08-28,P028,永辉超市(天府欧城店),R07,104.256388,30.892152,1.87,0.4693,648,768,中
DO202608280048,2026-08-28,P029,永辉超市(青白江万达广场店),R07,104.253652,30.878095,56.38,0.0388,521,641,中
DO202608280049,2026-08-28,P029,永辉超市(青白江万达广场店),R07,104.253652,30.878095,139.8,0.6011,527,647,高
DO202608280050,2026-08-28,P030,润都连锁生活超市(正兴路店),R07,104.188354,30.87079,322.72,0.5849,517,637,低
DO202608280051,2026-08-28,P030,润都连锁生活超市(正兴路店),R07,104.188354,30.87079,146.6,0.0598,525,645,低
DO202608280052,2026-08-28,P031,渝华连锁超市(学苑路店),R07,104.276426,30.875299,8.15,0.2936,537,657,高
DO202608280053,2026-08-28,P032,渝华连锁超市(绣川新城店),R07,104.330571,30.85576,201.7,0.1848,853,973,高
DO202608280054,2026-08-28,P033,红旗超市(团结花园店),R07,104.246885,30.877313,26.47,0.2912,616,736,高
DO202608280055,2026-08-28,P033,红旗超市(团结花园店),R07,104.246885,30.877313,77.71,0.692,621,741,中
DO202608280056,2026-08-28,P033,红旗超市(团结花园店),R07,104.246885,30.877313,14.91,0.0554,621,741,高
DO202608280057,2026-08-28,P034,红旗连锁(北城新界民族花园店),R07,104.201632,30.877318,57.15,0.8288,788,908,中
DO202608280058,2026-08-28,P034,红旗连锁(北城新界民族花园店),R07,104.201632,30.877318,5.34,0.0268,797,917,低
DO202608280059,2026-08-28,P034,红旗连锁(北城新界民族花园店),R07,104.201632,30.877318,42.08,0.1306,798,918,高
DO202608280060,2026-08-28,P035,红旗连锁(青白江同金街便利店),R07,104.244552,30.889503,54.18,0.4075,569,689,高
DO202608280061,2026-08-28,P035,红旗连锁(青白江同金街便利店),R07,104.244552,30.889503,24.78,0.1383,569,689,高
DO202608280062,2026-08-28,P036,红旗连锁(青白江城厢首府分场),R07,104.323054,30.860039,90.47,1.185,740,860,高
DO202608280063,2026-08-28,P036,红旗连锁(青白江城厢首府分场),R07,104.323054,30.860039,6.59,0.0178,742,862,低
DO202608280064,2026-08-28,P037,红旗连锁(青白江石家碾西路店),R07,104.253962,30.887052,36.09,0.0369,882,1002,中
DO202608280065,2026-08-28,P037,红旗连锁(青白江石家碾西路店),R07,104.253962,30.887052,25.99,0.1593,884,1004,高
DO202608280066,2026-08-28,P038,青江一家超市,R07,104.284321,30.880989,10.8,0.3554,850,970,低
DO202608280067,2026-08-28,P039,青江百货连锁超市,R07,104.269502,30.876837,146.23,0.2572,747,867,中
DO202608280068,2026-08-28,P041,永辉超市(成都青羊中铁大道店),R02,103.961452,30.670211,11.08,0.3535,595,715,中
DO202608280069,2026-08-28,P041,永辉超市(成都青羊中铁大道店),R02,103.961452,30.670211,11.19,0.1675,597,717,中
DO202608280070,2026-08-28,P041,永辉超市(成都青羊中铁大道店),R02,103.961452,30.670211,16.15,0.6442,600,720,中
DO202608280071,2026-08-28,P041,永辉超市(成都青羊中铁大道店),R02,103.961452,30.670211,74.61,3.2836,601,721,高
DO202608280072,2026-08-28,P042,永辉超市(青羊新城市店),R02,104.057614,30.67321,47.12,2.9129,577,697,低
DO202608280073,2026-08-28,P042,永辉超市(青羊新城市店),R02,104.057614,30.67321,73.58,0.1604,579,699,中
DO202608280074,2026-08-28,P043,红旗超市(中同仁路分场),R02,104.052373,30.668819,561.76,0.1165,591,711,中
DO202608280075,2026-08-28,P044,邻你生活超市(大庆店),R02,104.032527,30.669557,63.75,0.2177,608,728,中
DO202608280076,2026-08-28,P044,邻你生活超市(大庆店),R02,104.032527,30.669557,37.38,0.5225,614,734,高
DO202608280077,2026-08-28,P044,邻你生活超市(大庆店),R02,104.032527,30.669557,34.11,0.5567,615,735,中
DO202608280078,2026-08-28,P045,世纪红连锁超市,R08,104.208007,30.532247,26.87,0.2786,817,937,中
DO202608280079,2026-08-28,P046,尚喜超市(锦绣路店),R08,104.308338,30.606726,25.98,0.0188,833,953,高
DO202608280080,2026-08-28,P046,尚喜超市(锦绣路店),R08,104.308338,30.606726,330.67,0.1181,836,956,中
DO202608280081,2026-08-28,P046,尚喜超市(锦绣路店),R08,104.308338,30.606726,0.78,1.4594,838,958,中
DO202608280082,2026-08-28,P046,尚喜超市(锦绣路店),R08,104.308338,30.606726,22.43,0.3651,839,959,低
DO202608280083,2026-08-28,P047,永辉超市(成都龙泉驿万达广场店),R08,104.269392,30.566865,223.66,1.414,695,815,低
DO202608280084,2026-08-28,P047,永辉超市(成都龙泉驿万达广场店),R08,104.269392,30.566865,16.52,0.1356,697,817,中
DO202608280085,2026-08-28,P047,永辉超市(成都龙泉驿万达广场店),R08,104.269392,30.566865,53.29,0.644,699,819,高
DO202608280086,2026-08-28,P047,永辉超市(成都龙泉驿万达广场店),R08,104.269392,30.566865,61.99,0.0561,703,823,中
DO202608280087,2026-08-28,P048,汇联美连锁超市(中街店),R08,104.27333,30.560098,85.09,0.4722,629,749,中
DO202608280088,2026-08-28,P049,百伦生活超市(龙泉店),R08,104.273346,30.559846,34.04,0.1484,862,982,中
DO202608280089,2026-08-28,P049,百伦生活超市(龙泉店),R08,104.273346,30.559846,41.41,0.1934,862,982,低
DO202608280090,2026-08-28,P049,百伦生活超市(龙泉店),R08,104.273346,30.559846,34.49,0.0335,863,983,中
DO202608290000,2026-08-29,P001,689便民(荣盛·香榭兰庭店),R06,104.135375,30.623625,143.22,0.1325,691,811,高
DO202608290001,2026-08-29,P001,689便民(荣盛·香榭兰庭店),R06,104.135375,30.623625,20.19,0.495,692,812,低
DO202608290002,2026-08-29,P001,689便民(荣盛·香榭兰庭店),R06,104.135375,30.623625,61.88,0.3037,698,818,中
DO202608290003,2026-08-29,P001,689便民(荣盛·香榭兰庭店),R06,104.135375,30.623625,59.16,0.0683,701,821,中
DO202608290004,2026-08-29,P002,十二超市(佳年华广场1期店),R06,104.131787,30.627615,150.22,0.0854,719,839,中
DO202608290005,2026-08-29,P002,十二超市(佳年华广场1期店),R06,104.131787,30.627615,9.17,0.5211,721,841,高
DO202608290006,2026-08-29,P002,十二超市(佳年华广场1期店),R06,104.131787,30.627615,22.35,0.9093,722,842,中
DO202608290007,2026-08-29,P002,十二超市(佳年华广场1期店),R06,104.131787,30.627615,61.52,0.0243,723,843,中
DO202608290008,2026-08-29,P002,十二超市(佳年华广场1期店),R06,104.131787,30.627615,6.67,0.1268,723,843,中
DO202608290009,2026-08-29,P003,红旗连锁,R06,104.132763,30.627528,39.4,0.46,565,685,中
DO202608290010,2026-08-29,P003,红旗连锁,R06,104.132763,30.627528,16.82,0.9771,567,687,高
DO202608290011,2026-08-29,P003,红旗连锁,R06,104.132763,30.627528,79.03,0.5709,573,693,中
DO202608290012,2026-08-29,P003,红旗连锁,R06,104.132763,30.627528,250.51,0.0942,574,694,中
DO202608290013,2026-08-29,P005,郝英超市,R06,104.129707,30.628761,212.49,0.6876,744,864,中
DO202608290014,2026-08-29,P006,全家便利店(龙江路店),R03,104.077199,30.641639,90.42,2.2243,699,819,中
DO202608290015,2026-08-29,P007,永辉超市(成都市新城吾悦广场店),R03,103.988663,30.626255,54.58,1.3969,566,686,中
DO202608290016,2026-08-29,P007,永辉超市(成都市新城吾悦广场店),R03,103.988663,30.626255,21.69,0.0945,572,692,中
DO202608290017,2026-08-29,P007,永辉超市(成都市新城吾悦广场店),R03,103.988663,30.626255,810.93,0.2255,572,692,低
DO202608290018,2026-08-29,P008,永辉超市(银泰城店),R03,104.058121,30.541191,190.46,0.0441,843,963,中
DO202608290019,2026-08-29,P008,永辉超市(银泰城店),R03,104.058121,30.541191,20.11,0.1858,845,965,中
DO202608290020,2026-08-29,P008,永辉超市(银泰城店),R03,104.058121,30.541191,117.39,0.3321,846,966,中
DO202608290021,2026-08-29,P009,永辉超市(龙湖成都金楠天街店),R03,103.995986,30.648731,85.06,0.1144,743,863,高
DO202608290022,2026-08-29,P009,永辉超市(龙湖成都金楠天街店),R03,103.995986,30.648731,16.85,0.8631,744,864,高
DO202608290023,2026-08-29,P009,永辉超市(龙湖成都金楠天街店),R03,103.995986,30.648731,76.31,0.2929,744,864,中
DO202608290024,2026-08-29,P009,永辉超市(龙湖成都金楠天街店),R03,103.995986,30.648731,193.54,0.5593,745,865,中
DO202608290025,2026-08-29,P009,永辉超市(龙湖成都金楠天街店),R03,103.995986,30.648731,38.84,0.5034,746,866,高
DO202608290026,2026-08-29,P009,永辉超市(龙湖成都金楠天街店),R03,103.995986,30.648731,33.4,0.6288,747,867,中
DO202608290027,2026-08-29,P009,永辉超市(龙湖成都金楠天街店),R03,103.995986,30.648731,110.86,0.254,751,871,低
DO202608290028,2026-08-29,P010,百分百超市(心语店),R03,104.045915,30.545712,115.75,0.0961,821,941,中
DO202608290029,2026-08-29,P010,百分百超市(心语店),R03,104.045915,30.545712,60.55,0.0784,827,947,低
DO202608290030,2026-08-29,P011,永辉超市(成都市双铁广场店),R01,103.975737,30.758309,18.5,0.0502,639,759,高
DO202608290031,2026-08-29,P012,永辉超市(成都市蜀都万达广场店),R01,103.907862,30.807642,182.81,0.2062,531,651,高
DO202608290032,2026-08-29,P013,永辉超市(爱琴海购物中心店),R01,103.991901,30.737566,32.87,0.6292,552,672,低
DO202608290033,2026-08-29,P014,永辉超市(龙湖成都时代天街店),R01,103.921214,30.750831,75.76,0.5089,627,747,高
DO202608290034,2026-08-29,P014,永辉超市(龙湖成都时代天街店),R01,103.921214,30.750831,11.84,0.4826,628,748,中
DO202608290035,2026-08-29,P014,永辉超市(龙湖成都时代天街店),R01,103.921214,30.750831,47.3,0.6764,631,751,中
DO202608290036,2026-08-29,P014,永辉超市(龙湖成都时代天街店),R01,103.921214,30.750831,26.63,0.3267,633,753,高
DO202608290037,2026-08-29,P014,永辉超市(龙湖成都时代天街店),R01,103.921214,30.750831,23.67,1.5741,635,755,低
DO202608290038,2026-08-29,P014,永辉超市(龙湖成都时代天街店),R01,103.921214,30.750831,13.95,0.7236,635,755,低
DO202608290039,2026-08-29,P015,红旗超市(龙湖时代天街店),R01,103.919653,30.752444,49.07,0.839,575,695,中
DO202608290040,2026-08-29,P015,红旗超市(龙湖时代天街店),R01,103.919653,30.752444,2.39,0.2718,577,697,中
DO202608290041,2026-08-29,P015,红旗超市(龙湖时代天街店),R01,103.919653,30.752444,81.31,1.0228,577,697,中
DO202608290042,2026-08-29,P015,红旗超市(龙湖时代天街店),R01,103.919653,30.752444,47.29,0.1887,577,697,低
DO202608290043,2026-08-29,P015,红旗超市(龙湖时代天街店),R01,103.919653,30.752444,15.36,0.0733,581,701,中
DO202608290044,2026-08-29,P015,红旗超市(龙湖时代天街店),R01,103.919653,30.752444,123.97,0.7484,582,702,低
DO202608290045,2026-08-29,P016,LAWSON罗森(枣子巷15号院店),R04,104.044885,30.667759,9.9,0.1569,651,771,高
DO202608290046,2026-08-29,P017,LAWSON罗森(龙湖成都上城天街店),R04,104.071944,30.68395,15.08,0.1591,775,895,高
DO202608290047,2026-08-29,P017,LAWSON罗森(龙湖成都上城天街店),R04,104.071944,30.68395,56.03,0.62,776,896,中
DO202608290048,2026-08-29,P017,LAWSON罗森(龙湖成都上城天街店),R04,104.071944,30.68395,14.27,0.1193,782,902,高
DO202608290049,2026-08-29,P018,乐多(成华西街一店),R04,104.071998,30.683402,9.23,5.4595,668,788,中
DO202608290050,2026-08-29,P018,乐多(成华西街一店),R04,104.071998,30.683402,132.62,0.686,678,798,中
DO202608290051,2026-08-29,P019,奥特乐(成都龙湖上城天街店),R04,104.072004,30.684929,34.58,0.0256,818,938,低
DO202608290052,2026-08-29,P019,奥特乐(成都龙湖上城天街店),R04,104.072004,30.684929,226.46,0.2572,818,938,中
DO202608290053,2026-08-29,P021,Ole 精品超市(IFS国际金融中心店),R05,104.081893,30.655003,361.13,0.2118,832,952,中
DO202608290054,2026-08-29,P022,四川舞东风超市连锁股份有限公司,R05,104.082047,30.660437,234.36,0.0897,764,884,低
DO202608290055,2026-08-29,P022,四川舞东风超市连锁股份有限公司,R05,104.082047,30.660437,13.54,0.0956,772,892,低
DO202608290056,2026-08-29,P024,永辉超市(锦江城市花园店),R05,104.142752,30.595134,290.69,0.0359,883,1003,中
DO202608290057,2026-08-29,P024,永辉超市(锦江城市花园店),R05,104.142752,30.595134,308.36,0.4169,889,1009,低
DO202608290058,2026-08-29,P025,红旗超市(成都红旗商厦店),R05,104.072081,30.658735,70.92,0.6312,689,809,低
DO202608290059,2026-08-29,P025,红旗超市(成都红旗商厦店),R05,104.072081,30.658735,29.7,0.488,696,816,低
DO202608290060,2026-08-29,P026,友好多连锁超市(界牌店),R07,104.313922,30.880419,91.38,0.1174,859,979,高
DO202608290061,2026-08-29,P026,友好多连锁超市(界牌店),R07,104.313922,30.880419,1.07,1.2632,859,979,中
DO202608290062,2026-08-29,P026,友好多连锁超市(界牌店),R07,104.313922,30.880419,54.88,0.1161,861,981,低
DO202608290063,2026-08-29,P027,大荣发连锁超市(和顺雅苑店),R07,104.253582,30.90011,10.03,0.2027,663,783,中
DO202608290064,2026-08-29,P027,大荣发连锁超市(和顺雅苑店),R07,104.253582,30.90011,17.08,0.3641,665,785,中
DO202608290065,2026-08-29,P027,大荣发连锁超市(和顺雅苑店),R07,104.253582,30.90011,8.28,0.1967,671,791,中
DO202608290066,2026-08-29,P028,永辉超市(天府欧城店),R07,104.256388,30.892152,40.36,0.0667,810,930,高
DO202608290067,2026-08-29,P028,永辉超市(天府欧城店),R07,104.256388,30.892152,53.99,0.1038,815,935,中
DO202608290068,2026-08-29,P030,润都连锁生活超市(正兴路店),R07,104.188354,30.87079,16.4,0.2752,639,759,中
DO202608290069,2026-08-29,P033,红旗超市(团结花园店),R07,104.246885,30.877313,88.47,0.3119,533,653,高
DO202608290070,2026-08-29,P033,红旗超市(团结花园店),R07,104.246885,30.877313,62.43,0.2501,533,653,低
DO202608290071,2026-08-29,P033,红旗超市(团结花园店),R07,104.246885,30.877313,57.47,0.1431,538,658,中
DO202608290072,2026-08-29,P034,红旗连锁(北城新界民族花园店),R07,104.201632,30.877318,4.41,0.1532,788,908,低
DO202608290073,2026-08-29,P034,红旗连锁(北城新界民族花园店),R07,104.201632,30.877318,25.0,0.0793,791,911,低
DO202608290074,2026-08-29,P035,红旗连锁(青白江同金街便利店),R07,104.244552,30.889503,15.05,0.0984,824,944,中
DO202608290075,2026-08-29,P035,红旗连锁(青白江同金街便利店),R07,104.244552,30.889503,38.16,0.0488,828,948,中
DO202608290076,2026-08-29,P036,红旗连锁(青白江城厢首府分场),R07,104.323054,30.860039,123.79,0.2945,593,713,高
DO202608290077,2026-08-29,P036,红旗连锁(青白江城厢首府分场),R07,104.323054,30.860039,54.68,0.119,597,717,中
DO202608290078,2026-08-29,P037,红旗连锁(青白江石家碾西路店),R07,104.253962,30.887052,2.87,0.0596,887,1007,中
DO202608290079,2026-08-29,P037,红旗连锁(青白江石家碾西路店),R07,104.253962,30.887052,18.97,0.9545,891,1011,中
DO202608290080,2026-08-29,P037,红旗连锁(青白江石家碾西路店),R07,104.253962,30.887052,38.84,0.7026,894,1014,高
DO202608290081,2026-08-29,P038,青江一家超市,R07,104.284321,30.880989,16.93,0.8835,677,797,低
DO202608290082,2026-08-29,P038,青江一家超市,R07,104.284321,30.880989,35.78,0.8843,680,800,中
DO202608290083,2026-08-29,P039,青江百货连锁超市,R07,104.269502,30.876837,11.24,0.469,557,677,低
DO202608290084,2026-08-29,P039,青江百货连锁超市,R07,104.269502,30.876837,72.54,11.5266,557,677,高
DO202608290085,2026-08-29,P039,青江百货连锁超市,R07,104.269502,30.876837,68.63,0.2231,561,681,低
DO202608290086,2026-08-29,P041,永辉超市(成都青羊中铁大道店),R02,103.961452,30.670211,105.58,0.2792,771,891,中
DO202608290087,2026-08-29,P042,永辉超市(青羊新城市店),R02,104.057614,30.67321,19.12,0.1226,680,800,高
DO202608290088,2026-08-29,P042,永辉超市(青羊新城市店),R02,104.057614,30.67321,37.25,0.1802,682,802,中
DO202608290089,2026-08-29,P042,永辉超市(青羊新城市店),R02,104.057614,30.67321,22.47,0.5471,684,804,低
DO202608290090,2026-08-29,P043,红旗超市(中同仁路分场),R02,104.052373,30.668819,71.9,2.5136,722,842,中
DO202608290091,2026-08-29,P044,邻你生活超市(大庆店),R02,104.032527,30.669557,8.93,0.4359,889,1009,高
DO202608290092,2026-08-29,P044,邻你生活超市(大庆店),R02,104.032527,30.669557,12.55,0.8581,895,1015,高
DO202608290093,2026-08-29,P044,邻你生活超市(大庆店),R02,104.032527,30.669557,10.42,0.1541,897,1017,中
DO202608290094,2026-08-29,P045,世纪红连锁超市,R08,104.208007,30.532247,13.6,0.0458,665,785,高
DO202608290095,2026-08-29,P046,尚喜超市(锦绣路店),R08,104.308338,30.606726,3.33,0.1031,899,1019,中
DO202608290096,2026-08-29,P046,尚喜超市(锦绣路店),R08,104.308338,30.606726,41.31,0.054,901,1021,低
DO202608290097,2026-08-29,P046,尚喜超市(锦绣路店),R08,104.308338,30.606726,73.27,0.141,905,1025,高
DO202608290098,2026-08-29,P047,永辉超市(成都龙泉驿万达广场店),R08,104.269392,30.566865,542.39,0.3323,735,855,低
DO202608290099,2026-08-29,P047,永辉超市(成都龙泉驿万达广场店),R08,104.269392,30.566865,34.6,0.0809,740,860,高
DO202608290100,2026-08-29,P047,永辉超市(成都龙泉驿万达广场店),R08,104.269392,30.566865,13.57,0.0967,743,863,中
DO202608290101,2026-08-29,P047,永辉超市(成都龙泉驿万达广场店),R08,104.269392,30.566865,2.99,0.2123,745,865,高
DO202608290102,2026-08-29,P048,汇联美连锁超市(中街店),R08,104.27333,30.560098,130.33,0.0504,701,821,低
