vehicle_id,date,n_orders,load_kg,volume_m3,rated_payload_kg,rated_volume_m3,load_rate,volume_rate
V01,2026-06-01,7,656.1700000000001,8.2044,1400.0,18.0,0.4686928571428572,0.4558
V01,2026-06-02,14,1581.27,8.765,1400.0,18.0,1.1294785714285713,0.48694444444444446
V01,2026-06-03,13,2421.21,6.3248,1400.0,18.0,1.7294357142857144,0.3513777777777778
V01,2026-06-04,12,306.36,4.731,1400.0,18.0,0.21882857142857143,0.2628333333333333
V01,2026-06-05,17,1012.0,9.1686,1400.0,18.0,0.7228571428571429,0.5093666666666666
V01,2026-06-06,14,879.37,9.7319,1400.0,18.0,0.6281214285714286,0.540661111111111
V01,2026-06-07,10,873.35,12.3707,1400.0,18.0,0.6238214285714286,0.6872611111111111
V01,2026-06-08,11,1481.76,7.0388,1400.0,18.0,1.0584,0.3910444444444445
V01,2026-06-09,7,258.44,21.6252,1400.0,18.0,0.1846,1.2014
V01,2026-06-10,14,2216.77,12.4496,1400.0,18.0,1.5834071428571428,0.6916444444444445
V01,2026-06-11,4,173.07999999999998,0.4013,1400.0,18.0,0.12362857142857142,0.022294444444444443
V01,2026-06-12,12,783.23,4.679,1400.0,18.0,0.55945,0.2599444444444445
V01,2026-06-13,12,2722.06,4.1998,1400.0,18.0,1.9443285714285714,0.2333222222222222
V01,2026-06-14,16,1253.91,8.9793,1400.0,18.0,0.8956500000000001,0.49885
V01,2026-06-15,7,349.02,2.1697,1400.0,18.0,0.2493,0.1205388888888889
V01,2026-06-16,14,1836.08,18.3338,1400.0,18.0,1.3114857142857141,1.0185444444444445
V01,2026-06-17,14,1238.28,3.472,1400.0,18.0,0.8844857142857143,0.1928888888888889
V01,2026-06-18,12,1531.03,4.2123,1400.0,18.0,1.093592857142857,0.23401666666666665
V01,2026-06-19,8,333.97,16.6305,1400.0,18.0,0.23855,0.9239166666666667
V01,2026-06-20,11,2047.2600000000002,8.7125,1400.0,18.0,1.4623285714285716,0.4840277777777778
V01,2026-06-21,17,1193.42,16.8646,1400.0,18.0,0.8524428571428572,0.9369222222222222
V01,2026-06-22,15,1304.6299999999999,7.8445,1400.0,18.0,0.9318785714285713,0.43580555555555556
V01,2026-06-23,9,1161.8700000000001,6.7434,1400.0,18.0,0.829907142857143,0.3746333333333334
V01,2026-06-24,8,425.26,6.557999999999999,1400.0,18.0,0.30375714285714284,0.3643333333333333
V01,2026-06-25,5,559.4799999999999,2.283,1400.0,18.0,0.39962857142857133,0.12683333333333333
V01,2026-06-26,12,667.02,11.1098,1400.0,18.0,0.4764428571428571,0.6172111111111112
V01,2026-06-27,12,1654.01,11.884699999999999,1400.0,18.0,1.1814357142857144,0.6602611111111111
V01,2026-06-28,11,1001.8,17.820899999999998,1400.0,18.0,0.7155714285714285,0.9900499999999999
V01,2026-06-29,12,2334.04,5.8678,1400.0,18.0,1.6671714285714285,0.3259888888888889
V01,2026-06-30,8,571.39,2.6343,1400.0,18.0,0.40813571428571427,0.14635
V01,2026-07-01,15,1174.6200000000001,6.1552,1400.0,18.0,0.8390142857142858,0.34195555555555557
V01,2026-07-02,13,773.48,10.5505,1400.0,18.0,0.5524857142857142,0.5861388888888889
V01,2026-07-03,9,676.49,6.9017,1400.0,18.0,0.4832071428571429,0.38342777777777776
V01,2026-07-04,15,984.99,10.3954,1400.0,18.0,0.7035642857142858,0.5775222222222223
V01,2026-07-05,4,192.36,2.443,1400.0,18.0,0.13740000000000002,0.13572222222222222
V01,2026-07-06,12,443.62,2.9792,1400.0,18.0,0.3168714285714286,0.1655111111111111
V01,2026-07-07,14,1850.44,5.7719,1400.0,18.0,1.321742857142857,0.32066111111111106
V01,2026-07-08,13,903.6800000000001,5.0584,1400.0,18.0,0.6454857142857143,0.28102222222222223
V01,2026-07-09,9,393.84000000000003,6.984500000000001,1400.0,18.0,0.28131428571428574,0.3880277777777778
V01,2026-07-10,11,528.63,4.2899,1400.0,18.0,0.3775928571428571,0.2383277777777778
V01,2026-07-11,17,873.52,7.4164,1400.0,18.0,0.6239428571428571,0.41202222222222223
V01,2026-07-12,6,360.09,2.1366,1400.0,18.0,0.25720714285714286,0.1187
V01,2026-07-13,12,821.49,5.5019,1400.0,18.0,0.5867785714285715,0.3056611111111111
V01,2026-07-14,9,285.55,2.8673,1400.0,18.0,0.2039642857142857,0.15929444444444446
V01,2026-07-15,10,1257.75,4.9633,1400.0,18.0,0.8983928571428571,0.2757388888888889
V01,2026-07-16,14,1154.6,18.401699999999998,1400.0,18.0,0.8247142857142856,1.0223166666666665
V01,2026-07-17,13,1636.62,3.0734999999999997,1400.0,18.0,1.1690142857142856,0.17074999999999999
V01,2026-07-18,9,735.07,2.6663,1400.0,18.0,0.52505,0.14812777777777777
V01,2026-07-19,8,757.22,2.8877,1400.0,18.0,0.5408714285714286,0.16042777777777778
V01,2026-07-20,15,2549.35,8.0045,1400.0,18.0,1.8209642857142856,0.44469444444444445
V01,2026-07-21,9,888.3,3.5976000000000004,1400.0,18.0,0.6345,0.1998666666666667
V01,2026-07-22,5,122.26,2.0578,1400.0,18.0,0.08732857142857144,0.11432222222222221
V01,2026-07-23,11,575.91,3.7701,1400.0,18.0,0.4113642857142857,0.20945
V01,2026-07-24,9,1144.6200000000001,10.7472,1400.0,18.0,0.8175857142857144,0.5970666666666666
V01,2026-07-25,12,1841.9,8.1232,1400.0,18.0,1.3156428571428571,0.4512888888888889
V01,2026-07-26,11,1096.4,4.2165,1400.0,18.0,0.7831428571428573,0.23424999999999999
V01,2026-07-27,13,1251.07,9.3338,1400.0,18.0,0.8936214285714286,0.5185444444444445
V01,2026-07-28,15,1065.32,9.872,1400.0,18.0,0.7609428571428571,0.5484444444444444
V01,2026-07-29,15,665.7099999999999,11.0074,1400.0,18.0,0.4755071428571428,0.6115222222222223
V01,2026-07-30,13,1270.29,17.0264,1400.0,18.0,0.90735,0.945911111111111
V01,2026-07-31,10,452.94,7.6037,1400.0,18.0,0.32352857142857144,0.4224277777777778
V01,2026-08-01,11,1061.74,3.0833,1400.0,18.0,0.7583857142857143,0.17129444444444444
V01,2026-08-02,12,999.72,6.7527,1400.0,18.0,0.7140857142857143,0.37515
V01,2026-08-03,16,1250.31,10.4284,1400.0,18.0,0.8930785714285714,0.5793555555555555
V01,2026-08-04,13,1970.83,5.0558,1400.0,18.0,1.4077357142857143,0.2808777777777778
V01,2026-08-05,7,302.24,3.7961,1400.0,18.0,0.2158857142857143,0.21089444444444444
V01,2026-08-06,10,489.39,5.743399999999999,1400.0,18.0,0.3495642857142857,0.31907777777777774
V01,2026-08-07,7,389.35,5.0495,1400.0,18.0,0.2781071428571429,0.28052777777777776
V01,2026-08-08,10,931.21,5.1917,1400.0,18.0,0.66515,0.2884277777777778
V01,2026-08-09,14,2180.69,13.383299999999998,1400.0,18.0,1.5576357142857142,0.7435166666666666
V01,2026-08-10,4,221.01999999999998,1.5408,1400.0,18.0,0.15787142857142855,0.0856
V01,2026-08-11,16,1079.33,6.2324,1400.0,18.0,0.7709499999999999,0.34624444444444447
V01,2026-08-12,11,1063.97,4.494,1400.0,18.0,0.7599785714285715,0.24966666666666665
V01,2026-08-13,11,1203.31,5.512899999999999,1400.0,18.0,0.8595071428571428,0.30627222222222217
V01,2026-08-14,6,262.09,1.3826,1400.0,18.0,0.18720714285714285,0.07681111111111111
V01,2026-08-15,6,392.06,7.9531,1400.0,18.0,0.28004285714285715,0.4418388888888889
V01,2026-08-16,11,2016.36,5.0436,1400.0,18.0,1.4402571428571427,0.2802
V01,2026-08-17,14,1291.25,5.6333,1400.0,18.0,0.9223214285714286,0.31296111111111113
V01,2026-08-18,20,1863.8700000000001,10.0177,1400.0,18.0,1.3313357142857143,0.5565388888888889
V01,2026-08-19,7,1014.3199999999999,2.1959999999999997,1400.0,18.0,0.7245142857142857,0.12199999999999998
V01,2026-08-20,6,799.3800000000001,4.2258,1400.0,18.0,0.5709857142857143,0.23476666666666665
V01,2026-08-21,7,285.06,4.5561,1400.0,18.0,0.20361428571428572,0.25311666666666666
V01,2026-08-22,11,1241.27,5.8373,1400.0,18.0,0.8866214285714286,0.32429444444444444
V01,2026-08-23,10,839.0500000000001,7.067499999999999,1400.0,18.0,0.5993214285714287,0.3926388888888888
V01,2026-08-24,8,1600.86,5.7223999999999995,1400.0,18.0,1.1434714285714285,0.3179111111111111
V01,2026-08-25,5,711.41,1.8191,1400.0,18.0,0.50815,0.1010611111111111
V01,2026-08-26,8,1133.91,4.2903,1400.0,18.0,0.8099357142857143,0.23835
V01,2026-08-27,10,1178.4299999999998,5.827,1400.0,18.0,0.8417357142857141,0.32372222222222224
V01,2026-08-28,7,475.33000000000004,4.898499999999999,1400.0,18.0,0.3395214285714286,0.2721388888888889
V01,2026-08-29,16,972.77,5.7867999999999995,1400.0,18.0,0.6948357142857142,0.3214888888888889
V02,2026-06-01,9,892.1600000000001,7.1135,1400.0,18.0,0.637257142857143,0.39519444444444446
V02,2026-06-02,8,681.86,2.0677,1400.0,18.0,0.48704285714285717,0.11487222222222221
V02,2026-06-03,16,1157.0700000000002,7.4035,1400.0,18.0,0.8264785714285715,0.4113055555555556
V02,2026-06-04,6,233.60999999999999,4.0268999999999995,1400.0,18.0,0.16686428571428571,0.22371666666666665
V02,2026-06-05,13,3254.0299999999997,4.0778,1400.0,18.0,2.3243071428571427,0.22654444444444444
V02,2026-06-06,13,1344.0,22.9781,1400.0,18.0,0.96,1.2765611111111113
V02,2026-06-07,10,919.24,4.9506,1400.0,18.0,0.6566,0.2750333333333333
V02,2026-06-08,10,1362.25,3.0912,1400.0,18.0,0.9730357142857143,0.17173333333333335
V02,2026-06-09,13,1083.5900000000001,8.060599999999999,1400.0,18.0,0.7739928571428573,0.44781111111111105
V02,2026-06-10,8,388.31,0.7515000000000001,1400.0,18.0,0.27736428571428573,0.04175
V02,2026-06-11,7,580.06,2.6464,1400.0,18.0,0.4143285714285714,0.14702222222222222
V02,2026-06-12,13,1167.16,18.3768,1400.0,18.0,0.8336857142857144,1.0209333333333332
V02,2026-06-13,6,524.35,1.2225000000000001,1400.0,18.0,0.3745357142857143,0.06791666666666668
V02,2026-06-14,9,380.89,5.9991,1400.0,18.0,0.2720642857142857,0.3332833333333334
V02,2026-06-15,10,1731.59,14.909,1400.0,18.0,1.23685,0.8282777777777778
V02,2026-06-16,8,534.23,2.6805,1400.0,18.0,0.3815928571428572,0.14891666666666667
V02,2026-06-17,14,817.9,10.7491,1400.0,18.0,0.5842142857142857,0.5971722222222222
V02,2026-06-18,10,1312.76,4.8965,1400.0,18.0,0.9376857142857142,0.27202777777777776
V02,2026-06-19,8,1250.08,2.5501,1400.0,18.0,0.8929142857142857,0.14167222222222223
V02,2026-06-20,13,794.5,5.4092,1400.0,18.0,0.5675,0.3005111111111111
V02,2026-06-21,13,924.51,10.4556,1400.0,18.0,0.6603642857142857,0.5808666666666666
V02,2026-06-22,7,635.49,4.2605,1400.0,18.0,0.4539214285714286,0.23669444444444446
V02,2026-06-23,14,1662.75,6.5843,1400.0,18.0,1.1876785714285714,0.3657944444444444
V02,2026-06-24,9,792.23,3.6484,1400.0,18.0,0.5658785714285715,0.2026888888888889
V02,2026-06-25,4,69.55000000000001,1.4351,1400.0,18.0,0.04967857142857144,0.07972777777777779
V02,2026-06-26,7,515.72,3.8771,1400.0,18.0,0.36837142857142857,0.21539444444444444
V02,2026-06-27,8,776.75,10.0869,1400.0,18.0,0.5548214285714286,0.5603833333333333
V02,2026-06-28,12,697.04,10.0898,1400.0,18.0,0.49788571428571426,0.5605444444444445
V02,2026-06-29,8,199.33,5.7448,1400.0,18.0,0.14237857142857144,0.3191555555555555
V02,2026-06-30,12,310.86,11.1442,1400.0,18.0,0.22204285714285715,0.6191222222222222
V02,2026-07-01,5,787.42,1.283,1400.0,18.0,0.5624428571428571,0.07127777777777777
V02,2026-07-02,4,290.55,1.0649000000000002,1400.0,18.0,0.2075357142857143,0.05916111111111112
V02,2026-07-03,6,363.13,4.9268,1400.0,18.0,0.2593785714285714,0.2737111111111111
V02,2026-07-04,5,316.14,0.6229,1400.0,18.0,0.22581428571428572,0.034605555555555556
V02,2026-07-05,13,402.79,3.097,1400.0,18.0,0.2877071428571429,0.17205555555555554
V02,2026-07-06,15,2507.74,9.9314,1400.0,18.0,1.791242857142857,0.5517444444444445
V02,2026-07-07,7,711.13,2.7054,1400.0,18.0,0.50795,0.1503
V02,2026-07-08,10,795.6,6.5021,1400.0,18.0,0.5682857142857143,0.3612277777777778
V02,2026-07-09,10,908.05,5.292400000000001,1400.0,18.0,0.6486071428571428,0.29402222222222224
V02,2026-07-10,12,1131.97,7.2404,1400.0,18.0,0.80855,0.40224444444444446
V02,2026-07-11,9,574.89,5.0262,1400.0,18.0,0.41063571428571427,0.27923333333333333
V02,2026-07-12,5,428.24000000000007,5.016,1400.0,18.0,0.3058857142857143,0.2786666666666667
V02,2026-07-13,16,1697.69,7.5961,1400.0,18.0,1.2126357142857143,0.4220055555555555
V02,2026-07-14,7,470.46,4.8006,1400.0,18.0,0.33604285714285714,0.2667
V02,2026-07-15,10,216.66,2.5506,1400.0,18.0,0.15475714285714284,0.14170000000000002
V02,2026-07-16,10,424.06,4.0999,1400.0,18.0,0.3029,0.2277722222222222
V02,2026-07-17,9,801.4000000000001,2.2253,1400.0,18.0,0.5724285714285715,0.12362777777777777
V02,2026-07-18,9,419.41,4.0807,1400.0,18.0,0.29957857142857147,0.22670555555555558
V02,2026-07-19,11,1208.85,6.3854999999999995,1400.0,18.0,0.8634642857142857,0.35474999999999995
V02,2026-07-20,9,393.62,2.3762,1400.0,18.0,0.2811571428571429,0.1320111111111111
V02,2026-07-21,6,566.28,2.5393,1400.0,18.0,0.4044857142857143,0.1410722222222222
V02,2026-07-22,11,3201.2,6.1402,1400.0,18.0,2.2865714285714285,0.3411222222222222
V02,2026-07-23,9,348.24,5.3366,1400.0,18.0,0.24874285714285715,0.2964777777777778
V02,2026-07-24,5,292.58,3.0581,1400.0,18.0,0.20898571428571427,0.16989444444444446
V02,2026-07-25,13,1054.31,4.2175,1400.0,18.0,0.7530785714285714,0.23430555555555557
V02,2026-07-26,7,808.17,1.9231,1400.0,18.0,0.5772642857142857,0.10683888888888889
V02,2026-07-27,8,285.02,9.7723,1400.0,18.0,0.2035857142857143,0.5429055555555555
V02,2026-07-28,13,1376.75,20.6169,1400.0,18.0,0.9833928571428572,1.1453833333333334
V02,2026-07-29,6,1334.83,1.6992,1400.0,18.0,0.9534499999999999,0.0944
V02,2026-07-30,9,307.33,2.1973000000000003,1400.0,18.0,0.21952142857142856,0.12207222222222223
V02,2026-07-31,17,1204.23,15.016700000000002,1400.0,18.0,0.8601642857142857,0.8342611111111112
V02,2026-08-01,5,253.68,6.4353,1400.0,18.0,0.1812,0.35751666666666665
V02,2026-08-02,8,240.78,3.497,1400.0,18.0,0.1719857142857143,0.19427777777777777
V02,2026-08-03,7,1092.5,7.2514,1400.0,18.0,0.7803571428571429,0.4028555555555556
V02,2026-08-04,10,170.34,2.8764,1400.0,18.0,0.12167142857142857,0.1598
V02,2026-08-05,15,1350.88,12.1526,1400.0,18.0,0.9649142857142858,0.6751444444444444
V02,2026-08-06,13,1267.04,3.6596,1400.0,18.0,0.9050285714285714,0.2033111111111111
V02,2026-08-07,7,341.02000000000004,8.8863,1400.0,18.0,0.24358571428571432,0.49368333333333336
V02,2026-08-08,7,186.62,1.8594,1400.0,18.0,0.1333,0.1033
V02,2026-08-09,10,1878.72,9.526200000000001,1400.0,18.0,1.341942857142857,0.5292333333333334
V02,2026-08-10,8,332.57,3.2323999999999997,1400.0,18.0,0.23754999999999998,0.17957777777777775
V02,2026-08-11,11,2019.0100000000002,6.8594,1400.0,18.0,1.4421500000000003,0.3810777777777778
V02,2026-08-12,14,996.88,22.5751,1400.0,18.0,0.7120571428571428,1.2541722222222222
V02,2026-08-13,6,525.99,3.3042000000000002,1400.0,18.0,0.37570714285714285,0.18356666666666668
V02,2026-08-14,15,1201.67,8.6765,1400.0,18.0,0.8583357142857143,0.48202777777777783
V02,2026-08-15,15,1319.39,5.1452,1400.0,18.0,0.9424214285714286,0.28584444444444446
V02,2026-08-16,12,988.34,8.4893,1400.0,18.0,0.7059571428571428,0.47162777777777776
V02,2026-08-17,12,676.9200000000001,7.4968,1400.0,18.0,0.4835142857142858,0.4164888888888889
V02,2026-08-18,7,191.21,4.265,1400.0,18.0,0.13657857142857144,0.23694444444444443
V02,2026-08-19,12,755.8199999999999,5.7276,1400.0,18.0,0.5398714285714286,0.3182
V02,2026-08-20,9,424.63,3.9284,1400.0,18.0,0.30330714285714283,0.21824444444444444
V02,2026-08-21,10,841.63,3.1125,1400.0,18.0,0.6011642857142857,0.17291666666666666
V02,2026-08-22,7,471.45,2.8971999999999998,1400.0,18.0,0.33675,0.16095555555555555
V02,2026-08-23,6,542.75,2.8014,1400.0,18.0,0.38767857142857143,0.15563333333333335
V02,2026-08-24,8,246.22,6.3842,1400.0,18.0,0.17587142857142857,0.35467777777777776
V02,2026-08-25,7,281.17,38.864799999999995,1400.0,18.0,0.20083571428571428,2.1591555555555555
V02,2026-08-26,13,838.0600000000001,18.5021,1400.0,18.0,0.5986142857142858,1.0278944444444444
V02,2026-08-27,9,1049.72,11.8414,1400.0,18.0,0.7498,0.6578555555555555
V02,2026-08-28,7,340.57,8.804300000000001,1400.0,18.0,0.2432642857142857,0.48912777777777783
V02,2026-08-29,4,178.64999999999998,2.277,1400.0,18.0,0.12760714285714284,0.1265
V03,2026-06-01,9,685.22,7.0743,1400.0,18.0,0.4894428571428572,0.3930166666666667
V03,2026-06-02,8,438.56,4.358099999999999,1400.0,18.0,0.31325714285714285,0.24211666666666665
V03,2026-06-03,7,635.29,1.8534,1400.0,18.0,0.4537785714285714,0.10296666666666666
V03,2026-06-04,7,1063.16,1.4987,1400.0,18.0,0.7594000000000001,0.0832611111111111
V03,2026-06-05,7,1122.32,3.4354,1400.0,18.0,0.8016571428571428,0.19085555555555556
V03,2026-06-06,10,1422.0900000000001,3.7911,1400.0,18.0,1.0157785714285716,0.21061666666666667
V03,2026-06-07,10,1004.91,5.0671,1400.0,18.0,0.7177928571428571,0.28150555555555556
V03,2026-06-08,5,1099.46,2.6207000000000003,1400.0,18.0,0.7853285714285715,0.14559444444444447
V03,2026-06-09,3,94.58,3.2586,1400.0,18.0,0.06755714285714286,0.18103333333333332
V03,2026-06-10,12,852.21,4.3758,1400.0,18.0,0.6087214285714286,0.24309999999999998
V03,2026-06-11,10,2365.24,2.8857,1400.0,18.0,1.6894571428571428,0.16031666666666666
V03,2026-06-12,14,2008.05,11.4219,1400.0,18.0,1.4343214285714285,0.6345500000000001
V03,2026-06-13,9,536.62,4.7608,1400.0,18.0,0.38330000000000003,0.2644888888888889
V03,2026-06-14,15,1802.25,4.5338,1400.0,18.0,1.2873214285714285,0.2518777777777778
V03,2026-06-15,12,736.5,5.38,1400.0,18.0,0.5260714285714285,0.29888888888888887
V03,2026-06-16,7,962.5699999999999,4.0968,1400.0,18.0,0.68755,0.2276
V03,2026-06-17,7,2074.58,2.8245,1400.0,18.0,1.481842857142857,0.15691666666666668
V03,2026-06-18,7,141.87,3.2635,1400.0,18.0,0.10133571428571429,0.18130555555555555
V03,2026-06-19,7,278.72,2.5691,1400.0,18.0,0.1990857142857143,0.1427277777777778
V03,2026-06-20,10,492.8,1.9395,1400.0,18.0,0.35200000000000004,0.10775
V03,2026-06-21,14,1004.0699999999999,10.8493,1400.0,18.0,0.7171928571428571,0.6027388888888888
V03,2026-06-22,10,884.45,8.7258,1400.0,18.0,0.63175,0.4847666666666666
V03,2026-06-23,9,872.68,9.6244,1400.0,18.0,0.6233428571428571,0.5346888888888889
V03,2026-06-24,14,1827.73,59.8367,1400.0,18.0,1.3055214285714285,3.3242611111111113
V03,2026-06-25,14,1027.89,7.6993,1400.0,18.0,0.734207142857143,0.4277388888888889
V03,2026-06-26,9,406.47,3.0906,1400.0,18.0,0.2903357142857143,0.1717
V03,2026-06-27,10,1059.66,6.4178,1400.0,18.0,0.7569,0.35654444444444444
V03,2026-06-28,9,1131.05,3.192,1400.0,18.0,0.8078928571428571,0.17733333333333334
V03,2026-06-29,9,625.17,1.9097,1400.0,18.0,0.44654999999999995,0.10609444444444444
V03,2026-06-30,5,298.7,2.752,1400.0,18.0,0.21335714285714286,0.15288888888888888
V03,2026-07-01,12,1367.97,4.5792,1400.0,18.0,0.9771214285714286,0.2544
V03,2026-07-02,11,1369.14,5.3238,1400.0,18.0,0.977957142857143,0.2957666666666667
V03,2026-07-03,7,558.33,3.2939000000000003,1400.0,18.0,0.39880714285714286,0.18299444444444446
V03,2026-07-04,9,1312.96,13.936,1400.0,18.0,0.9378285714285715,0.7742222222222223
V03,2026-07-05,9,430.40999999999997,2.4952,1400.0,18.0,0.30743571428571426,0.13862222222222223
V03,2026-07-06,9,1045.65,13.5039,1400.0,18.0,0.7468928571428572,0.7502166666666666
V03,2026-07-07,9,407.41999999999996,13.102500000000001,1400.0,18.0,0.29101428571428567,0.7279166666666668
V03,2026-07-08,7,307.63,4.5234,1400.0,18.0,0.21973571428571428,0.25129999999999997
V03,2026-07-09,10,839.12,4.051,1400.0,18.0,0.5993714285714286,0.22505555555555556
V03,2026-07-10,9,955.48,5.4648,1400.0,18.0,0.6824857142857143,0.30360000000000004
V03,2026-07-11,5,130.9,6.763,1400.0,18.0,0.0935,0.37572222222222224
V03,2026-07-12,17,1946.87,18.1143,1400.0,18.0,1.3906214285714285,1.00635
V03,2026-07-13,15,1486.77,8.5749,1400.0,18.0,1.0619785714285714,0.4763833333333333
V03,2026-07-14,7,1293.6799999999998,2.0277,1400.0,18.0,0.9240571428571427,0.11264999999999999
V03,2026-07-15,10,1171.94,5.593,1400.0,18.0,0.8371000000000001,0.31072222222222223
V03,2026-07-16,14,1071.32,8.0694,1400.0,18.0,0.7652285714285714,0.4483
V03,2026-07-17,6,595.06,1.1953,1400.0,18.0,0.4250428571428571,0.06640555555555555
V03,2026-07-18,9,760.5,9.2281,1400.0,18.0,0.5432142857142858,0.5126722222222222
V03,2026-07-19,9,709.27,15.3279,1400.0,18.0,0.5066214285714286,0.85155
V03,2026-07-20,6,1165.58,5.7267,1400.0,18.0,0.8325571428571428,0.31815
V03,2026-07-21,7,668.31,0.9999,1400.0,18.0,0.4773642857142857,0.05555
V03,2026-07-22,9,1198.45,3.2177,1400.0,18.0,0.8560357142857143,0.1787611111111111
V03,2026-07-23,9,916.39,1.5921,1400.0,18.0,0.6545642857142857,0.08845
V03,2026-07-24,9,379.96,3.4029,1400.0,18.0,0.2714,0.18905
V03,2026-07-25,7,561.77,2.6031,1400.0,18.0,0.4012642857142857,0.14461666666666667
V03,2026-07-26,7,2051.09,2.9501,1400.0,18.0,1.4650642857142857,0.16389444444444445
V03,2026-07-27,7,707.59,7.4269,1400.0,18.0,0.5054214285714286,0.41260555555555556
V03,2026-07-28,5,545.05,11.4445,1400.0,18.0,0.38932142857142854,0.6358055555555555
V03,2026-07-29,4,417.81,2.4349000000000003,1400.0,18.0,0.2984357142857143,0.13527222222222224
V03,2026-07-30,10,524.91,4.434,1400.0,18.0,0.37493571428571426,0.24633333333333335
V03,2026-07-31,16,7112.030000000001,9.0328,1400.0,18.0,5.080021428571429,0.5018222222222222
V03,2026-08-01,11,2056.2,27.2924,1400.0,18.0,1.4687142857142856,1.5162444444444445
V03,2026-08-02,12,710.51,3.9426,1400.0,18.0,0.5075071428571428,0.21903333333333333
V03,2026-08-03,10,284.43,5.7755,1400.0,18.0,0.20316428571428571,0.3208611111111111
V03,2026-08-04,4,829.76,1.9786,1400.0,18.0,0.5926857142857143,0.10992222222222221
V03,2026-08-05,9,6672.96,4.0192,1400.0,18.0,4.7664,0.22328888888888887
V03,2026-08-06,8,523.97,5.603899999999999,1400.0,18.0,0.3742642857142857,0.31132777777777776
V03,2026-08-07,12,1059.94,9.585,1400.0,18.0,0.7571,0.5325000000000001
V03,2026-08-08,8,1070.8600000000001,5.2347,1400.0,18.0,0.7649000000000001,0.29081666666666667
V03,2026-08-09,9,1072.67,11.4457,1400.0,18.0,0.7661928571428572,0.6358722222222223
V03,2026-08-10,12,902.74,10.082799999999999,1400.0,18.0,0.6448142857142857,0.5601555555555555
V03,2026-08-11,6,296.65,2.0557,1400.0,18.0,0.21189285714285713,0.11420555555555555
V03,2026-08-12,8,442.15000000000003,3.4011,1400.0,18.0,0.3158214285714286,0.18895
V03,2026-08-13,11,736.88,6.3229999999999995,1400.0,18.0,0.5263428571428571,0.35127777777777774
V03,2026-08-14,10,562.54,5.4654,1400.0,18.0,0.4018142857142857,0.3036333333333333
V03,2026-08-15,12,803.2,3.7355,1400.0,18.0,0.5737142857142857,0.20752777777777778
V03,2026-08-16,13,1501.91,12.593399999999999,1400.0,18.0,1.072792857142857,0.6996333333333333
V03,2026-08-17,7,986.31,16.2423,1400.0,18.0,0.7045071428571428,0.90235
V03,2026-08-18,8,1204.69,1.983,1400.0,18.0,0.8604928571428572,0.11016666666666668
V03,2026-08-19,12,884.97,5.673500000000001,1400.0,18.0,0.6321214285714286,0.3151944444444445
V03,2026-08-20,8,861.93,4.809,1400.0,18.0,0.6156642857142857,0.26716666666666666
V03,2026-08-21,15,1211.59,6.2139999999999995,1400.0,18.0,0.8654214285714286,0.3452222222222222
V03,2026-08-22,6,1681.0400000000002,9.0482,1400.0,18.0,1.2007428571428573,0.5026777777777778
V03,2026-08-23,6,274.89,3.8956,1400.0,18.0,0.19635,0.2164222222222222
V03,2026-08-24,14,1313.01,10.8502,1400.0,18.0,0.9378642857142857,0.6027888888888888
V03,2026-08-25,6,1523.09,1.8920000000000001,1400.0,18.0,1.0879214285714285,0.10511111111111111
V03,2026-08-26,6,751.27,1.7471,1400.0,18.0,0.5366214285714286,0.09706111111111111
V03,2026-08-27,16,2815.16,8.9249,1400.0,18.0,2.010828571428571,0.49582777777777776
V03,2026-08-28,11,422.12,11.594999999999999,1400.0,18.0,0.30151428571428573,0.6441666666666666
V03,2026-08-29,12,1345.7,7.1188,1400.0,18.0,0.9612142857142858,0.3954888888888889
V04,2026-06-01,8,386.71999999999997,5.5668,1400.0,18.0,0.27622857142857143,0.30926666666666663
V04,2026-06-02,7,502.8,3.4650999999999996,1400.0,18.0,0.35914285714285715,0.19250555555555554
V04,2026-06-03,9,416.15999999999997,9.0758,1400.0,18.0,0.29725714285714283,0.504211111111111
V04,2026-06-04,10,1235.72,15.01,1400.0,18.0,0.8826571428571429,0.8338888888888889
V04,2026-06-05,5,961.04,2.5458,1400.0,18.0,0.6864571428571429,0.14143333333333333
V04,2026-06-06,12,944.72,10.2194,1400.0,18.0,0.6748000000000001,0.5677444444444445
V04,2026-06-07,11,1199.56,9.1098,1400.0,18.0,0.8568285714285714,0.5061
V04,2026-06-08,6,445.69,3.0852,1400.0,18.0,0.31835,0.1714
V04,2026-06-09,5,313.83,0.9375,1400.0,18.0,0.2241642857142857,0.052083333333333336
V04,2026-06-10,12,630.78,3.9389000000000003,1400.0,18.0,0.4505571428571428,0.2188277777777778
V04,2026-06-11,6,1117.58,4.9542,1400.0,18.0,0.7982714285714285,0.27523333333333333
V04,2026-06-12,4,257.2,0.7498,1400.0,18.0,0.18371428571428572,0.04165555555555556
V04,2026-06-13,5,305.15,11.9588,1400.0,18.0,0.2179642857142857,0.6643777777777777
V04,2026-06-14,8,392.59000000000003,2.7011,1400.0,18.0,0.2804214285714286,0.1500611111111111
V04,2026-06-15,6,607.1899999999999,3.5101999999999998,1400.0,18.0,0.4337071428571428,0.1950111111111111
V04,2026-06-16,10,945.9200000000001,2.8827,1400.0,18.0,0.675657142857143,0.16015
V04,2026-06-17,11,525.27,5.5943,1400.0,18.0,0.3751928571428571,0.31079444444444443
V04,2026-06-18,9,385.83,7.6129999999999995,1400.0,18.0,0.27559285714285714,0.4229444444444444
V04,2026-06-19,6,647.94,4.279,1400.0,18.0,0.46281428571428573,0.23772222222222222
V04,2026-06-20,7,2119.67,6.625500000000001,1400.0,18.0,1.5140500000000001,0.3680833333333334
V04,2026-06-21,11,1883.38,3.3846,1400.0,18.0,1.3452714285714287,0.18803333333333333
V04,2026-06-22,9,1160.86,4.4575000000000005,1400.0,18.0,0.8291857142857142,0.2476388888888889
V04,2026-06-23,10,714.15,3.4819,1400.0,18.0,0.5101071428571429,0.19343888888888888
V04,2026-06-24,10,679.54,7.5386,1400.0,18.0,0.48538571428571425,0.4188111111111111
V04,2026-06-25,11,893.77,3.9472,1400.0,18.0,0.6384071428571428,0.2192888888888889
V04,2026-06-26,6,1059.33,4.6218,1400.0,18.0,0.7566642857142857,0.2567666666666667
V04,2026-06-27,6,600.31,13.7125,1400.0,18.0,0.4287928571428571,0.7618055555555556
V04,2026-06-28,13,1550.68,10.811399999999999,1400.0,18.0,1.1076285714285714,0.6006333333333332
V04,2026-06-29,5,826.74,1.3932,1400.0,18.0,0.5905285714285714,0.0774
V04,2026-06-30,15,3173.67,5.2127,1400.0,18.0,2.266907142857143,0.28959444444444443
V04,2026-07-01,7,1545.66,14.8156,1400.0,18.0,1.104042857142857,0.8230888888888889
V04,2026-07-02,12,1269.69,6.9978,1400.0,18.0,0.9069214285714287,0.38876666666666665
V04,2026-07-03,11,800.09,6.1227,1400.0,18.0,0.5714928571428571,0.34015
V04,2026-07-04,9,524.55,4.1177,1400.0,18.0,0.3746785714285714,0.2287611111111111
V04,2026-07-05,5,324.76,2.6771,1400.0,18.0,0.23197142857142858,0.14872777777777776
V04,2026-07-06,9,567.76,11.6546,1400.0,18.0,0.40554285714285715,0.6474777777777778
V04,2026-07-07,7,1257.27,4.6169,1400.0,18.0,0.89805,0.25649444444444447
V04,2026-07-08,12,722.78,10.634599999999999,1400.0,18.0,0.5162714285714286,0.5908111111111111
V04,2026-07-09,8,603.95,5.7600999999999996,1400.0,18.0,0.4313928571428572,0.32000555555555554
V04,2026-07-10,10,535.3299999999999,5.0579,1400.0,18.0,0.3823785714285714,0.28099444444444444
V04,2026-07-11,12,566.73,11.3688,1400.0,18.0,0.40480714285714287,0.6316
V04,2026-07-12,5,195.68,0.9499,1400.0,18.0,0.13977142857142857,0.05277222222222222
V04,2026-07-13,13,738.88,13.389000000000001,1400.0,18.0,0.5277714285714286,0.7438333333333333
V04,2026-07-14,11,973.98,5.9856,1400.0,18.0,0.6957,0.33253333333333335
V04,2026-07-15,10,935.22,8.8076,1400.0,18.0,0.6680142857142858,0.48931111111111114
V04,2026-07-16,9,832.8,2.9306,1400.0,18.0,0.5948571428571429,0.16281111111111113
V04,2026-07-17,8,523.25,11.3522,1400.0,18.0,0.37375,0.6306777777777778
V04,2026-07-18,9,374.05,4.8765,1400.0,18.0,0.26717857142857143,0.2709166666666667
V04,2026-07-19,12,1662.55,22.0921,1400.0,18.0,1.1875357142857144,1.2273388888888888
V04,2026-07-20,9,993.29,4.0383,1400.0,18.0,0.7094928571428571,0.22434999999999997
V04,2026-07-21,8,526.84,6.5733,1400.0,18.0,0.3763142857142857,0.3651833333333333
V04,2026-07-22,6,1953.0600000000002,1.2794,1400.0,18.0,1.3950428571428573,0.07107777777777778
V04,2026-07-23,10,1003.02,6.1654,1400.0,18.0,0.7164428571428572,0.34252222222222223
V04,2026-07-24,4,620.8399999999999,2.6628000000000003,1400.0,18.0,0.44345714285714277,0.14793333333333336
V04,2026-07-25,9,770.22,4.8419,1400.0,18.0,0.5501571428571429,0.2689944444444444
V04,2026-07-26,9,1419.8799999999999,2.9436,1400.0,18.0,1.0142,0.16353333333333334
V04,2026-07-27,8,907.64,5.3299,1400.0,18.0,0.6483142857142857,0.29610555555555557
V04,2026-07-28,7,451.65999999999997,5.7612,1400.0,18.0,0.3226142857142857,0.32006666666666667
V04,2026-07-29,8,428.23,7.3178,1400.0,18.0,0.30587857142857144,0.40654444444444443
V04,2026-07-30,8,1694.92,2.9362999999999997,1400.0,18.0,1.2106571428571429,0.16312777777777776
V04,2026-07-31,11,615.4300000000001,11.844299999999999,1400.0,18.0,0.4395928571428572,0.6580166666666666
V04,2026-08-01,10,1147.2,16.3354,1400.0,18.0,0.8194285714285715,0.9075222222222222
V04,2026-08-02,10,702.6,4.9945,1400.0,18.0,0.5018571428571429,0.27747222222222223
V04,2026-08-03,7,328.06,6.8814,1400.0,18.0,0.23432857142857144,0.38230000000000003
V04,2026-08-04,12,905.03,17.3032,1400.0,18.0,0.64645,0.9612888888888889
V04,2026-08-05,9,948.3199999999999,2.5035000000000003,1400.0,18.0,0.6773714285714285,0.13908333333333334
V04,2026-08-06,14,1017.14,18.6507,1400.0,18.0,0.7265285714285714,1.0361500000000001
V04,2026-08-07,5,604.52,13.539200000000001,1400.0,18.0,0.43179999999999996,0.7521777777777778
V04,2026-08-08,10,635.05,6.3041,1400.0,18.0,0.4536071428571428,0.3502277777777778
V04,2026-08-09,8,182.73999999999998,3.9674,1400.0,18.0,0.1305285714285714,0.2204111111111111
V04,2026-08-10,9,823.04,11.767700000000001,1400.0,18.0,0.5878857142857142,0.6537611111111112
V04,2026-08-11,11,1329.96,6.0487,1400.0,18.0,0.9499714285714286,0.3360388888888889
V04,2026-08-12,9,914.2099999999999,7.1423,1400.0,18.0,0.6530071428571428,0.39679444444444445
V04,2026-08-13,11,1069.16,11.8017,1400.0,18.0,0.7636857142857143,0.6556500000000001
V04,2026-08-14,10,458.15,3.7557,1400.0,18.0,0.32725,0.20865
V04,2026-08-15,10,510.71,8.4744,1400.0,18.0,0.36479285714285714,0.47079999999999994
V04,2026-08-16,6,227.57,1.1727,1400.0,18.0,0.16255,0.06515
V04,2026-08-17,9,1314.8600000000001,4.0049,1400.0,18.0,0.9391857142857144,0.22249444444444444
V04,2026-08-18,11,610.73,10.4429,1400.0,18.0,0.4362357142857143,0.5801611111111111
V04,2026-08-19,7,316.25,5.4915,1400.0,18.0,0.22589285714285715,0.3050833333333334
V04,2026-08-20,8,521.63,4.535,1400.0,18.0,0.3725928571428571,0.25194444444444447
V04,2026-08-21,13,867.22,7.2825,1400.0,18.0,0.6194428571428572,0.4045833333333333
V04,2026-08-22,9,926.55,3.6541,1400.0,18.0,0.6618214285714286,0.20300555555555555
V04,2026-08-23,9,2026.22,8.0241,1400.0,18.0,1.4473,0.44578333333333336
V04,2026-08-24,6,1063.14,1.9898,1400.0,18.0,0.7593857142857143,0.11054444444444445
V04,2026-08-25,8,668.51,4.5746,1400.0,18.0,0.47750714285714285,0.25414444444444445
V04,2026-08-26,7,528.68,4.724,1400.0,18.0,0.37762857142857137,0.2624444444444445
V04,2026-08-27,8,924.37,6.0275,1400.0,18.0,0.6602642857142857,0.3348611111111111
V04,2026-08-28,6,510.75,2.3427,1400.0,18.0,0.3648214285714286,0.13015
V04,2026-08-29,6,302.56,1.4731,1400.0,18.0,0.2161142857142857,0.08183888888888889
V05,2026-06-01,12,3509.9400000000005,7.0566,1400.0,18.0,2.5071000000000003,0.39203333333333334
V05,2026-06-02,7,777.84,2.3463000000000003,1400.0,18.0,0.5556,0.13035000000000002
V05,2026-06-03,12,837.71,4.6775,1400.0,18.0,0.5983642857142858,0.2598611111111111
V05,2026-06-04,3,262.96,3.8148,1400.0,18.0,0.1878285714285714,0.21193333333333333
V05,2026-06-05,9,344.52,4.4383,1400.0,18.0,0.24608571428571427,0.24657222222222222
V05,2026-06-06,6,127.15,3.0585,1400.0,18.0,0.09082142857142858,0.16991666666666666
V05,2026-06-07,9,1719.06,3.8186,1400.0,18.0,1.2279,0.21214444444444444
V05,2026-06-08,9,2052.91,7.0251,1400.0,18.0,1.4663642857142856,0.3902833333333333
V05,2026-06-09,9,1395.15,2.5414,1400.0,18.0,0.9965357142857143,0.1411888888888889
V05,2026-06-10,7,390.11,2.9204999999999997,1400.0,18.0,0.27865,0.16224999999999998
V05,2026-06-11,7,733.9000000000001,2.0366,1400.0,18.0,0.5242142857142857,0.11314444444444444
V05,2026-06-12,10,527.9,3.9618,1400.0,18.0,0.37707142857142856,0.22010000000000002
V05,2026-06-13,10,489.93,10.5561,1400.0,18.0,0.34995,0.58645
V05,2026-06-14,6,1197.9,2.5552,1400.0,18.0,0.8556428571428573,0.14195555555555556
V05,2026-06-15,5,1084.3,2.2493,1400.0,18.0,0.7745,0.1249611111111111
V05,2026-06-16,9,721.22,10.7994,1400.0,18.0,0.5151571428571429,0.5999666666666666
V05,2026-06-17,15,772.43,5.050000000000001,1400.0,18.0,0.5517357142857142,0.2805555555555556
V05,2026-06-18,9,399.59000000000003,7.5397,1400.0,18.0,0.2854214285714286,0.4188722222222222
V05,2026-06-19,8,461.45,7.9145,1400.0,18.0,0.3296071428571429,0.43969444444444444
V05,2026-06-20,7,556.26,1.8066,1400.0,18.0,0.3973285714285714,0.10036666666666666
V05,2026-06-21,9,898.0600000000001,4.0359,1400.0,18.0,0.6414714285714286,0.22421666666666665
V05,2026-06-22,8,437.41,3.6969000000000003,1400.0,18.0,0.3124357142857143,0.20538333333333336
V05,2026-06-23,5,173.47,1.6962000000000002,1400.0,18.0,0.12390714285714285,0.09423333333333334
V05,2026-06-24,5,711.52,1.0373,1400.0,18.0,0.5082285714285714,0.057627777777777785
V05,2026-06-25,8,840.5799999999999,5.4914,1400.0,18.0,0.6004142857142857,0.3050777777777778
V05,2026-06-26,5,326.19,3.2704,1400.0,18.0,0.23299285714285714,0.1816888888888889
V05,2026-06-27,13,818.51,6.6872,1400.0,18.0,0.58465,0.3715111111111111
V05,2026-06-28,8,247.35999999999999,4.6209999999999996,1400.0,18.0,0.17668571428571428,0.2567222222222222
V05,2026-06-29,9,676.2099999999999,5.8543,1400.0,18.0,0.4830071428571428,0.3252388888888889
V05,2026-06-30,10,659.88,4.1205,1400.0,18.0,0.4713428571428571,0.22891666666666666
V05,2026-07-01,2,434.37,2.3038,1400.0,18.0,0.3102642857142857,0.12798888888888887
V05,2026-07-02,11,1255.66,3.1462000000000003,1400.0,18.0,0.8969,0.1747888888888889
V05,2026-07-03,6,232.83999999999997,7.4405,1400.0,18.0,0.1663142857142857,0.4133611111111111
V05,2026-07-04,4,142.07,1.6711,1400.0,18.0,0.10147857142857142,0.09283888888888889
V05,2026-07-05,13,664.99,9.004999999999999,1400.0,18.0,0.47499285714285716,0.5002777777777777
V05,2026-07-06,8,1286.76,6.2496,1400.0,18.0,0.9191142857142857,0.3472
V05,2026-07-07,9,1614.04,3.7129,1400.0,18.0,1.1528857142857143,0.20627222222222222
V05,2026-07-08,7,707.54,2.3903,1400.0,18.0,0.5053857142857142,0.13279444444444444
V05,2026-07-09,3,1006.1800000000001,2.524,1400.0,18.0,0.7187,0.14022222222222222
V05,2026-07-10,10,322.7,5.0883,1400.0,18.0,0.23049999999999998,0.28268333333333334
V05,2026-07-11,4,326.45000000000005,3.3767,1400.0,18.0,0.23317857142857146,0.18759444444444445
V05,2026-07-12,5,155.96,0.399,1400.0,18.0,0.1114,0.022166666666666668
V05,2026-07-13,11,959.13,6.2921000000000005,1400.0,18.0,0.6850928571428572,0.34956111111111116
V05,2026-07-14,12,1267.42,9.4571,1400.0,18.0,0.9053000000000001,0.5253944444444445
V05,2026-07-15,10,1064.45,2.7539000000000002,1400.0,18.0,0.7603214285714286,0.15299444444444446
V05,2026-07-16,2,185.58,0.7092999999999999,1400.0,18.0,0.13255714285714287,0.039405555555555555
V05,2026-07-17,7,699.5,3.7127,1400.0,18.0,0.49964285714285717,0.20626111111111112
V05,2026-07-18,7,627.27,5.4634,1400.0,18.0,0.44805,0.30352222222222225
V05,2026-07-19,8,1300.74,11.923399999999999,1400.0,18.0,0.9291,0.6624111111111111
V05,2026-07-20,8,503.72,2.7988,1400.0,18.0,0.3598,0.1554888888888889
V05,2026-07-21,5,449.65999999999997,2.3854,1400.0,18.0,0.32118571428571424,0.13252222222222224
V05,2026-07-22,3,166.92000000000002,4.0518,1400.0,18.0,0.11922857142857143,0.2251
V05,2026-07-23,9,757.16,5.522,1400.0,18.0,0.5408285714285714,0.3067777777777778
V05,2026-07-24,10,417.61,5.7853,1400.0,18.0,0.29829285714285714,0.32140555555555556
V05,2026-07-25,12,1156.3999999999999,6.1503,1400.0,18.0,0.826,0.34168333333333334
V05,2026-07-26,7,3014.0899999999997,3.0746999999999995,1400.0,18.0,2.152921428571428,0.17081666666666664
V05,2026-07-27,6,606.87,4.577,1400.0,18.0,0.43347857142857144,0.25427777777777777
V05,2026-07-28,5,322.88,0.7304999999999999,1400.0,18.0,0.23062857142857143,0.04058333333333333
V05,2026-07-29,10,940.47,8.0613,1400.0,18.0,0.6717642857142857,0.44784999999999997
V05,2026-07-30,7,241.47,6.8946000000000005,1400.0,18.0,0.17247857142857143,0.38303333333333334
V05,2026-07-31,5,251.19,2.1193999999999997,1400.0,18.0,0.17942142857142857,0.11774444444444443
V05,2026-08-01,9,482.99,11.1379,1400.0,18.0,0.34499285714285716,0.6187722222222223
V05,2026-08-02,12,361.34,13.405299999999999,1400.0,18.0,0.2581,0.7447388888888888
V05,2026-08-03,4,201.63,5.3809,1400.0,18.0,0.14402142857142858,0.29893888888888887
V05,2026-08-04,6,323.59,5.0708,1400.0,18.0,0.23113571428571428,0.28171111111111113
V05,2026-08-05,9,562.1,2.8454,1400.0,18.0,0.4015,0.1580777777777778
V05,2026-08-06,8,641.53,7.3117,1400.0,18.0,0.45823571428571425,0.40620555555555554
V05,2026-08-07,9,1376.24,3.0418,1400.0,18.0,0.9830285714285715,0.16898888888888888
V05,2026-08-08,5,392.61,2.5588,1400.0,18.0,0.2804357142857143,0.14215555555555556
V05,2026-08-09,6,328.74,8.3168,1400.0,18.0,0.23481428571428573,0.4620444444444445
V05,2026-08-10,9,667.77,3.4619000000000004,1400.0,18.0,0.4769785714285714,0.1923277777777778
V05,2026-08-11,10,1473.72,8.632,1400.0,18.0,1.052657142857143,0.4795555555555555
V05,2026-08-12,14,446.27,3.7598,1400.0,18.0,0.3187642857142857,0.20887777777777777
V05,2026-08-13,12,424.73,7.0358,1400.0,18.0,0.30337857142857144,0.39087777777777777
V05,2026-08-14,8,635.62,2.2906999999999997,1400.0,18.0,0.4540142857142857,0.1272611111111111
V05,2026-08-15,10,1064.81,3.6247,1400.0,18.0,0.7605785714285714,0.2013722222222222
V05,2026-08-16,9,929.5,8.079799999999999,1400.0,18.0,0.6639285714285714,0.4488777777777777
V05,2026-08-17,2,48.19,0.5862,1400.0,18.0,0.03442142857142857,0.03256666666666667
V05,2026-08-18,5,398.71,1.5816000000000001,1400.0,18.0,0.2847928571428571,0.08786666666666668
V05,2026-08-19,3,200.85,1.7074,1400.0,18.0,0.1434642857142857,0.09485555555555555
V05,2026-08-20,8,1161.98,5.4379,1400.0,18.0,0.8299857142857143,0.30210555555555557
V05,2026-08-21,8,701.66,2.8434,1400.0,18.0,0.5011857142857142,0.15796666666666667
V05,2026-08-22,10,833.67,6.739,1400.0,18.0,0.5954785714285714,0.3743888888888889
V05,2026-08-23,8,418.57,9.022599999999999,1400.0,18.0,0.2989785714285714,0.5012555555555555
V05,2026-08-24,10,1017.71,2.681,1400.0,18.0,0.7269357142857144,0.14894444444444443
V05,2026-08-25,12,1071.1599999999999,6.0498,1400.0,18.0,0.7651142857142856,0.3361
V05,2026-08-26,8,868.09,3.4669,1400.0,18.0,0.6200642857142857,0.19260555555555556
V05,2026-08-27,5,3158.81,2.5564999999999998,1400.0,18.0,2.2562928571428573,0.14202777777777775
V05,2026-08-28,3,132.37,0.7254,1400.0,18.0,0.09455000000000001,0.0403
V05,2026-08-29,14,990.31,4.613300000000001,1400.0,18.0,0.7073642857142857,0.2562944444444445
V06,2026-06-01,8,396.90999999999997,3.9987,1400.0,18.0,0.28350714285714285,0.22215
V06,2026-06-02,7,3081.49,3.756,1400.0,18.0,2.2010642857142857,0.20866666666666667
V06,2026-06-03,10,861.64,9.386500000000002,1400.0,18.0,0.6154571428571428,0.5214722222222223
V06,2026-06-04,14,910.5,4.6437,1400.0,18.0,0.6503571428571429,0.25798333333333334
V06,2026-06-05,2,70.14,0.1841,1400.0,18.0,0.0501,0.010227777777777778
V06,2026-06-06,4,216.12999999999997,2.0202,1400.0,18.0,0.1543785714285714,0.11223333333333334
V06,2026-06-07,6,492.6,1.6657,1400.0,18.0,0.35185714285714287,0.09253888888888889
V06,2026-06-08,8,423.49,10.167300000000001,1400.0,18.0,0.3024928571428572,0.5648500000000001
V06,2026-06-09,12,858.47,7.9264,1400.0,18.0,0.6131928571428572,0.44035555555555556
V06,2026-06-10,4,189.11,1.0247,1400.0,18.0,0.13507857142857144,0.05692777777777777
V06,2026-06-11,8,915.15,6.2705,1400.0,18.0,0.6536785714285714,0.3483611111111111
V06,2026-06-12,13,1119.6200000000001,15.3523,1400.0,18.0,0.7997285714285716,0.8529055555555556
V06,2026-06-13,3,245.61,0.8806,1400.0,18.0,0.1754357142857143,0.04892222222222223
V06,2026-06-14,2,308.64,23.9426,1400.0,18.0,0.22045714285714285,1.3301444444444444
V06,2026-06-15,5,398.49,1.2476,1400.0,18.0,0.28463571428571427,0.06931111111111112
V06,2026-06-16,9,729.05,3.0161,1400.0,18.0,0.5207499999999999,0.1675611111111111
V06,2026-06-17,6,260.69,5.0104999999999995,1400.0,18.0,0.18620714285714285,0.27836111111111106
V06,2026-06-18,12,777.52,10.6036,1400.0,18.0,0.5553714285714285,0.5890888888888889
V06,2026-06-19,10,1060.68,6.0884,1400.0,18.0,0.7576285714285714,0.33824444444444446
V06,2026-06-20,5,304.73,1.1171,1400.0,18.0,0.21766428571428573,0.06206111111111111
V06,2026-06-21,13,685.75,8.5154,1400.0,18.0,0.4898214285714286,0.47307777777777776
V06,2026-06-22,8,607.5,2.1863,1400.0,18.0,0.43392857142857144,0.12146111111111112
V06,2026-06-23,7,1350.24,2.6835,1400.0,18.0,0.9644571428571429,0.14908333333333335
V06,2026-06-24,10,659.81,4.492,1400.0,18.0,0.4712928571428571,0.24955555555555556
V06,2026-06-25,13,490.26,10.6211,1400.0,18.0,0.35018571428571427,0.5900611111111111
V06,2026-06-26,7,180.88,2.5036,1400.0,18.0,0.1292,0.1390888888888889
V06,2026-06-27,6,557.09,8.0315,1400.0,18.0,0.3979214285714286,0.4461944444444444
V06,2026-06-28,11,873.8,8.3582,1400.0,18.0,0.6241428571428571,0.46434444444444445
V06,2026-06-29,9,192.26,5.3516,1400.0,18.0,0.1373285714285714,0.29731111111111114
V06,2026-06-30,7,1037.02,8.073699999999999,1400.0,18.0,0.7407285714285714,0.4485388888888888
V06,2026-07-01,6,981.53,3.0032,1400.0,18.0,0.7010928571428571,0.16684444444444446
V06,2026-07-02,4,136.52,2.0732,1400.0,18.0,0.09751428571428572,0.11517777777777777
V06,2026-07-03,8,716.7,3.1199000000000003,1400.0,18.0,0.5119285714285715,0.1733277777777778
V06,2026-07-04,8,369.28,4.6396,1400.0,18.0,0.26377142857142855,0.2577555555555555
V06,2026-07-05,11,1079.5,4.7226,1400.0,18.0,0.7710714285714285,0.26236666666666664
V06,2026-07-06,7,283.0,4.3871,1400.0,18.0,0.20214285714285715,0.2437277777777778
V06,2026-07-07,3,301.75,2.4634000000000005,1400.0,18.0,0.21553571428571427,0.1368555555555556
V06,2026-07-08,4,159.41000000000003,0.6002000000000001,1400.0,18.0,0.11386428571428574,0.03334444444444445
V06,2026-07-09,11,1261.8899999999999,7.723,1400.0,18.0,0.9013499999999999,0.4290555555555555
V06,2026-07-10,7,529.22,2.3224,1400.0,18.0,0.37801428571428575,0.12902222222222223
V06,2026-07-11,3,219.54,0.6636,1400.0,18.0,0.1568142857142857,0.036866666666666666
V06,2026-07-12,9,627.2,3.658,1400.0,18.0,0.448,0.20322222222222222
V06,2026-07-13,11,1332.43,5.4473,1400.0,18.0,0.9517357142857144,0.3026277777777778
V06,2026-07-14,11,349.81,6.3005,1400.0,18.0,0.2498642857142857,0.3500277777777778
V06,2026-07-15,11,1196.71,8.3861,1400.0,18.0,0.8547928571428571,0.4658944444444445
V06,2026-07-16,8,634.52,5.0356,1400.0,18.0,0.4532285714285714,0.27975555555555554
V06,2026-07-17,7,1808.34,2.9803,1400.0,18.0,1.2916714285714286,0.16557222222222223
V06,2026-07-18,12,507.73,8.4734,1400.0,18.0,0.3626642857142857,0.4707444444444444
V06,2026-07-19,7,535.45,1.9461,1400.0,18.0,0.38246428571428576,0.10811666666666667
V06,2026-07-20,8,456.28,3.9933,1400.0,18.0,0.3259142857142857,0.22185
V06,2026-07-21,7,473.88,8.1877,1400.0,18.0,0.3384857142857143,0.4548722222222222
V06,2026-07-22,4,187.12,2.132,1400.0,18.0,0.13365714285714286,0.11844444444444445
V06,2026-07-23,7,591.53,16.3023,1400.0,18.0,0.42252142857142855,0.9056833333333333
V06,2026-07-24,9,578.61,7.509400000000001,1400.0,18.0,0.41329285714285713,0.41718888888888894
V06,2026-07-25,9,485.11,11.039299999999999,1400.0,18.0,0.34650714285714285,0.6132944444444444
V06,2026-07-26,2,104.9,0.5673,1400.0,18.0,0.07492857142857143,0.031516666666666665
V06,2026-07-27,10,945.4100000000001,4.0712,1400.0,18.0,0.6752928571428573,0.22617777777777778
V06,2026-07-28,6,721.63,3.1344000000000003,1400.0,18.0,0.51545,0.17413333333333336
V06,2026-07-29,5,691.49,2.1550000000000002,1400.0,18.0,0.49392142857142857,0.11972222222222223
V06,2026-07-30,8,678.7,7.9927,1400.0,18.0,0.4847857142857143,0.44403888888888887
V06,2026-07-31,9,1159.25,4.6689,1400.0,18.0,0.8280357142857143,0.2593833333333333
V06,2026-08-01,8,905.61,2.7236,1400.0,18.0,0.6468642857142857,0.1513111111111111
V06,2026-08-02,6,275.34000000000003,1.5518999999999998,1400.0,18.0,0.19667142857142858,0.08621666666666666
V06,2026-08-03,8,274.33,4.792,1400.0,18.0,0.19594999999999999,0.2662222222222222
V06,2026-08-04,5,689.77,0.912,1400.0,18.0,0.49269285714285715,0.050666666666666665
V06,2026-08-05,6,179.47,1.3094,1400.0,18.0,0.12819285714285714,0.07274444444444444
V06,2026-08-06,9,622.58,4.9803999999999995,1400.0,18.0,0.44470000000000004,0.2766888888888889
V06,2026-08-07,6,506.32000000000005,1.74,1400.0,18.0,0.3616571428571429,0.09666666666666666
V06,2026-08-08,9,726.6300000000001,3.9729,1400.0,18.0,0.5190214285714286,0.22071666666666667
V06,2026-08-09,10,1026.36,7.0618,1400.0,18.0,0.7331142857142856,0.39232222222222224
V06,2026-08-10,11,2665.53,22.1538,1400.0,18.0,1.9039500000000003,1.2307666666666668
V06,2026-08-11,8,915.61,4.7791999999999994,1400.0,18.0,0.6540071428571429,0.2655111111111111
V06,2026-08-12,5,298.68,1.6164,1400.0,18.0,0.21334285714285714,0.0898
V06,2026-08-13,4,100.64,1.5581,1400.0,18.0,0.07188571428571429,0.08656111111111112
V06,2026-08-14,8,513.86,2.1983,1400.0,18.0,0.36704285714285717,0.12212777777777778
V06,2026-08-15,8,1025.76,5.0348,1400.0,18.0,0.7326857142857143,0.2797111111111111
V06,2026-08-16,5,380.12,5.0212,1400.0,18.0,0.2715142857142857,0.27895555555555557
V06,2026-08-17,2,92.22,0.2943,1400.0,18.0,0.06587142857142857,0.01635
V06,2026-08-18,12,903.61,6.1446000000000005,1400.0,18.0,0.6454357142857143,0.3413666666666667
V06,2026-08-19,7,1684.11,7.0546,1400.0,18.0,1.2029357142857142,0.3919222222222222
V06,2026-08-20,3,231.02,2.9711,1400.0,18.0,0.16501428571428572,0.1650611111111111
V06,2026-08-21,11,1503.63,9.485,1400.0,18.0,1.0740214285714287,0.5269444444444444
V06,2026-08-22,6,978.66,2.2833,1400.0,18.0,0.6990428571428571,0.12685000000000002
V06,2026-08-23,9,263.0,5.4842,1400.0,18.0,0.18785714285714286,0.3046777777777778
V06,2026-08-24,7,240.5,2.2673,1400.0,18.0,0.1717857142857143,0.1259611111111111
V06,2026-08-25,6,1456.59,2.2712,1400.0,18.0,1.0404214285714286,0.12617777777777778
V06,2026-08-26,8,1048.41,4.6017,1400.0,18.0,0.7488642857142858,0.25565
V06,2026-08-27,6,229.57,4.7514,1400.0,18.0,0.16397857142857142,0.2639666666666667
V06,2026-08-28,4,103.07000000000001,0.9539000000000001,1400.0,18.0,0.07362142857142857,0.05299444444444445
V06,2026-08-29,10,680.74,7.4007,1400.0,18.0,0.48624285714285714,0.41114999999999996
V07,2026-06-01,11,531.6700000000001,6.0152,1400.0,18.0,0.3797642857142858,0.3341777777777778
V07,2026-06-02,5,762.0200000000001,3.2605,1400.0,18.0,0.5443000000000001,0.18113888888888888
V07,2026-06-03,6,364.90000000000003,5.730300000000001,1400.0,18.0,0.2606428571428572,0.31835
V07,2026-06-04,10,1310.84,18.881,1400.0,18.0,0.9363142857142857,1.0489444444444445
V07,2026-06-05,6,1120.17,0.7659,1400.0,18.0,0.8001214285714287,0.042550000000000004
V07,2026-06-06,11,836.52,5.802,1400.0,18.0,0.5975142857142857,0.3223333333333333
V07,2026-06-07,11,687.43,5.9551,1400.0,18.0,0.49102142857142855,0.3308388888888889
V07,2026-06-08,10,896.27,5.8799,1400.0,18.0,0.6401928571428571,0.3266611111111111
V07,2026-06-09,5,225.08999999999997,12.762500000000001,1400.0,18.0,0.1607785714285714,0.7090277777777778
V07,2026-06-10,3,534.22,1.8168,1400.0,18.0,0.3815857142857143,0.10093333333333333
V07,2026-06-11,7,1173.5900000000001,2.8241,1400.0,18.0,0.8382785714285715,0.15689444444444445
V07,2026-06-12,7,448.77000000000004,2.6227,1400.0,18.0,0.32055,0.14570555555555556
V07,2026-06-13,7,495.87,2.4541,1400.0,18.0,0.35419285714285714,0.1363388888888889
V07,2026-06-14,7,1227.24,6.3663,1400.0,18.0,0.8766,0.35368333333333335
V07,2026-06-15,8,768.52,8.627699999999999,1400.0,18.0,0.5489428571428572,0.4793166666666666
V07,2026-06-16,11,1228.34,13.3558,1400.0,18.0,0.8773857142857142,0.7419888888888889
V07,2026-06-17,7,647.06,3.2446,1400.0,18.0,0.46218571428571426,0.18025555555555556
V07,2026-06-18,9,768.65,6.3098,1400.0,18.0,0.5490357142857143,0.35054444444444444
V07,2026-06-19,5,800.0,2.893,1400.0,18.0,0.5714285714285714,0.1607222222222222
V07,2026-06-20,6,395.36,1.2452,1400.0,18.0,0.2824,0.06917777777777778
V07,2026-06-21,8,600.3,2.5192,1400.0,18.0,0.42878571428571427,0.13995555555555556
V07,2026-06-22,11,1588.34,10.730799999999999,1400.0,18.0,1.1345285714285713,0.5961555555555554
V07,2026-06-23,9,221.96,4.2277000000000005,1400.0,18.0,0.15854285714285715,0.23487222222222226
V07,2026-06-24,10,715.1,8.0091,1400.0,18.0,0.5107857142857143,0.44495
V07,2026-06-25,3,747.3100000000001,0.37060000000000004,1400.0,18.0,0.5337928571428572,0.020588888888888893
V07,2026-06-26,6,340.99,1.0754000000000001,1400.0,18.0,0.24356428571428573,0.059744444444444454
V07,2026-06-27,7,565.8,5.0221,1400.0,18.0,0.40414285714285714,0.27900555555555556
V07,2026-06-28,7,1880.95,3.7077,1400.0,18.0,1.3435357142857143,0.20598333333333332
V07,2026-06-29,8,2343.9700000000003,8.8586,1400.0,18.0,1.674264285714286,0.4921444444444444
V07,2026-06-30,8,468.99,6.0040000000000004,1400.0,18.0,0.33499285714285715,0.3335555555555556
V07,2026-07-01,4,432.19000000000005,1.4934,1400.0,18.0,0.3087071428571429,0.08296666666666667
V07,2026-07-02,6,1218.6599999999999,4.0639,1400.0,18.0,0.8704714285714285,0.22577222222222224
V07,2026-07-03,11,668.52,7.845400000000001,1400.0,18.0,0.4775142857142857,0.4358555555555556
V07,2026-07-04,6,236.04999999999998,3.0951,1400.0,18.0,0.16860714285714284,0.17195
V07,2026-07-05,8,576.7,1.7551999999999999,1400.0,18.0,0.4119285714285715,0.0975111111111111
V07,2026-07-06,9,420.64,4.7263,1400.0,18.0,0.30045714285714287,0.2625722222222222
V07,2026-07-07,4,72.63,1.2274,1400.0,18.0,0.05187857142857143,0.0681888888888889
V07,2026-07-08,3,40.56,0.8701,1400.0,18.0,0.02897142857142857,0.04833888888888889
V07,2026-07-09,9,3722.1400000000003,3.9656,1400.0,18.0,2.658671428571429,0.2203111111111111
V07,2026-07-10,9,555.3199999999999,6.3814,1400.0,18.0,0.3966571428571428,0.35452222222222224
V07,2026-07-11,4,204.76000000000002,2.0465999999999998,1400.0,18.0,0.14625714285714286,0.11369999999999998
V07,2026-07-12,6,439.33000000000004,1.1958,1400.0,18.0,0.3138071428571429,0.06643333333333333
V07,2026-07-13,7,563.44,3.1871,1400.0,18.0,0.4024571428571429,0.1770611111111111
V07,2026-07-14,9,3788.6699999999996,7.0655,1400.0,18.0,2.706192857142857,0.3925277777777778
V07,2026-07-15,10,1434.83,4.2387999999999995,1400.0,18.0,1.0248785714285713,0.23548888888888886
V07,2026-07-16,6,446.17,1.3573,1400.0,18.0,0.31869285714285717,0.07540555555555556
V07,2026-07-17,12,691.54,4.7647,1400.0,18.0,0.4939571428571428,0.2647055555555556
V07,2026-07-18,7,972.12,1.2274,1400.0,18.0,0.6943714285714285,0.0681888888888889
V07,2026-07-19,6,410.09000000000003,2.1911,1400.0,18.0,0.2929214285714286,0.12172777777777778
V07,2026-07-20,9,964.48,11.2065,1400.0,18.0,0.6889142857142857,0.6225833333333334
V07,2026-07-21,11,412.7,5.9385,1400.0,18.0,0.29478571428571426,0.3299166666666667
V07,2026-07-22,1,3.79,0.2698,1400.0,18.0,0.002707142857142857,0.014988888888888888
V07,2026-07-23,7,706.66,5.1909,1400.0,18.0,0.5047571428571428,0.2883833333333333
V07,2026-07-24,9,1213.97,11.5808,1400.0,18.0,0.8671214285714286,0.6433777777777778
V07,2026-07-25,6,298.5,0.9538,1400.0,18.0,0.21321428571428572,0.05298888888888889
V07,2026-07-26,12,2951.44,3.9888,1400.0,18.0,2.1081714285714286,0.2216
V07,2026-07-27,8,710.41,3.6844,1400.0,18.0,0.5074357142857142,0.2046888888888889
V07,2026-07-28,8,439.47,5.4451,1400.0,18.0,0.3139071428571429,0.3025055555555556
V07,2026-07-29,9,1163.37,3.0677,1400.0,18.0,0.8309785714285713,0.17042777777777776
V07,2026-07-30,11,509.55,8.1755,1400.0,18.0,0.36396428571428574,0.4541944444444444
V07,2026-07-31,8,897.22,3.0025,1400.0,18.0,0.6408714285714285,0.16680555555555554
V07,2026-08-01,16,2193.51,15.512400000000001,1400.0,18.0,1.5667928571428573,0.8618000000000001
V07,2026-08-02,6,1265.12,0.6862,1400.0,18.0,0.9036571428571428,0.038122222222222224
V07,2026-08-03,7,255.03,1.87,1400.0,18.0,0.18216428571428572,0.10388888888888889
V07,2026-08-04,3,162.99,1.6149,1400.0,18.0,0.11642142857142858,0.08971666666666667
V07,2026-08-05,8,851.4399999999999,2.7554,1400.0,18.0,0.6081714285714285,0.15307777777777776
V07,2026-08-06,7,389.42999999999995,1.4774,1400.0,18.0,0.2781642857142857,0.08207777777777778
V07,2026-08-07,8,569.64,6.6049,1400.0,18.0,0.4068857142857143,0.36693888888888887
V07,2026-08-08,8,392.62,11.028,1400.0,18.0,0.28044285714285716,0.6126666666666667
V07,2026-08-09,7,832.68,2.0161,1400.0,18.0,0.5947714285714285,0.11200555555555554
V07,2026-08-10,7,326.26,2.1187,1400.0,18.0,0.23304285714285713,0.11770555555555556
V07,2026-08-11,3,228.47,0.9571000000000001,1400.0,18.0,0.16319285714285714,0.053172222222222225
V07,2026-08-12,8,809.05,1.3092000000000001,1400.0,18.0,0.5778928571428571,0.07273333333333334
V07,2026-08-13,6,1289.7600000000002,4.8900999999999994,1400.0,18.0,0.921257142857143,0.2716722222222222
V07,2026-08-14,8,985.1,2.7662,1400.0,18.0,0.7036428571428571,0.15367777777777777
V07,2026-08-15,8,1005.62,2.9,1400.0,18.0,0.7183,0.1611111111111111
V07,2026-08-16,5,162.56,2.699,1400.0,18.0,0.11611428571428571,0.14994444444444444
V07,2026-08-17,2,204.88,0.1776,1400.0,18.0,0.14634285714285714,0.009866666666666668
V07,2026-08-18,12,863.9200000000001,10.6803,1400.0,18.0,0.6170857142857143,0.59335
V07,2026-08-19,10,819.03,3.0064,1400.0,18.0,0.5850214285714286,0.16702222222222224
V07,2026-08-20,8,1648.97,5.2812,1400.0,18.0,1.1778357142857143,0.2934
V07,2026-08-21,9,563.88,12.191299999999998,1400.0,18.0,0.40277142857142856,0.6772944444444443
V07,2026-08-22,9,263.41,6.5797,1400.0,18.0,0.18815,0.36553888888888886
V07,2026-08-23,4,188.55,1.0659,1400.0,18.0,0.13467857142857143,0.05921666666666667
V07,2026-08-24,8,678.82,3.9208,1400.0,18.0,0.4848714285714286,0.21782222222222222
V07,2026-08-25,5,427.09999999999997,2.9717,1400.0,18.0,0.30507142857142855,0.16509444444444443
V07,2026-08-26,8,531.1800000000001,2.6994,1400.0,18.0,0.37941428571428576,0.14996666666666666
V07,2026-08-27,4,715.46,0.9936,1400.0,18.0,0.5110428571428571,0.0552
V07,2026-08-28,5,806.66,4.39,1400.0,18.0,0.5761857142857143,0.24388888888888888
V07,2026-08-29,6,466.23,3.0309,1400.0,18.0,0.3330214285714286,0.16838333333333333
V08,2026-06-01,9,861.3,4.3232,1400.0,18.0,0.6152142857142857,0.24017777777777777
V08,2026-06-02,9,1202.2199999999998,6.2283,1400.0,18.0,0.8587285714285713,0.34601666666666664
V08,2026-06-03,7,933.51,9.9134,1400.0,18.0,0.6667928571428572,0.5507444444444444
V08,2026-06-04,11,686.23,7.5759,1400.0,18.0,0.4901642857142857,0.42088333333333333
V08,2026-06-05,10,519.6899999999999,5.1682,1400.0,18.0,0.3712071428571428,0.2871222222222222
V08,2026-06-06,7,533.39,1.8443,1400.0,18.0,0.38099285714285713,0.10246111111111111
V08,2026-06-07,6,220.26,3.3179,1400.0,18.0,0.15732857142857143,0.18432777777777776
V08,2026-06-08,6,791.5,3.3949,1400.0,18.0,0.5653571428571429,0.18860555555555555
V08,2026-06-09,6,157.95,3.7809,1400.0,18.0,0.11282142857142856,0.21005
V08,2026-06-10,4,90.23,1.1822,1400.0,18.0,0.06445000000000001,0.06567777777777778
V08,2026-06-11,8,1296.47,9.2585,1400.0,18.0,0.92605,0.514361111111111
V08,2026-06-12,6,486.56,4.4516,1400.0,18.0,0.34754285714285715,0.24731111111111112
V08,2026-06-13,11,1561.56,4.7963,1400.0,18.0,1.1154,0.2664611111111111
V08,2026-06-14,4,212.61,2.8095,1400.0,18.0,0.15186428571428573,0.15608333333333332
V08,2026-06-15,6,285.95,4.803,1400.0,18.0,0.20425,0.2668333333333333
V08,2026-06-16,7,827.12,2.7103,1400.0,18.0,0.5908,0.15057222222222222
V08,2026-06-17,4,92.94,1.1421000000000001,1400.0,18.0,0.06638571428571428,0.06345
V08,2026-06-18,7,347.05,3.228,1400.0,18.0,0.24789285714285716,0.17933333333333334
V08,2026-06-19,10,546.96,3.4995,1400.0,18.0,0.3906857142857143,0.19441666666666665
V08,2026-06-20,3,84.38,1.5263,1400.0,18.0,0.060271428571428566,0.08479444444444445
V08,2026-06-21,7,181.72,2.4711,1400.0,18.0,0.1298,0.1372833333333333
V08,2026-06-22,8,594.73,4.4024,1400.0,18.0,0.4248071428571429,0.24457777777777778
V08,2026-06-23,4,370.98,2.4141999999999997,1400.0,18.0,0.2649857142857143,0.1341222222222222
V08,2026-06-24,8,917.47,6.7822,1400.0,18.0,0.6553357142857144,0.37678888888888884
V08,2026-06-25,4,410.94,3.3754,1400.0,18.0,0.2935285714285714,0.18752222222222223
V08,2026-06-26,7,329.9,5.866199999999999,1400.0,18.0,0.23564285714285713,0.32589999999999997
V08,2026-06-27,9,676.4,12.424,1400.0,18.0,0.48314285714285715,0.6902222222222222
V08,2026-06-28,3,364.37,0.45640000000000003,1400.0,18.0,0.2602642857142857,0.025355555555555558
V08,2026-06-29,4,224.37,0.628,1400.0,18.0,0.16026428571428572,0.034888888888888886
V08,2026-06-30,8,365.25,5.4341,1400.0,18.0,0.26089285714285715,0.30189444444444447
V08,2026-07-01,6,548.4300000000001,2.0401,1400.0,18.0,0.39173571428571435,0.11333888888888888
V08,2026-07-02,8,667.51,13.6594,1400.0,18.0,0.47679285714285713,0.7588555555555555
V08,2026-07-03,5,199.10999999999999,4.3936,1400.0,18.0,0.14222142857142855,0.2440888888888889
V08,2026-07-04,3,1196.15,0.6485,1400.0,18.0,0.8543928571428572,0.03602777777777778
V08,2026-07-05,5,296.51,3.4323,1400.0,18.0,0.21179285714285714,0.19068333333333334
V08,2026-07-06,7,328.40999999999997,3.1946999999999997,1400.0,18.0,0.23457857142857141,0.17748333333333333
V08,2026-07-07,7,456.75,11.362300000000001,1400.0,18.0,0.32625,0.6312388888888889
V08,2026-07-08,6,976.43,1.5953,1400.0,18.0,0.69745,0.08862777777777778
V08,2026-07-09,5,143.44,19.1452,1400.0,18.0,0.10245714285714286,1.0636222222222222
V08,2026-07-10,7,1771.45,14.2405,1400.0,18.0,1.2653214285714287,0.791138888888889
V08,2026-07-11,8,3414.0,5.334,1400.0,18.0,2.4385714285714286,0.29633333333333334
V08,2026-07-12,5,248.66000000000003,4.4169,1400.0,18.0,0.17761428571428572,0.24538333333333334
V08,2026-07-13,7,112.12,1.3966,1400.0,18.0,0.08008571428571429,0.07758888888888889
V08,2026-07-14,8,919.22,2.9616,1400.0,18.0,0.6565857142857143,0.1645333333333333
V08,2026-07-15,8,311.53,3.2569,1400.0,18.0,0.22252142857142856,0.18093888888888887
V08,2026-07-16,9,3394.2400000000002,15.0516,1400.0,18.0,2.424457142857143,0.8362
V08,2026-07-17,4,442.96,1.0122,1400.0,18.0,0.31639999999999996,0.05623333333333333
V08,2026-07-18,4,590.98,3.2895,1400.0,18.0,0.42212857142857146,0.18275
V08,2026-07-19,10,1671.62,6.1564,1400.0,18.0,1.1940142857142857,0.3420222222222222
V08,2026-07-20,7,363.97999999999996,1.3364,1400.0,18.0,0.25998571428571426,0.07424444444444445
V08,2026-07-21,5,259.47999999999996,3.7072000000000003,1400.0,18.0,0.18534285714285711,0.20595555555555556
V08,2026-07-22,7,129.89000000000001,3.4017,1400.0,18.0,0.09277857142857143,0.18898333333333334
V08,2026-07-23,7,680.99,8.9556,1400.0,18.0,0.48642142857142856,0.4975333333333334
V08,2026-07-24,6,415.07000000000005,7.9184,1400.0,18.0,0.2964785714285715,0.43991111111111114
V08,2026-07-25,9,1373.28,1.5832000000000002,1400.0,18.0,0.9809142857142857,0.08795555555555556
V08,2026-07-26,6,274.4,7.0961,1400.0,18.0,0.19599999999999998,0.3942277777777778
V08,2026-07-27,10,378.76,3.5417,1400.0,18.0,0.27054285714285714,0.1967611111111111
V08,2026-07-28,6,352.51,10.2599,1400.0,18.0,0.25179285714285715,0.5699944444444445
V08,2026-07-29,2,353.39,1.0383,1400.0,18.0,0.2524214285714286,0.057683333333333336
V08,2026-07-30,5,525.9200000000001,1.5059,1400.0,18.0,0.3756571428571429,0.08366111111111112
V08,2026-07-31,4,615.22,1.0412,1400.0,18.0,0.43944285714285714,0.05784444444444444
V08,2026-08-01,11,687.5600000000001,4.3591999999999995,1400.0,18.0,0.4911142857142858,0.24217777777777774
V08,2026-08-02,10,308.82,1.8936,1400.0,18.0,0.22058571428571427,0.1052
V08,2026-08-03,7,440.93,7.8099,1400.0,18.0,0.31495,0.43388333333333334
V08,2026-08-04,4,326.97,2.1538000000000004,1400.0,18.0,0.23355,0.11965555555555557
V08,2026-08-05,7,361.55,3.5962,1400.0,18.0,0.25825000000000004,0.1997888888888889
V08,2026-08-06,4,258.17,2.2896,1400.0,18.0,0.18440714285714288,0.1272
V08,2026-08-07,8,1593.04,0.9299,1400.0,18.0,1.1378857142857142,0.05166111111111111
V08,2026-08-08,5,454.19,1.5609,1400.0,18.0,0.3244214285714286,0.08671666666666666
V08,2026-08-09,4,258.42,2.5179,1400.0,18.0,0.1845857142857143,0.13988333333333333
V08,2026-08-10,12,524.3399999999999,5.9135,1400.0,18.0,0.3745285714285714,0.32852777777777775
V08,2026-08-11,3,313.8,0.37839999999999996,1400.0,18.0,0.22414285714285714,0.02102222222222222
V08,2026-08-12,4,98.03,0.3387,1400.0,18.0,0.07002142857142857,0.018816666666666666
V08,2026-08-13,11,701.88,12.4327,1400.0,18.0,0.5013428571428571,0.6907055555555556
V08,2026-08-14,6,515.28,1.5899,1400.0,18.0,0.36805714285714286,0.08832777777777778
V08,2026-08-15,9,4739.03,7.4727,1400.0,18.0,3.385021428571428,0.41514999999999996
V08,2026-08-16,9,612.41,20.4593,1400.0,18.0,0.43743571428571426,1.1366277777777778
V08,2026-08-17,7,622.83,2.1513,1400.0,18.0,0.44487857142857146,0.11951666666666666
V08,2026-08-18,4,190.04,2.0047,1400.0,18.0,0.13574285714285714,0.11137222222222223
V08,2026-08-19,7,239.42999999999998,3.139,1400.0,18.0,0.17102142857142855,0.17438888888888887
V08,2026-08-20,3,184.12,1.4679,1400.0,18.0,0.13151428571428572,0.08155
V08,2026-08-21,13,585.8100000000001,4.3462000000000005,1400.0,18.0,0.41843571428571436,0.2414555555555556
V08,2026-08-22,4,428.01,1.0239,1400.0,18.0,0.3057214285714286,0.056883333333333334
V08,2026-08-23,8,466.99,7.2994,1400.0,18.0,0.3335642857142857,0.40552222222222223
V08,2026-08-24,10,546.38,4.0068,1400.0,18.0,0.39027142857142855,0.22260000000000002
V08,2026-08-25,11,571.61,5.8038,1400.0,18.0,0.4082928571428572,0.32243333333333335
V08,2026-08-26,7,734.43,9.538499999999999,1400.0,18.0,0.5245928571428571,0.5299166666666666
V08,2026-08-27,12,686.85,3.7381,1400.0,18.0,0.49060714285714285,0.20767222222222223
V08,2026-08-28,8,993.04,2.9913,1400.0,18.0,0.7093142857142857,0.16618333333333332
V08,2026-08-29,7,354.37,2.0094,1400.0,18.0,0.25312142857142855,0.11163333333333332
V09,2026-06-01,8,1567.01,2.8289,1400.0,18.0,1.119292857142857,0.1571611111111111
V09,2026-06-02,5,265.75,1.6101,1400.0,18.0,0.18982142857142856,0.08945
V09,2026-06-03,10,208.12,6.8662,1400.0,18.0,0.14865714285714285,0.38145555555555555
V09,2026-06-04,7,268.47,3.4759,1400.0,18.0,0.19176428571428572,0.19310555555555556
V09,2026-06-05,11,1068.84,6.9122,1400.0,18.0,0.7634571428571428,0.38401111111111114
V09,2026-06-06,5,250.25,12.3577,1400.0,18.0,0.17875,0.6865388888888888
V09,2026-06-07,15,1969.3000000000002,5.9173,1400.0,18.0,1.4066428571428573,0.3287388888888889
V09,2026-06-08,3,165.82,0.4264,1400.0,18.0,0.11844285714285714,0.023688888888888888
V09,2026-06-09,4,168.52,1.0449,1400.0,18.0,0.12037142857142857,0.05805
V09,2026-06-10,4,436.90999999999997,1.3548,1400.0,18.0,0.3120785714285714,0.07526666666666666
V09,2026-06-11,8,699.13,7.0384,1400.0,18.0,0.49937857142857145,0.3910222222222222
V09,2026-06-12,10,1312.18,5.9918000000000005,1400.0,18.0,0.9372714285714286,0.33287777777777783
V09,2026-06-13,4,146.19,1.7856,1400.0,18.0,0.10442142857142857,0.09920000000000001
V09,2026-06-14,8,1449.04,6.4363,1400.0,18.0,1.0350285714285714,0.35757222222222224
V09,2026-06-15,5,534.44,1.0577,1400.0,18.0,0.38174285714285716,0.05876111111111112
V09,2026-06-16,5,289.63,1.8256,1400.0,18.0,0.2068785714285714,0.10142222222222222
V09,2026-06-17,5,423.87,1.693,1400.0,18.0,0.3027642857142857,0.09405555555555556
V09,2026-06-18,5,181.54999999999998,2.6803,1400.0,18.0,0.12967857142857142,0.14890555555555554
V09,2026-06-19,11,274.32,5.7218,1400.0,18.0,0.19594285714285714,0.31787777777777776
V09,2026-06-20,5,1564.18,4.5564,1400.0,18.0,1.1172714285714287,0.2531333333333333
V09,2026-06-21,10,479.44,5.8666,1400.0,18.0,0.34245714285714285,0.3259222222222222
V09,2026-06-22,8,3430.85,3.9583,1400.0,18.0,2.4506071428571428,0.21990555555555555
V09,2026-06-23,6,831.45,2.5305,1400.0,18.0,0.5938928571428572,0.14058333333333334
V09,2026-06-24,2,27.44,0.3759,1400.0,18.0,0.0196,0.020883333333333334
V09,2026-06-25,10,1162.84,4.7473,1400.0,18.0,0.8305999999999999,0.2637388888888889
V09,2026-06-26,8,666.1800000000001,7.318300000000001,1400.0,18.0,0.4758428571428572,0.4065722222222223
V09,2026-06-27,3,71.45,1.3488,1400.0,18.0,0.05103571428571429,0.07493333333333334
V09,2026-06-28,3,54.04,0.7933,1400.0,18.0,0.0386,0.04407222222222222
V09,2026-06-29,2,99.89,0.5733,1400.0,18.0,0.07135,0.03185
V09,2026-06-30,7,128.4,3.3891,1400.0,18.0,0.09171428571428572,0.18828333333333333
V09,2026-07-01,2,310.82,0.49929999999999997,1400.0,18.0,0.22201428571428572,0.027738888888888886
V09,2026-07-02,6,308.47,5.4496,1400.0,18.0,0.2203357142857143,0.30275555555555556
V09,2026-07-03,5,154.9,1.3167,1400.0,18.0,0.11064285714285714,0.07314999999999999
V09,2026-07-04,9,1179.26,4.9101,1400.0,18.0,0.8423285714285714,0.2727833333333333
V09,2026-07-05,6,392.44,1.5836999999999999,1400.0,18.0,0.28031428571428574,0.08798333333333333
V09,2026-07-06,4,154.26,1.595,1400.0,18.0,0.11018571428571428,0.08861111111111111
V09,2026-07-07,8,306.74,3.7643,1400.0,18.0,0.21910000000000002,0.20912777777777777
V09,2026-07-08,6,168.43,2.4644,1400.0,18.0,0.12030714285714286,0.1369111111111111
V09,2026-07-09,5,324.7,1.8538,1400.0,18.0,0.23192857142857143,0.10298888888888888
V09,2026-07-10,4,199.82,2.3401,1400.0,18.0,0.14272857142857143,0.13000555555555557
V09,2026-07-11,7,239.33,5.3532,1400.0,18.0,0.17095000000000002,0.2974
V09,2026-07-12,3,530.9100000000001,4.342,1400.0,18.0,0.37922142857142865,0.2412222222222222
V09,2026-07-13,7,586.09,3.0983,1400.0,18.0,0.41863571428571433,0.17212777777777777
V09,2026-07-14,6,353.52,2.1189,1400.0,18.0,0.2525142857142857,0.11771666666666666
V09,2026-07-15,6,720.2,2.1987,1400.0,18.0,0.5144285714285715,0.12215000000000001
V09,2026-07-16,8,369.36,13.924900000000001,1400.0,18.0,0.2638285714285714,0.7736055555555557
V09,2026-07-17,2,312.03,0.9621999999999999,1400.0,18.0,0.2228785714285714,0.053455555555555555
V09,2026-07-18,9,541.36,5.5328,1400.0,18.0,0.3866857142857143,0.30737777777777775
V09,2026-07-19,6,662.13,2.4999000000000002,1400.0,18.0,0.47295,0.13888333333333336
V09,2026-07-20,6,428.15000000000003,1.5683,1400.0,18.0,0.3058214285714286,0.08712777777777778
V09,2026-07-21,5,394.25,7.637700000000001,1400.0,18.0,0.28160714285714283,0.4243166666666667
V09,2026-07-22,7,1272.52,4.5412,1400.0,18.0,0.9089428571428572,0.2522888888888889
V09,2026-07-23,11,1372.96,10.3353,1400.0,18.0,0.9806857142857143,0.5741833333333334
V09,2026-07-24,6,238.08999999999997,2.6947,1400.0,18.0,0.1700642857142857,0.14970555555555556
V09,2026-07-25,4,335.42,2.6907,1400.0,18.0,0.2395857142857143,0.14948333333333333
V09,2026-07-26,5,216.26,3.6926,1400.0,18.0,0.15447142857142857,0.20514444444444446
V09,2026-07-27,7,418.70000000000005,4.1108,1400.0,18.0,0.2990714285714286,0.2283777777777778
V09,2026-07-28,4,598.29,2.0362,1400.0,18.0,0.42734999999999995,0.11312222222222222
V09,2026-07-29,7,1620.43,9.3346,1400.0,18.0,1.15745,0.5185888888888889
V09,2026-07-30,5,433.84000000000003,2.4123,1400.0,18.0,0.3098857142857143,0.13401666666666667
V09,2026-07-31,7,275.09000000000003,5.1396,1400.0,18.0,0.19649285714285716,0.2855333333333333
V09,2026-08-01,11,510.51,9.9372,1400.0,18.0,0.36465,0.5520666666666667
V09,2026-08-02,11,2649.05,4.1356,1400.0,18.0,1.8921785714285715,0.22975555555555557
V09,2026-08-03,10,1014.8,5.0932,1400.0,18.0,0.7248571428571429,0.28295555555555557
V09,2026-08-04,10,636.06,6.8857,1400.0,18.0,0.4543285714285714,0.3825388888888889
V09,2026-08-05,5,514.71,2.1329,1400.0,18.0,0.36765000000000003,0.11849444444444443
V09,2026-08-06,6,784.72,1.637,1400.0,18.0,0.5605142857142857,0.09094444444444444
V09,2026-08-07,7,1272.62,4.4895,1400.0,18.0,0.9090142857142857,0.24941666666666665
V09,2026-08-08,9,801.9300000000001,2.778,1400.0,18.0,0.5728071428571428,0.15433333333333332
V09,2026-08-09,6,363.62,1.7527,1400.0,18.0,0.2597285714285714,0.09737222222222222
V09,2026-08-10,6,1036.23,7.5543,1400.0,18.0,0.7401642857142857,0.4196833333333333
V09,2026-08-11,5,728.85,1.2164,1400.0,18.0,0.5206071428571428,0.06757777777777778
V09,2026-08-12,5,176.25,1.4614,1400.0,18.0,0.12589285714285714,0.0811888888888889
V09,2026-08-13,14,933.46,7.5796,1400.0,18.0,0.6667571428571429,0.4210888888888889
V09,2026-08-14,2,95.41,1.1681000000000001,1400.0,18.0,0.06815,0.06489444444444445
V09,2026-08-15,5,356.64,1.4022000000000001,1400.0,18.0,0.25474285714285716,0.07790000000000001
V09,2026-08-16,11,891.69,5.3162,1400.0,18.0,0.6369214285714286,0.29534444444444446
V09,2026-08-17,2,687.58,2.0085,1400.0,18.0,0.49112857142857147,0.11158333333333334
V09,2026-08-18,9,733.53,8.1083,1400.0,18.0,0.52395,0.4504611111111111
V09,2026-08-19,5,285.55,1.5332000000000001,1400.0,18.0,0.2039642857142857,0.08517777777777778
V09,2026-08-20,8,209.98000000000002,4.9693,1400.0,18.0,0.1499857142857143,0.2760722222222222
V09,2026-08-21,12,998.8299999999999,15.7421,1400.0,18.0,0.7134499999999999,0.8745611111111111
V09,2026-08-22,8,578.75,10.3865,1400.0,18.0,0.4133928571428571,0.5770277777777778
V09,2026-08-23,9,1414.91,5.3881,1400.0,18.0,1.01065,0.2993388888888889
V09,2026-08-24,7,1115.63,2.9457,1400.0,18.0,0.7968785714285715,0.16365
V09,2026-08-25,9,876.58,7.5898,1400.0,18.0,0.6261285714285715,0.42165555555555556
V09,2026-08-26,2,70.21000000000001,0.718,1400.0,18.0,0.05015000000000001,0.03988888888888889
V09,2026-08-27,6,2084.81,4.2372,1400.0,18.0,1.48915,0.23539999999999997
V09,2026-08-28,7,421.84999999999997,3.553,1400.0,18.0,0.3013214285714286,0.1973888888888889
V09,2026-08-29,7,456.16,3.8019,1400.0,18.0,0.32582857142857147,0.21121666666666666
V10,2026-06-01,6,532.87,4.4779,1400.0,18.0,0.38062142857142856,0.24877222222222223
V10,2026-06-02,6,496.6700000000001,1.5311,1400.0,18.0,0.35476428571428575,0.0850611111111111
V10,2026-06-03,8,492.03000000000003,4.9775,1400.0,18.0,0.35145000000000004,0.27652777777777776
V10,2026-06-04,3,328.15,1.912,1400.0,18.0,0.23439285714285713,0.10622222222222222
V10,2026-06-05,4,353.6,2.1221,1400.0,18.0,0.2525714285714286,0.11789444444444445
V10,2026-06-06,6,1011.7,1.8384,1400.0,18.0,0.7226428571428571,0.10213333333333334
V10,2026-06-07,11,920.0699999999999,6.7439,1400.0,18.0,0.6571928571428571,0.3746611111111111
V10,2026-06-08,6,653.78,29.3789,1400.0,18.0,0.4669857142857143,1.6321611111111112
V10,2026-06-09,10,2187.36,8.1433,1400.0,18.0,1.5624,0.45240555555555556
V10,2026-06-10,6,160.10000000000002,2.6585,1400.0,18.0,0.11435714285714288,0.14769444444444446
V10,2026-06-11,8,3493.8500000000004,5.5862,1400.0,18.0,2.495607142857143,0.3103444444444444
V10,2026-06-12,4,217.26,1.3026,1400.0,18.0,0.1551857142857143,0.07236666666666666
V10,2026-06-13,4,536.16,0.48269999999999996,1400.0,18.0,0.3829714285714286,0.026816666666666666
V10,2026-06-14,3,136.54,1.5344,1400.0,18.0,0.09752857142857142,0.08524444444444444
V10,2026-06-15,7,328.5,10.9944,1400.0,18.0,0.23464285714285715,0.6108
V10,2026-06-16,4,78.23,5.2056000000000004,1400.0,18.0,0.05587857142857143,0.2892
V10,2026-06-17,6,2133.49,5.3016000000000005,1400.0,18.0,1.5239214285714284,0.29453333333333337
V10,2026-06-18,4,57.18,2.4015,1400.0,18.0,0.040842857142857146,0.13341666666666666
V10,2026-06-19,5,71.55,1.1227,1400.0,18.0,0.05110714285714286,0.062372222222222225
V10,2026-06-20,5,770.2099999999999,7.3676,1400.0,18.0,0.5501499999999999,0.4093111111111111
V10,2026-06-21,7,450.5,7.1966,1400.0,18.0,0.3217857142857143,0.3998111111111111
V10,2026-06-22,8,930.09,16.5987,1400.0,18.0,0.66435,0.92215
V10,2026-06-23,9,452.94,3.2784999999999997,1400.0,18.0,0.32352857142857144,0.18213888888888888
V10,2026-06-24,6,1528.7,2.3933,1400.0,18.0,1.0919285714285714,0.1329611111111111
V10,2026-06-25,3,706.99,1.3014000000000001,1400.0,18.0,0.5049928571428571,0.0723
V10,2026-06-26,7,515.4399999999999,4.6042,1400.0,18.0,0.36817142857142854,0.25578888888888884
V10,2026-06-27,5,133.58,4.3712,1400.0,18.0,0.09541428571428573,0.24284444444444445
V10,2026-06-28,11,1703.9,3.7074000000000003,1400.0,18.0,1.2170714285714286,0.2059666666666667
V10,2026-06-29,7,578.76,1.2007,1400.0,18.0,0.4134,0.06670555555555556
V10,2026-06-30,8,295.54,7.4841999999999995,1400.0,18.0,0.2111,0.4157888888888889
V10,2026-07-01,4,254.53,2.0821,1400.0,18.0,0.18180714285714286,0.11567222222222223
V10,2026-07-02,7,1620.1799999999998,9.893199999999998,1400.0,18.0,1.1572714285714285,0.5496222222222221
V10,2026-07-03,4,2538.66,0.8693,1400.0,18.0,1.8133285714285714,0.048294444444444445
V10,2026-07-04,4,125.28999999999999,1.3296999999999999,1400.0,18.0,0.08949285714285714,0.07387222222222221
V10,2026-07-05,5,463.42999999999995,2.259,1400.0,18.0,0.3310214285714285,0.1255
V10,2026-07-06,8,804.37,7.3755,1400.0,18.0,0.57455,0.40975
V10,2026-07-07,2,479.15999999999997,0.25570000000000004,1400.0,18.0,0.3422571428571428,0.014205555555555558
V10,2026-07-08,3,120.07,0.9844,1400.0,18.0,0.08576428571428571,0.05468888888888889
V10,2026-07-09,7,382.06,3.9341,1400.0,18.0,0.2729,0.2185611111111111
V10,2026-07-10,6,410.62,3.1696999999999997,1400.0,18.0,0.2933,0.17609444444444444
V10,2026-07-11,4,782.23,1.0697,1400.0,18.0,0.5587357142857143,0.05942777777777778
V10,2026-07-12,3,319.78,0.9723,1400.0,18.0,0.2284142857142857,0.05401666666666667
V10,2026-07-13,11,1139.23,5.079000000000001,1400.0,18.0,0.8137357142857143,0.2821666666666667
V10,2026-07-14,7,427.49,2.6708,1400.0,18.0,0.30535,0.14837777777777778
V10,2026-07-15,5,462.55,2.0467,1400.0,18.0,0.33039285714285715,0.11370555555555556
V10,2026-07-16,6,869.31,1.2587000000000002,1400.0,18.0,0.6209357142857143,0.06992777777777778
V10,2026-07-17,4,280.15999999999997,4.5138,1400.0,18.0,0.2001142857142857,0.25076666666666664
V10,2026-07-18,7,303.59,2.1547,1400.0,18.0,0.21685,0.11970555555555557
V10,2026-07-19,4,435.43,1.4508,1400.0,18.0,0.31102142857142856,0.0806
V10,2026-07-20,7,433.62,17.8384,1400.0,18.0,0.3097285714285714,0.9910222222222222
V10,2026-07-21,8,1145.63,2.0324,1400.0,18.0,0.8183071428571429,0.11291111111111111
V10,2026-07-22,4,259.26,3.8629000000000002,1400.0,18.0,0.1851857142857143,0.21460555555555558
V10,2026-07-23,6,424.24,2.2433,1400.0,18.0,0.3030285714285714,0.12462777777777778
V10,2026-07-24,7,568.86,3.9852,1400.0,18.0,0.40632857142857143,0.22139999999999999
V10,2026-07-25,4,287.37,0.824,1400.0,18.0,0.2052642857142857,0.04577777777777778
V10,2026-07-26,7,232.76999999999998,3.1813000000000002,1400.0,18.0,0.1662642857142857,0.1767388888888889
V10,2026-07-27,5,440.35999999999996,2.009,1400.0,18.0,0.3145428571428571,0.1116111111111111
V10,2026-07-28,6,611.49,4.6684,1400.0,18.0,0.43677857142857146,0.25935555555555556
V10,2026-07-29,7,355.90999999999997,6.7786,1400.0,18.0,0.25422142857142854,0.37658888888888886
V10,2026-07-30,1,87.15,0.1132,1400.0,18.0,0.06225000000000001,0.006288888888888889
V10,2026-07-31,10,829.24,7.704,1400.0,18.0,0.5923142857142857,0.428
V10,2026-08-01,7,292.51,2.2143,1400.0,18.0,0.20893571428571428,0.12301666666666668
V10,2026-08-02,6,226.84999999999997,1.4758,1400.0,18.0,0.16203571428571426,0.08198888888888889
V10,2026-08-03,6,798.14,3.0751,1400.0,18.0,0.5700999999999999,0.17083888888888887
V10,2026-08-04,4,379.31,1.1825999999999999,1400.0,18.0,0.2709357142857143,0.0657
V10,2026-08-05,3,108.71,1.2014,1400.0,18.0,0.07765,0.06674444444444444
V10,2026-08-06,3,227.28,1.7581,1400.0,18.0,0.16234285714285715,0.09767222222222222
V10,2026-08-07,5,173.67000000000002,3.1592000000000002,1400.0,18.0,0.12405000000000001,0.17551111111111112
V10,2026-08-08,5,607.84,3.7925,1400.0,18.0,0.4341714285714286,0.21069444444444443
V10,2026-08-09,4,74.85,3.6203,1400.0,18.0,0.05346428571428571,0.20112777777777777
V10,2026-08-10,3,200.94,1.3021000000000003,1400.0,18.0,0.14352857142857142,0.0723388888888889
V10,2026-08-11,5,80.56,2.3747000000000003,1400.0,18.0,0.057542857142857146,0.13192777777777778
V10,2026-08-12,7,694.4000000000001,6.7378,1400.0,18.0,0.49600000000000005,0.3743222222222222
V10,2026-08-13,5,149.34,5.7783,1400.0,18.0,0.10667142857142857,0.3210166666666667
V10,2026-08-14,7,431.71999999999997,6.0905000000000005,1400.0,18.0,0.3083714285714286,0.3383611111111111
V10,2026-08-15,4,118.65,0.8783000000000001,1400.0,18.0,0.08475,0.048794444444444446
V10,2026-08-16,5,577.55,1.7834,1400.0,18.0,0.41253571428571423,0.09907777777777778
V10,2026-08-17,6,351.96,4.2008,1400.0,18.0,0.2514,0.2333777777777778
V10,2026-08-18,3,165.3,0.7746,1400.0,18.0,0.11807142857142858,0.04303333333333333
V10,2026-08-19,5,777.73,3.2544,1400.0,18.0,0.5555214285714286,0.1808
V10,2026-08-20,1,51.05,0.1034,1400.0,18.0,0.03646428571428571,0.005744444444444444
V10,2026-08-21,4,162.97,1.5542,1400.0,18.0,0.11640714285714286,0.08634444444444445
V10,2026-08-22,6,521.38,1.0579,1400.0,18.0,0.3724142857142857,0.058772222222222226
V10,2026-08-23,5,259.98,4.6842999999999995,1400.0,18.0,0.1857,0.26023888888888885
V10,2026-08-24,6,225.21,1.9930999999999999,1400.0,18.0,0.1608642857142857,0.11072777777777777
V10,2026-08-25,4,132.63,4.2931,1400.0,18.0,0.09473571428571428,0.23850555555555555
V10,2026-08-26,6,551.68,1.1766,1400.0,18.0,0.39405714285714283,0.06536666666666667
V10,2026-08-27,6,317.01,1.862,1400.0,18.0,0.22643571428571427,0.10344444444444445
V10,2026-08-28,6,698.78,2.1193999999999997,1400.0,18.0,0.4991285714285714,0.11774444444444443
V10,2026-08-29,1,10.42,0.1541,1400.0,18.0,0.0074428571428571426,0.00856111111111111
V11,2026-06-01,5,552.16,1.2414,1400.0,18.0,0.3944,0.06896666666666668
V11,2026-06-02,2,27.560000000000002,2.331,1400.0,18.0,0.01968571428571429,0.1295
V11,2026-06-03,5,523.5799999999999,1.8249,1400.0,18.0,0.37398571428571425,0.10138333333333333
V11,2026-06-04,5,463.29,3.1112,1400.0,18.0,0.3309214285714286,0.17284444444444447
V11,2026-06-05,2,40.24,1.233,1400.0,18.0,0.028742857142857143,0.0685
V11,2026-06-06,2,26.36,1.0808,1400.0,18.0,0.018828571428571427,0.06004444444444444
V11,2026-06-07,4,290.65999999999997,3.4026,1400.0,18.0,0.2076142857142857,0.18903333333333333
V11,2026-06-08,3,58.91,0.9297,1400.0,18.0,0.042078571428571424,0.05165
V11,2026-06-09,3,437.35,1.9804,1400.0,18.0,0.31239285714285714,0.11002222222222222
V11,2026-06-10,5,64.44,2.777,1400.0,18.0,0.046028571428571426,0.1542777777777778
V11,2026-06-11,7,685.33,7.323600000000001,1400.0,18.0,0.4895214285714286,0.4068666666666667
V11,2026-06-12,6,1513.55,3.3746,1400.0,18.0,1.0811071428571428,0.18747777777777777
V11,2026-06-13,8,1338.63,2.2348,1400.0,18.0,0.9561642857142858,0.12415555555555555
V11,2026-06-14,5,176.47,3.0704000000000002,1400.0,18.0,0.12605,0.1705777777777778
V11,2026-06-15,6,372.98,3.3268999999999997,1400.0,18.0,0.2664142857142857,0.18482777777777776
V11,2026-06-16,4,419.78,3.944,1400.0,18.0,0.29984285714285713,0.21911111111111112
V11,2026-06-17,5,1672.33,2.145,1400.0,18.0,1.1945214285714285,0.11916666666666667
V11,2026-06-18,4,87.58,7.1311,1400.0,18.0,0.06255714285714285,0.3961722222222222
V11,2026-06-19,6,353.21,1.9116,1400.0,18.0,0.25229285714285715,0.1062
V11,2026-06-20,8,765.75,2.4754,1400.0,18.0,0.5469642857142857,0.1375222222222222
V11,2026-06-21,4,605.24,1.6961,1400.0,18.0,0.4323142857142857,0.09422777777777777
V11,2026-06-22,6,208.92,2.4612999999999996,1400.0,18.0,0.14922857142857143,0.13673888888888885
V11,2026-06-23,6,953.65,2.2941000000000003,1400.0,18.0,0.6811785714285714,0.12745
V11,2026-06-24,5,351.59,2.7267,1400.0,18.0,0.2511357142857143,0.15148333333333333
V11,2026-06-25,9,707.31,6.0892,1400.0,18.0,0.5052214285714285,0.33828888888888886
V11,2026-06-26,6,806.87,5.7561,1400.0,18.0,0.5763357142857143,0.3197833333333333
V11,2026-06-27,4,2223.92,1.7319,1400.0,18.0,1.5885142857142858,0.09621666666666667
V11,2026-06-28,11,1039.19,6.9783,1400.0,18.0,0.7422785714285715,0.3876833333333333
V11,2026-06-29,7,624.05,4.7386,1400.0,18.0,0.44575,0.2632555555555556
V11,2026-06-30,6,874.26,2.874,1400.0,18.0,0.6244714285714286,0.15966666666666668
V11,2026-07-02,8,1208.33,2.496,1400.0,18.0,0.8630928571428571,0.13866666666666666
V11,2026-07-03,4,284.67,1.3564,1400.0,18.0,0.2033357142857143,0.07535555555555556
V11,2026-07-04,3,546.67,1.0150000000000001,1400.0,18.0,0.3904785714285714,0.0563888888888889
V11,2026-07-05,4,278.12,5.1676,1400.0,18.0,0.19865714285714287,0.2870888888888889
V11,2026-07-06,5,49.08,1.7956,1400.0,18.0,0.035057142857142856,0.09975555555555556
V11,2026-07-07,8,898.22,6.7372,1400.0,18.0,0.6415857142857143,0.3742888888888889
V11,2026-07-08,5,158.24,2.3797,1400.0,18.0,0.11302857142857144,0.13220555555555558
V11,2026-07-09,9,1106.98,3.0229999999999997,1400.0,18.0,0.7907,0.16794444444444442
V11,2026-07-10,7,237.21999999999997,1.4208,1400.0,18.0,0.16944285714285712,0.07893333333333334
V11,2026-07-11,4,248.18,2.5549,1400.0,18.0,0.17727142857142858,0.1419388888888889
V11,2026-07-12,3,1663.22,3.9713,1400.0,18.0,1.1880142857142857,0.22062777777777776
V11,2026-07-13,6,373.90999999999997,1.9407999999999999,1400.0,18.0,0.2670785714285714,0.10782222222222221
V11,2026-07-14,8,474.08000000000004,1.9895,1400.0,18.0,0.33862857142857145,0.11052777777777778
V11,2026-07-15,3,248.18,1.9466,1400.0,18.0,0.17727142857142858,0.10814444444444445
V11,2026-07-16,6,279.82,3.4238999999999997,1400.0,18.0,0.19987142857142856,0.19021666666666665
V11,2026-07-17,6,215.62,2.4316,1400.0,18.0,0.15401428571428571,0.1350888888888889
V11,2026-07-18,5,109.33,4.278700000000001,1400.0,18.0,0.07809285714285714,0.2377055555555556
V11,2026-07-19,6,478.96999999999997,1.4714,1400.0,18.0,0.3421214285714286,0.08174444444444445
V11,2026-07-20,4,84.43,2.2369,1400.0,18.0,0.060307142857142865,0.12427222222222221
V11,2026-07-21,5,2362.2400000000002,3.914,1400.0,18.0,1.687314285714286,0.21744444444444444
V11,2026-07-22,7,296.0,2.319,1400.0,18.0,0.21142857142857144,0.12883333333333333
V11,2026-07-23,3,113.38,2.8224,1400.0,18.0,0.08098571428571429,0.1568
V11,2026-07-24,7,185.57,11.243899999999998,1400.0,18.0,0.13255,0.624661111111111
V11,2026-07-25,3,697.49,1.6723999999999999,1400.0,18.0,0.49820714285714285,0.09291111111111111
V11,2026-07-26,2,44.49,0.7432000000000001,1400.0,18.0,0.03177857142857143,0.041288888888888896
V11,2026-07-27,8,380.68,8.2497,1400.0,18.0,0.2719142857142857,0.4583166666666667
V11,2026-07-28,2,49.51,0.6325000000000001,1400.0,18.0,0.035364285714285716,0.03513888888888889
V11,2026-07-29,8,321.72999999999996,4.1245,1400.0,18.0,0.22980714285714282,0.2291388888888889
V11,2026-07-30,1,127.44,0.7519,1400.0,18.0,0.09102857142857143,0.041772222222222224
V11,2026-07-31,7,841.63,2.5122,1400.0,18.0,0.6011642857142857,0.13956666666666667
V11,2026-08-01,2,258.93,0.6652,1400.0,18.0,0.18495,0.036955555555555554
V11,2026-08-02,5,186.87,3.7035,1400.0,18.0,0.13347857142857142,0.20575
V11,2026-08-03,5,405.3,5.5393,1400.0,18.0,0.28950000000000004,0.3077388888888889
V11,2026-08-04,6,3623.06,1.8238,1400.0,18.0,2.5879,0.10132222222222223
V11,2026-08-05,7,1412.7799999999997,3.1993,1400.0,18.0,1.0091285714285712,0.1777388888888889
V11,2026-08-06,4,279.95000000000005,8.6532,1400.0,18.0,0.19996428571428573,0.48073333333333335
V11,2026-08-07,1,20.62,0.6346,1400.0,18.0,0.01472857142857143,0.03525555555555556
V11,2026-08-08,7,564.26,4.8769,1400.0,18.0,0.40304285714285715,0.2709388888888889
V11,2026-08-09,4,156.51999999999998,3.2211,1400.0,18.0,0.11179999999999998,0.17895
V11,2026-08-10,7,638.12,10.097,1400.0,18.0,0.4558,0.5609444444444445
V11,2026-08-11,7,1263.96,2.7119999999999997,1400.0,18.0,0.9028285714285714,0.15066666666666664
V11,2026-08-12,5,1475.58,5.4893,1400.0,18.0,1.0539857142857143,0.3049611111111111
V11,2026-08-13,4,256.11,6.7834,1400.0,18.0,0.18293571428571428,0.37685555555555555
V11,2026-08-14,2,1677.0300000000002,0.37839999999999996,1400.0,18.0,1.1978785714285716,0.02102222222222222
V11,2026-08-15,7,952.59,5.7839,1400.0,18.0,0.6804214285714286,0.32132777777777777
V11,2026-08-16,9,415.86,23.1719,1400.0,18.0,0.29704285714285716,1.2873277777777778
V11,2026-08-17,1,122.35,1.1322,1400.0,18.0,0.08739285714285713,0.06290000000000001
V11,2026-08-18,1,36.6,5.8069,1400.0,18.0,0.026142857142857145,0.32260555555555553
V11,2026-08-19,6,1182.6000000000001,1.8975,1400.0,18.0,0.8447142857142859,0.10541666666666666
V11,2026-08-20,5,238.3,5.7691,1400.0,18.0,0.17021428571428573,0.32050555555555554
V11,2026-08-21,8,417.25,5.3621,1400.0,18.0,0.2980357142857143,0.29789444444444446
V11,2026-08-22,6,303.78,7.8132,1400.0,18.0,0.21698571428571425,0.43406666666666666
V11,2026-08-23,3,126.4,2.4539999999999997,1400.0,18.0,0.09028571428571429,0.1363333333333333
V11,2026-08-24,9,784.0499999999998,2.4706,1400.0,18.0,0.5600357142857142,0.13725555555555558
V11,2026-08-25,4,40.42,1.4944,1400.0,18.0,0.028871428571428572,0.08302222222222222
V11,2026-08-26,4,654.25,3.8628,1400.0,18.0,0.46732142857142855,0.2146
V11,2026-08-27,7,1465.93,2.7299,1400.0,18.0,1.0470928571428573,0.15166111111111114
V11,2026-08-28,6,572.79,5.166,1400.0,18.0,0.40913571428571427,0.28700000000000003
V11,2026-08-29,5,137.73000000000002,2.2851,1400.0,18.0,0.09837857142857144,0.12695
V12,2026-06-01,2,401.69000000000005,0.5536,1400.0,18.0,0.2869214285714286,0.030755555555555553
V12,2026-06-04,4,522.13,3.5472,1400.0,18.0,0.37295,0.19706666666666667
V12,2026-06-05,3,377.63,1.1746,1400.0,18.0,0.2697357142857143,0.06525555555555557
V12,2026-06-06,3,786.5899999999999,3.2988,1400.0,18.0,0.56185,0.18326666666666666
V12,2026-06-07,3,78.32,0.9877,1400.0,18.0,0.05594285714285714,0.054872222222222225
V12,2026-06-08,3,88.53999999999999,2.1189,1400.0,18.0,0.06324285714285714,0.11771666666666666
V12,2026-06-09,2,586.8800000000001,0.22920000000000001,1400.0,18.0,0.4192000000000001,0.012733333333333334
V12,2026-06-10,3,260.45000000000005,4.4977,1400.0,18.0,0.18603571428571433,0.24987222222222222
V12,2026-06-11,7,1045.31,3.6699,1400.0,18.0,0.7466499999999999,0.20388333333333333
V12,2026-06-12,2,262.69,0.5349999999999999,1400.0,18.0,0.1876357142857143,0.02972222222222222
V12,2026-06-13,4,469.62,5.146999999999999,1400.0,18.0,0.33544285714285715,0.2859444444444444
V12,2026-06-14,4,297.47,1.0724,1400.0,18.0,0.21247857142857146,0.05957777777777778
V12,2026-06-15,3,191.06,2.0196,1400.0,18.0,0.13647142857142858,0.11220000000000001
V12,2026-06-16,1,147.5,0.4161,1400.0,18.0,0.10535714285714286,0.023116666666666667
V12,2026-06-17,2,540.2,0.2875,1400.0,18.0,0.3858571428571429,0.01597222222222222
V12,2026-06-18,2,305.25,0.9186000000000001,1400.0,18.0,0.21803571428571428,0.05103333333333334
V12,2026-06-19,5,327.53999999999996,1.9219,1400.0,18.0,0.23395714285714284,0.10677222222222221
V12,2026-06-20,4,156.66,2.2284,1400.0,18.0,0.1119,0.12380000000000001
V12,2026-06-21,7,2928.42,5.6537999999999995,1400.0,18.0,2.0917285714285714,0.3141
V12,2026-06-23,2,12.91,5.144,1400.0,18.0,0.009221428571428571,0.2857777777777778
V12,2026-06-24,5,801.21,4.7233,1400.0,18.0,0.5722928571428572,0.26240555555555556
V12,2026-06-25,5,302.18,0.6764,1400.0,18.0,0.21584285714285714,0.03757777777777778
V12,2026-06-26,2,102.95,1.0912,1400.0,18.0,0.07353571428571429,0.060622222222222216
V12,2026-06-27,2,238.66000000000003,0.7718,1400.0,18.0,0.17047142857142858,0.04287777777777778
V12,2026-06-28,4,533.62,0.9931,1400.0,18.0,0.38115714285714286,0.05517222222222222
V12,2026-06-29,3,346.19,1.2972000000000001,1400.0,18.0,0.24727857142857143,0.07206666666666667
V12,2026-06-30,1,246.86,0.6388,1400.0,18.0,0.17632857142857145,0.03548888888888889
V12,2026-07-01,3,99.51,2.323,1400.0,18.0,0.07107857142857144,0.12905555555555556
V12,2026-07-02,3,220.01,1.5575,1400.0,18.0,0.15714999999999998,0.08652777777777779
V12,2026-07-03,1,48.24,8.142,1400.0,18.0,0.03445714285714286,0.4523333333333333
V12,2026-07-06,4,468.38,3.2358000000000002,1400.0,18.0,0.33455714285714283,0.17976666666666669
V12,2026-07-07,2,695.4599999999999,0.20140000000000002,1400.0,18.0,0.4967571428571428,0.01118888888888889
V12,2026-07-08,2,98.96,0.2632,1400.0,18.0,0.07068571428571428,0.014622222222222222
V12,2026-07-09,2,66.16,1.83,1400.0,18.0,0.04725714285714285,0.10166666666666667
V12,2026-07-10,3,88.99,0.7106,1400.0,18.0,0.06356428571428571,0.03947777777777778
V12,2026-07-11,4,577.84,0.44430000000000003,1400.0,18.0,0.4127428571428572,0.024683333333333335
V12,2026-07-12,2,24.45,8.488399999999999,1400.0,18.0,0.017464285714285713,0.4715777777777777
V12,2026-07-13,3,180.3,7.740600000000001,1400.0,18.0,0.12878571428571428,0.4300333333333334
V12,2026-07-14,4,848.58,2.9182,1400.0,18.0,0.6061285714285715,0.16212222222222222
V12,2026-07-15,3,237.35000000000002,3.149,1400.0,18.0,0.1695357142857143,0.17494444444444446
V12,2026-07-16,3,565.03,1.4405999999999999,1400.0,18.0,0.40359285714285714,0.08003333333333333
V12,2026-07-17,1,99.47,0.9216,1400.0,18.0,0.07105,0.051199999999999996
V12,2026-07-18,6,529.91,1.6823000000000001,1400.0,18.0,0.3785071428571428,0.09346111111111112
V12,2026-07-19,2,10.77,0.7108,1400.0,18.0,0.007692857142857143,0.039488888888888886
V12,2026-07-20,2,105.44,0.6209,1400.0,18.0,0.07531428571428571,0.034494444444444446
V12,2026-07-21,3,64.07,2.2264,1400.0,18.0,0.04576428571428571,0.12368888888888889
V12,2026-07-22,3,100.33,1.2229,1400.0,18.0,0.07166428571428571,0.0679388888888889
V12,2026-07-23,5,1575.8899999999999,1.8225,1400.0,18.0,1.1256357142857143,0.10125
V12,2026-07-24,3,48.4,1.6608,1400.0,18.0,0.03457142857142857,0.09226666666666666
V12,2026-07-25,4,423.06000000000006,1.5598,1400.0,18.0,0.30218571428571434,0.08665555555555556
V12,2026-07-26,4,418.23,3.4048,1400.0,18.0,0.29873571428571427,0.18915555555555555
V12,2026-07-27,4,760.99,0.9246,1400.0,18.0,0.5435642857142857,0.051366666666666665
V12,2026-07-28,4,284.62,2.8835,1400.0,18.0,0.2033,0.16019444444444444
V12,2026-07-29,5,482.1,1.6741,1400.0,18.0,0.34435714285714286,0.09300555555555555
V12,2026-07-30,3,100.80000000000001,1.8538,1400.0,18.0,0.07200000000000001,0.10298888888888888
V12,2026-07-31,4,530.99,1.0046,1400.0,18.0,0.3792785714285714,0.05581111111111111
V12,2026-08-01,4,1768.97,3.553,1400.0,18.0,1.26355,0.1973888888888889
V12,2026-08-02,1,4.46,0.8912,1400.0,18.0,0.0031857142857142856,0.04951111111111111
V12,2026-08-03,4,251.97,2.6058,1400.0,18.0,0.17997857142857143,0.14476666666666665
V12,2026-08-04,6,333.71999999999997,4.4408,1400.0,18.0,0.23837142857142854,0.24671111111111113
V12,2026-08-05,5,810.18,3.1115,1400.0,18.0,0.5787,0.1728611111111111
V12,2026-08-06,2,949.02,0.87,1400.0,18.0,0.6778714285714286,0.04833333333333333
V12,2026-08-07,2,121.39000000000001,0.2854,1400.0,18.0,0.08670714285714287,0.015855555555555553
V12,2026-08-08,3,194.06,1.2672,1400.0,18.0,0.13861428571428572,0.0704
V12,2026-08-09,3,571.24,0.25489999999999996,1400.0,18.0,0.40802857142857146,0.014161111111111109
V12,2026-08-10,5,326.36,4.2978000000000005,1400.0,18.0,0.23311428571428572,0.23876666666666668
V12,2026-08-11,2,70.8,1.1029,1400.0,18.0,0.05057142857142857,0.06127222222222222
V12,2026-08-12,4,1290.8300000000002,0.8682,1400.0,18.0,0.9220214285714287,0.04823333333333333
V12,2026-08-13,2,120.94,3.569,1400.0,18.0,0.08638571428571429,0.19827777777777778
V12,2026-08-14,3,84.28,0.7504,1400.0,18.0,0.060200000000000004,0.041688888888888886
V12,2026-08-15,3,48.1,4.196,1400.0,18.0,0.03435714285714286,0.2331111111111111
V12,2026-08-16,1,37.77,0.061,1400.0,18.0,0.02697857142857143,0.0033888888888888888
V12,2026-08-17,3,395.96,0.6153,1400.0,18.0,0.28282857142857143,0.03418333333333333
V12,2026-08-18,1,33.25,1.0306,1400.0,18.0,0.02375,0.05725555555555555
V12,2026-08-19,4,423.18,1.7805,1400.0,18.0,0.3022714285714286,0.09891666666666667
V12,2026-08-20,3,118.25999999999999,0.47309999999999997,1400.0,18.0,0.08447142857142856,0.026283333333333332
V12,2026-08-21,4,305.53999999999996,4.5468,1400.0,18.0,0.21824285714285713,0.2526
V12,2026-08-22,5,860.3100000000001,1.3292,1400.0,18.0,0.6145071428571429,0.07384444444444443
V12,2026-08-23,3,189.79000000000002,1.5213,1400.0,18.0,0.13556428571428572,0.08451666666666667
V12,2026-08-24,4,1115.77,1.4299,1400.0,18.0,0.7969785714285714,0.07943888888888889
V12,2026-08-25,6,1715.17,3.4099,1400.0,18.0,1.2251214285714287,0.18943888888888888
V12,2026-08-26,4,242.64000000000001,2.988,1400.0,18.0,0.17331428571428573,0.166
V12,2026-08-27,3,75.8,0.4174,1400.0,18.0,0.05414285714285714,0.023188888888888887
V12,2026-08-28,5,405.34000000000003,4.4361,1400.0,18.0,0.28952857142857147,0.24644999999999997
V12,2026-08-29,2,130.01,11.6697,1400.0,18.0,0.0928642857142857,0.6483166666666667
V13,2026-06-01,1,20.98,0.2333,1400.0,18.0,0.014985714285714286,0.01296111111111111
V13,2026-06-03,3,495.31,0.4139,1400.0,18.0,0.35379285714285713,0.022994444444444442
V13,2026-06-04,3,62.38,1.3165,1400.0,18.0,0.04455714285714286,0.07313888888888889
V13,2026-06-06,3,57.22,1.9514,1400.0,18.0,0.04087142857142857,0.10841111111111111
V13,2026-06-07,4,117.72,1.9135,1400.0,18.0,0.08408571428571429,0.10630555555555556
V13,2026-06-08,1,8.85,0.039,1400.0,18.0,0.006321428571428572,0.0021666666666666666
V13,2026-06-09,1,151.99,0.2827,1400.0,18.0,0.10856428571428572,0.015705555555555556
V13,2026-06-10,4,105.27,1.336,1400.0,18.0,0.07519285714285714,0.07422222222222223
V13,2026-06-11,6,181.20999999999998,1.2535999999999998,1400.0,18.0,0.12943571428571427,0.06964444444444444
V13,2026-06-12,2,164.28,1.9733,1400.0,18.0,0.11734285714285714,0.10962777777777778
V13,2026-06-13,1,6.01,0.6676,1400.0,18.0,0.0042928571428571425,0.037088888888888887
V13,2026-06-14,3,344.16999999999996,0.4417,1400.0,18.0,0.24583571428571427,0.024538888888888888
V13,2026-06-15,3,130.37,2.7531,1400.0,18.0,0.09312142857142858,0.15295
V13,2026-06-16,2,44.339999999999996,0.2017,1400.0,18.0,0.031671428571428566,0.011205555555555555
V13,2026-06-17,7,338.03000000000003,2.9927,1400.0,18.0,0.24145000000000003,0.1662611111111111
V13,2026-06-18,2,26.1,3.1526,1400.0,18.0,0.018642857142857145,0.17514444444444444
V13,2026-06-19,2,59.07,0.6754,1400.0,18.0,0.04219285714285714,0.03752222222222222
V13,2026-06-20,5,525.0,1.2275,1400.0,18.0,0.375,0.06819444444444445
V13,2026-06-21,4,159.32,4.6711,1400.0,18.0,0.1138,0.25950555555555554
V13,2026-06-22,2,182.62,0.4582,1400.0,18.0,0.13044285714285714,0.025455555555555554
V13,2026-06-23,5,392.17,1.9034000000000002,1400.0,18.0,0.2801214285714286,0.10574444444444446
V13,2026-06-24,4,78.55,5.0309,1400.0,18.0,0.056107142857142855,0.27949444444444443
V13,2026-06-25,6,496.03,2.8412,1400.0,18.0,0.3543071428571428,0.15784444444444445
V13,2026-06-26,3,114.32999999999998,0.5921,1400.0,18.0,0.0816642857142857,0.03289444444444444
V13,2026-06-27,3,165.45,6.343,1400.0,18.0,0.11817857142857142,0.35238888888888886
V13,2026-06-28,6,205.98999999999998,2.6758,1400.0,18.0,0.14713571428571426,0.14865555555555557
V13,2026-06-29,4,194.14,1.9629,1400.0,18.0,0.13867142857142856,0.10905000000000001
V13,2026-06-30,3,1648.71,2.32,1400.0,18.0,1.17765,0.1288888888888889
V13,2026-07-01,2,23.740000000000002,0.0839,1400.0,18.0,0.016957142857142858,0.0046611111111111115
V13,2026-07-02,4,240.70999999999998,2.1891,1400.0,18.0,0.17193571428571428,0.12161666666666665
V13,2026-07-03,7,246.54,2.9866,1400.0,18.0,0.1761,0.16592222222222222
V13,2026-07-04,5,259.96999999999997,1.1858,1400.0,18.0,0.18569285714285713,0.06587777777777777
V13,2026-07-05,1,48.02,0.1273,1400.0,18.0,0.034300000000000004,0.007072222222222222
V13,2026-07-06,1,50.47,0.2291,1400.0,18.0,0.03605,0.012727777777777777
V13,2026-07-07,3,131.62,2.0118,1400.0,18.0,0.09401428571428572,0.11176666666666667
V13,2026-07-08,1,138.98,1.1334,1400.0,18.0,0.09927142857142857,0.06296666666666667
V13,2026-07-09,4,191.82,3.0899,1400.0,18.0,0.1370142857142857,0.17166111111111113
V13,2026-07-10,2,89.05000000000001,0.5810000000000001,1400.0,18.0,0.06360714285714286,0.03227777777777778
V13,2026-07-11,5,454.09000000000003,3.9617,1400.0,18.0,0.32435,0.22009444444444445
V13,2026-07-12,3,81.91999999999999,1.7638,1400.0,18.0,0.058514285714285706,0.09798888888888889
V13,2026-07-13,1,213.74,0.1755,1400.0,18.0,0.15267142857142857,0.00975
V13,2026-07-14,4,457.03999999999996,1.2621,1400.0,18.0,0.32645714285714283,0.07011666666666666
V13,2026-07-15,7,770.8,8.1079,1400.0,18.0,0.5505714285714285,0.45043888888888894
V13,2026-07-16,3,170.37,1.1,1400.0,18.0,0.12169285714285714,0.061111111111111116
V13,2026-07-17,1,70.32,0.1647,1400.0,18.0,0.05022857142857142,0.00915
V13,2026-07-18,3,216.42000000000002,0.7713,1400.0,18.0,0.1545857142857143,0.04285
V13,2026-07-19,6,604.54,5.6848,1400.0,18.0,0.4318142857142857,0.3158222222222222
V13,2026-07-20,1,39.64,1.5556,1400.0,18.0,0.028314285714285715,0.08642222222222223
V13,2026-07-21,4,346.76,2.6076,1400.0,18.0,0.2476857142857143,0.14486666666666667
V13,2026-07-23,3,361.21,5.891,1400.0,18.0,0.2580071428571428,0.3272777777777778
V13,2026-07-24,1,47.38,0.0691,1400.0,18.0,0.03384285714285715,0.0038388888888888886
V13,2026-07-25,1,241.41,0.0558,1400.0,18.0,0.17243571428571428,0.0031000000000000003
V13,2026-07-26,1,39.07,0.0341,1400.0,18.0,0.027907142857142856,0.0018944444444444443
V13,2026-07-27,4,202.58,3.2705,1400.0,18.0,0.1447,0.18169444444444446
V13,2026-07-28,5,707.4599999999999,2.6677,1400.0,18.0,0.5053285714285713,0.14820555555555556
V13,2026-07-29,6,853.34,3.0005,1400.0,18.0,0.6095285714285714,0.16669444444444445
V13,2026-07-30,1,15.97,0.278,1400.0,18.0,0.011407142857142857,0.015444444444444446
V13,2026-07-31,6,462.53999999999996,6.0205,1400.0,18.0,0.3303857142857143,0.3344722222222222
V13,2026-08-02,1,21.23,0.1499,1400.0,18.0,0.015164285714285715,0.008327777777777778
V13,2026-08-03,4,571.6800000000001,6.0022,1400.0,18.0,0.4083428571428572,0.33345555555555556
V13,2026-08-04,7,1991.5700000000002,8.0597,1400.0,18.0,1.4225500000000002,0.44776111111111105
V13,2026-08-05,4,504.16999999999996,2.3727,1400.0,18.0,0.36012142857142854,0.13181666666666667
V13,2026-08-06,3,127.87,11.1624,1400.0,18.0,0.09133571428571428,0.6201333333333333
V13,2026-08-07,2,19.259999999999998,0.4734,1400.0,18.0,0.013757142857142855,0.0263
V13,2026-08-08,2,318.4,0.16820000000000002,1400.0,18.0,0.22742857142857142,0.009344444444444445
V13,2026-08-09,1,176.99,2.6169,1400.0,18.0,0.12642142857142857,0.1453833333333333
V13,2026-08-10,3,488.5,1.0459,1400.0,18.0,0.3489285714285714,0.058105555555555556
V13,2026-08-11,2,1049.29,4.0941,1400.0,18.0,0.7494928571428571,0.22745
V13,2026-08-12,2,332.61,0.8877999999999999,1400.0,18.0,0.23757857142857144,0.04932222222222222
V13,2026-08-14,2,800.8,0.0806,1400.0,18.0,0.572,0.0044777777777777784
V13,2026-08-15,4,161.07,2.0945,1400.0,18.0,0.11505,0.11636111111111111
V13,2026-08-16,3,126.56,5.1201,1400.0,18.0,0.09040000000000001,0.28445
V13,2026-08-17,3,214.49,0.6779,1400.0,18.0,0.15320714285714288,0.03766111111111111
V13,2026-08-18,1,215.94,0.0622,1400.0,18.0,0.15424285714285715,0.0034555555555555555
V13,2026-08-19,6,444.32000000000005,1.6031,1400.0,18.0,0.3173714285714286,0.0890611111111111
V13,2026-08-20,5,568.89,0.3561,1400.0,18.0,0.40635,0.019783333333333333
V13,2026-08-21,3,70.81,0.7241,1400.0,18.0,0.05057857142857143,0.04022777777777778
V13,2026-08-22,4,190.86,7.0434,1400.0,18.0,0.13632857142857144,0.3913
V13,2026-08-23,3,101.15,2.2346,1400.0,18.0,0.07225000000000001,0.12414444444444445
V13,2026-08-24,3,261.89,1.6647,1400.0,18.0,0.1870642857142857,0.09248333333333333
V13,2026-08-25,8,325.15999999999997,15.8299,1400.0,18.0,0.23225714285714283,0.8794388888888889
V13,2026-08-26,2,74.64,0.2091,1400.0,18.0,0.05331428571428572,0.011616666666666668
V13,2026-08-27,3,730.2800000000001,1.375,1400.0,18.0,0.5216285714285714,0.0763888888888889
V13,2026-08-28,3,88.25,0.4877,1400.0,18.0,0.06303571428571429,0.027094444444444445
V13,2026-08-29,2,252.86,0.1399,1400.0,18.0,0.18061428571428573,0.007772222222222222
V14,2026-06-01,2,169.68,0.0992,1400.0,18.0,0.1212,0.005511111111111111
V14,2026-06-02,2,37.239999999999995,0.46290000000000003,1400.0,18.0,0.026599999999999995,0.02571666666666667
V14,2026-06-03,2,157.98000000000002,4.2891,1400.0,18.0,0.11284285714285716,0.23828333333333335
V14,2026-06-04,2,42.58,0.66,1400.0,18.0,0.030414285714285713,0.03666666666666667
V14,2026-06-05,4,211.44,1.5892999999999997,1400.0,18.0,0.15102857142857143,0.08829444444444443
V14,2026-06-06,2,211.26999999999998,8.2248,1400.0,18.0,0.15090714285714285,0.45693333333333336
V14,2026-06-07,1,59.47,0.6665,1400.0,18.0,0.04247857142857143,0.03702777777777778
V14,2026-06-08,3,1097.48,1.1784,1400.0,18.0,0.7839142857142857,0.06546666666666666
V14,2026-06-09,3,39.56,2.2534,1400.0,18.0,0.02825714285714286,0.1251888888888889
V14,2026-06-10,3,186.23999999999998,0.9842,1400.0,18.0,0.1330285714285714,0.05467777777777778
V14,2026-06-11,3,135.57999999999998,1.0474999999999999,1400.0,18.0,0.09684285714285713,0.05819444444444444
V14,2026-06-12,4,209.62,15.3599,1400.0,18.0,0.14972857142857143,0.8533277777777778
V14,2026-06-13,6,231.76,3.536,1400.0,18.0,0.16554285714285713,0.19644444444444445
V14,2026-06-14,3,119.58000000000001,2.1124,1400.0,18.0,0.08541428571428572,0.11735555555555556
V14,2026-06-15,1,8.1,1.0922,1400.0,18.0,0.0057857142857142855,0.06067777777777778
V14,2026-06-16,7,222.55,2.3725,1400.0,18.0,0.15896428571428572,0.13180555555555556
V14,2026-06-17,3,129.1,0.655,1400.0,18.0,0.09221428571428571,0.03638888888888889
V14,2026-06-18,1,58.79,0.4081,1400.0,18.0,0.041992857142857144,0.022672222222222222
V14,2026-06-19,4,1052.6,0.8098000000000001,1400.0,18.0,0.7518571428571428,0.04498888888888889
V14,2026-06-20,3,472.7,1.6716,1400.0,18.0,0.33764285714285713,0.09286666666666667
V14,2026-06-21,4,332.89,1.6194,1400.0,18.0,0.23777857142857142,0.08996666666666667
V14,2026-06-22,2,23.57,0.1752,1400.0,18.0,0.016835714285714287,0.009733333333333333
V14,2026-06-23,3,94.53,1.1472,1400.0,18.0,0.06752142857142857,0.06373333333333334
V14,2026-06-24,4,276.67,4.726100000000001,1400.0,18.0,0.1976214285714286,0.26256111111111113
V14,2026-06-25,1,6.47,1.4407,1400.0,18.0,0.0046214285714285715,0.0800388888888889
V14,2026-06-26,3,578.77,0.5585,1400.0,18.0,0.41340714285714286,0.03102777777777778
V14,2026-06-27,3,82.97999999999999,3.2824,1400.0,18.0,0.059271428571428565,0.18235555555555555
V14,2026-06-28,2,130.99,0.8698,1400.0,18.0,0.09356428571428572,0.048322222222222225
V14,2026-06-29,3,262.64,4.9732,1400.0,18.0,0.1876,0.2762888888888889
V14,2026-06-30,2,155.17000000000002,1.0202,1400.0,18.0,0.1108357142857143,0.05667777777777778
V14,2026-07-01,2,140.84,0.7346,1400.0,18.0,0.10060000000000001,0.04081111111111111
V14,2026-07-03,2,125.42,2.2302,1400.0,18.0,0.08958571428571428,0.1239
V14,2026-07-04,2,214.01999999999998,3.6642,1400.0,18.0,0.15287142857142855,0.20356666666666667
V14,2026-07-05,2,69.06,0.1457,1400.0,18.0,0.04932857142857143,0.008094444444444444
V14,2026-07-06,3,560.3499999999999,1.6467,1400.0,18.0,0.40024999999999994,0.09148333333333333
V14,2026-07-07,2,123.55000000000001,0.6221,1400.0,18.0,0.08825000000000001,0.03456111111111111
V14,2026-07-08,5,294.49,2.1985,1400.0,18.0,0.21035,0.1221388888888889
V14,2026-07-09,2,57.620000000000005,0.9017999999999999,1400.0,18.0,0.04115714285714286,0.0501
V14,2026-07-10,4,182.83,1.2368999999999999,1400.0,18.0,0.13059285714285715,0.06871666666666666
V14,2026-07-11,1,78.47,0.6262,1400.0,18.0,0.05605,0.03478888888888889
V14,2026-07-12,5,197.72,3.1681,1400.0,18.0,0.14122857142857143,0.17600555555555555
V14,2026-07-14,1,56.39,0.3159,1400.0,18.0,0.04027857142857143,0.01755
V14,2026-07-15,2,28.97,0.39990000000000003,1400.0,18.0,0.02069285714285714,0.02221666666666667
V14,2026-07-16,4,69.03999999999999,3.4169,1400.0,18.0,0.049314285714285706,0.1898277777777778
V14,2026-07-17,3,444.89,5.6323,1400.0,18.0,0.3177785714285714,0.31290555555555555
V14,2026-07-18,2,4323.91,3.3988,1400.0,18.0,3.088507142857143,0.18882222222222222
V14,2026-07-19,1,90.43,2.8209,1400.0,18.0,0.06459285714285715,0.15671666666666667
V14,2026-07-20,4,812.08,1.2185,1400.0,18.0,0.5800571428571429,0.06769444444444445
V14,2026-07-21,3,98.24,0.7634,1400.0,18.0,0.07017142857142857,0.04241111111111111
V14,2026-07-22,4,1112.28,6.371,1400.0,18.0,0.7944857142857142,0.35394444444444445
V14,2026-07-23,2,263.79,0.8406,1400.0,18.0,0.18842142857142857,0.0467
V14,2026-07-24,6,174.23000000000002,39.1815,1400.0,18.0,0.12445000000000002,2.17675
V14,2026-07-26,2,348.47,0.0916,1400.0,18.0,0.24890714285714288,0.005088888888888889
V14,2026-07-27,3,312.76,0.7276,1400.0,18.0,0.2234,0.04042222222222222
V14,2026-07-28,3,83.97999999999999,5.3698,1400.0,18.0,0.05998571428571428,0.2983222222222222
V14,2026-07-29,1,53.66,2.2762,1400.0,18.0,0.03832857142857143,0.12645555555555554
V14,2026-07-30,3,899.61,0.6477999999999999,1400.0,18.0,0.6425785714285714,0.03598888888888888
V14,2026-07-31,1,119.57,0.417,1400.0,18.0,0.08540714285714285,0.023166666666666665
V14,2026-08-01,3,274.36,5.7177,1400.0,18.0,0.19597142857142857,0.31765
V14,2026-08-02,1,156.93,1.2639,1400.0,18.0,0.11209285714285715,0.07021666666666666
V14,2026-08-03,5,72.64,1.8404,1400.0,18.0,0.051885714285714285,0.10224444444444444
V14,2026-08-04,1,92.28,0.5281,1400.0,18.0,0.06591428571428572,0.02933888888888889
V14,2026-08-05,2,139.77,1.9333,1400.0,18.0,0.09983571428571429,0.10740555555555556
V14,2026-08-06,7,918.5,6.2269000000000005,1400.0,18.0,0.6560714285714285,0.3459388888888889
V14,2026-08-07,2,28.52,0.2202,1400.0,18.0,0.02037142857142857,0.012233333333333334
V14,2026-08-08,5,392.99,2.848,1400.0,18.0,0.2807071428571429,0.1582222222222222
V14,2026-08-10,3,191.85,0.8425,1400.0,18.0,0.1370357142857143,0.04680555555555556
V14,2026-08-11,1,18.88,0.2287,1400.0,18.0,0.013485714285714285,0.012705555555555555
V14,2026-08-12,5,338.76,1.3498,1400.0,18.0,0.24197142857142856,0.0749888888888889
V14,2026-08-14,3,518.44,0.7821999999999999,1400.0,18.0,0.37031428571428576,0.04345555555555555
V14,2026-08-15,2,209.99,1.7146,1400.0,18.0,0.14999285714285715,0.09525555555555555
V14,2026-08-16,1,45.3,0.1194,1400.0,18.0,0.032357142857142855,0.006633333333333334
V14,2026-08-17,3,63.36,1.9916,1400.0,18.0,0.04525714285714286,0.11064444444444445
V14,2026-08-18,3,303.5,1.5548,1400.0,18.0,0.21678571428571428,0.08637777777777778
V14,2026-08-19,2,106.48,1.7099000000000002,1400.0,18.0,0.07605714285714286,0.09499444444444445
V14,2026-08-21,4,386.53,0.7027,1400.0,18.0,0.27609285714285714,0.03903888888888889
V14,2026-08-22,2,52.550000000000004,0.9277,1400.0,18.0,0.03753571428571429,0.051538888888888884
V14,2026-08-23,3,1110.72,1.0141,1400.0,18.0,0.7933714285714286,0.05633888888888889
V14,2026-08-24,2,1674.6699999999998,1.7475999999999998,1400.0,18.0,1.196192857142857,0.09708888888888888
V14,2026-08-25,4,2249.19,2.16,1400.0,18.0,1.6065642857142857,0.12000000000000001
V14,2026-08-26,4,339.15999999999997,1.5695999999999999,1400.0,18.0,0.24225714285714284,0.0872
V14,2026-08-27,2,35.58,0.2702,1400.0,18.0,0.025414285714285712,0.01501111111111111
V14,2026-08-28,3,407.05999999999995,2.3232,1400.0,18.0,0.2907571428571428,0.12906666666666666
V14,2026-08-29,2,128.3,0.9541999999999999,1400.0,18.0,0.09164285714285715,0.053011111111111106
V15,2026-06-01,8,369.63,3.6806,1400.0,18.0,0.2640214285714286,0.20447777777777779
V15,2026-06-02,11,905.59,4.8806,1400.0,18.0,0.64685,0.27114444444444447
V15,2026-06-03,8,2489.55,21.5097,1400.0,18.0,1.77825,1.1949833333333333
V15,2026-06-04,10,683.7800000000001,3.1637,1400.0,18.0,0.4884142857142858,0.17576111111111112
V15,2026-06-05,8,461.65,2.3005,1400.0,18.0,0.32975,0.12780555555555556
V15,2026-06-06,9,917.5799999999999,3.1233,1400.0,18.0,0.6554142857142856,0.17351666666666665
V15,2026-06-07,8,1132.52,3.7674999999999996,1400.0,18.0,0.8089428571428571,0.20930555555555552
V15,2026-06-08,9,362.46999999999997,9.2855,1400.0,18.0,0.25890714285714284,0.5158611111111111
V15,2026-06-09,12,1604.9499999999998,5.897600000000001,1400.0,18.0,1.146392857142857,0.32764444444444446
V15,2026-06-10,9,714.73,2.9634,1400.0,18.0,0.5105214285714286,0.16463333333333333
V15,2026-06-11,5,824.71,5.968,1400.0,18.0,0.5890785714285715,0.33155555555555555
V15,2026-06-12,9,522.55,3.5313,1400.0,18.0,0.37324999999999997,0.19618333333333332
V15,2026-06-13,5,849.91,0.5767,1400.0,18.0,0.6070785714285714,0.03203888888888889
V15,2026-06-14,11,2849.75,2.7314,1400.0,18.0,2.0355357142857144,0.15174444444444443
V15,2026-06-15,9,2290.12,4.9307,1400.0,18.0,1.6358,0.27392777777777777
V15,2026-06-16,6,968.27,2.5554,1400.0,18.0,0.6916214285714286,0.14196666666666669
V15,2026-06-17,9,894.71,3.49,1400.0,18.0,0.6390785714285715,0.1938888888888889
V15,2026-06-18,9,1284.8600000000001,9.223700000000001,1400.0,18.0,0.9177571428571429,0.5124277777777778
V15,2026-06-19,6,394.4,5.115399999999999,1400.0,18.0,0.2817142857142857,0.2841888888888888
V15,2026-06-20,6,330.90000000000003,2.0031,1400.0,18.0,0.23635714285714288,0.11128333333333333
V15,2026-06-21,9,1072.6,7.0093,1400.0,18.0,0.7661428571428571,0.38940555555555556
V15,2026-06-22,10,1116.73,8.7403,1400.0,18.0,0.7976642857142857,0.4855722222222222
V15,2026-06-23,11,2459.95,4.6056,1400.0,18.0,1.7571071428571428,0.2558666666666667
V15,2026-06-24,5,232.04999999999998,11.950199999999999,1400.0,18.0,0.16574999999999998,0.6638999999999999
V15,2026-06-25,5,245.29,4.8607000000000005,1400.0,18.0,0.17520714285714284,0.27003888888888894
V15,2026-06-26,10,551.23,2.6183,1400.0,18.0,0.3937357142857143,0.14546111111111112
V15,2026-06-27,6,200.03,1.4004,1400.0,18.0,0.14287857142857144,0.07780000000000001
V15,2026-06-28,3,59.86,0.4566,1400.0,18.0,0.042757142857142855,0.025366666666666666
V15,2026-06-29,10,346.65000000000003,2.4617,1400.0,18.0,0.2476071428571429,0.1367611111111111
V15,2026-06-30,7,827.47,2.3903,1400.0,18.0,0.59105,0.13279444444444444
V15,2026-07-01,7,179.2,5.9416,1400.0,18.0,0.128,0.3300888888888889
V15,2026-07-02,7,679.01,6.0616,1400.0,18.0,0.48500714285714286,0.3367555555555556
V15,2026-07-03,11,1606.99,8.4533,1400.0,18.0,1.14785,0.4696277777777778
V15,2026-07-04,5,877.71,4.3752,1400.0,18.0,0.6269357142857143,0.24306666666666668
V15,2026-07-05,9,273.91999999999996,5.9111,1400.0,18.0,0.19565714285714284,0.32839444444444443
V15,2026-07-06,9,508.93,3.9568,1400.0,18.0,0.36352142857142855,0.21982222222222222
V15,2026-07-07,14,1415.58,14.6335,1400.0,18.0,1.0111285714285714,0.8129722222222222
V15,2026-07-08,10,1054.71,8.3026,1400.0,18.0,0.7533642857142857,0.46125555555555553
V15,2026-07-09,10,485.28,4.2796,1400.0,18.0,0.3466285714285714,0.23775555555555558
V15,2026-07-10,6,199.53,2.1471,1400.0,18.0,0.14252142857142858,0.11928333333333334
V15,2026-07-11,8,267.2,1.8242,1400.0,18.0,0.19085714285714284,0.10134444444444445
V15,2026-07-12,7,468.53999999999996,1.967,1400.0,18.0,0.33467142857142856,0.10927777777777778
V15,2026-07-13,12,579.65,14.5537,1400.0,18.0,0.4140357142857143,0.8085388888888888
V15,2026-07-14,11,251.72,4.5975,1400.0,18.0,0.1798,0.2554166666666667
V15,2026-07-15,12,662.5999999999999,6.4147,1400.0,18.0,0.4732857142857142,0.3563722222222222
V15,2026-07-16,13,2014.5300000000002,11.0995,1400.0,18.0,1.4389500000000002,0.616638888888889
V15,2026-07-17,8,412.0,4.1689,1400.0,18.0,0.29428571428571426,0.23160555555555554
V15,2026-07-18,9,564.01,8.3993,1400.0,18.0,0.40286428571428573,0.4666277777777778
V15,2026-07-19,4,6422.509999999999,0.8228,1400.0,18.0,4.587507142857143,0.04571111111111111
V15,2026-07-20,9,1074.77,2.5786000000000002,1400.0,18.0,0.7676928571428572,0.14325555555555558
V15,2026-07-21,9,1201.23,14.917300000000001,1400.0,18.0,0.8580214285714286,0.8287388888888889
V15,2026-07-22,12,1833.78,3.4395,1400.0,18.0,1.309842857142857,0.19108333333333333
V15,2026-07-23,12,2233.73,6.0048,1400.0,18.0,1.5955214285714285,0.3336
V15,2026-07-24,5,802.98,3.4287,1400.0,18.0,0.5735571428571429,0.19048333333333334
V15,2026-07-25,10,455.4,7.4409,1400.0,18.0,0.3252857142857143,0.4133833333333333
V15,2026-07-26,7,525.19,3.5907,1400.0,18.0,0.37513571428571435,0.19948333333333335
V15,2026-07-27,11,1937.01,14.1552,1400.0,18.0,1.3835785714285713,0.7864
V15,2026-07-28,10,755.17,3.1252,1400.0,18.0,0.5394071428571429,0.17362222222222223
V15,2026-07-29,5,485.93,2.4713000000000003,1400.0,18.0,0.34709285714285715,0.13729444444444447
V15,2026-07-30,7,1106.61,2.4201,1400.0,18.0,0.7904357142857142,0.13445000000000001
V15,2026-07-31,11,562.02,6.1471,1400.0,18.0,0.40144285714285716,0.34150555555555556
V15,2026-08-01,10,434.27,4.9825,1400.0,18.0,0.3101928571428571,0.2768055555555555
V15,2026-08-02,5,381.76,2.2773000000000003,1400.0,18.0,0.27268571428571425,0.1265166666666667
V15,2026-08-03,12,2371.09,8.6095,1400.0,18.0,1.6936357142857144,0.4783055555555556
V15,2026-08-04,8,641.29,15.736999999999998,1400.0,18.0,0.4580642857142857,0.8742777777777777
V15,2026-08-05,16,1179.76,20.124,1400.0,18.0,0.8426857142857143,1.1179999999999999
V15,2026-08-06,13,1669.65,5.9669,1400.0,18.0,1.192607142857143,0.3314944444444444
V15,2026-08-07,10,745.72,4.4853000000000005,1400.0,18.0,0.5326571428571428,0.24918333333333337
V15,2026-08-08,9,880.36,4.803599999999999,1400.0,18.0,0.6288285714285714,0.26686666666666664
V15,2026-08-09,7,487.34000000000003,4.6876999999999995,1400.0,18.0,0.3481,0.26042777777777776
V15,2026-08-10,10,570.92,3.768,1400.0,18.0,0.4078,0.20933333333333332
V15,2026-08-11,6,575.21,1.0321,1400.0,18.0,0.41086428571428574,0.05733888888888889
V15,2026-08-12,8,377.75,2.4229000000000003,1400.0,18.0,0.26982142857142855,0.13460555555555556
V15,2026-08-13,14,1953.12,3.5809,1400.0,18.0,1.3950857142857143,0.1989388888888889
V15,2026-08-14,8,761.95,6.3873,1400.0,18.0,0.54425,0.35485
V15,2026-08-15,7,230.75,1.6517,1400.0,18.0,0.16482142857142856,0.09176111111111111
V15,2026-08-16,12,1379.99,9.0881,1400.0,18.0,0.9857071428571429,0.5048944444444445
V15,2026-08-17,16,627.91,12.3101,1400.0,18.0,0.4485071428571428,0.6838944444444445
V15,2026-08-18,12,1210.8999999999999,3.9889,1400.0,18.0,0.8649285714285714,0.22160555555555556
V15,2026-08-19,7,670.3399999999999,3.3594,1400.0,18.0,0.47881428571428564,0.18663333333333332
V15,2026-08-20,12,2069.92,6.6173,1400.0,18.0,1.4785142857142857,0.3676277777777778
V15,2026-08-21,10,631.3299999999999,5.663399999999999,1400.0,18.0,0.45094999999999996,0.3146333333333333
V15,2026-08-22,7,203.8,0.6051,1400.0,18.0,0.14557142857142857,0.03361666666666666
V15,2026-08-23,10,810.0300000000001,2.4754,1400.0,18.0,0.5785928571428572,0.1375222222222222
V15,2026-08-24,12,1745.69,2.8923,1400.0,18.0,1.2469214285714285,0.16068333333333334
V15,2026-08-25,12,780.07,14.721599999999999,1400.0,18.0,0.5571928571428572,0.8178666666666666
V15,2026-08-26,7,256.86,1.9920999999999998,1400.0,18.0,0.1834714285714286,0.11067222222222221
V15,2026-08-27,13,1132.46,7.0898,1400.0,18.0,0.8089000000000001,0.39387777777777777
V15,2026-08-28,10,795.5899999999999,3.0378,1400.0,18.0,0.5682785714285714,0.16876666666666665
V15,2026-08-29,9,1494.49,4.5241999999999996,1400.0,18.0,1.0674928571428572,0.2513444444444444
